hotel_url,hotel_name,country,latitude,longitude,coord_source,star_rating,star_type,address,city,zip,price,price_date,price_currency,property_type,review_score,review_count_booking,local_review_count,local_neg_count,status
https://www.booking.com/hotel/be/villa-pura-vida.en-gb.html,Villa Pura Vida,be,,,,,,,,,,,,,,,22,0,failed
https://www.booking.com/hotel/be/hydro-palace.en-gb.html,Hydro Palace Apartment,be,,,,,,,,,,,,,,,3,0,failed
https://www.booking.com/hotel/be/villa-pura-vida.en-gb.html,Villa Pura Vida,be,50.818416,3.275647,scrape,4,quality,"Sint-Denijsestraat 191C, 8500 Kortrijk, Belgium, Sint-Denijsestraat 191C, 8500, Belgium",Kortrijk,8500,135,2026-07-15,EUR,Hotel,9.7,173,22,0,success
https://www.booking.com/hotel/be/hydro-palace.en-gb.html,Hydro Palace Apartment,be,51.214610153710716,2.875958293698204,scrape,4,quality,"Zeedijk 250 bus 17, Mariakerke, 8400 Ostend, Belgium, Zeedijk 250 bus 17, 8400, Belgium",Ostend,8400,,,,Hotel,9.4,46,3,0,partial
https://www.booking.com/hotel/be/love-nest-versailles-style.en-gb.html,Love Nest Versailles - Unique Louis XIV decoration - Calm location right IN city center,be,50.4667015075684,4.86667013168335,scrape,,,,Namur,,,,,,,,15,1,partial
https://www.booking.com/hotel/be/gite-namaste.en-gb.html,Gite Namaste,be,50.1833000183105,4.76667022705078,scrape,,,,,,,,,,,,4,0,partial
https://www.booking.com/hotel/be/stsauveur.en-gb.html,Hotel Saint Sauveur by WP Hotels,be,51.315411941268195,3.1294941902160645,scrape,4,official,"Langestraat 50, 8370 Blankenberge, Belgium, Langestraat 50, 8370, Belgium",Blankenberge,8370,144,2026-07-15,EUR,Hotel,7.4,1051,24,7,success
https://www.booking.com/hotel/be/b-amp-b-hof-beygaert.en-gb.html,B&B Hof Beygaert,be,50.941776,4.019679,scrape,3,quality,"lindenstraat 7A, 9300 Aalst, Belgium, lindenstraat 7A, 9300, Belgium",Aalst,9300,129,2026-07-15,EUR,Hotel,9.8,160,16,0,success
https://www.booking.com/hotel/be/novotelgentcentrum.en-gb.html,Novotel Gent Centrum,be,51.05439469894931,3.7236276268959045,scrape,3,official,"Hoogpoort 52, Binnenstad, 9000 Ghent, Belgium, Hoogpoort 52, 9000, Belgium",Ghent,9000,145,2026-07-15,EUR,Hotel,7.9,3670,99,13,success
https://www.booking.com/hotel/be/b-amp-b-place-jourdan.en-gb.html,B&B Place Jourdan,be,50.83673642627823,4.385567307472229,scrape,3,quality,"Rue Général Leman 97, Etterbeek, 1040 Brussels, Belgium, Rue Général Leman 97, 1040, Belgium",Brussels,1040,139,2026-07-29,EUR,Hotel,9.0,369,24,0,success
https://www.booking.com/hotel/be/marivaux-congress-seminar-centre.en-gb.html,Marivaux Hotel,be,50.85387576559755,4.3557800352573395,scrape,4,official,"Boulevard Adolphe Max 98, 1000 Brussels, Belgium, Boulevard Adolphe Max 98, 1000, Belgium",Brussels,1000,96,2026-07-29,EUR,Hotel,8.0,10448,449,43,success
https://www.booking.com/hotel/be/hotelastoriagent.en-gb.html,Hotel Astoria Gent,be,51.03338588245892,3.7172144651412964,scrape,3,official,"Achilles Musschestraat 39, Stationsbuurt-Zuid, 9000 Ghent, Belgium, Achilles Musschestraat 39, 9000, Belgium",Ghent,9000,152,2026-07-15,EUR,Hotel,8.8,1807,74,0,success
https://www.booking.com/hotel/be/appart-belle-vue.en-gb.html,AppartHotel Belle Vue,be,50.47923,4.18593,scrape,,,,,,,,,,,,24,6,partial
https://www.booking.com/hotel/be/le-studio-de-christine.en-gb.html,Le Studio de Christine,be,50.35184,5.45776,scrape,,,,,,,,,,,,13,1,partial
https://www.booking.com/hotel/be/chambres-d-hotes-heysel-laeken-atomium.en-gb.html,Guest house Heysel Laeken Atomium,be,,,,,,,,,,,,,,,24,11,failed
https://www.booking.com/hotel/be/la-heid-d-39-ehan.en-gb.html,la heid d'ehan,be,50.461814,5.717626,scrape,,,"61 rue saules bastin, 4920 Aywaille, Belgium, 61 rue saules bastin, 4920, Belgium",Aywaille,4920,,,,Hotel,7.4,83,4,0,partial
https://www.booking.com/hotel/be/quarreux-27.en-gb.html,Vintage Chalet in Sougne-Remouchamps near Forest,be,50.447196,5.741009,scrape,3,quality,"4920 Aywaille, Belgium, 4920, Belgium",Aywaille,4920,,,,Hotel,8.6,15,3,0,partial
https://www.booking.com/hotel/be/minimalistic-in-premium-location.en-gb.html,Minimalistic In Premium Location,be,50.8243013,4.36661300000003,scrape,4,quality,"271 Avenue Louise, 1050 Brussels, Belgium, 271 Avenue Louise, 1050, Belgium",Brussels,1050,,,,Hotel,8.1,57,15,0,partial
https://www.booking.com/hotel/be/pegasus-apparthotel-brussels-city.en-gb.html,Pegasus Studioflats Brussels City Aparthotel,be,,,,,,,,,,,,,,,12,1,failed
https://www.booking.com/hotel/be/sakura.en-gb.html,Liège Center Sakura,be,50.64514,5.57342,scrape,,,,Liège,,,,,,,,8,1,partial
https://www.booking.com/hotel/be/antwerp-harbour.en-gb.html,Antwerp Harbour Hotel,be,51.24427292613408,4.4208624958992,scrape,3,official,"Noorderlaan 100, Antwerp District, 2030 Antwerp, Belgium, Noorderlaan 100, 2030, Belgium",Antwerp,2030,83,2026-07-15,EUR,Hotel,7.7,3108,64,18,success
https://www.booking.com/hotel/be/cottage-moere.en-gb.html,Cottage Moere,be,51.12298045899091,2.970476746559143,scrape,4,official,"Moerdijkbeek Oost 28, 8680 Koekelare, Belgium, Moerdijkbeek Oost 28, 8680, Belgium",Koekelare,8680,,,,Hotel,9.3,20,8,0,partial
https://www.booking.com/hotel/be/le-gite-du-prieure.en-gb.html,Le Gîte Du Prieuré,be,50.45177361643931,4.9065327644348145,scrape,3,quality,"Rue Régnié Durette 11, 5101 Namur, Belgium, Rue Régnié Durette 11, 5101, Belgium",Namur,5101,110,2026-07-15,EUR,Hotel,9.1,101,18,0,success
https://www.booking.com/hotel/be/villa-anna.en-gb.html,Villa Anna,be,51.09883,2.59241,scrape,,,,,,,,,,,,3,0,partial
https://www.booking.com/hotel/be/the-view-bis.en-gb.html,B&B The View Bis,be,50.82212087028256,3.234911112616146,scrape,3,quality,"56 Kerkvoetweg, 8501 Kortrijk, Belgium, 56 Kerkvoetweg, 8501, Belgium",Kortrijk,8501,155,2026-07-15,EUR,Hotel,10.0,129,12,0,success
https://www.booking.com/hotel/be/au-prince-royal-leopoldsburg.en-gb.html,Hotel Au Prince Royal,be,51.117127376315175,5.26322892310418,scrape,,,"Koning Albert I Plein 28, 3970 Leopoldsburg, Belgium, Koning Albert I Plein 28, 3970, Belgium",Leopoldsburg,3970,123,2026-07-15,EUR,Hotel,7.7,458,24,2,success
https://www.booking.com/hotel/be/bij-moemee.en-gb.html,B&B Bij MoeMee,be,51.0917371000773,3.71442827875364,scrape,4,quality,"Sneeuwklokjeslaan 11, Wondelgem, 9032 Ghent, Belgium, Sneeuwklokjeslaan 11, 9032, Belgium",Ghent,9032,,,,Hotel,9.4,102,4,0,partial
https://www.booking.com/hotel/be/ikejime.en-gb.html,B&B CHEZ PIERROT ALIAS IKEJIME,be,51.2942701587435,3.193703591823578,scrape,3,quality,"Stationsstraat 32, 8380 Lissewege, Belgium, Stationsstraat 32, 8380, Belgium",Lissewege,8380,,,,Hotel,6.9,14,7,1,partial
https://www.booking.com/hotel/be/la-maison-de-fille.en-gb.html,B&B La maison de Fille,be,50.995377,5.069989,scrape,,,"10 Schoonaerde, 3290 Diest, Belgium, 10 Schoonaerde, 3290, Belgium",Diest,3290,,,,Hotel,9.2,78,14,0,partial
https://www.booking.com/hotel/be/ter-zwaanhoek.en-gb.html,Ter Zwaanhoek,be,51.2258605957031,2.91950941085815,scrape,,,,Ostend,,,,,,,,3,0,partial
https://www.booking.com/hotel/be/ibisbrusselsairport.en-gb.html,ibis Hotel Brussels Airport,be,50.881343689755575,4.437250792980194,scrape,3,official,"Bessenveldstraat 17, 1831 Diegem, Belgium, Bessenveldstraat 17, 1831, Belgium",Diegem,1831,92,2026-07-15,EUR,Hotel,7.2,1180,80,27,success
https://www.booking.com/hotel/be/bed-39-n-blues.en-gb.html,Bed 'n Blues ****,be,50.9482547,5.1125908,scrape,4,quality,"Generaal de Wittestraat, 11, 3545 Halen, Belgium, Generaal de Wittestraat, 11, 3545, Belgium",Halen,3545,,,,Hotel,9.2,44,6,0,partial
https://www.booking.com/hotel/by/comfort.en-gb.html,Complex Comfort,by,53.90234,27.5619,scrape,,,,Minsk,,,,,,,,24,0,partial
https://www.booking.com/hotel/be/stay-in-bruges.en-gb.html,Stay in Bruges,be,51.208911604466,3.2242740271613,scrape,,,,Bruges,,,,,,,,10,1,partial
https://www.booking.com/hotel/be/alfainn.en-gb.html,Alfa Inn,be,51.3137941207764,3.1308889389038086,scrape,3,official,"Kerkstraat 92, 8370 Blankenberge, Belgium, Kerkstraat 92, 8370, Belgium",Blankenberge,8370,221,2026-07-15,EUR,Hotel,8.5,1685,24,0,success
https://www.booking.com/hotel/be/central-bruges-b-amp-b.en-gb.html,Central Bruges B&B,be,51.20789745684795,3.2379040288360557,scrape,3,quality,"Bilkske 56, Historic Centre of Brugge, 8000 Bruges, Belgium, Bilkske 56, 8000, Belgium",Bruges,8000,274,2026-07-15,EUR,Hotel,9.2,884,42,0,success
https://www.booking.com/hotel/be/hoeve-de-zuidhoek.en-gb.html,Hoeve De Zuidhoek,be,51.2661186,3.2396631,scrape,5,official,"29 Stapelvoorde, 8380 Bruges, Belgium, 29 Stapelvoorde, 8380, Belgium",Bruges,8380,,,,Hotel,9.4,33,6,1,partial
https://www.booking.com/hotel/be/duinenwachter.en-gb.html,Duinenwachter,be,51.350220987206,3.28787794907385,scrape,3,quality,"Blancgarinstraat 11, bus 1, Knokke, 8300 Knokke-Heist, Belgium, Blancgarinstraat 11, bus 1, 8300, Belgium",Knokke-Heist,8300,,,,Hotel,6.4,86,6,0,partial
https://www.booking.com/hotel/be/infotel.en-gb.html,Infotel,be,50.4545508166193,3.9524696348235,scrape,,,,,,,,,,,,11,2,partial
https://www.booking.com/hotel/be/fleurs-sauvages.en-gb.html,Fleurs-Sauvages,be,50.25,5.81666994094849,scrape,,,,,,,,,,,,8,0,partial
https://www.booking.com/hotel/be/eden-ardenne.en-gb.html,Hotel Eden Ardenne,be,49.837927096446684,5.429434776306152,scrape,3,official,"25 Chaussée de France, 6840 Neufchâteau, Belgium, 25 Chaussée de France, 6840, Belgium",Neufchâteau,6840,156,2026-07-15,EUR,Hotel,8.0,2857,61,11,success
https://www.booking.com/hotel/be/la-roseraie-gaume-ardenne-lacuisine-sur-semois.en-gb.html,La Roseraie. Gaume-Ardenne-lacuisine sur Semois.,be,49.7123238,5.326569400000039,scrape,4,official,"de chiny 2, 6821 Florenville, Belgium, de chiny 2, 6821, Belgium",Florenville,6821,119,2026-07-15,EUR,Hotel,8.1,261,24,1,success
https://www.booking.com/hotel/be/het-colettientje.en-gb.html,B&B Het Colettientje,be,51.19976696343623,3.227702757672091,scrape,,,"Colettijnenhof 3, Historic Centre of Brugge, 8000 Bruges, Belgium, Colettijnenhof 3, 8000, Belgium",Bruges,8000,,,,Hotel,8.5,546,29,0,partial
https://www.booking.com/hotel/be/vitamin-sea-by-d.en-gb.html,"Vitamin Sea, in het centrum en naast de zee",be,51.2323831,2.91385690000003,scrape,4,quality,"Van Iseghemlaan 69, Oostende Centre, 8400 Ostend, Belgium, Van Iseghemlaan 69, 8400, Belgium",Ostend,8400,,,,Hotel,8.9,87,3,0,partial
https://www.booking.com/hotel/be/avenue-beach-hotel.en-gb.html,Avenue Beach Hotel,be,51.2258605957031,2.91950941085815,scrape,,,,Ostend,,,,,,,,49,6,partial
https://www.booking.com/hotel/be/sweet-bonihu.en-gb.html,Wellness Sweet Bonihu B&B,be,51.205606,3.254084,scrape,4,quality,"Fortuinstraat 79, Sint-Kruis, 8310 Bruges, Belgium, Fortuinstraat 79, 8310, Belgium",Bruges,8310,241,2026-07-15,EUR,Hotel,9.6,223,9,2,success
https://www.booking.com/hotel/be/belle-de-nuit.en-gb.html,"Belle de Nuit, boutique hotel",be,51.231427,2.914162,scrape,3,official,"Madridstraat 9, Oostende Centre, 8400 Ostend, Belgium, Madridstraat 9, 8400, Belgium",Ostend,8400,163,2026-07-22,EUR,Hotel,7.6,289,13,0,success
https://www.booking.com/hotel/be/neuvice.en-gb.html,Hotel Neuvice,be,50.64474933539937,5.577302277088165,scrape,3,official,"En Neuvice, 45, 4000 Liège, Belgium, En Neuvice, 45, 4000, Belgium",Liège,4000,147,2026-07-15,EUR,Hotel,9.2,531,1,0,success
https://www.booking.com/hotel/be/chez-mimi.en-gb.html,Chez Mimi - chambre vue parc,be,50.852269,4.422477,scrape,,,"125, avenue du capricorne, Sint-Lambrechts-Woluwe / Woluwe-Saint-Lambert, 1200 Brussels, Belgium, 125, avenue du capricorne, 1200, Belgium",Brussels,1200,53,2026-07-29,EUR,Hotel,9.2,232,24,1,success
https://www.booking.com/hotel/be/le-pre-chet-profondeville.en-gb.html,Le Pré-Chet,be,50.3797163,4.8685131,scrape,3,quality,"7 Rive de Meuse, 5170 Profondeville, Belgium, 7 Rive de Meuse, 5170, Belgium",Profondeville,5170,,,,Hotel,9.6,46,12,0,partial
https://www.booking.com/hotel/be/grand-cabaret.en-gb.html,B&B Le Grand Cabaret,be,51.13039,2.75167,scrape,,,,,,,,,,,,14,1,partial
https://www.booking.com/hotel/be/camping-le-canada.en-gb.html,Camping Le Canada,be,49.73949224500862,5.352569635473628,scrape,,,"Pont St Nicolas 1, 6810 Chiny, Belgium, Pont St Nicolas 1, 6810, Belgium",Chiny,6810,,,,Hotel,8.2,45,11,1,partial
https://www.booking.com/hotel/by/apart-in-minsk.en-gb.html,Apartment Exclusive,by,53.90234,27.5619,scrape,,,,Minsk,,,,,,,,7,0,partial
https://www.booking.com/hotel/be/kirisavan.en-gb.html,Kirisavan Bed&Breakfast,be,50.80427556868832,5.342680683217735,scrape,4,quality,"Wellenstraat 26, 3840 Borgloon, Belgium, Wellenstraat 26, 3840, Belgium",Borgloon,3840,,,,Hotel,9.6,30,15,0,partial
https://www.booking.com/hotel/be/stadshotel-bree.en-gb.html,Hotel Ingredi,be,51.1404819,5.5970184,scrape,3,official,"Kloosterstraat 10, 3960 Bree, Belgium, Kloosterstraat 10, 3960, Belgium",Bree,3960,88,2026-07-15,EUR,Hotel,8.0,693,28,0,success
https://www.booking.com/hotel/by/mini-la-menska.en-gb.html,Mini-Hotel La Menska,by,53.90234,27.5619,scrape,,,,Minsk,,,,,,,,18,6,partial
https://www.booking.com/hotel/be/quot-ter-ename-ndeg2-quot.en-gb.html,"""Ter Ename n°2""",be,50.854379,3.63495,scrape,5,official,"77 Zwijndries, 9700 Oudenaarde, Belgium, 77 Zwijndries, 9700, Belgium",Oudenaarde,9700,,,,Hotel,8.6,100,8,0,partial
https://www.booking.com/hotel/be/b-amp-b-39-t-cremehuys.en-gb.html,B&B 't Crèmehuys,be,51.23057,5.30769,scrape,,,,,,,,,,,,10,0,partial
https://www.booking.com/hotel/by/fletkom.en-gb.html,Flatcom Hostel,by,53.90234,27.5619,scrape,,,,Minsk,,,,,,,,24,6,partial
https://www.booking.com/hotel/be/suite.en-gb.html,Suite & City Apartments,be,50.4234723949432,6.033301949501038,scrape,4,quality,"Avenue de la Gare 27, 4960 Malmedy, Belgium, Avenue de la Gare 27, 4960, Belgium",Malmedy,4960,,,,Hotel,8.4,74,24,0,partial
https://www.booking.com/hotel/be/sea-side-app-te-huur.en-gb.html,Sea Side,be,51.2202,2.88891839999997,scrape,4,quality,"Luxemburgstraat 7 D2 (Residentie Hippique), Oostende Centre, 8400 Ostend, Belgium, Luxemburgstraat 7 D2 (Residentie Hippique), 8400, Belgium",Ostend,8400,,,,Hotel,9.1,43,10,2,partial
https://www.booking.com/hotel/be/maisonmontana.en-gb.html,Maison Montana,be,50.797776,4.37687,scrape,3,quality,"5 - 7 Avenue Montana, Ukkel / Uccle, 1180 Brussels, Belgium, 5 - 7 Avenue Montana, 1180, Belgium",Brussels,1180,,,,Hotel,8.7,77,7,0,partial
https://www.booking.com/hotel/be/la-tourelle-d-achille-leontine.en-gb.html,la tourelle d’Achille leontine,be,50.1247661,5.1899396,scrape,4,quality,"Rue des Grottes 29 5580 han/sur/lesse, 5580 Rochefort, Belgium, Rue des Grottes 29 5580 han/sur/lesse, 5580, Belgium",Rochefort,5580,,,,Hotel,8.7,18,2,1,partial
https://www.booking.com/hotel/be/hoevehotel-t-kruishof.en-gb.html,Charmehotel Kruishof,be,51.204611395778,2.8798770904541016,scrape,3,official,"Kruishofstraat 1, Raversijde, 8400 Ostend, Belgium, Kruishofstraat 1, 8400, Belgium",Ostend,8400,,,,Hotel,9.2,178,13,0,partial
https://www.booking.com/hotel/be/steigenberger-grandhotel.en-gb.html,Steigenberger Wiltcher's,be,50.832496601073146,4.357556998729706,scrape,5,official,"Avenue Louise 71, 1050 Brussels, Belgium, Avenue Louise 71, 1050, Belgium",Brussels,1050,177,2026-07-15,EUR,Hotel,8.4,2193,258,38,success
https://www.booking.com/hotel/be/b-amp-b-de-vossenbarm.en-gb.html,B&B De Vossenbarm,be,51.160406122886506,3.102363646030426,scrape,4,quality,"Hildeghemweg 5, 8490 Jabbeke, Belgium, Hildeghemweg 5, 8490, Belgium",Jabbeke,8490,,,,Hotel,9.9,98,22,0,partial
https://www.booking.com/hotel/be/logies-grenadine.en-gb.html,Budget Logies Grenadine,be,51.3132019042969,3.13144993782043,scrape,,,,,,,,,,,,10,6,partial
https://www.booking.com/hotel/be/wilgenhof-maaseik.en-gb.html,Hotel Wilgenhof,be,51.098590342179385,5.7585471868515015,scrape,2,official,"Kapelweg 51, 3680 Maaseik, Belgium, Kapelweg 51, 3680, Belgium",Maaseik,3680,,,,Hotel,7.9,89,5,1,partial
https://www.booking.com/hotel/be/le-dernier-metro.en-gb.html,Le dernier métro,be,50.840773,4.463849,scrape,,,"Rue de l église, 96, Sint-Pieters-Woluwe / Woluwe-Saint-Pierre, 1150 Brussels, Belgium, Rue de l église, 96, 1150, Belgium",Brussels,1150,,,,Hotel,6.5,116,6,0,partial
https://www.booking.com/hotel/be/hostellerie-klokhof.en-gb.html,Hostellerie Klokhof,be,50.790178282321904,3.249136805534363,scrape,4,official,"Sint Anna 2 (GPS: Verruestraat, 8510 Marke), 8500 Kortrijk, Belgium, Sint Anna 2 (GPS: Verruestraat, 8510 Marke), 8500, Belgium",Kortrijk,8510,,,,Hotel,8.0,139,23,3,partial
https://www.booking.com/hotel/be/res-apollo.en-gb.html,Res. Apollo,be,51.346707,3.288335,scrape,,,,,,,,,,,,5,2,partial
https://www.booking.com/hotel/be/studio-cosy.en-gb.html,studio cosy,be,50.4464369,5.0090317,scrape,3,quality,"13 Chaussée de Gramptinne, 5340 Gesves, Belgium, 13 Chaussée de Gramptinne, 5340, Belgium",Gesves,5340,,,,Hotel,8.6,13,4,0,partial
https://www.booking.com/hotel/be/manitoba.en-gb.html,Hotel Manitoba,be,51.31448484489795,3.1281933188438416,scrape,3,official,"Manitobaplein 11, 8370 Blankenberge, Belgium, Manitobaplein 11, 8370, Belgium",Blankenberge,8370,187,2026-07-15,EUR,Hotel,8.8,1094,24,1,success
https://www.booking.com/hotel/be/les-glaneuses.en-gb.html,Les Glaneuses,be,50.3323231297459,4.60666170000002,scrape,3,quality,"46 Tiranrue, 5640 Mettet, Belgium, 46 Tiranrue, 5640, Belgium",Mettet,5640,,,,Hotel,9.3,40,7,0,partial
https://www.booking.com/hotel/be/van-der-valk-brugge-oostkamp.en-gb.html,Van Der Valk Hotel Brugge Oostkamp,be,51.14392843398041,3.2453200221061707,scrape,4,official,"Kapellestraat 146, 8020 Oostkamp, Belgium, Kapellestraat 146, 8020, Belgium",Oostkamp,8020,136,2026-07-15,EUR,Hotel,9.0,1349,111,9,success
https://www.booking.com/hotel/be/glamping-adventure-valley-durbuy.en-gb.html,Green Fields - Durbuy,be,50.3409122710252,5.45490002510064,scrape,,,"Rue du Gibet 50, 6940 Durbuy, Belgium, Rue du Gibet 50, 6940, Belgium",Durbuy,6940,126,2026-07-15,EUR,Hotel,7.8,439,24,3,success
https://www.booking.com/hotel/be/a2b-b.en-gb.html,Antwerp For Two B&B,be,51.22507551021472,4.400654733181,scrape,4,quality,"Sint Paulusplaats 27, Antwerp District, 2000 Antwerp, Belgium, Sint Paulusplaats 27, 2000, Belgium",Antwerp,2000,132,2026-07-22,EUR,Hotel,8.6,339,9,0,success
https://www.booking.com/hotel/be/bcozy-vakantievilla-belgie.en-gb.html,BCozy vakantievilla Belgie,be,50.82762,3.26599,scrape,,,,,,,,,,,,3,0,partial
https://www.booking.com/hotel/be/thalassa.en-gb.html,Apartment Thalassa,be,51.319525479583056,3.1265439472991785,scrape,,,"Zeedijk 173 1e verdiep, 8370 Blankenberge, Belgium, Zeedijk 173 1e verdiep, 8370, Belgium",Blankenberge,8370,,,,Hotel,5.6,131,11,3,partial
https://www.booking.com/hotel/be/escale-du-bourlingueur-charleroi.en-gb.html,ESCALE DU BOURLINGUEUR,be,50.3899743642635,4.4628683766259805,scrape,,,"Rue des amis du Progres 10, 6010 Charleroi, Belgium, Rue des amis du Progres 10, 6010, Belgium",Charleroi,6010,,,,Hotel,6.5,36,7,0,partial
https://www.booking.com/hotel/be/de-secretaris-overpelt.en-gb.html,Hotel De Secretaris,be,51.2135337,5.42341110000007,scrape,,,"Dorpsstraat 60, 3900 Pelt, Belgium, Dorpsstraat 60, 3900, Belgium",Pelt,3900,135,2026-07-15,EUR,Hotel,8.4,730,24,1,success
https://www.booking.com/hotel/be/hof-leskensdaele.en-gb.html,Hof Leskensdaele,be,50.7689,3.87979,scrape,,,,,,,,,,,,24,1,partial
https://www.booking.com/hotel/be/bourgoensch-hof.en-gb.html,Hotel Bourgoensch Hof,be,51.20741272766732,3.2266733050346375,scrape,3,official,"Wollestraat 35, Historic Centre of Brugge, 8000 Bruges, Belgium, Wollestraat 35, 8000, Belgium",Bruges,8000,163,2026-07-15,EUR,Hotel,8.2,3444,249,10,success
https://www.booking.com/hotel/be/hotel-indigo-antwerp-city-centre.en-gb.html,"Hotel Indigo Antwerp City Centre, an IHG Hotel",be,51.21877511144502,4.420645236968994,scrape,4,official,"Koningin Astridplein 43, Antwerp District, 2018 Antwerp, Belgium, Koningin Astridplein 43, 2018, Belgium",Antwerp,2018,153,2026-07-15,EUR,Hotel,8.3,2192,149,14,success
https://www.booking.com/hotel/by/dom-polotsk.en-gb.html,Guest House on Frunze,by,55.48501,28.76853,scrape,,,,,,,,,,,,6,0,partial
https://www.booking.com/hotel/be/guesthouse-bernardin.en-gb.html,Guesthouse Bernardin,be,51.22006785123211,4.409696459770203,scrape,5,quality,"Sint-jacobsstraat 3, Antwerp District, 2000 Antwerp, Belgium, Sint-jacobsstraat 3, 2000, Belgium",Antwerp,2000,130,2026-07-15,EUR,Hotel,8.4,285,24,1,success
https://www.booking.com/hotel/by/smart-boutique-vitebsk-viciebsk.en-gb.html,Smart Boutique Hotel Vitebsk,by,55.19302,30.20704,scrape,,,,,,,,,,,,24,0,partial
https://www.booking.com/hotel/be/franky-oostende.en-gb.html,Apartment Franky,be,51.2123814377062,2.872452735900879,scrape,4,quality,"Residentie Etoile De Mer Duinenstraat 92, appartement D3, Mariakerke, 8400 Ostend, Belgium, Residentie Etoile De Mer Duinenstraat 92, appartement D3, 8400, Belgium",Ostend,8400,,,,Hotel,9.2,83,8,0,partial
https://www.booking.com/hotel/be/aurora.en-gb.html,Apartment Aurora,be,50.85031559999999,2.8825292999999874,scrape,4,quality,"Lange Meersstraat 4 bus 1a, 8900 Ypres, Belgium, Lange Meersstraat 4 bus 1a, 8900, Belgium",Ypres,8900,,,,Hotel,9.4,114,24,0,partial
https://www.booking.com/hotel/be/la-marache.en-gb.html,La Marache,be,50.69772,4.47069,scrape,,,,,,,,,,,,8,1,partial
https://www.booking.com/hotel/be/relais-de-l-39-empereur.en-gb.html,Relais de L'Empereur,be,50.63388829803813,4.477223753929138,scrape,3,official,"31 Emile Francois, 1474 Genappe, Belgium, 31 Emile Francois, 1474, Belgium",Genappe,1474,96,2026-07-15,EUR,Hotel,9.0,371,24,1,success
https://www.booking.com/hotel/be/le-p-39-tit-gite-d-39-enhet.en-gb.html,Le p'tit gîte d'Enhet,be,50.225528391881,5.104628526984,scrape,3,quality,"Rue Enhet-Centre 37, 5590 Ciney, Belgium, Rue Enhet-Centre 37, 5590, Belgium",Ciney,5590,,,,Hotel,9.2,43,12,0,partial
https://www.booking.com/hotel/be/l-39-autre-temps.en-gb.html,L'Autre Temps,be,49.7999992370605,5.53332996368408,scrape,,,,,,,,,,,,5,1,partial
https://www.booking.com/hotel/be/thon-residence-florence.en-gb.html,Thon Residence Florence Aparthotel,be,50.829850411349064,4.360515475273132,scrape,4,official,"Avenue Louise 125, 1050 Ixelles, 1000 Brussels, Belgium, Avenue Louise 125, 1050 Ixelles, 1000, Belgium",Brussels,1050,,,,Hotel,8.6,65,10,2,partial
https://www.booking.com/hotel/be/art-de-sejour.en-gb.html,Art de Sejour - B&B,be,50.84478474206129,4.347115159034729,scrape,4,official,"rue des Bogards 12, 1000 Brussels, Belgium, rue des Bogards 12, 1000, Belgium",Brussels,1000,,,,Hotel,9.8,593,77,0,partial
https://www.booking.com/hotel/be/kamerijck-b-b.en-gb.html,B&B Kamerijck,be,50.75968528610313,5.134064555168152,scrape,4,quality,"Kamerijckstraat 11, 3890 Gingelom, Belgium, Kamerijckstraat 11, 3890, Belgium",Gingelom,3890,114,2026-07-15,EUR,Hotel,8.9,122,9,1,success
https://www.booking.com/hotel/be/corbie-lommel.en-gb.html,Hotel Corbie Lommel,be,51.23056802181827,5.305575728416443,scrape,3,official,"Hertog Janplein 68, 3920 Lommel, Belgium, Hertog Janplein 68, 3920, Belgium",Lommel,3920,124,2026-07-15,EUR,Hotel,8.0,510,24,6,success
https://www.booking.com/hotel/be/pand19.en-gb.html,B&B Pand19,be,50.7525741,3.8808722999999645,scrape,4,quality,"Parochiebosdreef, 9500 Geraardsbergen, Belgium, Parochiebosdreef, 9500, Belgium",Geraardsbergen,9500,,,,Hotel,9.4,15,12,0,partial
https://www.booking.com/hotel/be/manos-premier.en-gb.html,Hotel Manos Premier,be,50.82825110488296,4.3555667996406555,scrape,4,official,"Chaussée de Charleroi 100-106, Sint-Gillis / Saint-Gilles, 1060 Brussels, Belgium, Chaussée de Charleroi 100-106, 1060, Belgium",Brussels,1060,164,2026-07-15,EUR,Hotel,9.1,711,28,0,success
https://www.booking.com/hotel/be/holiday-home-le-lurcon.en-gb.html,Holiday home Le Lurçon,be,49.974383800000034,5.257598306082173,scrape,3,quality,"Rue Pairée 75, 6890 Libin, Belgium, Rue Pairée 75, 6890, Belgium",Libin,6890,,,,Hotel,7.3,151,5,0,partial
https://www.booking.com/hotel/be/citystay.en-gb.html,CITYSTAY,be,51.223179,4.399386,scrape,3,quality,"Burchtgracht 43, Antwerp District, 2000 Antwerp, Belgium, Burchtgracht 43, 2000, Belgium",Antwerp,2000,184,2026-07-15,EUR,Hotel,9.0,1262,48,0,success
https://www.booking.com/hotel/be/gite-au-cortil.en-gb.html,Gite Au Cortil,be,50.22347,5.102033,scrape,3,quality,"51 Rue Enhet-Centre, 5590 Chevetogne, Belgium, 51 Rue Enhet-Centre, 5590, Belgium",Chevetogne,5590,150,2026-07-22,EUR,Hotel,8.4,99,7,1,success
https://www.booking.com/hotel/be/blauwput-leuven-hostel.en-gb.html,Hostel Blauwput Leuven,be,50.88268847910772,4.717895870114148,scrape,,,"Martelarenlaan 11a, 3010 Leuven, Belgium, Martelarenlaan 11a, 3010, Belgium",Leuven,3010,158,2026-07-15,EUR,Hotel,7.9,462,31,2,success
https://www.booking.com/hotel/be/vakantiewoningen-pizzeria-blanckthys-voeren.en-gb.html,Vakantiewoningen-Pizzeria Blanckthys Voeren,be,50.7583961486816,5.76095581054688,scrape,,,,,,,,,,,,4,0,partial
https://www.booking.com/hotel/be/fenaatres-sur-aywaille.en-gb.html,Fenêtres sur Aywaille,be,50.47348,5.67422,scrape,,,,,,,,,,,,9,4,partial
https://www.booking.com/hotel/be/faubourg-saint-martin.en-gb.html,Faubourg Saint Martin,be,50.644305068383,5.56505973643652,scrape,4,quality,"Rue du Mont Saint Martin 49, 4000 Liège, Belgium, Rue du Mont Saint Martin 49, 4000, Belgium",Liège,4000,135,2026-07-15,EUR,Hotel,9.4,610,24,0,success
https://www.booking.com/hotel/be/k46.en-gb.html,For Four Flat,be,51.054058,3.724579,scrape,,,,Ghent,,,,,,,,24,1,partial
https://www.booking.com/hotel/be/rubens.en-gb.html,Hotel Rubens,be,51.27405495819774,3.0348792672157288,scrape,3,official,"Rubenslaan 3, 8420 De Haan, Belgium, Rubenslaan 3, 8420, Belgium",De Haan,8420,,,,Hotel,9.1,661,24,0,partial
https://www.booking.com/hotel/be/daily-apartments-riverside.en-gb.html,Luxury Suites Grotemarkt,be,51.22071,4.3987054,scrape,4,quality,"30 Suikerrui, Antwerp District, 2000 Antwerp, Belgium, 30 Suikerrui, 2000, Belgium",Antwerp,2000,121,2026-07-29,EUR,Hotel,8.2,469,24,4,success
https://www.booking.com/hotel/be/charta-appartement.en-gb.html,Charta Appartement,be,50.8870369,4.5445912,scrape,4,official,"30 Karterstraat, 3070 Kortenberg, Belgium, 30 Karterstraat, 3070, Belgium",Kortenberg,3070,,,,Hotel,9.8,20,5,0,partial
https://www.booking.com/hotel/be/satellite.en-gb.html,Hotel Satellite,be,50.8467103,4.39067840000007,scrape,,,"Rue Franklin 157, 1000 Brussels, Belgium, Rue Franklin 157, 1000, Belgium",Brussels,1000,97,2026-07-15,EUR,Hotel,8.3,832,50,4,success
https://www.booking.com/hotel/be/novoteltournoire.en-gb.html,Novotel Brussels City Centre,be,50.85070583874663,4.350011944770813,scrape,4,official,"Rue de la Vierge Noire 32, 1000 Brussels, Belgium, Rue de la Vierge Noire 32, 1000, Belgium",Brussels,1000,137,2026-07-15,EUR,Hotel,8.6,4155,298,30,success
https://www.booking.com/hotel/be/terrasses-de-malmedy-chalet-113.en-gb.html,Terrasses de Malmedy Chalet 113,be,50.4338744,6.0474814,scrape,,,"Chemin du Calvaire 22, 4960 Malmedy, Belgium, Chemin du Calvaire 22, 4960, Belgium",Malmedy,4960,,,,Hotel,7.8,46,5,1,partial
https://www.booking.com/hotel/be/europarthotel-ambiorix.en-gb.html,B-aparthotel Ambiorix,be,50.84617409485147,4.384494423866272,scrape,4,official,"Square Ambiorix 28, 1000 Brussels, Belgium, Square Ambiorix 28, 1000, Belgium",Brussels,1000,127,2026-07-15,EUR,Hotel,7.9,1143,49,3,success
https://www.booking.com/hotel/be/la-grange-au-but-du-chemin.en-gb.html,La Grange du Bout du Chemin,be,50.158982220659894,5.816442656036315,scrape,3,quality,"Sommerain, 66, 6661 Houffalize, Belgium, Sommerain, 66, 6661, Belgium",Houffalize,6661,,,,Hotel,9.5,22,7,0,partial
https://www.booking.com/hotel/be/vosseslag-beach.en-gb.html,Vosseslag Beach - De Haan,be,51.2761459350586,3.03003787994385,scrape,,,,,,,,,,,,3,3,partial
https://www.booking.com/hotel/be/royal-de-panne.en-gb.html,Hotel Royal,be,51.102221721827554,2.5914591550827026,scrape,4,official,"Zeelaan 180, 8660 De Panne, Belgium, Zeelaan 180, 8660, Belgium",De Panne,8660,160,2026-07-15,EUR,Hotel,8.9,787,24,0,success
https://www.booking.com/hotel/be/woodstone.en-gb.html,Woodstone,be,49.779354791598,5.243893805557,scrape,3,quality,"35 Voye du Four, 6887 Herbeumont, Belgium, 35 Voye du Four, 6887, Belgium",Herbeumont,6887,,,,Hotel,8.3,167,9,1,partial
https://www.booking.com/hotel/be/sua-casa.en-gb.html,Sua Casa,be,50.347761304835,6.148677300386,scrape,3,quality,"Wolschebach 33, 4770 Amblève, Belgium, Wolschebach 33, 4770, Belgium",Amblève,4770,,,,Hotel,9.5,50,4,0,partial
https://www.booking.com/hotel/be/centerroomsbedandbreakfast.en-gb.html,Gastenkamers Centersuites,be,51.13259724078197,2.6729419827461243,scrape,3,quality,"Albert I laan 81-83, 8670 Oostduinkerke, Belgium, Albert I laan 81-83, 8670, Belgium",Oostduinkerke,8670,155,2026-07-15,EUR,Hotel,6.5,260,7,1,success
https://www.booking.com/hotel/be/ibisliege.en-gb.html,ibis Liège Centre Opéra,be,50.64330358163896,5.571676343679428,scrape,3,official,"Place de la République Francaise 41, 4000 Liège, Belgium, Place de la République Francaise 41, 4000, Belgium",Liège,4000,99,2026-07-15,EUR,Hotel,7.2,3107,73,24,success
https://www.booking.com/hotel/be/boterhuis.en-gb.html,Hotel Boterhuis,be,51.21046089404037,3.2212458550930023,scrape,3,official,"Sint-Jakobsstraat 40, Historic Centre of Brugge, 8000 Bruges, Belgium, Sint-Jakobsstraat 40, 8000, Belgium",Bruges,8000,160,2026-07-15,EUR,Hotel,8.7,3673,199,3,success
https://www.booking.com/hotel/be/place-2-stay.en-gb.html,Place 2 stay,be,51.05814418699149,3.7267041206359863,scrape,4,quality,"Penitentenstraat 33, Binnenstad, 9000 Ghent, Belgium, Penitentenstraat 33, 9000, Belgium",Ghent,9000,,,,Hotel,9.0,629,49,5,partial
https://www.booking.com/hotel/be/la-ferme-du-chateau-de-broich.en-gb.html,B&B La ferme du Château de Broich,be,50.7050375,5.9417802,scrape,3,quality,"42 Rue du Château de Broich La ferme du Château de Broich, 4850 Plombières, Belgium, 42 Rue du Château de Broich La ferme du Château de Broich, 4850, Belgium",Plombières,4850,96,2026-07-15,EUR,Hotel,8.7,232,5,0,success
https://www.booking.com/hotel/be/appartement-peket-liege-centre.en-gb.html,Apart'Hotel Liège City Centre,be,50.6450661,5.5763034999999945,scrape,3,quality,"Rue de l'Epée 4, 4000 Liège, Belgium, Rue de l'Epée 4, 4000, Belgium",Liège,4000,89,2026-07-15,EUR,Hotel,7.1,150,14,4,success
https://www.booking.com/hotel/be/b-amp-b-39-t-hoogste.en-gb.html,B&B 't Hoogste,be,51.0731776107745,4.21870144655759,scrape,3,quality,"'t Hoogste 30, 2880 Bornem, Belgium, 't Hoogste 30, 2880, Belgium",Bornem,2880,139,2026-07-15,EUR,Hotel,9.6,57,6,0,success
https://www.booking.com/hotel/be/eurocap.en-gb.html,Hotel Eurocap,be,50.8843482731402,4.3187615275383,scrape,2,official,"Chaussée De Dieleghem 114-116, Jette, 1090 Brussels, Belgium, Chaussée De Dieleghem 114-116, 1090, Belgium",Brussels,1090,73,2026-07-15,EUR,Hotel,6.0,422,59,32,success
https://www.booking.com/hotel/be/the-charm.en-gb.html,The Charm,be,49.79498,5.06725,scrape,,,,,,,,,,,,11,0,partial
https://www.booking.com/hotel/be/montovanibrugge.en-gb.html,Hotel Montovani,be,51.207982383790416,3.214726746082306,scrape,2,official,"Schouwvegersstraat 11, Historic Centre of Brugge, 8000 Bruges, Belgium, Schouwvegersstraat 11, 8000, Belgium",Bruges,8000,134,2026-07-15,EUR,Hotel,7.9,1587,76,16,success
https://www.booking.com/hotel/be/magnificent-new-yok-loft-in-the-heart-of-namur.en-gb.html,New York Loft - Fully equipped and available long-term - Perfect location IN city center,be,50.4667015075684,4.86667013168335,scrape,,,,Namur,,,,,,,,10,0,partial
https://www.booking.com/hotel/be/montana-de-panne.en-gb.html,Hotel Montana,be,51.10338720621911,2.5947073101997375,scrape,2,official,"Leopold II Laan 11, 8660 De Panne, Belgium, Leopold II Laan 11, 8660, Belgium",De Panne,8660,,,,Hotel,8.6,947,24,4,partial
https://www.booking.com/hotel/be/the-grand.en-gb.html,House with Sauna and Outdoor Shower,be,51.2211799621582,4.3996753692627,scrape,,,,Antwerp,,,,,,,,9,0,partial
https://www.booking.com/hotel/be/la-potiniere.en-gb.html,Hotel La Potinière,be,50.874390412502265,4.374275207519531,scrape,1,official,"Rue François Joseph Navez 165-167, Schaarbeek / Schaerbeek, 1030 Brussels, Belgium, Rue François Joseph Navez 165-167, 1030, Belgium",Brussels,1030,,,,Hotel,,,24,21,partial
https://www.booking.com/hotel/be/groot-appartement-nabij-brugge-met-eigen-badkamer.en-gb.html,Groot appartement nabij Brugge met eigen badkamer!,be,51.25,3.28332996368408,scrape,,,,Bruges,,,,,,,,6,1,partial
https://www.booking.com/hotel/be/guest-house-scheldevallei.en-gb.html,Guest House Scheldevallei,be,51.000516596710106,3.736543133854866,scrape,3,quality,"Zwijnaardsesteenweg 48, 9820 Merelbeke, Belgium, Zwijnaardsesteenweg 48, 9820, Belgium",Merelbeke,9820,,,,Hotel,5.0,13,16,4,partial
https://www.booking.com/hotel/be/residence-wembley.en-gb.html,Residence Wembley,be,51.1717931342402,2.77792096138,scrape,4,quality,"Priorijlaan 26/B5, 8434 Middelkerke, Belgium, Priorijlaan 26/B5, 8434, Belgium",Middelkerke,8434,,,,Hotel,8.4,156,3,1,partial
https://www.booking.com/hotel/be/arendshof.en-gb.html,Luxury Apartments Arendshof,be,51.22388549999999,4.484103000000005,scrape,,,"Professor Van Den Wildenberglaan 1, Deurne, 2100 Antwerp, Belgium, Professor Van Den Wildenberglaan 1, 2100, Belgium",Antwerp,2100,135,2026-07-15,EUR,Hotel,5.1,14,3,2,success
https://www.booking.com/hotel/be/b-amp-b-sasput.en-gb.html,B&B Sasput,be,50.898486,5.33877,scrape,4,official,"79 Sasput-Voogdijstraat, 3500 Hasselt, Belgium, 79 Sasput-Voogdijstraat, 3500, Belgium",Hasselt,3500,369,2026-07-15,EUR,Hotel,9.3,179,10,0,success
https://www.booking.com/hotel/be/snuffel-hostel-brugge.en-gb.html,Snuffel Hostel,be,51.21315753757665,3.2184839846557907,scrape,,,"Ezelstraat 42, Historic Centre of Brugge, 8000 Bruges, Belgium, Ezelstraat 42, 8000, Belgium",Bruges,8000,68,2026-07-15,EUR,Hotel,8.7,6499,399,18,success
https://www.booking.com/hotel/be/gite-fluvial-exclusif-pour-6-personnes.en-gb.html,Chambres d'hôtes sur la Meuse à bord de la Péniche Formigny,be,50.459394110362,4.866668730936,scrape,,,"Quai des chasseurs ardennais, 5000 Namur, Belgium, Quai des chasseurs ardennais, 5000, Belgium",Namur,5000,,,,Hotel,8.8,13,3,0,partial
https://www.booking.com/hotel/be/manavahotel.en-gb.html,ManavaHotel,be,50.689507,5.582216,scrape,3,official,"Route de Liers 114, 4041 Herstal, Belgium, Route de Liers 114, 4041, Belgium",Herstal,4041,144,2026-07-15,EUR,Hotel,9.1,72,7,1,success
https://www.booking.com/hotel/be/dolce-la-hulpe-brussels.en-gb.html,Hotel Dolce La Hulpe Brussels,be,50.7454783845326,4.455331563949585,scrape,4,official,"Chaussée de Bruxelles 135, 1310 La Hulpe, Belgium, Chaussée de Bruxelles 135, 1310, Belgium",La Hulpe,1310,328,2026-07-15,EUR,Hotel,8.4,2362,99,20,success
https://www.booking.com/hotel/be/la-fete-au-palais.en-gb.html,La Fête au Palais,be,50.37808661239523,4.879871822753898,scrape,3,official,"1, Rue du Belvédère, 5170 Lustin, Belgium, 1, Rue du Belvédère, 5170, Belgium",Lustin,5170,110,2026-07-15,EUR,Hotel,8.8,1433,49,1,success
https://www.booking.com/hotel/be/ferienwohnung-theissen-pauls.en-gb.html,Carmius - Back to simple life,be,50.197414320171205,6.134109022090115,scrape,4,quality,"Burgstrasse 13, 4790 Burg-Reuland, Belgium, Burgstrasse 13, 4790, Belgium",Burg-Reuland,4790,,,,Hotel,9.3,50,2,0,partial
https://www.booking.com/hotel/be/ideal-tower-dakterras.en-gb.html,IDEAL TOWER DAKTERRAS,be,51.3193199,3.1408327,scrape,4,quality,"JULES GADEYNEHELLING APP 10.3, 8370 Blankenberge, Belgium, JULES GADEYNEHELLING APP 10.3, 8370, Belgium",Blankenberge,8370,,,,Hotel,9.1,39,3,0,partial
https://www.booking.com/hotel/be/chez-marion-celles2.en-gb.html,"Les gîtes ""Cœur de ferme""",be,50.2284913994888,5.007649747221421,scrape,3,quality,"Ferme de la Cour 1, 5561 Celles, Belgium, Ferme de la Cour 1, 5561, Belgium",Celles,5561,,,,Hotel,8.8,85,21,1,partial
https://www.booking.com/hotel/be/le-clocher-le-cercle.en-gb.html,Le Clocher - Le Cercle,be,50.227715536357,5.343746263229,scrape,3,quality,"8 Place du Roi Albert, 6900 Marche-en-Famenne, Belgium, 8 Place du Roi Albert, 6900, Belgium",Marche-en-Famenne,6900,,,,Hotel,9.0,39,4,0,partial
https://www.booking.com/hotel/be/louise-sur-cour.en-gb.html,Louise sur Cour,be,,,,,,,,,,,,,,,41,0,failed
https://www.booking.com/hotel/be/b-amp-b-ter-vesten.en-gb.html,B&B Ter Vesten,be,50.84649586996127,2.884954512119293,scrape,3,quality,"Arsenaalstraat 4, 8900 Ypres, Belgium, Arsenaalstraat 4, 8900, Belgium",Ypres,8900,135,2026-07-15,EUR,Hotel,8.9,718,99,0,success
https://www.booking.com/hotel/be/sandton-pillows-brussels.en-gb.html,Pillows Grand Boutique Hotel Place Rouppe Brussels,be,50.84238036834025,4.346093237400055,scrape,,,"Place Rouppe 17, 1000 Brussels, Belgium, Place Rouppe 17, 1000, Belgium",Brussels,1000,116,2026-07-15,EUR,Hotel,8.3,3209,74,0,success
https://www.booking.com/hotel/be/melissa-peruwelz.en-gb.html,hotel Melissa,be,50.497502,3.608031,scrape,2,official,"10 Place Jean Absil, 7603 Péruwelz, Belgium, 10 Place Jean Absil, 7603, Belgium",Péruwelz,7603,51,2026-07-15,EUR,Hotel,5.9,651,24,10,success
https://www.booking.com/hotel/be/bloonwinning-b-amp-b.en-gb.html,B&B Bloonwinning,be,50.906388634564685,5.286623239517212,scrape,4,quality,"Oosterbeekstraat 60, 3500 Hasselt, Belgium, Oosterbeekstraat 60, 3500, Belgium",Hasselt,3500,,,,Hotel,9.7,56,11,0,partial
https://www.booking.com/hotel/be/verone-ha-tel-de-charme.en-gb.html,Hôtel Verone - Liège Centre,be,50.62133966461708,5.5911558866500854,scrape,,,"Boulevard Emile de Laveleye 149, 4020 Liège, Belgium, Boulevard Emile de Laveleye 149, 4020, Belgium",Liège,4020,99,2026-07-15,EUR,Hotel,7.9,547,14,3,success
https://www.booking.com/hotel/be/cozy-antwerp-apartments.en-gb.html,CityHome Antwerp,be,51.2186718219134,4.3994605885697,scrape,3,quality,"11 Leeuwenstraat, Antwerp District, 2000 Antwerp, Belgium, 11 Leeuwenstraat, 2000, Belgium",Antwerp,2000,,,,Hotel,8.5,171,24,5,partial
https://www.booking.com/hotel/be/cavells.en-gb.html,Juliette's,be,50.85232808250057,2.880241870880127,scrape,1,quality,"Minneplein 3, 8900 Ypres, Belgium, Minneplein 3, 8900, Belgium",Ypres,8900,,,,Hotel,9.0,741,99,0,partial
https://www.booking.com/hotel/be/l-39-atelier-durbuy.en-gb.html,L'atelier,be,50.371324,5.536776,scrape,3,quality,"lagelire, 31, 6941 Durbuy, Belgium, lagelire, 31, 6941, Belgium",Durbuy,6941,,,,Hotel,8.7,90,5,0,partial
https://www.booking.com/hotel/be/the-collector-39-s-house.en-gb.html,The Collector's House,be,51.22158839099333,4.402997642755508,scrape,4,quality,"Wolstraat 16, Antwerp District, 2000 Antwerp, Belgium, Wolstraat 16, 2000, Belgium",Antwerp,2000,153,2026-07-15,EUR,Hotel,8.8,178,24,2,success
https://www.booking.com/hotel/be/au-fil-des-reves.en-gb.html,Au Fil des Rêves,be,50.544162,4.405208,scrape,3,quality,"95, rue de Bruxelles, 6210 Rèves, Belgium, 95, rue de Bruxelles, 6210, Belgium",Rèves,6210,,,,Hotel,9.4,89,6,1,partial
https://www.booking.com/hotel/be/b-b-pittoresque.en-gb.html,B&B Pittoresque,be,50.1324017285753,5.7920037209731845,scrape,,,"Rue Saint Anne 25, 6660 Houffalize, Belgium, Rue Saint Anne 25, 6660, Belgium",Houffalize,6660,99,2026-07-15,EUR,Hotel,8.6,304,24,1,success
https://www.booking.com/hotel/be/moeder-lambic.en-gb.html,Hotel Moby Dick by WP hotels,be,51.31690062101782,3.135676681995392,scrape,3,official,"Jules de Troozlaan 93, 8370 Blankenberge, Belgium, Jules de Troozlaan 93, 8370, Belgium",Blankenberge,8370,,,,Hotel,6.0,148,24,1,partial
https://www.booking.com/hotel/be/a-la-ferme-du-pere-eugene.en-gb.html,A la ferme du Pere Eugene,be,50.4591471581961,6.07584446668625,scrape,,,"Large Voie 2, 4960 Malmedy, Belgium, Large Voie 2, 4960, Belgium",Malmedy,4960,,,,Hotel,9.1,108,18,1,partial
https://www.booking.com/hotel/be/lido.en-gb.html,Hotel Lido,be,51.346707,3.288335,scrape,,,,,,,,,,,,24,3,partial
https://www.booking.com/hotel/be/elisabeth.en-gb.html,Hotel Elisabeth,be,51.0313369,4.480170100000009,scrape,3,official,"Stassartstraat 26-28, 2800 Mechelen, Belgium, Stassartstraat 26-28, 2800, Belgium",Mechelen,2800,114,2026-07-15,EUR,Hotel,7.9,1984,49,0,success
https://www.booking.com/hotel/be/alpha.en-gb.html,Alpha Hotel,be,51.23364152664506,2.916690409183502,scrape,3,official,"Louisastraat 18, Oostende Centre, 8400 Ostend, Belgium, Louisastraat 18, 8400, Belgium",Ostend,8400,87,2026-07-15,EUR,Hotel,7.0,2765,49,16,success
https://www.booking.com/hotel/be/gats-place.en-gb.html,Gats Place,be,50.6453693,5.5603711,scrape,3,quality,"4 Rue Hullos, 4000 Liège, Belgium, 4 Rue Hullos, 4000, Belgium",Liège,4000,,,,Hotel,5.9,88,4,0,partial
https://www.booking.com/hotel/be/b-amp-b-chez-tante-alice.en-gb.html,B&B Chez tante Alice,be,50.3550531961629,5.56633205026241,scrape,3,quality,"Aisne 52 6941 Durbuy, 6941 Durbuy, Belgium, Aisne 52 6941 Durbuy, 6941, Belgium",Durbuy,6941,,,,Hotel,9.4,95,8,0,partial
https://www.booking.com/hotel/be/monsieurernest.en-gb.html,Hotel Monsieur Ernest,be,51.20758580977142,3.2181009650230408,scrape,3,official,"Wulfhagestraat 43, Historic Centre of Brugge, 8000 Bruges, Belgium, Wulfhagestraat 43, 8000, Belgium",Bruges,8000,126,2026-07-15,EUR,Hotel,8.0,3284,198,15,success
https://www.booking.com/hotel/be/ardn-bnb.en-gb.html,Ardn-bnb Eglise,be,50.1824926,5.5755352,scrape,4,quality,"19 Rue de l'Eglise, 6980 La Roche-en-Ardenne, Belgium, 19 Rue de l'Eglise, 6980, Belgium",La Roche-en-Ardenne,6980,,,,Hotel,8.6,162,13,0,partial
https://www.booking.com/hotel/be/schroder.en-gb.html,Hotel Schröder,be,50.38008600497452,6.342415809631348,scrape,3,official,"Büllingen, 4760 Losheimergraben, Belgium, Büllingen, 4760, Belgium",Losheimergraben,4760,74,2026-07-22,EUR,Hotel,8.6,467,18,1,success
https://www.booking.com/hotel/be/froissart-loft.en-gb.html,Froissart Loft,be,50.0477605571773,4.31449170764935,scrape,3,quality,"30/A place Froissart, 6460 Chimay, Belgium, 30/A place Froissart, 6460, Belgium",Chimay,6460,92,2026-07-29,EUR,Hotel,9.2,174,3,0,success
https://www.booking.com/hotel/be/arisgrandplace.en-gb.html,Aris Grand Place Hotel,be,50.84716312285271,4.35383677482605,scrape,3,official,"Grasmarkt 78-80, 1000 Brussels, Belgium, Grasmarkt 78-80, 1000, Belgium",Brussels,1000,144,2026-07-15,EUR,Hotel,8.6,2489,224,26,success
https://www.booking.com/hotel/be/au-cochon-perche.en-gb.html,Au Cochon Perché,be,50.35184,5.45776,scrape,,,,,,,,,,,,4,1,partial
https://www.booking.com/hotel/be/le-pre-en-bulles-merbes-le-chateau.en-gb.html,"Le pré en bulles gîte et restaurant ,produits locaux à Labuissière",be,50.3259777,4.195598700000005,scrape,4,quality,"1 Rue de Falimont, 6567 Merbes-le-Château, Belgium, 1 Rue de Falimont, 6567, Belgium",Merbes-le-Château,6567,,,,Hotel,8.8,116,3,0,partial
https://www.booking.com/hotel/be/du-parlement.en-gb.html,Hotel Du Parlement,be,50.83823401444161,4.371753931045532,scrape,2,official,"Rue du Parnasse 24, Elsene / Ixelles, 1050 Brussels, Belgium, Rue du Parnasse 24, 1050, Belgium",Brussels,1050,165,2026-07-15,EUR,Hotel,7.2,992,57,28,success
https://www.booking.com/hotel/be/le-cerf-volant.en-gb.html,Le Cerf volant,be,49.9836624025897,5.2661259865082,scrape,3,quality,"rue d'Hatrival 163 Le Cerf volant rue d'Hatrival 163 A, 6890 Libin, Belgium, rue d'Hatrival 163 Le Cerf volant rue d'Hatrival 163 A, 6890, Belgium",Libin,6890,,,,Hotel,9.3,94,8,0,partial
https://www.booking.com/hotel/be/le-florentin.en-gb.html,Le Florentin,be,49.697454923644855,5.312470660852114,scrape,3,official,"58, Place Albert Ier, 6820 Florenville, Belgium, 58, Place Albert Ier, 6820, Belgium",Florenville,6820,170,2026-07-15,EUR,Hotel,9.3,485,24,0,success
https://www.booking.com/hotel/be/regina.en-gb.html,Hotel New Regina,be,50.85069906516802,2.8859415650367737,scrape,3,official,"Grote Markt 45, 8900 Ypres, Belgium, Grote Markt 45, 8900, Belgium",Ypres,8900,101,2026-07-15,EUR,Hotel,8.6,2139,249,9,success
https://www.booking.com/hotel/be/polder-27.en-gb.html,Polder 27,be,51.18419,3.00494,scrape,,,,,,,,,,,,5,0,partial
https://www.booking.com/hotel/be/b-room.en-gb.html,b room,be,51.218563,3.202603,scrape,3,quality,"34 Steenkaai Bus Q, Sint-Pieters, 8000 Bruges, Belgium, 34 Steenkaai Bus Q, 8000, Belgium",Bruges,8000,169,2026-07-15,EUR,Hotel,9.0,1104,24,0,success
https://www.booking.com/hotel/be/charlie-rockets.en-gb.html,Charlie Rockets Youth Hostel,be,51.208911604466,3.2242740271613,scrape,,,,Bruges,,,,,,,,123,32,partial
https://www.booking.com/hotel/be/smartflats-cathedrale.en-gb.html,Smartflats Design - Cathédrale,be,50.64514,5.57342,scrape,,,,Liège,,,,,,,,20,5,partial
https://www.booking.com/hotel/be/residence-les-bleuets.en-gb.html,Appartement Les Bleuets,be,50.180595780367,5.577212834358,scrape,3,quality,"2 Rue Rompré, 6980 La Roche-en-Ardenne, Belgium, 2 Rue Rompré, 6980, Belgium",La Roche-en-Ardenne,6980,176,2026-07-15,EUR,Hotel,9.1,81,5,0,success
https://www.booking.com/hotel/be/hostel-bruegel.en-gb.html,Hostel Bruegel,be,50.8419125351917,4.35133293271065,scrape,,,"Heilige Geeststraat 2, 1000 Brussels, Belgium, Heilige Geeststraat 2, 1000, Belgium",Brussels,1000,98,2026-07-15,EUR,Hotel,8.3,6705,373,44,success
https://www.booking.com/hotel/be/pronkenburg.en-gb.html,B&B Pronkenburg,be,51.28110193037649,3.208504021167755,scrape,4,quality,"Ter Doeststraat 30, 8380 Lissewege, Belgium, Ter Doeststraat 30, 8380, Belgium",Lissewege,8380,154,2026-07-15,EUR,Hotel,9.2,292,21,3,success
https://www.booking.com/hotel/be/studio-cathilleweg.en-gb.html,Studio Art-hill,be,51.216497840645374,3.0704942008026093,scrape,4,quality,"Cathilleweg 130, 8490 Jabbeke, Belgium, Cathilleweg 130, 8490, Belgium",Jabbeke,8490,,,,Hotel,8.4,113,5,2,partial
https://www.booking.com/hotel/be/b-amp-b-les-hirondelles.en-gb.html,B&B Les Hirondelles,be,51.2761459350586,3.03003787994385,scrape,,,,,,,,,,,,23,6,partial
https://www.booking.com/hotel/be/au-fil-de-l-39-eau-grupont.en-gb.html,Au fil de l'eau,be,50.092127,5.278188,scrape,3,quality,"39 Rue Maréchal Foch, 6927 Grupont, Belgium, 39 Rue Maréchal Foch, 6927, Belgium",Grupont,6927,,,,Hotel,9.3,70,14,0,partial
https://www.booking.com/hotel/be/le-relais-du-randonneur.en-gb.html,Le Relais du Randonneur 1,be,50.09249,5.2798,scrape,,,,,,,,,,,,8,0,partial
https://www.booking.com/hotel/be/chambre-dhotes-citabelair.en-gb.html,Chambre d'hôtes CitaBel'Air,be,50.45611987649437,4.850295128836024,scrape,4,quality,"Avenue Bel Air 6, 5000 Namur, Belgium, Avenue Bel Air 6, 5000, Belgium",Namur,5000,,,,Hotel,9.8,26,9,0,partial
https://www.booking.com/hotel/be/tannine-et-cuisine.en-gb.html,Tannine et Cuisine,be,51.172568033672505,3.0947101314606016,scrape,3,quality,"Zomerweg 16, 8490 Jabbeke, Belgium, Zomerweg 16, 8490, Belgium",Jabbeke,8490,138,2026-07-15,EUR,Hotel,8.3,88,24,1,success
https://www.booking.com/hotel/be/tempor-39-area.en-gb.html,Tempor'area Apartment,be,51.2143935,4.40362719999996,scrape,4,quality,"Vleminckveld 42, Antwerp District, 2000 Antwerp, Belgium, Vleminckveld 42, 2000, Belgium",Antwerp,2000,,,,Hotel,9.5,32,20,0,partial
https://www.booking.com/hotel/be/le-chalet-de-marguerite.en-gb.html,Le Chalet de Marguerite,be,50.44793099141505,5.956459999999993,scrape,3,quality,"Chemin des Pierris 22, 4970 Francorchamps, Belgium, Chemin des Pierris 22, 4970, Belgium",Francorchamps,4970,,,,Hotel,9.6,68,17,1,partial
https://www.booking.com/hotel/be/grand-belle-vue.en-gb.html,Grand Hotel Belle Vue,be,51.27321763894294,3.033055365085602,scrape,4,official,"Koninklijk Plein 5, 8420 De Haan, Belgium, Koninklijk Plein 5, 8420, Belgium",De Haan,8420,,,,Hotel,9.1,137,22,3,partial
https://www.booking.com/hotel/be/q-b-amp-b.en-gb.html,Q B&B,be,50.9004882,3.86600569999996,scrape,4,quality,"Meerlaan,19, 9550 Herzele, Belgium, Meerlaan,19, 9550, Belgium",Herzele,9550,100,2026-07-15,EUR,Hotel,9.2,166,6,0,success
https://www.booking.com/hotel/be/residence18.en-gb.html,Résidence18,be,50.827351626772604,4.368324726819992,scrape,,,"dautzenberg 18, Elsene / Ixelles, 1050 Brussels, Belgium, dautzenberg 18, 1050, Belgium",Brussels,1050,,,,Hotel,9.1,130,24,0,partial
https://www.booking.com/hotel/be/lommel-broek.en-gb.html,Hotel Lommel Broek,be,51.15996,5.26393,scrape,,,,,,,,,,,,19,4,partial
https://www.booking.com/hotel/be/aloft-brussels-schuman.en-gb.html,Aloft Brussels Schuman,be,50.84054097739892,4.380776882171631,scrape,3,official,"Place Jean Rey, 1040 Brussels, Belgium, Place Jean Rey, 1040, Belgium",Brussels,1040,135,2026-07-15,EUR,Hotel,8.9,2530,223,0,success
https://www.booking.com/hotel/be/le-flaneur.en-gb.html,B&B Le flaneur,be,51.214093560891705,3.223954886198044,scrape,3,quality,"Hoedenmakersstraat 15, Historic Centre of Brugge, 8000 Bruges, Belgium, Hoedenmakersstraat 15, 8000, Belgium",Bruges,8000,,,,Hotel,9.7,504,34,0,partial
https://www.booking.com/hotel/be/maison-en-bord-de-meuse.en-gb.html,Gite 4 Façades - 200m de la Meuse,be,50.26122,4.91256,scrape,,,,,,,,,,,,6,4,partial
https://www.booking.com/hotel/be/o-39-casino.en-gb.html,O' Casino,be,51.232505,2.91237709999996,scrape,4,quality,"Kursaal-Oosthelling 11 appartement 4B Monte Carlo, Oostende Centre, 8400 Ostend, Belgium, Kursaal-Oosthelling 11 appartement 4B Monte Carlo, 8400, Belgium",Ostend,8400,,,,Hotel,9.2,32,5,0,partial
https://www.booking.com/hotel/be/castelgent.en-gb.html,Hotel Castel,be,51.037145504460945,3.711825907230377,scrape,3,official,"Koningin Maria Hendrikaplein 9, Stationsbuurt Noord, 9000 Ghent, Belgium, Koningin Maria Hendrikaplein 9, 9000, Belgium",Ghent,9000,95,2026-07-15,EUR,Hotel,7.3,1213,63,10,success
https://www.booking.com/hotel/be/cap-39-s-house.en-gb.html,Cap's House,be,51.0521757,3.721112299999959,scrape,4,quality,"Hoornstraat 13, Binnenstad, 9000 Ghent, Belgium, Hoornstraat 13, 9000, Belgium",Ghent,9000,,,,Hotel,8.2,268,24,4,partial
https://www.booking.com/hotel/be/villa-vanille.en-gb.html,B&B Supérieur Villa vanille,be,50.4667015075684,4.86667013168335,scrape,,,,Namur,,,,,,,,21,2,partial
https://www.booking.com/hotel/be/chalet-de-la-vallee-des-pres.en-gb.html,chalet de la vallée des prés,be,50.01909833344975,4.650230942592297,scrape,,,"45, Rue Pairière, 5670 Oignies-en-Thierache, Belgium, 45, Rue Pairière, 5670, Belgium",Oignies-en-Thierache,5670,102,2026-07-15,EUR,Hotel,8.1,36,5,0,success
https://www.booking.com/hotel/be/belfleur.en-gb.html,Hotel Belfleur,be,51.0306670045796,5.37558543682098,scrape,,,,,,,,,,,,24,4,partial
https://www.booking.com/hotel/be/smartflats-les-postiers.en-gb.html,Smartflats Design - Les Postiers,be,,,,,,,,,,,,,,,24,1,failed
https://www.booking.com/hotel/be/housing.en-gb.html,Rooms & Apartments Housingbrussels,be,50.85120200070653,4.388563334941864,scrape,,,"Rue Louis Scutenaire 3, Schaarbeek / Schaerbeek, 1030 Brussels, Belgium, Rue Louis Scutenaire 3, 1030, Belgium",Brussels,1030,,,,Hotel,8.9,178,73,0,partial
https://www.booking.com/hotel/be/rijhuis.en-gb.html,Rijhuis,be,50.23791,4.90792,scrape,,,,,,,,,,,,6,1,partial
https://www.booking.com/hotel/be/burg-hof.en-gb.html,Hotel Burg Hof,be,50.19878396968387,6.130478382110596,scrape,3,official,"Neugarten 16, 4790 Burg-Reuland, Belgium, Neugarten 16, 4790, Belgium",Burg-Reuland,4790,,,,Hotel,8.9,84,10,0,partial
https://www.booking.com/hotel/be/gites-du-tellin.en-gb.html,Gîtes du tellin,be,50.054585,4.433709,scrape,3,quality,"15 Rue Le-Faubourg 1, 5660 Couvin, Belgium, 15 Rue Le-Faubourg 1, 5660, Belgium",Couvin,5660,,,,Hotel,8.9,32,8,0,partial
https://www.booking.com/hotel/be/moulin-de-daverdisse-daverdisse.en-gb.html,"Moulin de Daverdisse, The Originals Relais (Relais du Silence)",be,50.027674396223304,5.115927034185006,scrape,4,official,"Rue de la Lesse, 61, 6929 Daverdisse, Belgium, Rue de la Lesse, 61, 6929, Belgium",Daverdisse,6929,209,2026-07-15,EUR,Hotel,8.8,328,7,0,success
https://www.booking.com/hotel/be/frites-at-the-european-center.en-gb.html,Brussels Cosy Appartments2,be,50.8482744792179,4.352557234415144,scrape,,,"Brandhoutkaai 35, 1000 Brussels, Belgium, Brandhoutkaai 35, 1000, Belgium",Brussels,1000,,,,Hotel,3.9,22,7,3,partial
https://www.booking.com/hotel/be/by-the-lake-of-love.en-gb.html,Viktor and stella suite by the minnewater,be,51.19956844838,3.229073888361,scrape,3,quality,"1 Katelijnevest, Historic Centre of Brugge, 8000 Bruges, Belgium, 1 Katelijnevest, 8000, Belgium",Bruges,8000,,,,Hotel,8.7,309,4,0,partial
https://www.booking.com/hotel/be/relais-charlemagne-sca.en-gb.html,Relais Charlemagne Sca,be,50.63921,5.79352,scrape,,,,,,,,,,,,4,2,partial
https://www.booking.com/hotel/be/haras-de-baudemont.en-gb.html,Haras de Baudemont,be,50.629906,4.284438,scrape,3,quality,"Rue de Baudemont, 50, 1460 Ittre, Belgium, Rue de Baudemont, 50, 1460, Belgium",Ittre,1460,120,2026-07-15,EUR,Hotel,8.7,84,9,0,success
https://www.booking.com/hotel/be/interhotelbrugge.en-gb.html,Golden Tree Hotel,be,51.20703295300399,3.216177821159363,scrape,3,official,"Hoefijzerlaan 21, Historic Centre of Brugge, 8000 Bruges, Belgium, Hoefijzerlaan 21, 8000, Belgium",Bruges,8000,101,2026-07-15,EUR,Hotel,8.1,3293,149,18,success
https://www.booking.com/hotel/be/marie-alice-iii.en-gb.html,Marie Alice III,be,51.13039,2.75167,scrape,,,,,,,,,,,,3,0,partial
https://www.booking.com/hotel/be/t-39-klein-gewin.en-gb.html,T'Klein Gewin,be,51.0332984924316,2.86666989326477,scrape,,,,,,,,,,,,17,0,partial
https://www.booking.com/hotel/be/villa-emilia.en-gb.html,Villa Emilia,be,51.27519299999999,3.0298678999999993,scrape,4,quality,"Vondellaan 2, 8420 De Haan, Belgium, Vondellaan 2, 8420, Belgium",De Haan,8420,,,,Hotel,9.2,115,11,0,partial
https://www.booking.com/hotel/be/chez-poussin-brussels.en-gb.html,Room at CHICKEN'S Shared Appartment,be,,,,,,,,,,,,,,,5,1,failed
https://www.booking.com/hotel/be/rooftop-appartment-with-terras-top-location.en-gb.html,Rooftop apartment with terras - top location,be,51.346707,3.288335,scrape,,,,,,,,,,,,5,0,partial
https://www.booking.com/hotel/by/trusthome.en-gb.html,TRUSThome,by,53.90019113663001,27.557304448226887,scrape,3,quality,"Независимости проспект 19, 220005 Minsk, Belarus, Независимости проспект 19, 220005, Belarus",Minsk,,,,,Hotel,,,8,0,partial
https://www.booking.com/hotel/be/flandria-centrum.en-gb.html,Flandria Hotel,be,51.05410976590776,3.7292522192001343,scrape,1,official,"Barrestraat 3, Binnenstad, 9000 Ghent, Belgium, Barrestraat 3, 9000, Belgium",Ghent,9000,95,2026-07-15,EUR,Hotel,7.2,1423,98,17,success
https://www.booking.com/hotel/be/aux-berges-de-la-bel.en-gb.html,Aux Berges de la Bel,be,50.70415,5.85856,scrape,,,,,,,,,,,,20,2,partial
https://www.booking.com/hotel/be/la-gotale-maison-d-39-amis.en-gb.html,B&B La Gotale,be,50.33257,5.697519,scrape,3,quality,"La Gotale 1, 6960 Manhay, Belgium, La Gotale 1, 6960, Belgium",Manhay,6960,,,,Hotel,9.2,79,24,0,partial
https://www.booking.com/hotel/be/b-and-b-lodgingat8-be.en-gb.html,B&B Lodgingat8,be,50.8692315,4.705878100000064,scrape,4,quality,"Weldadigheidsstraat 8, 3000 Leuven, Belgium, Weldadigheidsstraat 8, 3000, Belgium",Leuven,3000,98,2026-07-29,EUR,Hotel,9.0,624,24,0,success
https://www.booking.com/hotel/be/b-amp-b-tantine.en-gb.html,B&B Tantine,be,51.290927,5.056757,scrape,3,quality,"Hoekstraat 17, 2470 Retie, Belgium, Hoekstraat 17, 2470, Belgium",Retie,2470,135,2026-07-15,EUR,Hotel,9.5,189,4,0,success
https://www.booking.com/hotel/be/point-escale.en-gb.html,Point Escale,be,50.6609553,5.991116099999999,scrape,3,quality,"Rue Tivoli 28, 4710 Lontzen, Belgium, Rue Tivoli 28, 4710, Belgium",Lontzen,4710,,,,Hotel,9.2,60,7,0,partial
https://www.booking.com/hotel/be/c-hotels-cocoon.en-gb.html,C-Hotels Cocoon,be,51.234385,2.916724,scrape,4,official,"Van Iseghemlaan 21-25, Oostende Centre, 8400 Ostend, Belgium, Van Iseghemlaan 21-25, 8400, Belgium",Ostend,8400,105,2026-07-15,EUR,Hotel,8.8,2207,49,0,success
https://www.booking.com/hotel/be/hostellerie-de-la-chapelle.en-gb.html,Hostellerie de la Chapelle,be,50.441703,6.039464,scrape,3,official,"35 Route d'Eupen, 4960 Malmedy, Belgium, 35 Route d'Eupen, 4960, Belgium",Malmedy,4960,,,,Hotel,8.8,545,24,1,partial
https://www.booking.com/hotel/be/eurocitadin.en-gb.html,EuroCitadin,be,,,,,,,,,,,,,,,12,0,failed
https://www.booking.com/hotel/be/de-kaleihoeve.en-gb.html,De Kaleihoeve,be,50.8726499,3.2765461,scrape,4,quality,"25 Darmstraat, 8531 Bavikhove, Belgium, 25 Darmstraat, 8531, Belgium",Bavikhove,8531,88,2026-07-15,EUR,Hotel,9.3,235,15,0,success
https://www.booking.com/hotel/be/le-valdine.en-gb.html,Le Valdine,be,50.4551059460414,4.68483746051788,scrape,3,quality,"56 Rue Du Bois, 5190 Jemeppe, Belgium, 56 Rue Du Bois, 5190, Belgium",Jemeppe,5190,,,,Hotel,8.1,127,12,0,partial
https://www.booking.com/hotel/be/pantheon-palace.en-gb.html,Hotel Pantheon Palace by WP Hotels,be,51.3149928222638,3.128558099269867,scrape,4,official,"Langestraat 36, 8370 Blankenberge, Belgium, Langestraat 36, 8370, Belgium",Blankenberge,8370,121,2026-07-15,EUR,Hotel,7.6,206,23,6,success
https://www.booking.com/hotel/be/b-amp-b-de-koetsier.en-gb.html,B&B Goed Ten Hulle,be,51,3.2666699886322,scrape,,,,,,,,,,,,11,0,partial
https://www.booking.com/hotel/be/froissart-studio.en-gb.html,Froissart Studio,be,50.0477605571773,4.31449170764935,scrape,3,quality,"30/A place Froissart, 6460 Chimay, Belgium, 30/A place Froissart, 6460, Belgium",Chimay,6460,,,,Hotel,9.2,174,7,0,partial
https://www.booking.com/hotel/be/b-b-bariseele.en-gb.html,B&B Bariseele,be,51.215170536086106,3.2273438572883606,scrape,4,quality,"Collaert Mansionstraat 1, Historic Centre of Brugge, 8000 Bruges, Belgium, Collaert Mansionstraat 1, 8000, Belgium",Bruges,8000,,,,Hotel,9.7,165,24,0,partial
https://www.booking.com/hotel/be/square-kortrijk.en-gb.html,Square Hotel,be,50.8301146982438,3.2707393169403076,scrape,3,official,"Groeningestraat 39, 8500 Kortrijk, Belgium, Groeningestraat 39, 8500, Belgium",Kortrijk,8500,120,2026-07-15,EUR,Hotel,8.8,721,39,0,success
https://www.booking.com/hotel/be/appartement-moliere.en-gb.html,Appartement Moliere,be,50.8155955950963,4.35590465767211,scrape,4,quality,"224 Molierelaan, Elsene / Ixelles, 1050 Brussels, Belgium, 224 Molierelaan, 1050, Belgium",Brussels,1050,,,,Hotel,9.1,114,13,0,partial
https://www.booking.com/hotel/be/jadis-et-naguere.en-gb.html,B&B Jadis et Naguère,be,50.72681551921387,4.965753257274628,scrape,3,quality,"Rue Joseph Boulanger 32, 1350 Noduwez, Belgium, Rue Joseph Boulanger 32, 1350, Belgium",Noduwez,1350,,,,Hotel,9.7,61,17,0,partial
https://www.booking.com/hotel/be/gite-du-maqua.en-gb.html,Gîte du Maqua,be,49.79498,5.06725,scrape,,,,,,,,,,,,4,0,partial
https://www.booking.com/hotel/be/classy-apartment-at-european-quarter.en-gb.html,Classy apartment at European Quarter,be,,,,,,,,,,,,,,,23,1,failed
https://www.booking.com/hotel/be/bon-accueil.en-gb.html,Hotel Bon Accueil,be,51.2761459350586,3.03003787994385,scrape,,,,,,,,,,,,24,1,partial
https://www.booking.com/hotel/be/afspanning-de-kroon.en-gb.html,Afspanning De Kroon,be,51.29309,4.48931,scrape,,,,Antwerp,,,,,,,,21,0,partial
https://www.booking.com/hotel/be/chambres-d-39-hotes-des-ardennes.en-gb.html,Chambres d'hôtes des Ardennes,be,49.97852201244633,5.086566164781516,scrape,,,"rue de Laloux , 3A et 3B, 6929 Porcheresse, Belgium, rue de Laloux , 3A et 3B, 6929, Belgium",Porcheresse,6929,60,2026-07-15,EUR,Hotel,9.1,53,18,1,success
https://www.booking.com/hotel/be/apartment-jules-amp-jim-dinant.en-gb.html,Apartment Jules & Jim,be,50.26208914200278,4.9109257478851305,scrape,3,quality,"Place Victor Collard 2, 5500 Dinant, Belgium, Place Victor Collard 2, 5500, Belgium",Dinant,5500,,,,Hotel,7.6,83,24,0,partial
https://www.booking.com/hotel/be/decastillion.en-gb.html,Hotel De Castillion - Small elegant family hotel,be,51.20533233070467,3.222263753414154,scrape,4,official,"Heilige Geeststraat 1, Historic Centre of Brugge, 8000 Bruges, Belgium, Heilige Geeststraat 1, 8000, Belgium",Bruges,8000,205,2026-07-15,EUR,Hotel,9.4,1060,124,1,success
https://www.booking.com/hotel/by/minsk.en-gb.html,Hotel Minsk,by,53.90234,27.5619,scrape,,,,Minsk,,,,,,,,235,27,partial
https://www.booking.com/hotel/be/all-in-one.en-gb.html,All In One,be,50.854006075175185,4.356929361820221,scrape,4,quality,"41 Rue De Malines, 1000 Brussels, Belgium, 41 Rue De Malines, 1000, Belgium",Brussels,1000,149,2026-07-15,EUR,Hotel,8.8,618,39,0,success
https://www.booking.com/hotel/be/ga-r-te-d-etape-auberge-de-jeunesse-jacques-brel.en-gb.html,Jacques Brel Youth Hostel,be,50.851663035407846,4.366940036416054,scrape,,,"Rue de la Sablonnière, 30, 1000 Brussels, Belgium, Rue de la Sablonnière, 30, 1000, Belgium",Brussels,1000,53,2026-07-15,EUR,Hotel,7.9,4431,117,22,success
https://www.booking.com/hotel/be/chambre-dans-un-appartement-de-charme-au-coeur-de-bruxelles.en-gb.html,Chambre dans un appartement de charme au coeur de Bruxelles,be,,,,,,,,,,,,,,,4,0,failed
https://www.booking.com/hotel/be/carnac.en-gb.html,Hotel Carnac,be,51.1216168113076,2.640219032764435,scrape,3,official,"Koninklijke Baan 62, 8670 Koksijde, Belgium, Koninklijke Baan 62, 8670, Belgium",Koksijde,8670,157,2026-07-15,EUR,Hotel,8.7,780,20,1,success
https://www.booking.com/hotel/be/appartement-style-dans-maison-bourgeoise.en-gb.html,appartement stylé dans maison bourgeoise,be,,,,,,,,,,,,,,,2,0,failed
https://www.booking.com/hotel/be/blossom-amp-bloom.en-gb.html,Blossom & Bloom,be,51.203445985849285,3.2069286296291466,scrape,4,quality,"Gistelsesteenweg 59, Sint-Andries, 8200 Bruges, Belgium, Gistelsesteenweg 59, 8200, Belgium",Bruges,8200,,,,Hotel,9.6,66,24,0,partial
https://www.booking.com/hotel/be/la-suite-des-carmes.en-gb.html,la suite des Carmes,be,50.4667015075684,4.86667013168335,scrape,,,,Namur,,,,,,,,16,0,partial
https://www.booking.com/hotel/be/hotelguldenvliesbrugge.en-gb.html,Hotel Gulden Vlies,be,51.21617020190478,3.2178421318531036,scrape,2,official,"Kon. Elisabethlaan 40, Historic Centre of Brugge, 8000 Bruges, Belgium, Kon. Elisabethlaan 40, 8000, Belgium",Bruges,8000,125,2026-07-15,EUR,Hotel,8.5,1105,70,4,success
https://www.booking.com/hotel/be/la-romance-du-lac.en-gb.html,B&B La Romance du Lac,be,50.45558289842288,6.115329265594482,scrape,3,quality,"Rue du Barrage 17 - 19, 4950 Robertville, Belgium, Rue du Barrage 17 - 19, 4950, Belgium",Robertville,4950,155,2026-07-15,EUR,Hotel,9.2,307,24,2,success
https://www.booking.com/hotel/be/la-rozerie.en-gb.html,B&B La Rozerie,be,50.8333015441895,3.46667003631592,scrape,,,,,,,,,,,,13,1,partial
https://www.booking.com/hotel/be/flat-veni-vidi-vicinal.en-gb.html,Flat Veni Vidi Vicinal,be,50.6245550380093,5.44773389585316,scrape,3,quality,"96/1 Rue du Vicinal Flémalle 4400 96/2 Rue du Vicinal Flémalle 4400, 4400 Liège, Belgium, 96/1 Rue du Vicinal Flémalle 4400 96/2 Rue du Vicinal Flémalle 4400, 4400, Belgium",Liège,4400,100,2026-07-15,EUR,Hotel,9.1,48,11,0,success
https://www.booking.com/hotel/be/villa-2-be.en-gb.html,villa 2be,be,51.1943147487524,5.18774966403203,scrape,4,quality,"Leeuwerikheide 122, 2490 Balen, Belgium, Leeuwerikheide 122, 2490, Belgium",Balen,2490,,,,Hotel,9.0,101,14,0,partial
https://www.booking.com/hotel/be/apartotel-des-jardins-de-la-fontaine-qui-bout.en-gb.html,Charleroi Apartotel Des Jardins De La Fontaine Qui Bout,be,50.40693118361451,4.439131021499634,scrape,3,quality,"Rue Arthur Régniers 1, Charleroi City Centre, 6000 Charleroi, Belgium, Rue Arthur Régniers 1, 6000, Belgium",Charleroi,6000,,,,Hotel,7.8,41,2,0,partial
https://www.booking.com/hotel/be/hamiltonhouse-brugge.en-gb.html,Hamiltonhouse,be,51.213180918634805,3.227438122090165,scrape,4,quality,"9 Krom Genthof, Historic Centre of Brugge, 8000 Bruges, Belgium, 9 Krom Genthof, 8000, Belgium",Bruges,8000,,,,Hotel,9.4,109,7,1,partial
https://www.booking.com/hotel/be/het-gulpdal-de-voerstreek.en-gb.html,'t Gulpdal Hotel Voeren-Teuven,be,50.76136159251831,5.8670103549957275,scrape,1,official,"Nurop 34, 3793 Voeren, Belgium, Nurop 34, 3793, Belgium",Voeren,3793,,,,Hotel,7.6,77,9,0,partial
https://www.booking.com/hotel/by/vitebsk.en-gb.html,Vitebsk Hotel,by,55.19302,30.20704,scrape,,,,,,,,,,,,29,2,partial
https://www.booking.com/hotel/be/be-manos.en-gb.html,YOOMA Urban Lodge,be,50.84078657246488,4.33873325586319,scrape,4,official,"Square De L'aviation 23-27, Anderlecht, 1070 Brussels, Belgium, Square De L'aviation 23-27, 1070, Belgium",Brussels,1070,175,2026-07-15,EUR,Hotel,8.6,2947,49,1,success
https://www.booking.com/hotel/be/feelgoodlife-logie.en-gb.html,FEELGOODLIFE LOGIE,be,50.80245,5.34357,scrape,,,,,,,,,,,,3,0,partial
https://www.booking.com/hotel/be/hydro-palace-appartement.en-gb.html,"Residentie Hydro Palace, App 88A",be,51.2146563,2.8761171,scrape,4,quality,"Zeedijk 250, App 88A 08.03, Mariakerke, 8400 Ostend, Belgium, Zeedijk 250, App 88A 08.03, 8400, Belgium",Ostend,8400,,,,Hotel,9.2,55,5,0,partial
https://www.booking.com/hotel/by/gostinitsa-quot-piekin-quot.en-gb.html,Beijing Hotel Minsk,by,53.89236714259142,27.57867157459259,scrape,5,official,"Krasnoarmeiskaya Ulitsa 36, 220030 Minsk, Belarus, Krasnoarmeiskaya Ulitsa 36, 220030, Belarus",Minsk,,,,,Hotel,,,74,7,partial
https://www.booking.com/hotel/be/vakantieloft-houx.en-gb.html,L'Ecole,be,50.303963373145166,4.897013604640961,scrape,4,quality,"Clos des Mannoyes 13b, 5530 Dinant, Belgium, Clos des Mannoyes 13b, 5530, Belgium",Dinant,5530,,,,Hotel,8.7,96,11,0,partial
https://www.booking.com/hotel/be/terhills.en-gb.html,Terhills Hotel,be,50.99998627070976,5.70210028703309,scrape,4,official,"Zetellaan 68, 3630 Maasmechelen, Belgium, Zetellaan 68, 3630, Belgium",Maasmechelen,3630,136,2026-07-15,EUR,Hotel,8.3,2052,24,0,success
https://www.booking.com/hotel/by/sputnik.en-gb.html,Sputnik Hotel,by,53.90234,27.5619,scrape,,,,Minsk,,,,,,,,37,6,partial
https://www.booking.com/hotel/be/guesthouse-deladix.en-gb.html,Guesthouse Deladix,be,50.9291000366211,5.33747005462646,scrape,,,,,,,,,,,,8,0,partial
https://www.booking.com/hotel/be/hotel-boomgaard.en-gb.html,Hotel Boomgaard,be,50.92821247268726,5.700519206788272,scrape,3,official,"Boomgaardstraat 2, 3621 Lanaken, Belgium, Boomgaardstraat 2, 3621, Belgium",Lanaken,3621,143,2026-07-15,EUR,Hotel,8.4,253,24,0,success
https://www.booking.com/hotel/be/st-chistopher-s-inn-at-the-bauhaus.en-gb.html,St Christopher's Inn Hostel at The Bauhaus,be,51.21183199901063,3.2375067472457886,scrape,,,"Langestraat 133-137 , Historic Centre of Brugge, 8000 Bruges, Belgium, Langestraat 133-137, 8000, Belgium",Bruges,8000,84,2026-07-15,EUR,Hotel,7.8,4250,94,5,success
https://www.booking.com/hotel/be/city-center-sainte-catherine-grand-place.en-gb.html,City Center Sainte-Catherine Grand Place,be,,,,,,,,,,,,,,,18,0,failed
https://www.booking.com/hotel/be/le-chat-maudit-de-maryse.en-gb.html,Le Chat Maudit de Maryse,be,50.64514,5.57342,scrape,,,,Liège,,,,,,,,2,0,partial
https://www.booking.com/hotel/be/suitehotel-acropolis.en-gb.html,Aparthotel Acropolis,be,51.178806,2.807849,scrape,4,official,"94 Westendelaan, 8430 Middelkerke, Belgium, 94 Westendelaan, 8430, Belgium",Middelkerke,8430,,,,Hotel,9.0,1005,13,0,partial
https://www.booking.com/hotel/be/ma-campagne.en-gb.html,Ma Campagne,be,51.02911,3.79741,scrape,,,,,,,,,,,,6,1,partial
https://www.booking.com/hotel/be/la-lune-en-bulles.en-gb.html,La lune en bulles,be,50.49619860127513,5.627022488360581,scrape,3,quality,"14 rue du Baron, 4140 Presseux, Belgium, 14 rue du Baron, 4140, Belgium",Presseux,4140,100,2026-07-15,EUR,Hotel,9.4,135,10,0,success
https://www.booking.com/hotel/be/jean-en-karolien.en-gb.html,130sqm appartment with 20sqm terras and free parking,be,51.2205049,4.4412704,scrape,3,quality,"45 Kwekerijstraat, Borgerhout, 2140 Antwerp, Belgium, 45 Kwekerijstraat, 2140, Belgium",Antwerp,2140,,,,Hotel,8.1,89,5,0,partial
https://www.booking.com/hotel/be/mercure-brussels-centre-midi-brussels.en-gb.html,Mercure Hotel Brussels Centre Midi,be,50.839288204065156,4.3385002836475905,scrape,4,official,"Boulevard Jamar 25-29, Sint-Gillis / Saint-Gilles, 1060 Brussels, Belgium, Boulevard Jamar 25-29, 1060, Belgium",Brussels,1060,221,2026-07-15,EUR,Hotel,8.1,5853,98,26,success
https://www.booking.com/hotel/be/manufacture-de-malmedy.en-gb.html,DAFT Hotel & Glamping,be,50.41246026609999,6.056671408459465,scrape,3,official,"Route de Waimes 19B, 4960 Malmedy, Belgium, Route de Waimes 19B, 4960, Belgium",Malmedy,4960,168,2026-07-15,EUR,Hotel,8.6,467,24,1,success
https://www.booking.com/hotel/be/le-durbuysien.en-gb.html,Le Durbuysien,be,50.3517521102026,5.45457281089784,scrape,3,official,"Rue Comte Th. d'Ursel, 16, 6940 Durbuy, Belgium, Rue Comte Th. d'Ursel, 16, 6940, Belgium",Durbuy,6940,,,,Hotel,8.6,478,24,2,partial
https://www.booking.com/hotel/be/bxlroom-bed-and-breakfast.en-gb.html,Guesthouse Bxlroom,be,50.84602167428803,4.348381161689758,scrape,3,quality,"Rue du Marché au Charbon 67, 1000 Brussels, Belgium, Rue du Marché au Charbon 67, 1000, Belgium",Brussels,1000,,,,Hotel,9.4,543,47,1,partial
https://www.booking.com/hotel/be/huyze-die-maene.en-gb.html,Guest House Huyze Die Maene,be,51.20870158558699,3.2237134873867035,scrape,3,quality,"Markt 17, Historic Centre of Brugge, 8000 Bruges, Belgium, Markt 17, 8000, Belgium",Bruges,8000,,,,Hotel,6.9,339,49,2,partial
https://www.booking.com/hotel/be/gite-les-gadlis.en-gb.html,Gîte les gadlis,be,50.483248,5.717023,scrape,3,quality,"78/B Rue de Louveigné, 4920 Aywaille, Belgium, 78/B Rue de Louveigné, 4920, Belgium",Aywaille,4920,,,,Hotel,9.4,34,8,0,partial
https://www.booking.com/hotel/be/vijverhuis.en-gb.html,Vijverhuis,be,50.8403938,2.904849000000013,scrape,,,"Zillebekevijverdreef 2, 8902 Ypres, Belgium, Zillebekevijverdreef 2, 8902, Belgium",Ypres,8902,,,,Hotel,8.8,270,24,2,partial
https://www.booking.com/hotel/be/le-grenier-le-cercle.en-gb.html,Le Grenier - Le Cercle,be,50.2277224,5.343692619049,scrape,3,quality,"8 Place du Roi Albert, 6900 Marche-en-Famenne, Belgium, 8 Place du Roi Albert, 6900, Belgium",Marche-en-Famenne,6900,,,,Hotel,8.9,65,4,0,partial
https://www.booking.com/hotel/be/le-chalet.en-gb.html,Hotel Le Chalet,be,50.183359818147395,5.573544502258301,scrape,3,official,"Rue Du Chalet 61, 6980 La Roche-en-Ardenne, Belgium, Rue Du Chalet 61, 6980, Belgium",La Roche-en-Ardenne,6980,145,2026-07-15,EUR,Hotel,8.6,518,24,3,success
https://www.booking.com/hotel/be/le-fournil.en-gb.html,Hotel Le Fournil,be,50.00711671405184,5.160385072231293,scrape,3,official,"Place de l'Esro, 58, 6890 Redu, Belgium, Place de l'Esro, 58, 6890, Belgium",Redu,6890,,,,Hotel,8.7,741,24,0,partial
https://www.booking.com/hotel/be/hotellacaleche.en-gb.html,Hotel La Caleche,be,50.35136530592478,5.457233190536499,scrape,3,official,"Place aux Foires, 15, 6940 Durbuy, Belgium, Place aux Foires, 15, 6940, Belgium",Durbuy,6940,145,2026-07-15,EUR,Hotel,8.5,697,24,0,success
https://www.booking.com/hotel/be/toast-hoogstraten-hoogstraten.en-gb.html,B&B Toast Hoogstraten,be,51.407077,4.763105,scrape,4,quality,"6 Vrijheid, 2320 Hoogstraten, Belgium, 6 Vrijheid, 2320, Belgium",Hoogstraten,2320,125,2026-07-15,EUR,Hotel,9.8,174,5,0,success
https://www.booking.com/hotel/be/koetshuis.en-gb.html,B&B Koetshuis,be,51.19973092415222,3.226785957813263,scrape,3,quality,"Sulferbergstraat 38, Historic Centre of Brugge, 8000 Bruges, Belgium, Sulferbergstraat 38, 8000, Belgium",Bruges,8000,,,,Hotel,9.5,41,9,0,partial
https://www.booking.com/hotel/be/condo-gardens-leuven.en-gb.html,Condo Gardens Leuven,be,50.87262506553662,4.7121262550354,scrape,3,quality,"Dekenstraat 87, 3000 Leuven, Belgium, Dekenstraat 87, 3000, Belgium",Leuven,3000,,,,Hotel,6.3,721,98,36,partial
https://www.booking.com/hotel/be/b-amp-b-22.en-gb.html,B&B 22,be,50.8333365803548,3.51874977350235,scrape,3,quality,"Boskant 22, 9790 Elsegem, Belgium, Boskant 22, 9790, Belgium",Elsegem,9790,95,2026-07-15,EUR,Hotel,9.2,161,11,0,success
https://www.booking.com/hotel/be/b-amp-b-les-lits-de-nohaipre.en-gb.html,B&B Les Lits de Nohaipré,be,50.246713234917735,5.494357527397149,scrape,4,official,"Rue des Hêtres 2A, 6987 Rendeux, Belgium, Rue des Hêtres 2A, 6987, Belgium",Rendeux,6987,,,,Hotel,9.0,147,9,0,partial
https://www.booking.com/hotel/be/hotelatlantisgenk.en-gb.html,Hotel Zuid,be,50.945066077923734,5.5169083178043365,scrape,3,official,"Fletersdel 1, 3600 Genk, Belgium, Fletersdel 1, 3600, Belgium",Genk,3600,106,2026-07-15,EUR,Hotel,8.0,718,24,3,success
https://www.booking.com/hotel/be/floreal-nieuwpoort.en-gb.html,Floreal Nieuwpoort,be,51.14855738458037,2.7247756719589233,scrape,2,official,"Albert1 - Laan, 74, 8620 Nieuwpoort, Belgium, Albert1 - Laan, 74, 8620, Belgium",Nieuwpoort,8620,,,,Hotel,8.0,779,13,4,partial
https://www.booking.com/hotel/be/b-amp-b-den-engel-erps-kwerps.en-gb.html,B&B Den Engel,be,50.90333845488609,4.558425992171692,scrape,4,official,"Dorpsplein 13, 3071 Kortenberg, Belgium, Dorpsplein 13, 3071, Belgium",Kortenberg,3071,,,,Hotel,9.6,177,24,0,partial
https://www.booking.com/hotel/be/duinenzicht-ii-vosseslag-de-haan.en-gb.html,Duinenzicht II-Vosseslag De Haan,be,51.2606271,3.00683509999999,scrape,3,quality,"Mispelburgstraat 1A (3), 8420 De Haan, Belgium, Mispelburgstraat 1A (3), 8420, Belgium",De Haan,8420,,,,Hotel,8.2,50,3,0,partial
https://www.booking.com/hotel/be/de-gouden-kop.en-gb.html,De Gouden Kop 3 Centrum Damme,be,51.25,3.28332996368408,scrape,,,,Bruges,,,,,,,,10,0,partial
https://www.booking.com/hotel/be/lodewijk-van-male.en-gb.html,Hotel Lodewijk Van Male,be,51.20753707798265,3.2851266860961914,scrape,3,official,"Maalsesteenweg 488, Sint-Kruis, 8310 Bruges, Belgium, Maalsesteenweg 488, 8310, Belgium",Bruges,8310,141,2026-07-15,EUR,Hotel,7.9,1434,52,15,success
https://www.booking.com/hotel/be/villa-des-roses.en-gb.html,Villa Des Roses,be,50.47348,5.67422,scrape,,,,,,,,,,,,13,4,partial
https://www.booking.com/hotel/be/exclusive-guesthouse-bonifacius.en-gb.html,B&B Exclusive Guesthouse Bonifacius,be,51.20484666715765,3.225688934326172,scrape,4,official,"Groeninge 4, Historic Centre of Brugge, 8000 Bruges, Belgium, Groeninge 4, 8000, Belgium",Bruges,8000,,,,Hotel,9.7,174,49,0,partial
https://www.booking.com/hotel/be/t-39-n-d-house-47-terrasses-de-malmedy.en-gb.html,T 'n D house/ Terrasses de Malmedy,be,50.4323929,6.0427788,scrape,4,quality,"Chemin du Calvaire 452, 4960 Malmedy, Belgium, Chemin du Calvaire 452, 4960, Belgium",Malmedy,4960,,,,Hotel,8.6,6,3,0,partial
https://www.booking.com/hotel/be/art-b-amp-b-a-l-39-aise.en-gb.html,B&B A L'aise,be,50.32709255515045,5.489789843559265,scrape,4,quality,"Chemin des Sangliers 86, 6940 Durbuy, Belgium, Chemin des Sangliers 86, 6940, Belgium",Durbuy,6940,,,,Hotel,9.4,47,10,0,partial
https://www.booking.com/hotel/be/abc.en-gb.html,ABC Hotel,be,51.31386952688394,3.1344507288361,scrape,4,official,"Marie Joselaan 25, 8370 Blankenberge, Belgium, Marie Joselaan 25, 8370, Belgium",Blankenberge,8370,236,2026-07-15,EUR,Hotel,9.2,816,24,0,success
https://www.booking.com/hotel/be/pastorij-mettekoven.en-gb.html,Vakantiehuis Haspengouw - Pastorij Mettekoven,be,50.7808159266986,5.28931242253748,scrape,3,quality,"Mettekovenstraat 8, 3870 Mettekoven, Belgium, Mettekovenstraat 8, 3870, Belgium",Mettekoven,3870,,,,Hotel,9.5,12,2,0,partial
https://www.booking.com/hotel/be/les-bambous.en-gb.html,Les Bambous,be,50.178036239021,5.585765019566,scrape,4,quality,"7 Thier du Pierreux, 6980 La Roche-en-Ardenne, Belgium, 7 Thier du Pierreux, 6980, Belgium",La Roche-en-Ardenne,6980,,,,Hotel,9.4,61,3,0,partial
https://www.booking.com/hotel/be/hotelburlingtonoost.en-gb.html,C-Hotels Burlington,be,51.22828711340666,2.921116054058075,scrape,3,official,"Kapellestraat 90, Oostende Centre, 8400 Ostend, Belgium, Kapellestraat 90, 8400, Belgium",Ostend,8400,105,2026-07-15,EUR,Hotel,8.6,2700,3,0,success
https://www.booking.com/hotel/be/la-ducale-appart.en-gb.html,La Ducale Appart,be,51.054058,3.724579,scrape,,,,Ghent,,,,,,,,18,4,partial
https://www.booking.com/hotel/be/delinderetie.en-gb.html,Corsendonk De Linde,be,51.26759,5.08439,scrape,,,,,,,,,,,,24,7,partial
https://www.booking.com/hotel/be/novotelmechelencentrum.en-gb.html,Novotel Mechelen Centrum,be,51.02561266850579,4.476558566093445,scrape,4,official,"Van Beethovenstraat 1, 2800 Mechelen, Belgium, Van Beethovenstraat 1, 2800, Belgium",Mechelen,2800,125,2026-07-15,EUR,Hotel,8.4,2357,49,1,success
https://www.booking.com/hotel/be/la-chabetaine.en-gb.html,B&B La Chabetaine,be,49.9555806916641,5.584444999694824,scrape,4,quality,"Rue du Pont de la Ramée, 26, 6640 Morhet, Belgium, Rue du Pont de la Ramée, 26, 6640, Belgium",Morhet,6640,,,,Hotel,9.5,54,13,0,partial
https://www.booking.com/hotel/by/victoria.en-gb.html,Victoria Hotel & Business centre Minsk,by,53.90234,27.5619,scrape,,,,Minsk,,,,,,,,49,0,partial
https://www.booking.com/hotel/by/otiel-viktoriia-2.en-gb.html,Victoria & SPA Minsk,by,53.90234,27.5619,scrape,,,,Minsk,,,,,,,,73,20,partial
https://www.booking.com/hotel/be/atw-apartments.en-gb.html,ATW Apartments,be,51.21879595996317,4.418300864418029,scrape,3,quality,"Aneessensstraat 13, Antwerp District, 2018 Antwerp, Belgium, Aneessensstraat 13, 2018, Belgium",Antwerp,2018,101,2026-07-15,EUR,Hotel,6.9,246,24,2,success
https://www.booking.com/hotel/be/vayamundo-de-kinkhoorn-amp-ravelingen.en-gb.html,Vayamundo Oostende,be,51.21331608440551,2.873273491859436,scrape,3,official,"Zeedijk 330, Mariakerke, 8400 Ostend, Belgium, Zeedijk 330, 8400, Belgium",Ostend,8400,,,,Hotel,7.9,1609,18,5,partial
https://www.booking.com/hotel/be/lechatelain.en-gb.html,Hotel Le Châtelain,be,50.82631005852496,4.36368852853775,scrape,5,official,"17 Rue du Châtelain, 1000 Brussels, Belgium, 17 Rue du Châtelain, 1000, Belgium",Brussels,1000,139,2026-07-15,EUR,Hotel,8.6,1841,119,17,success
https://www.booking.com/hotel/be/studio-17.en-gb.html,Studio 17,be,51.066486719925955,3.727913796901703,scrape,4,quality,"Hugo van der Goesstraat 17a, Sluizeken-Tolhuis-Ham, 9000 Ghent, Belgium, Hugo van der Goesstraat 17a, 9000, Belgium",Ghent,9000,,,,Hotel,7.9,285,36,1,partial
https://www.booking.com/hotel/be/ardenne-b-amp-b.en-gb.html,Ardenne B&B,be,50.234718,5.371646,scrape,3,quality,"8, rue des Rossignols, 6900 Marche-en-Famenne, Belgium, 8, rue des Rossignols, 6900, Belgium",Marche-en-Famenne,6900,,,,Hotel,9.4,104,15,0,partial
https://www.booking.com/hotel/be/eyndevelde-vee.en-gb.html,Eyndevelde,be,50.857078191454974,3.9046523190490916,scrape,3,quality,"Kauwstraat 71, 9550 Herzele, Belgium, Kauwstraat 71, 9550, Belgium",Herzele,9550,,,,Hotel,9.4,48,16,0,partial
https://www.booking.com/hotel/be/biskajer-brugge.en-gb.html,Hotel Biskajer Adults Only,be,51.21122374424587,3.2259947061538696,scrape,4,official,"Biskajersplein 4 , Historic Centre of Brugge, 8000 Bruges, Belgium, Biskajersplein 4, 8000, Belgium",Bruges,8000,192,2026-07-15,EUR,Hotel,8.9,2119,74,6,success
https://www.booking.com/hotel/be/b-amp-b-l-39-ourthe.en-gb.html,B&B L'ourthe,be,50.12814445642166,5.794005990028381,scrape,4,quality,"Rue Ol Fosse d'outhe 15, 6660 Houffalize, Belgium, Rue Ol Fosse d'outhe 15, 6660, Belgium",Houffalize,6660,129,2026-07-15,EUR,Hotel,8.7,77,7,1,success
https://www.booking.com/hotel/be/terrasse-de-malmedy-422.en-gb.html,Terrasses de Malmedy H&H,be,50.4323166,6.0429257,scrape,3,quality,"22 Chemin du Calvaire, 4960 Malmedy, Belgium, 22 Chemin du Calvaire, 4960, Belgium",Malmedy,4960,,,,Hotel,8.8,26,4,0,partial
https://www.booking.com/hotel/be/novo-panoramic-sea-view.en-gb.html,Novo panoramic sea view,be,51.1025419,2.58811420000006,scrape,4,quality,"17 Zeedijk, 8660 De Panne, Belgium, 17 Zeedijk, 8660, Belgium",De Panne,8660,,,,Hotel,8.2,269,23,1,partial
https://www.booking.com/hotel/be/22-rue-adolphe-sax.en-gb.html,Le saxo cuivré,be,50.26139346349,4.911188896055,scrape,3,quality,"22 Rue Adolphe Sax, 5500 Dinant, Belgium, 22 Rue Adolphe Sax, 5500, Belgium",Dinant,5500,,,,Hotel,9.3,163,24,0,partial
https://www.booking.com/hotel/be/la-clef-des-champs-libin.en-gb.html,Gîte La Clef des Champs,be,49.9997605451536,5.203161701538193,scrape,4,quality,"rue du Ruisseau 2, 6890 Libin, Belgium, rue du Ruisseau 2, 6890, Belgium",Libin,6890,,,,Hotel,9.4,94,5,0,partial
https://www.booking.com/hotel/be/boerderaaj.en-gb.html,Boerderaaj,be,50.848919,5.519174,scrape,3,quality,"Lethenstraat 5, 3740 Bilzen, Belgium, Lethenstraat 5, 3740, Belgium",Bilzen,3740,137,2026-07-15,EUR,Hotel,9.5,210,8,0,success
https://www.booking.com/hotel/be/bed-and-garden-knokke-heist.en-gb.html,Bed and garden,be,51.31628000853,3.24704523995,scrape,4,quality,"Ramskapellestraat 6, Ramskapelle, 8301 Knokke-Heist, Belgium, Ramskapellestraat 6, 8301, Belgium",Knokke-Heist,8301,,,,Hotel,9.5,28,3,0,partial
https://www.booking.com/hotel/be/hotel-dennenhof.en-gb.html,Van der Valk Hotel Dennenhof,be,51.33759798612602,4.52673465013504,scrape,4,official,"Bredabaan 940, 2930 Brasschaat, Belgium, Bredabaan 940, 2930, Belgium",Brasschaat,2930,103,2026-07-15,EUR,Hotel,8.3,909,49,1,success
https://www.booking.com/hotel/be/guesthouse-luttelkolen-9.en-gb.html,Luttelkolen,be,50.9338385754129,4.8433976761962185,scrape,3,quality,"Luttelkolen 9, 3221 Holsbeek, Belgium, Luttelkolen 9, 3221, Belgium",Holsbeek,3221,243,2026-07-15,EUR,Hotel,8.8,27,7,0,success
https://www.booking.com/hotel/be/by-chris.en-gb.html,By Chris,be,50.42427679724843,6.049324075077074,scrape,3,quality,"Winbomont 2, 4960 Malmedy, Belgium, Winbomont 2, 4960, Belgium",Malmedy,4960,110,2026-07-22,EUR,Hotel,9.0,40,3,1,success
https://www.booking.com/hotel/be/ipericus.en-gb.html,Holiday Home Ipericus,be,50.84849421305515,2.890876829624176,scrape,3,quality,"Sint-Jacobsstraat 99, 8900 Ypres, Belgium, Sint-Jacobsstraat 99, 8900, Belgium",Ypres,8900,228,2026-07-15,EUR,Hotel,6.3,26,24,0,success
https://www.booking.com/hotel/be/priorijcorsendonk.en-gb.html,Priorij Corsendonk,be,51.28418212437738,5.010049939155579,scrape,3,official,"Corsendonk 5, 2360 Oud-Turnhout, Belgium, Corsendonk 5, 2360, Belgium",Oud-Turnhout,2360,89,2026-07-15,EUR,Hotel,7.4,335,17,7,success
https://www.booking.com/hotel/be/zeepark-zeewinden.en-gb.html,Zeepark Zeewind,be,51.25039204535119,2.983885109424591,scrape,3,quality,"Klemskerkestraat 26, 8450 Bredene, Belgium, Klemskerkestraat 26, 8450, Belgium",Bredene,8450,,,,Hotel,7.9,480,7,2,partial
https://www.booking.com/hotel/be/zen-your-life.en-gb.html,Zen Your Life,be,50.87071,4.26515,scrape,,,,Brussels,,,,,,,,25,2,partial
https://www.booking.com/hotel/by/minsklux.en-gb.html,MinskLux Apartments,by,53.90234,27.5619,scrape,,,,Minsk,,,,,,,,24,1,partial
https://www.booking.com/hotel/be/cavalier.en-gb.html,Hotel Cavalier,be,51.208911604466,3.2242740271613,scrape,,,,Bruges,,,,,,,,4,1,partial
https://www.booking.com/hotel/be/bwimperial.en-gb.html,Hotel Imperial,be,51.2258605957031,2.91950941085815,scrape,,,,Ostend,,,,,,,,46,17,partial
https://www.booking.com/hotel/be/prelude.en-gb.html,Hotel Prélude,be,51.1448101746484,3.42743128538132,scrape,3,official,"Knokkebaan 59, 9910 Aalter, Belgium, Knokkebaan 59, 9910, Belgium",Aalter,9910,,,,Hotel,8.5,649,24,0,partial
https://www.booking.com/hotel/be/eu-guesthouse.en-gb.html,EU Guesthouse,be,50.84782420131986,4.381640926983664,scrape,3,quality,"Rue John Waterloo Wilson 80, 1000 Brussels, Belgium, Rue John Waterloo Wilson 80, 1000, Belgium",Brussels,1000,,,,Hotel,8.2,233,32,0,partial
https://www.booking.com/hotel/be/sapere.en-gb.html,B&B Sapere,be,50.805254,5.539693,scrape,4,quality,"Kasteelstraat 26 Riemst belgie, 3770 Genoelselderen, Belgium, Kasteelstraat 26 Riemst belgie, 3770, Belgium",Genoelselderen,3770,148,2026-07-15,EUR,Hotel,9.4,158,10,0,success
https://www.booking.com/hotel/be/august-antwerpen1.en-gb.html,August,be,51.203078,4.423013,scrape,,,"Jules Bordetstraat 5, Antwerp District, 2018 Antwerp, Belgium, Jules Bordetstraat 5, 2018, Belgium",Antwerp,2018,176,2026-07-15,EUR,Hotel,8.7,713,35,0,success
https://www.booking.com/hotel/be/apartments-breydelhof.en-gb.html,Apartments Breydelhof,be,51.20752299999999,3.2286404000000175,scrape,3,quality,"Jozef Suvéestraat 2, Historic Centre of Brugge, 8000 Bruges, Belgium, Jozef Suvéestraat 2, 8000, Belgium",Bruges,8000,,,,Hotel,8.3,144,49,1,partial
https://www.booking.com/hotel/be/nh-brussels-berlaymont.en-gb.html,NH Brussels EU Berlaymont,be,50.84486326173162,4.382513612508774,scrape,4,official,"Boulevard Charlemagne 11 - 19, 1000 Brussels, Belgium, Boulevard Charlemagne 11 - 19, 1000, Belgium",Brussels,1000,123,2026-07-15,EUR,Hotel,8.5,3493,362,44,success
https://www.booking.com/hotel/be/apartment-sandpiper.en-gb.html,Apartment Sandpiper,be,50.84758148579611,2.885729369311548,scrape,3,quality,"Dehaernestraat 45 A, 8900 Ypres, Belgium, Dehaernestraat 45 A, 8900, Belgium",Ypres,8900,,,,Hotel,8.1,32,24,0,partial
https://www.booking.com/hotel/be/alfatheater.en-gb.html,Theater Hotel,be,51.21529486545383,4.408290311694145,scrape,4,official,"Arenbergstraat 30, Antwerp District, 2000 Antwerp, Belgium, Arenbergstraat 30, 2000, Belgium",Antwerp,2000,152,2026-07-15,EUR,Hotel,8.1,5002,99,8,success
https://www.booking.com/hotel/be/le-new-matinal.en-gb.html,Hotel Le New Matinal,be,50.477777772302545,4.187899231910706,scrape,2,official,"Place Maugretout 13, 7100 La Louvière, Belgium, Place Maugretout 13, 7100, Belgium",La Louvière,7100,68,2026-07-15,EUR,Hotel,6.9,310,24,21,success
https://www.booking.com/hotel/be/het-rustpunt.en-gb.html,Het Rustpunt,be,51.057268302813,3.715926899722,scrape,4,quality,"Burgstraat 116, Elisabethbegijnhof-Papegaai, 9000 Ghent, Belgium, Burgstraat 116, 9000, Belgium",Ghent,9000,121,2026-07-15,EUR,Hotel,8.9,2066,15,1,success
https://www.booking.com/hotel/be/chez-phil-waimes12.en-gb.html,Chez Phil,be,50.454599,6.12258,scrape,2,official,"32 Rue Centrale, 4950 Robertville, Belgium, 32 Rue Centrale, 4950, Belgium",Robertville,4950,89,2026-07-15,EUR,Hotel,8.1,461,9,4,success
https://www.booking.com/hotel/be/louisiana-1-koninklijke-baan-71-b1.en-gb.html,Louisiana 1 - Koninklijke Baan 71-B1,be,51.2802138,3.0378645,scrape,4,quality,"71 Koninklijke Baan, 8421 De Haan, Belgium, 71 Koninklijke Baan, 8421, Belgium",De Haan,8421,,,,Hotel,9.3,30,3,1,partial
https://www.booking.com/hotel/be/marble-lodge-luxury-apartments-center-of-antwerp.en-gb.html,Marble Lodge Deluxe Apartments in the Center of Antwerp,be,51.2180426,4.4081441,scrape,,,"46 Meir, Antwerp District, 2000 Antwerp, Belgium, 46 Meir, 2000, Belgium",Antwerp,2000,150,2026-07-15,EUR,Hotel,5.6,266,24,1,success
https://www.booking.com/hotel/be/mes-caprices-wepion-b-amp-b.en-gb.html,Chambre d'hôtes CAPRICE B&B WEPION,be,50.4234617457312,4.87359972698368,scrape,4,quality,"924 Chaussée de Dinant, 5100 Namur, Belgium, 924 Chaussée de Dinant, 5100, Belgium",Namur,5100,,,,Hotel,8.4,162,24,0,partial
https://www.booking.com/hotel/be/lomolen.en-gb.html,B&B Lomolen,be,51.04374645349856,3.475697636604309,scrape,3,quality,"Lomolenstraat 112, 9880 Aalter, Belgium, Lomolenstraat 112, 9880, Belgium",Aalter,9880,128,2026-07-22,EUR,Hotel,9.2,98,4,0,success
https://www.booking.com/hotel/be/b-amp-b-la-chambre-d-39-amis-ieper.en-gb.html,B&B La Chambre d'Amis,be,50.849366,2.89948,scrape,3,quality,"Vaubanstraat 83a, 8900 Ypres, Belgium, Vaubanstraat 83a, 8900, Belgium",Ypres,8900,,,,Hotel,9.4,77,12,0,partial
https://www.booking.com/hotel/be/hotel-august.en-gb.html,Hotel Augustyn Brugge,be,51.21333075822893,3.22486013174057,scrape,3,official,"Augustijnenrei 18, Historic Centre of Brugge, 8000 Bruges, Belgium, Augustijnenrei 18, 8000, Belgium",Bruges,8000,133,2026-07-15,EUR,Hotel,8.8,2357,15,1,success
https://www.booking.com/hotel/be/aalsters-genot.en-gb.html,B&B Aalsters genot,be,50.9553353144764,4.00982874163356,scrape,3,quality,"Onegem 100, 9300 Aalst, Belgium, Onegem 100, 9300, Belgium",Aalst,9300,,,,Hotel,8.8,348,10,1,partial
https://www.booking.com/hotel/be/casablanca-kortrijk.en-gb.html,B&B Casablanca,be,50.82762,3.26599,scrape,,,,,,,,,,,,24,3,partial
https://www.booking.com/hotel/be/new-design-apartment-in-brussels.en-gb.html,NEW Design apartment in Brussels,be,50.8612239374888,4.34688992540896,scrape,4,quality,"Rue van Meyel 22, bus 16, Sint-Jans-Molenbeek / Molenbeek-Saint-Jean, 1080 Brussels, Belgium, Rue van Meyel 22, bus 16, 1080, Belgium",Brussels,1080,,,,Hotel,8.9,175,15,1,partial
https://www.booking.com/hotel/be/alliance-ieper-centrum.en-gb.html,Alliance Hotel Ieper Centrum,be,50.85026216726846,2.8875374794006348,scrape,3,official,"D'Hondtstraat 19, 8900 Ypres, Belgium, D'Hondtstraat 19, 8900, Belgium",Ypres,8900,145,2026-07-15,EUR,Hotel,6.8,530,89,19,success
https://www.booking.com/hotel/be/luxury-residence-charvet-bruxelles-midi-app1.en-gb.html,Luxury Residence Charvet Bruxelles-Midi (APP1),be,,,,,,,,,,,,,,,3,0,failed
https://www.booking.com/hotel/be/ha-tel-ibis-styles.en-gb.html,ibis Styles Nivelles,be,50.62035606719979,4.328012466430664,scrape,3,official,"AVENUE PAUL HENRY SPAAK 3, 1400 Nivelles, Belgium, AVENUE PAUL HENRY SPAAK 3, 1400, Belgium",Nivelles,1400,86,2026-07-15,EUR,Hotel,8.2,2819,38,3,success
https://www.booking.com/hotel/be/huyze-peerdenbrugghe.en-gb.html,Huyze Peerdenbrugghe,be,51.208806,3.230295,scrape,3,quality,"Peerdenstraat 10, Historic Centre of Brugge, 8000 Bruges, Belgium, Peerdenstraat 10, 8000, Belgium",Bruges,8000,,,,Hotel,9.7,153,2,0,partial
https://www.booking.com/hotel/be/vakantiewoning-de-konijnenweg.en-gb.html,Vakantiewoning De Konijnenweg,be,51.100288793118,2.590734645471,scrape,4,quality,"16 Konijnenweg, 8660 De Panne, Belgium, 16 Konijnenweg, 8660, Belgium",De Panne,8660,,,,Hotel,9.3,74,5,0,partial
https://www.booking.com/hotel/by/fal-varak-kupala.en-gb.html,Фальварак KUPALA,by,53.82387,27.52702,scrape,,,,Minsk,,,,,,,,6,0,partial
https://www.booking.com/hotel/be/cosy-studio-met-zwembad-beringen.en-gb.html,Cosy Studio met Zwembad,be,51.05348576965703,5.275449285581644,scrape,,,"Laan op Heusden 11, 3582 Beringen, Belgium, Laan op Heusden 11, 3582, Belgium",Beringen,3582,292,2026-07-15,EUR,Hotel,9.3,81,8,0,success
https://www.booking.com/hotel/be/vakantiewoning-margaux.en-gb.html,Vakantiewoning Margaux -free parking - Sauna,be,51.177315,3.227636,scrape,4,quality,"Heidelbergstraat 6, Sint-Michiels, 8200 Bruges, Belgium, Heidelbergstraat 6, 8200, Belgium",Bruges,8200,,,,Hotel,9.6,30,9,1,partial
https://www.booking.com/hotel/be/guesthouse-amfora.en-gb.html,Guesthouse Amfora,be,50.85577389323654,2.7285602688789368,scrape,4,quality,"Guidogezellestraat 24, 8970 Poperinge, Belgium, Guidogezellestraat 24, 8970, Belgium",Poperinge,8970,123,2026-07-15,EUR,Hotel,9.0,32,7,0,success
https://www.booking.com/hotel/be/institute-of-cultural-affairs.en-gb.html,Institute Of Cultural Affairs,be,50.8502518896899,4.37312805641409,scrape,,,"Rue Amédée Lynen 8, Sint-Joost-ten-Node, 1210 Brussels, Belgium, Rue Amédée Lynen 8, 1210, Belgium",Brussels,1210,82,2026-07-15,EUR,Hotel,8.9,539,49,1,success
https://www.booking.com/hotel/be/atghent.en-gb.html,Apartment At Ghent,be,51.054058,3.724579,scrape,,,,Ghent,,,,,,,,22,2,partial
https://www.booking.com/hotel/be/v-apartments.en-gb.html,V-Apartments,be,51.22319,2.907508,scrape,4,quality,"Renteniersstraat 18, Oostende Centre, 8400 Ostend, Belgium, Renteniersstraat 18, 8400, Belgium",Ostend,8400,,,,Hotel,8.8,280,10,0,partial
https://www.booking.com/hotel/by/apartment-in-city-center-of-slonima.en-gb.html,Apartment on Krainego Str 27,by,53.0867004394531,25.3218994140625,scrape,,,,,,,,,,,,5,0,partial
https://www.booking.com/hotel/be/studio-casinoplein-middelkerke.en-gb.html,Studio Casinoplein Middelkerke,be,51.187078,2.814829,scrape,4,quality,"14 Parijsstraat appartement 402  BORSALINO Residentie, 8430 Middelkerke, Belgium, 14 Parijsstraat appartement 402  BORSALINO Residentie, 8430, Belgium",Middelkerke,8430,,,,Hotel,8.9,198,6,0,partial
https://www.booking.com/hotel/by/orbita.en-gb.html,Orbita Hotel,by,53.90234,27.5619,scrape,,,,Minsk,,,,,,,,99,20,partial
https://www.booking.com/hotel/be/de-pastorie-residentie-glorius.en-gb.html,B&B De Pastorie / Residentie Glorius,be,51.22405,4.91989,scrape,,,,,,,,,,,,11,0,partial
https://www.booking.com/hotel/be/b-amp-b-39-t-mjeels-pierke.en-gb.html,B&B 't Mjeels Pierke,be,51.4819931,4.8142113,scrape,3,quality,"chaamseweg 71B, 2328 Meerle, Belgium, chaamseweg 71B, 2328, Belgium",Meerle,2328,102,2026-07-15,EUR,Hotel,9.5,330,5,0,success
https://www.booking.com/hotel/be/aparthotel-brusselsmidi.en-gb.html,Apart Hotel Brussels Midi,be,,,,,,,,,,,,,,,3,0,failed
https://www.booking.com/hotel/be/designflats-gent.en-gb.html,Designflats Gent,be,51.04117128454924,3.727430999279022,scrape,4,quality,"Kantienberg 22/001, Binnenstad, 9000 Ghent, Belgium, Kantienberg 22/001, 9000, Belgium",Ghent,9000,,,,Hotel,9.6,91,10,0,partial
https://www.booking.com/hotel/be/bentleybruxelles.en-gb.html,Hotel Bentley,be,50.860053,4.374013,scrape,2,official,"51 Avenue Rogier, Schaarbeek / Schaerbeek, 1030 Brussels, Belgium, 51 Avenue Rogier, 1030, Belgium",Brussels,1030,77,2026-07-15,EUR,Hotel,4.8,526,10,1,success
https://www.booking.com/hotel/be/castelsuites.en-gb.html,Castelsuites,be,51.204165,3.21102,scrape,4,quality,"7 Gistelse Steenweg, Sint-Andries, 8200 Bruges, Belgium, 7 Gistelse Steenweg, 8200, Belgium",Bruges,8200,238,2026-07-15,EUR,Hotel,9.4,788,7,0,success
https://www.booking.com/hotel/be/santa-fe-lutrebois.en-gb.html,Santa Fe - Lutrebois,be,49.95922404106174,5.73370421026369,scrape,3,quality,"Lutrebois 11, 6600 Bastogne, Belgium, Lutrebois 11, 6600, Belgium",Bastogne,6600,120,2026-07-15,EUR,Hotel,8.7,34,24,1,success
https://www.booking.com/hotel/be/auberge-du-val-d-39-aisne.en-gb.html,Auberge du Val d'Aisne,be,50.3224586011855,5.57265410793457,scrape,,,"15 Rue de l'Aisne, 6997 Fanzel, Belgium, 15 Rue de l'Aisne, 6997, Belgium",Fanzel,6997,,,,Hotel,8.8,90,11,0,partial
https://www.booking.com/hotel/be/decoquisserie.en-gb.html,Apart! & Moment!,be,51.277417505478155,3.030633330345154,scrape,4,quality,"Koninklijke Baan 29, 8420 De Haan, Belgium, Koninklijke Baan 29, 8420, Belgium",De Haan,8420,,,,Hotel,8.6,280,24,3,partial
https://www.booking.com/hotel/be/trumpet-house.en-gb.html,Trumpet House,be,50.9060259254671,4.73705038803746,scrape,4,quality,"Koestaart 1, 3010 Leuven, Belgium, Koestaart 1, 3010, Belgium",Leuven,3010,,,,Hotel,8.9,20,4,0,partial
https://www.booking.com/hotel/be/prince-d-39-orange-bed-amp-breakfast.en-gb.html,Prince d'Orange Bed & Breakfast,be,50.67900609506911,4.395339411639384,scrape,3,official,"37 Av Prince d'Orange, 1420 Braine-lʼAlleud, Belgium, 37 Av Prince d'Orange, 1420, Belgium",,1420,,,,Hotel,9.4,51,17,0,partial
https://www.booking.com/hotel/be/b-amp-b-hippo-droom.en-gb.html,B&B Hippo-Droom,be,50.76932510718469,4.440609568261721,scrape,3,quality,"Tumulidreef 7, 1560 Hoeilaart, Belgium, Tumulidreef 7, 1560, Belgium",Hoeilaart,1560,146,2026-07-15,EUR,Hotel,8.5,334,24,0,success
https://www.booking.com/hotel/be/koksijde-oostduinkerke-4-6-p.en-gb.html,Koksijde - Oostduinkerke 4 -6 p.,be,51.11196974495713,2.665506331902958,scrape,4,quality,"7 Hogeduinendreef, 8670 Oostduinkerke, Belgium, 7 Hogeduinendreef, 8670, Belgium",Oostduinkerke,8670,,,,Hotel,8.1,110,5,0,partial
https://www.booking.com/hotel/be/anna-s-bed-and-breakfast.en-gb.html,B&B Anna's,be,51.21172614309588,3.2318204641342163,scrape,4,quality,"St- Annaplein 31, Historic Centre of Brugge, 8000 Bruges, Belgium, St- Annaplein 31, 8000, Belgium",Bruges,8000,,,,Hotel,9.2,335,24,0,partial
https://www.booking.com/hotel/be/terbrugge.en-gb.html,B&B Ter Brugge,be,51.1823,3.09346,scrape,,,,,,,,,,,,22,0,partial
https://www.booking.com/hotel/be/esperance.en-gb.html,Hotel Esperance,be,50.852818723921764,4.3552543222904205,scrape,3,official,"Rue du Finistère, 1-3, 1000 Brussels, Belgium, Rue du Finistère, 1-3, 1000, Belgium",Brussels,1000,,,,Hotel,8.4,1004,123,21,partial
https://www.booking.com/hotel/be/de-zalm-herentals.en-gb.html,Hotel De Zalm,be,51.176799,4.835819,scrape,3,official,"Grote Markt 21, 2200 Herentals, Belgium, Grote Markt 21, 2200, Belgium",Herentals,2200,123,2026-07-15,EUR,Hotel,7.4,339,24,2,success
https://www.booking.com/hotel/be/de-drie-torens.en-gb.html,With a pretty view of the three most authentic towers,be,51.209424,3.216757,scrape,3,quality,"Historic Centre of Brugge, 8000 Bruges, Belgium, 8000, Belgium",Bruges,8000,,,,Hotel,8.1,26,6,1,partial
https://www.booking.com/hotel/be/b-amp-b-de-meerkoet-dudzele.en-gb.html,Logies De Meerkoet,be,51.27475,3.22923,scrape,,,,Bruges,,,,,,,,5,0,partial
https://www.booking.com/hotel/be/kokodor.en-gb.html,Kokodor,be,51.27279922420251,3.03572460674593,scrape,3,quality,"Wenduinesteenweg 31/0001, 8420 De Haan, Belgium, Wenduinesteenweg 31/0001, 8420, Belgium",De Haan,0001,,,,Hotel,8.2,325,13,5,partial
https://www.booking.com/hotel/be/reigerhuisje.en-gb.html,Reigerhuisje,be,51.0934982299805,3.01266002655029,scrape,,,,,,,,,,,,10,0,partial
https://www.booking.com/hotel/be/compagnons11.en-gb.html,B&B Compagnons11,be,50.45629,3.948471,scrape,3,quality,"11, rue des Compagnons, 7000 Mons, Belgium, 11, rue des Compagnons, 7000, Belgium",Mons,7000,,,,Hotel,9.2,38,18,0,partial
https://www.booking.com/hotel/be/best-western-grand-hotel-de-flandre.en-gb.html,Grand Hotel de Flandre,be,50.468236960437046,4.862670600414276,scrape,3,official,"Place de la Station 14, 5000 Namur, Belgium, Place de la Station 14, 5000, Belgium",Namur,5000,85,2026-07-15,EUR,Hotel,7.6,1787,74,8,success
https://www.booking.com/hotel/be/au-fil-du-temps-fauvillers.en-gb.html,Au Fil du Temps,be,49.8499984741211,5.66666984558105,scrape,,,,,,,,,,,,3,0,partial
https://www.booking.com/hotel/be/unique-apartment-in-historic-antwerp-mansion.en-gb.html,HOFMARKGRAAF - Unique apartment in historic Antwerp mansion,be,51.2202163,4.407637,scrape,4,quality,"19 Markgravestraat, Antwerp District, 2000 Antwerp, Belgium, 19 Markgravestraat, 2000, Belgium",Antwerp,2000,137,2026-07-15,EUR,Hotel,8.2,104,5,0,success
https://www.booking.com/hotel/be/helmet.en-gb.html,The Helmet Hotel,be,50.8619904,4.367094899999984,scrape,2,official,"Paleizenstraat 90, Schaarbeek / Schaerbeek, 1030 Brussels, Belgium, Paleizenstraat 90, 1030, Belgium",Brussels,1030,103,2026-07-15,EUR,Hotel,4.1,2360,124,63,success
https://www.booking.com/hotel/be/de-buur-van-beer.en-gb.html,De Buur Van Beer,be,50.84799838047876,2.8907848846557727,scrape,4,quality,"rijkeklarenstraat 18, 8900 Ypres, Belgium, rijkeklarenstraat 18, 8900, Belgium",Ypres,8900,,,,Hotel,8.6,46,18,0,partial
https://www.booking.com/hotel/be/city-budget-flats.en-gb.html,Budget Flats Leuven,be,50.87177198800679,4.716777205467224,scrape,3,quality,"Bierbeekstraat 75, 3001 Leuven, Belgium, Bierbeekstraat 75, 3001, Belgium",Leuven,3001,92,2026-07-15,EUR,Hotel,6.7,500,46,20,success
https://www.booking.com/hotel/be/b-amp-b-salva-c.en-gb.html,B&B Salve,be,50.82050284145276,4.423951059579849,scrape,3,quality,"Drève Louisa Chaudoir 15, Oudergem / Auderghem, 1160 Brussels, Belgium, Drève Louisa Chaudoir 15, 1160, Belgium",Brussels,1160,121,2026-07-22,EUR,Hotel,9.7,168,24,0,success
https://www.booking.com/hotel/be/cote-verger-b-amp-b.en-gb.html,côté verger B&B,be,50.655530316682984,5.828950797158768,scrape,3,quality,"Bouxhmont 98, 4651 Battice, Belgium, Bouxhmont 98, 4651, Belgium",Battice,4651,,,,Hotel,9.7,87,15,0,partial
https://www.booking.com/hotel/be/dendernachten.en-gb.html,Dendernachten,be,51.03211658274133,4.100325107574463,scrape,3,quality,"Franz Courtensstraat 15, 9200 Dendermonde, Belgium, Franz Courtensstraat 15, 9200, Belgium",Dendermonde,9200,139,2026-07-15,EUR,Hotel,9.2,257,11,0,success
https://www.booking.com/hotel/be/agendamidihotel.en-gb.html,Hotel Midi-Zuid,be,50.83930620744661,4.3394118547439575,scrape,3,official,"Boulevard Jamar 11, Sint-Gillis / Saint-Gilles, 1060 Brussels, Belgium, Boulevard Jamar 11, 1060, Belgium",Brussels,1060,76,2026-07-15,EUR,Hotel,7.7,2757,149,58,success
https://www.booking.com/hotel/be/b-amp-b-brouwhuys.en-gb.html,B&B Brouwhuys,be,51.208911604466,3.2242740271613,scrape,,,,Bruges,,,,,,,,24,0,partial
https://www.booking.com/hotel/be/le-lys-d-or.en-gb.html,B&B Le Lys d'or,be,50.8330292,4.349676999999929,scrape,3,quality,"Avenue Henri Jaspar n°96, Sint-Gillis / Saint-Gilles, 1060 Brussels, Belgium, Avenue Henri Jaspar n°96, 1060, Belgium",Brussels,1060,,,,Hotel,8.8,140,24,2,partial
https://www.booking.com/hotel/be/class-eco-liege.en-gb.html,Hotel Class'eco Liège,be,50.68925308801926,5.617300942485599,scrape,1,official,"ZI des hauts-sarts 1ère Avenue 95, 4040 Liège, Belgium, ZI des hauts-sarts 1ère Avenue 95, 4040, Belgium",Liège,4040,52,2026-07-15,EUR,Hotel,6.5,1159,24,15,success
https://www.booking.com/hotel/be/villa-rapa-nui.en-gb.html,Pavillon du golf,be,51.257809450023586,3.0020087925903454,scrape,4,quality,"Heidelaan 55, 8420 De Haan, Belgium, Heidelaan 55, 8420, Belgium",De Haan,8420,,,,Hotel,8.8,30,2,0,partial
https://www.booking.com/hotel/be/hotelduparc.en-gb.html,Hotel Du Parc,be,51.23079644235326,2.913546860218048,scrape,4,official,"Marie-Joseplein 3, Oostende Centre, 8400 Ostend, Belgium, Marie-Joseplein 3, 8400, Belgium",Ostend,8400,153,2026-07-15,EUR,Hotel,8.8,1877,49,19,success
https://www.booking.com/hotel/be/nuits-de-mer.en-gb.html,Nuits de Mer,be,51.26753097821747,3.0199850380981843,scrape,4,quality,"Driftweg 78a, 8420 De Haan, Belgium, Driftweg 78a, 8420, Belgium",De Haan,8420,269,2026-07-29,EUR,Hotel,9.3,85,6,0,success
https://www.booking.com/hotel/be/novotel-charleroi-centre.en-gb.html,Novotel Charleroi Centre,be,50.408153,4.441233,scrape,4,official,"Place Verte 17, Charleroi City Centre, 6000 Charleroi, Belgium, Place Verte 17, 6000, Belgium",Charleroi,6000,119,2026-07-15,EUR,Hotel,8.2,3085,73,13,success
https://www.booking.com/hotel/be/la-gloriette-marche-en-famenne.en-gb.html,LA GLORIETTE,be,50.219241,5.349059,scrape,3,official,"19 Rue de Bastogne, 6900 Marche-en-Famenne, Belgium, 19 Rue de Bastogne, 6900, Belgium",Marche-en-Famenne,6900,132,2026-07-15,EUR,Hotel,9.0,379,9,1,success
https://www.booking.com/hotel/be/ideal-room.en-gb.html,Ideal Room,be,,,,,,,,,,,,,,,24,1,failed
https://www.booking.com/hotel/be/des-postes.en-gb.html,Hotel des Postes,be,50.129501,5.790773,scrape,3,official,"place roi albert 13 place roi albert 13, 6660 Houffalize, Belgium, place roi albert 13 place roi albert 13, 6660, Belgium",Houffalize,6660,165,2026-07-15,EUR,Hotel,8.7,377,4,0,success
https://www.booking.com/hotel/be/marie-siska-boutique.en-gb.html,Marie Siska Boutique hotel,be,51.350841,3.317792,scrape,4,official,"177 Zoutelaan, Knokke, 8300 Knokke-Heist, Belgium, 177 Zoutelaan, 8300, Belgium",Knokke-Heist,8300,255,2026-07-15,EUR,Hotel,9.0,166,12,0,success
https://www.booking.com/hotel/be/chateau-jemeppe.en-gb.html,Château Jemeppe,be,50.1833000183105,5.31666994094849,scrape,,,,,,,,,,,,24,9,partial
https://www.booking.com/hotel/be/the-hamptons-b-amp-b.en-gb.html,The Hamptons Boutique B&B,be,51.0394389934673,3.71639785277864,scrape,4,quality,"172 Kortrijksesteenweg, Stationsbuurt Noord, 9000 Ghent, Belgium, 172 Kortrijksesteenweg, 9000, Belgium",Ghent,9000,228,2026-07-15,EUR,Hotel,9.0,609,36,0,success
https://www.booking.com/hotel/be/nadeg5-bed-and-breakfast.en-gb.html,B&B N°5,be,50.647585434873626,5.582149788715469,scrape,4,quality,"Place St Barthélemy 5, 4000 Liège, Belgium, Place St Barthélemy 5, 4000, Belgium",Liège,4000,120,2026-07-15,EUR,Hotel,9.5,576,24,0,success
https://www.booking.com/hotel/be/zum-burgblick.en-gb.html,Zum Burgblick,be,50.194798828627,6.135092199553,scrape,4,quality,"Lindenallee 11, 4790 Burg-Reuland, Belgium, Lindenallee 11, 4790, Belgium",Burg-Reuland,4790,,,,Hotel,9.0,67,3,1,partial
https://www.booking.com/hotel/be/vakantieverblijf-beestenboel.en-gb.html,Vakantieverblijf-Beestenboel,be,51.2537249191963,5.08901442764738,scrape,4,quality,"Zandstraat 22, 2470 Retie, Belgium, Zandstraat 22, 2470, Belgium",Retie,2470,,,,Hotel,9.6,62,7,0,partial
https://www.booking.com/hotel/be/het-blekershuys.en-gb.html,Apartment Het Blekershuys,be,51.21289950592132,3.2295619547585375,scrape,4,quality,"blekerstraat 1b, Historic Centre of Brugge, 8000 Bruges, Belgium, blekerstraat 1b, 8000, Belgium",Bruges,8000,,,,Hotel,8.7,74,10,1,partial
https://www.booking.com/hotel/be/residence-stienon.en-gb.html,Résidence Stiénon,be,50.8925305,4.3326333,scrape,4,quality,"3 Avenue Stiénon 2ème étage, Laeken, 1020 Brussels, Belgium, 3 Avenue Stiénon 2ème étage, 1020, Belgium",Brussels,1020,,,,Hotel,8.8,33,18,1,partial
https://www.booking.com/hotel/be/hoteldefierlantbrussel.en-gb.html,Hotel De Fierlant,be,50.825995210295254,4.3313732743263245,scrape,3,official,"Rue de Fierlant 67, Vorst / Forest, 1190 Brussels, Belgium, Rue de Fierlant 67, 1190, Belgium",Brussels,1190,99,2026-07-15,EUR,Hotel,8.1,3255,89,13,success
https://www.booking.com/hotel/be/charta-studio.en-gb.html,Charta Studio,be,50.88711811954,4.544473182803,scrape,3,official,"30 Karterstraat, 3070 Kortenberg, Belgium, 30 Karterstraat, 3070, Belgium",Kortenberg,3070,,,,Hotel,,,5,0,partial
https://www.booking.com/hotel/be/touristflat-dewulf.en-gb.html,B&B Martijn Dewulf Ghent,be,51.064640609085,3.75078896311607,scrape,4,quality,"Verkortingstraat 42, Sint-Amandsberg, 9040 Ghent, Belgium, Verkortingstraat 42, 9040, Belgium",Ghent,9040,123,2026-07-15,EUR,Hotel,9.4,510,27,0,success
https://www.booking.com/hotel/be/lichtrijke-loft-bij-restaurant-den-olifant.en-gb.html,Lichtrijke loft bij restaurant Den Olifant,be,50.8501062241972,2.88146132965719,scrape,4,quality,"de Stuersstraat 3, 8900 Ypres, Belgium, de Stuersstraat 3, 8900, Belgium",Ypres,8900,,,,Hotel,9.1,79,2,0,partial
https://www.booking.com/hotel/be/maison-jamaer.en-gb.html,Maison Jamaer,be,50.84100719884902,4.343646958860745,scrape,3,quality,"Avenue de Stalingrad, 62, 1000 Brussels, Belgium, Avenue de Stalingrad, 62, 1000, Belgium",Brussels,1000,234,2026-07-15,EUR,Hotel,8.6,628,24,1,success
https://www.booking.com/hotel/be/de-zon-b-amp-b-heist-op-den-berg.en-gb.html,De Zon B&B,be,51.050362073210806,4.738752776057481,scrape,3,quality,"Kwadenplasstraat 11, 2220 Heist-op-den-Berg, Belgium, Kwadenplasstraat 11, 2220, Belgium",Heist-op-den-Berg,2220,,,,Hotel,9.5,150,12,0,partial
https://www.booking.com/hotel/be/t-hemelhuys.en-gb.html,Boetiekhotel Hemelhuys,be,50.93017170699148,5.339910686016083,scrape,3,official,"Hemelrijk 15, 3500 Hasselt, Belgium, Hemelrijk 15, 3500, Belgium",Hasselt,3500,126,2026-07-15,EUR,Hotel,9.1,441,24,0,success
https://www.booking.com/hotel/be/s-hertogenmolens.en-gb.html,'S Hertogenmolens Hotel,be,50.98605672151164,4.828759431838989,scrape,3,official,"Demerstraat 1A, 3200 Aarschot, Belgium, Demerstraat 1A, 3200, Belgium",Aarschot,3200,122,2026-07-15,EUR,Hotel,8.0,1073,24,1,success
https://www.booking.com/hotel/be/bel-appart-berlaymont-quartier-eu-sakura.en-gb.html,Apartments Berlaymont OHY,be,50.8443257632132,4.38392761163936,scrape,4,quality,"41 Rue Archimède , 1000 Brussels, Belgium, 41 Rue Archimède, 1000, Belgium",Brussels,1000,104,2026-07-22,EUR,Hotel,8.6,412,46,0,success
https://www.booking.com/hotel/be/au-marronnier.en-gb.html,Au Marronnier,be,50.661193137747674,5.991148486508109,scrape,3,quality,"28 rue de Tivoli rez-de-chaussée, 4710 Lontzen, Belgium, 28 rue de Tivoli rez-de-chaussée, 4710, Belgium",Lontzen,4710,,,,Hotel,9.0,89,5,0,partial
https://www.booking.com/hotel/be/de-witte-leirsse-1557.en-gb.html,De Witte Leirsse 1557,be,,,,,,,,,,,,,,,4,1,failed
https://www.booking.com/hotel/by/apartments-pushkin.en-gb.html,Apartments Pushkin,by,53.90234,27.5619,scrape,,,,Minsk,,,,,,,,7,0,partial
https://www.booking.com/hotel/be/value-stay-brussels-expo.en-gb.html,Value Stay Brussels Expo Hotel,be,50.9043132745785,4.353603422641754,scrape,2,official,"Luitberg 1, 1853 Brussels, Belgium, Luitberg 1, 1853, Belgium",Brussels,1853,70,2026-07-15,EUR,Hotel,7.3,1512,99,32,success
https://www.booking.com/hotel/be/le-jardin-du-the.en-gb.html,Le Jardin du bord de Meuse,be,50.4667015075684,4.86667013168335,scrape,,,,Namur,,,,,,,,15,4,partial
https://www.booking.com/hotel/be/flat-brussels-center-bruxelles.en-gb.html,Flat Brussels center,be,50.852618869059,4.387654027477,scrape,,,"Avenue Dailly, Schaarbeek / Schaerbeek, 1030 Brussels, Belgium, Avenue Dailly, 1030, Belgium",Brussels,1030,,,,Hotel,4.0,200,11,6,partial
https://www.booking.com/hotel/be/int-boldershof.en-gb.html,Hotel In't Boldershof,be,51.00584144295012,3.6038964986801147,scrape,2,official,"Dorpsstraat 37, 9831  Deurle, Belgium, Dorpsstraat 37, 9831 , Belgium",Deurle,9831,114,2026-07-15,EUR,Hotel,8.2,257,24,0,success
https://www.booking.com/hotel/be/dansaert.en-gb.html,Dansaert Hotel,be,50.84923685241906,4.347770642327873,scrape,3,official,"Rue Antoine Dansaert 11, 1000 Brussels, Belgium, Rue Antoine Dansaert 11, 1000, Belgium",Brussels,1000,92,2026-07-15,EUR,Hotel,7.7,3105,148,25,success
https://www.booking.com/hotel/be/de-hollemeersch.en-gb.html,De Hollemeersch Hotel,be,50.775338088882826,2.813819646835327,scrape,2,official,"Lettingstraat 58, 8951 Dranouter, Belgium, Lettingstraat 58, 8951, Belgium",Dranouter,8951,,,,Hotel,8.6,201,17,0,partial
https://www.booking.com/hotel/be/fields-of-ellis.en-gb.html,Fields of Ellis,be,51.180124,2.816884,scrape,4,quality,"Steenovenstraat 4/A, 8431 Middelkerke, Belgium, Steenovenstraat 4/A, 8431, Belgium",Middelkerke,8431,149,2026-07-15,EUR,Hotel,8.5,1503,7,3,success
https://www.booking.com/hotel/be/gite-de-l-39-espinette.en-gb.html,Gîte de l'Espinette,be,50.48989570860645,4.295192500503497,scrape,3,quality,"rue de l'espinette 61, 7160 Godarville, Belgium, rue de l'espinette 61, 7160, Belgium",Godarville,7160,,,,Hotel,9.6,52,11,1,partial
https://www.booking.com/hotel/be/holiday-home-39-t-beertje.en-gb.html,Holiday Home 't Beertje,be,51.21147483236581,3.2227130234241486,scrape,4,quality,"Grauwwerkersstraat 17, Historic Centre of Brugge, 8000 Bruges, Belgium, Grauwwerkersstraat 17, 8000, Belgium",Bruges,8000,,,,Hotel,9.0,83,24,0,partial
https://www.booking.com/hotel/be/house-of-choice.en-gb.html,House of Choice Vacation Home,be,51.054058,3.724579,scrape,,,,Ghent,,,,,,,,8,0,partial
https://www.booking.com/hotel/be/sogni-d-oro-b-b.en-gb.html,B&B Sogni d'oro,be,51.1012532695258,3.6349886655807495,scrape,3,quality,"Jasmijnstraat 43, 9920 Lovendegem, Belgium, Jasmijnstraat 43, 9920, Belgium",Lovendegem,9920,,,,Hotel,8.8,111,9,0,partial
https://www.booking.com/hotel/be/hiexpresshasselt.en-gb.html,"Holiday Inn Express Hasselt, an IHG Hotel",be,50.93298800802489,5.3352972865104675,scrape,3,official,"Thonissenlaan 37, 3500 Hasselt, Belgium, Thonissenlaan 37, 3500, Belgium",Hasselt,3500,92,2026-07-15,EUR,Hotel,8.4,2515,74,9,success
https://www.booking.com/hotel/be/van-der-valk-antwerpen.en-gb.html,Van der Valk Hotel Antwerpen,be,51.209496391329935,4.446248263120651,scrape,4,official,"Luitenant Lippenslaan 66, Borgerhout, 2140 Antwerp, Belgium, Luitenant Lippenslaan 66, 2140, Belgium",Antwerp,2140,140,2026-07-15,EUR,Hotel,8.8,3129,99,5,success
https://www.booking.com/hotel/be/la-lys-rooms-amp-suites.en-gb.html,La Lys Rooms & Suites,be,51.050797,3.729318,scrape,4,quality,"Vlaanderenstraat 42, Binnenstad, 9000 Ghent, Belgium, Vlaanderenstraat 42, 9000, Belgium",Ghent,9000,159,2026-07-15,EUR,Hotel,8.6,1434,31,2,success
https://www.booking.com/hotel/be/gtrainbow.en-gb.html,Thon Hotel Brussels Airport,be,50.88458681754172,4.4441574811935425,scrape,3,official,"Berkenlaan 4, 1831 Diegem, Belgium, Berkenlaan 4, 1831, Belgium",Diegem,1831,74,2026-07-29,EUR,Hotel,8.1,1313,49,7,success
https://www.booking.com/hotel/be/jeanne-nieuwpoort.en-gb.html,Jeanne,be,51.12921033305553,2.748894198147582,scrape,3,quality,"Kerkstraat 11, 8620 Nieuwpoort, Belgium, Kerkstraat 11, 8620, Belgium",Nieuwpoort,8620,215,2026-07-15,EUR,Hotel,9.4,191,5,0,success
https://www.booking.com/hotel/be/spits-lucie-b-amp-b.en-gb.html,Spits-Lucie B&B,be,50.92801992355353,3.1913247719664923,scrape,,,"Noordkaai 16, 8870 Izegem, Belgium, Noordkaai 16, 8870, Belgium",Izegem,8870,,,,Hotel,9.1,58,15,0,partial
https://www.booking.com/hotel/be/evasion-aywaille.en-gb.html,Gite Evasion,be,50.483695,5.744342,scrape,4,quality,"191 Rue de Spa, 4920 Aywaille, Belgium, 191 Rue de Spa, 4920, Belgium",Aywaille,4920,,,,Hotel,9.7,78,7,0,partial
https://www.booking.com/hotel/by/malinovka-homestead.en-gb.html,Хутор Малиновка,by,54.9000015258789,26.7166996002197,scrape,,,,,,,,,,,,10,0,partial
https://www.booking.com/hotel/be/the-good-house.en-gb.html,B&B The Good House,be,,,,,,,,,,,,,,,13,1,failed
https://www.booking.com/hotel/be/malleberg.en-gb.html,Hotel Malleberg,be,51.20920905299336,3.2280640304088593,scrape,3,official,"Hoogstraat 7, Historic Centre of Brugge, 8000 Bruges, Belgium, Hoogstraat 7, 8000, Belgium",Bruges,8000,209,2026-07-15,EUR,Hotel,9.1,826,74,0,success
https://www.booking.com/hotel/be/tibrusselsboulevard.en-gb.html,Thon Hotel Brussels City Centre,be,50.855867019723135,4.357296824455261,scrape,4,official,"Avenue du Boulevard 17, Sint-Joost-ten-Node, 1210 Brussels, Belgium, Avenue du Boulevard 17, 1210, Belgium",Brussels,1210,123,2026-07-15,EUR,Hotel,8.3,5977,274,45,success
https://www.booking.com/hotel/be/martin-pecheur.en-gb.html,Martin- pêcheur,be,50.6500015258789,4.56666994094849,scrape,,,,,,,,,,,,13,0,partial
https://www.booking.com/hotel/be/le-relet.en-gb.html,le Relet,be,50.08285,5.17781,scrape,,,,,,,,,,,,6,0,partial
https://www.booking.com/hotel/be/bike-amp-breakfast.en-gb.html,Bike & Breakfast,be,50.8499984741211,2.88333010673523,scrape,,,,,,,,,,,,9,0,partial
https://www.booking.com/hotel/be/guesthouse-mirabel.en-gb.html,Guesthouse Mirabel,be,51.21005930041855,3.2302191853523254,scrape,4,quality,"Boomgaardstraat 15, Historic Centre of Brugge, 8000 Bruges, Belgium, Boomgaardstraat 15, 8000, Belgium",Bruges,8000,185,2026-07-15,EUR,Hotel,9.9,986,49,0,success
https://www.booking.com/hotel/be/le-cabri-o-lait.en-gb.html,Le Cabri Ô Lait,be,50.472921,4.892157,scrape,,,"3 Chemin des Aides, 5004 Namur, Belgium, 3 Chemin des Aides, 5004, Belgium",Namur,5004,115,2026-07-15,EUR,Hotel,9.6,107,3,0,success
https://www.booking.com/hotel/be/exclusive-guesthouse-number-11.en-gb.html,B&B Number 11 Exclusive Guesthouse,be,51.209328357432625,3.230004608631134,scrape,4,quality,"Peerdenstraat 11, Historic Centre of Brugge, 8000 Bruges, Belgium, Peerdenstraat 11, 8000, Belgium",Bruges,8000,275,2026-07-15,EUR,Hotel,9.3,230,49,0,success
https://www.booking.com/hotel/be/smartflats-monnaie.en-gb.html,Smartflats Design - Monnaie,be,,,,,,,,,,,,,,,24,3,failed
https://www.booking.com/hotel/be/clayshoeve.en-gb.html,Clayshoeve,be,50.943343,3.744284,scrape,4,quality,"14 Ruspoel, 9820 Munte, Belgium, 14 Ruspoel, 9820, Belgium",Munte,9820,,,,Hotel,9.0,30,3,0,partial
https://www.booking.com/hotel/be/boskapelhoeve.en-gb.html,Hotel B - Boskapelhoeve,be,50.99425692525671,4.2114973068237305,scrape,4,official,"Kasteelstraat 214, 9255 Buggenhout, Belgium, Kasteelstraat 214, 9255, Belgium",Buggenhout,9255,150,2026-07-22,EUR,Hotel,9.3,177,15,0,success
https://www.booking.com/hotel/be/le-coin-cocoon-bis.en-gb.html,Le Coin Cocoon Bis,be,50.4736594384413,5.675087838504169,scrape,4,quality,"Place Joseph Thiry 7A, 4920 Aywaille, Belgium, Place Joseph Thiry 7A, 4920, Belgium",Aywaille,4920,110,2026-07-22,EUR,Hotel,9.6,182,15,1,success
https://www.booking.com/hotel/be/b-b-fresco.en-gb.html,B&B Fresco,be,50.8612901,2.86951859999999,scrape,3,quality,"38 Kunstenlaan, 8900 Ypres, Belgium, 38 Kunstenlaan, 8900, Belgium",Ypres,8900,,,,Hotel,8.8,78,24,0,partial
https://www.booking.com/hotel/be/b-amp-b-chester.en-gb.html,B&B Chester,be,51.2088454981194,3.22105944156647,scrape,4,quality,"6 Muntpoort, Historic Centre of Brugge, 8000 Bruges, Belgium, 6 Muntpoort, 8000, Belgium",Bruges,8000,154,2026-07-15,EUR,Hotel,9.1,318,25,0,success
https://www.booking.com/hotel/be/lunatree.en-gb.html,Lunatree,be,51.0290488130883,4.47584275214956,scrape,4,quality,"Melaan 4, 2800 Mechelen, Belgium, Melaan 4, 2800, Belgium",Mechelen,2800,137,2026-07-15,EUR,Hotel,9.2,642,24,0,success
https://www.booking.com/hotel/be/sleutelvan8.en-gb.html,SleutelVan8,be,51.338676,3.306206,scrape,3,quality,"Graaf Jansdijk 201, Knokke, 8300 Knokke-Heist, Belgium, Graaf Jansdijk 201, 8300, Belgium",Knokke-Heist,8300,132,2026-07-15,EUR,Hotel,8.8,132,6,1,success
https://www.booking.com/hotel/be/vida.en-gb.html,Vakantiehuis ViDa,be,50.8892,5.65199,scrape,,,,,,,,,,,,5,0,partial
https://www.booking.com/hotel/be/axishotelerpskwerps.en-gb.html,Axis Hotel,be,50.8923413607329,4.575923681259155,scrape,4,official,"Leuvensesteenweg 749, 3071 Kortenberg, Belgium, Leuvensesteenweg 749, 3071, Belgium",Kortenberg,3071,118,2026-07-22,EUR,Hotel,8.3,215,24,4,success
https://www.booking.com/hotel/be/romantica-exotica.en-gb.html,Romantica Exotica,be,50.30856,5.48279,scrape,,,,,,,,,,,,7,1,partial
https://www.booking.com/hotel/be/camping-houtum.en-gb.html,Camping Houtum,be,51.231389,4.979668,scrape,,,"Houtum 39, 2460 Kasterlee, Belgium, Houtum 39, 2460, Belgium",Kasterlee,2460,60,2026-07-15,EUR,Hotel,8.6,184,8,2,success
https://www.booking.com/hotel/be/b-b-de-rentmeesterhoeve.en-gb.html,B&B De Rentmeesterhoeve,be,50.8162901473424,2.7636784315109297,scrape,,,"Reningelstplein 5, 8970 Reningelst, Belgium, Reningelstplein 5, 8970, Belgium",Reningelst,8970,222,2026-07-15,EUR,Hotel,9.6,57,10,0,success
https://www.booking.com/hotel/be/motel-one-brussels.en-gb.html,Motel One Brussels,be,50.84868669999999,4.363129100000037,scrape,3,quality,"Rue Royale 120, 1000 Brussels, Belgium, Rue Royale 120, 1000, Belgium",Brussels,1000,120,2026-07-15,EUR,Hotel,8.8,21539,846,34,success
https://www.booking.com/hotel/be/auberge-du-vieux-cedre.en-gb.html,Auberge du Vieux Cedre,be,50.693266825998386,4.043236970901489,scrape,4,official,"Avenue Elisabeth 1, 7850 Enghien, Belgium, Avenue Elisabeth 1, 7850, Belgium",Enghien,7850,109,2026-07-15,EUR,Hotel,8.8,513,21,0,success
https://www.booking.com/hotel/be/a-ca-ta-c-du-cinquantenaire.en-gb.html,B&B A Côté du Cinquantenaire,be,50.83801211992151,4.3895262479782104,scrape,3,quality,"139 rue du Cornet, Etterbeek, 1040 Brussels, Belgium, 139 rue du Cornet, 1040, Belgium",Brussels,1040,,,,Hotel,9.3,349,24,1,partial
https://www.booking.com/hotel/be/parkhotel-de-panne.en-gb.html,Parkhotel,be,51.09958916845172,2.588515430688858,scrape,2,official,"Albert Dumontlaan 30, 8660 De Panne, Belgium, Albert Dumontlaan 30, 8660, Belgium",De Panne,8660,,,,Hotel,8.2,1098,49,2,partial
https://www.booking.com/hotel/be/appart-mons-city-concept-terrasse-amp-grand-place.en-gb.html,Appart Mons City Concept - Terrasse & Grand-Place,be,50.4573546,3.9551069,scrape,4,quality,"67 Rue de Nimy, 7000 Mons, Belgium, 67 Rue de Nimy, 7000, Belgium",Mons,7000,,,,Hotel,9.4,60,8,0,partial
https://www.booking.com/hotel/be/cosy-appartment-near-the-sea.en-gb.html,Cosy Apartment Near The Sea,be,51.3132019042969,3.13144993782043,scrape,,,,,,,,,,,,4,0,partial
https://www.booking.com/hotel/be/b-amp-b-d-39-hotes-et-nous.en-gb.html,B&B D'hôtes et nous,be,50.35184,5.45776,scrape,,,,,,,,,,,,4,0,partial
https://www.booking.com/hotel/be/professor.en-gb.html,Hotel Professor,be,50.878306772881714,4.70064640045166,scrape,2,official,"Naamsestraat 20, 3000 Leuven, Belgium, Naamsestraat 20, 3000, Belgium",Leuven,3000,130,2026-07-15,EUR,Hotel,6.4,765,49,7,success
https://www.booking.com/hotel/be/de-wilde-wingerd.en-gb.html,Huis De Wilde Wingerd,be,50.8499984741211,2.88333010673523,scrape,,,,,,,,,,,,10,1,partial
https://www.booking.com/hotel/be/exit-29.en-gb.html,EXIT 29,be,49.702414,5.626811,scrape,,,"ZONE ARTISANALE LES COEUVINS 5, 6720 Habay-la-Neuve, Belgium, ZONE ARTISANALE LES COEUVINS 5, 6720, Belgium",Habay-la-Neuve,6720,80,2026-07-15,EUR,Hotel,7.0,475,24,15,success
https://www.booking.com/hotel/be/luxury-suites-boutique.en-gb.html,Luxury Suites Boutique,be,51.2196812,4.3973552,scrape,3,quality,"22 Vlasmarkt, Antwerp District, 2000 Antwerp, Belgium, 22 Vlasmarkt, 2000, Belgium",Antwerp,2000,135,2026-07-15,EUR,Hotel,8.3,483,12,0,success
https://www.booking.com/hotel/be/bb-hoeve-de-steenoven.en-gb.html,B&B Hoeve de Steenoven,be,51.261770508519135,3.292132616043091,scrape,3,quality,"Damse Vaart-Zuid 24, 8340 Damme, Belgium, Damse Vaart-Zuid 24, 8340, Belgium",Damme,8340,120,2026-07-29,EUR,Hotel,8.7,254,18,0,success
https://www.booking.com/hotel/be/monasteriumportakere.en-gb.html,Hotel Monasterium PoortAckere,be,51.05262269045851,3.7167665362358093,scrape,3,official,"Oude Houtlei 56, Elisabethbegijnhof-Papegaai, 9000 Ghent, Belgium, Oude Houtlei 56, 9000, Belgium",Ghent,9000,99,2026-07-15,EUR,Hotel,8.4,4444,74,5,success
https://www.booking.com/hotel/be/gasthof-t-zweerd.en-gb.html,Hotel Gasthof 't Zweerd,be,50.8499984741211,2.88333010673523,scrape,,,,,,,,,,,,127,17,partial
https://www.booking.com/hotel/be/bnb-heimdall.en-gb.html,BnB Heimdall,be,51.34956,4.63934,scrape,,,,,,,,,,,,8,0,partial
https://www.booking.com/hotel/be/center-parcs-erperheide.en-gb.html,Center Parcs Erperheide,be,51.12678499154017,5.50589919090271,scrape,4,quality,"Erperheidestraat 2, 3990 Peer, Belgium, Erperheidestraat 2, 3990, Belgium",Peer,3990,,,,Hotel,8.5,110,16,6,partial
https://www.booking.com/hotel/be/hotel-klokkenhof.en-gb.html,Charmehotel Klokkenhof,be,51.34018764164328,4.5299264788627625,scrape,3,official,"Bredabaan 950, 2930 Brasschaat, Belgium, Bredabaan 950, 2930, Belgium",Brasschaat,2930,101,2026-07-15,EUR,Hotel,7.6,1530,49,5,success
https://www.booking.com/hotel/by/usad-ba-v-khutorskoi-tishi.en-gb.html,Usadba V hutorskoj tishy,by,53.17797770921313,24.332104123930648,scrape,,,"д. Вишневичи, 7, 231907 Vawkavysk, Belarus, д. Вишневичи, 7, 231907, Belarus",,,,,,Hotel,,,4,0,partial
https://www.booking.com/hotel/be/camping-ardinam.en-gb.html,Verblijfpark Ardinam,be,50.06871357212086,4.596393939803751,scrape,,,"Rue De La Champagne 1, 5670 Olloy-sur-Viroin, Belgium, Rue De La Champagne 1, 5670, Belgium",Olloy-sur-Viroin,5670,,,,Hotel,8.5,26,6,1,partial
https://www.booking.com/hotel/be/memling.en-gb.html,Hotel du Théâtre,be,51.21068605378558,3.2229557633399963,scrape,3,official,"Kuipersstraat 18, Historic Centre of Brugge, 8000 Bruges, Belgium, Kuipersstraat 18, 8000, Belgium",Bruges,8000,102,2026-07-15,EUR,Hotel,8.8,3100,18,1,success
https://www.booking.com/hotel/be/comfortinnerasme.en-gb.html,Ibis Brussels Erasmus,be,50.815242845821146,4.272142052650452,scrape,3,official,"Route de Lennik, 790, Anderlecht, 1070 Brussels, Belgium, Route de Lennik, 790, 1070, Belgium",Brussels,1070,95,2026-07-15,EUR,Hotel,8.0,3329,49,4,success
https://www.booking.com/hotel/by/complex-luchyosa.en-gb.html,Hotel Complex Luchesa,by,55.19302,30.20704,scrape,,,,,,,,,,,,24,6,partial
https://www.booking.com/hotel/be/banks.en-gb.html,Hotel Banks,be,51.21783934342698,4.3992868065834045,scrape,4,official,"Steenhouwersvest 55, Antwerp District, 2000 Antwerp, Belgium, Steenhouwersvest 55, 2000, Belgium",Antwerp,2000,140,2026-07-15,EUR,Hotel,7.9,2190,74,14,success
https://www.booking.com/hotel/be/ibisgentkathedraal.en-gb.html,ibis Gent Centrum St. Baafs Kathedraal,be,51.052949783712904,3.726014792919159,scrape,3,official,"Limburgstraat 2, Binnenstad, 9000 Ghent, Belgium, Limburgstraat 2, 9000, Belgium",Ghent,9000,131,2026-07-15,EUR,Hotel,8.3,5069,199,12,success
https://www.booking.com/hotel/be/dcristina-guest-house.en-gb.html,D.Cristina Guest House,be,51.2211799621582,4.3996753692627,scrape,,,,Antwerp,,,,,,,,24,1,partial
https://www.booking.com/hotel/be/hoteldesardennes.en-gb.html,Hotel des Ardennes,be,49.79646621803601,5.010315477848053,scrape,4,official,"Rue de la Hate, 1, 6838 Corbion, Belgium, Rue de la Hate, 1, 6838, Belgium",Corbion,6838,250,2026-07-15,EUR,Hotel,8.9,298,24,1,success
https://www.booking.com/hotel/be/aux-quatre-bonniers.en-gb.html,B&B Aux Quatre Bonniers,be,50.59012,5.74799,scrape,,,,,,,,,,,,24,0,partial
https://www.booking.com/hotel/be/la-haie-bolaine.en-gb.html,La Haie Bolaine,be,50.40285,5.07762,scrape,,,,,,,,,,,,7,0,partial
https://www.booking.com/hotel/be/seeview-loft.en-gb.html,Seaview Loft,be,51.23495088217,2.916767607935,scrape,4,quality,"Kapucijnenstraat 58, Oostende Centre, 8400 Ostend, Belgium, Kapucijnenstraat 58, 8400, Belgium",Ostend,8400,,,,Hotel,8.8,102,9,0,partial
https://www.booking.com/hotel/be/center-parcs-de-vossemeren.en-gb.html,Center Parcs Vossemeren,be,51.25644958440514,5.321588516235352,scrape,3,official,"Elzen 145, 3920 Lommel, Belgium, Elzen 145, 3920, Belgium",Lommel,3920,,,,Hotel,8.1,98,24,7,partial
https://www.booking.com/hotel/be/maison-mielou.en-gb.html,Maison MIELOU,be,51.06010228594322,3.7482681044823494,scrape,4,quality,"14 Schoolstraat, Sint-Amandsberg, 9040 Ghent, Belgium, 14 Schoolstraat, 9040, Belgium",Ghent,9040,199,2026-07-15,EUR,Hotel,9.2,148,21,0,success
https://www.booking.com/hotel/be/atrium.en-gb.html,Atrium,be,50.84924831289821,2.887015581953392,scrape,4,quality,"Rijselstraat 41 bus 5 5e verdieping - dakappartement met terrassen, 8900 Ypres, Belgium, Rijselstraat 41 bus 5 5e verdieping - dakappartement met terrassen, 8900, Belgium",Ypres,8900,,,,Hotel,9.6,103,24,0,partial
https://www.booking.com/hotel/be/holiday-suites-de-haan.en-gb.html,Holiday Suites De Haan,be,51.26905963567768,3.025110098147593,scrape,3,quality,"Driftweg 55, 8420 De Haan, Belgium, Driftweg 55, 8420, Belgium",De Haan,8420,244,2026-07-15,EUR,Hotel,7.4,109,5,3,success
https://www.booking.com/hotel/be/b-amp-b-la-corderie.en-gb.html,B&B La Corderie,be,51.098377,4.131757,scrape,4,official,"Hoogstraat 23, 9220 Hamme, Belgium, Hoogstraat 23, 9220, Belgium",Hamme,9220,,,,Hotel,9.9,85,13,1,partial
https://www.booking.com/hotel/be/do-do-te-lier.en-gb.html,DO-DO te Lier,be,51.13107,4.56965,scrape,,,,,,,,,,,,3,0,partial
https://www.booking.com/hotel/be/la-chambre-d-angeline-foy-notre-dame.en-gb.html,La chambre d Angeline,be,50.2469441727576,4.99285113362747,scrape,3,quality,"9 Mahène, 5504 Foy-Notre-Dame, Belgium, 9 Mahène, 5504, Belgium",Foy-Notre-Dame,5504,100,2026-07-15,EUR,Hotel,9.2,168,7,0,success
https://www.booking.com/hotel/be/le-temps-de-livresse-namur.en-gb.html,Le Temps de Livresse,be,50.4935031,4.8548545,scrape,3,quality,"120 Rue du Château de Saint-Marc, 5003 Namur, Belgium, 120 Rue du Château de Saint-Marc, 5003, Belgium",Namur,5003,175,2026-07-15,EUR,Hotel,9.9,66,6,0,success
https://www.booking.com/hotel/be/red-and-breakfast.en-gb.html,Red & Breakfast,be,50.64514,5.57342,scrape,,,,Liège,,,,,,,,24,0,partial
https://www.booking.com/hotel/be/long-beach-ii.en-gb.html,Long Beach Ii,be,51.1922227,2.82465419999994,scrape,4,quality,"Zeedijk 22 0AB, 8430 Middelkerke, Belgium, Zeedijk 22 0AB, 8430, Belgium",Middelkerke,8430,,,,Hotel,8.4,10,3,0,partial
https://www.booking.com/hotel/be/chateau-de-la-poste.en-gb.html,Domaine de Ronchinne - Château et Ecuries,be,50.35527753778261,4.92899090051651,scrape,3,official,"Ronchinne 25, 5330 Maillen, Belgium, Ronchinne 25, 5330, Belgium",Maillen,5330,119,2026-07-15,EUR,Hotel,8.3,1267,123,24,success
https://www.booking.com/hotel/be/chez-esmara-et-philippe.en-gb.html,Apartment Chez Esmara et Philippe,be,50.8485901,4.352278500000011,scrape,4,quality,"rue de la fourche 25, 1000 Brussels, Belgium, rue de la fourche 25, 1000, Belgium",Brussels,1000,,,,Hotel,8.5,1947,74,0,partial
https://www.booking.com/hotel/be/restaurant-zum-onkel-jonathan.en-gb.html,Hotel-Restaurant Zum Onkel Jonathan,be,50.675858,6.111905,scrape,3,official,"Hauptstrasse, 49, 4730 Raeren, Belgium, Hauptstrasse, 49, 4730, Belgium",Raeren,4730,100,2026-07-15,EUR,Hotel,8.4,292,11,0,success
https://www.booking.com/hotel/be/pentahotel-leuven.en-gb.html,pentahotel Leuven,be,50.87708654204602,4.703730940818787,scrape,4,official,"Alfons Smetsplein 7, 3000 Leuven, Belgium, Alfons Smetsplein 7, 3000, Belgium",Leuven,3000,279,2026-07-15,EUR,Hotel,8.2,3165,149,15,success
https://www.booking.com/hotel/be/b-amp-b-villa-sans-soucis.en-gb.html,B&B Villa Sans Soucis,be,51.13039,2.75167,scrape,,,,,,,,,,,,6,0,partial
https://www.booking.com/hotel/be/smartflats-opera.en-gb.html,Smartflats Design - Opera,be,50.64514,5.57342,scrape,,,,Liège,,,,,,,,18,3,partial
https://www.booking.com/hotel/be/konik-i.en-gb.html,De Konik,be,50.925923,5.725181,scrape,4,quality,"Herkveldstraat 2 A I, 3631 Uikhoven, Belgium, Herkveldstraat 2 A I, 3631, Belgium",Uikhoven,3631,,,,Hotel,9.0,209,3,0,partial
https://www.booking.com/hotel/be/de-rea1-4nie.en-gb.html,Apartment & Garage de Reünie,be,50.9137387579454,2.9180610179901123,scrape,3,quality,"Markt 7, 8920 Langemark, Belgium, Markt 7, 8920, Belgium",Langemark,8920,174,2026-07-22,EUR,Hotel,9.6,29,10,0,success
https://www.booking.com/hotel/be/le-clos-des-bansions.en-gb.html,Le Clos Des Bansions,be,50.52784216742677,5.90110376575304,scrape,3,quality,"59,rue Bansions, 4845 Jalhay, Belgium, 59,rue Bansions, 4845, Belgium",Jalhay,4845,,,,Hotel,9.2,176,4,0,partial
https://www.booking.com/hotel/be/cecil.en-gb.html,Hotel Cecil,be,51.099026594419605,2.593473494052887,scrape,2,official,"Markt 14, 8660 De Panne, Belgium, Markt 14, 8660, Belgium",De Panne,8660,,,,Hotel,8.2,393,24,2,partial
https://www.booking.com/hotel/be/waterside-b-amp-b.en-gb.html,B&B Waterside,be,51.20560039999999,3.2371454000000313,scrape,3,quality,"Kazernevest 88, Historic Centre of Brugge, 8000 Bruges, Belgium, Kazernevest 88, 8000, Belgium",Bruges,8000,132,2026-07-15,EUR,Hotel,8.4,111,14,0,success
https://www.booking.com/hotel/be/parkhotel-gent.en-gb.html,Parkhotel,be,51.049348258501105,3.7356117367744446,scrape,3,official,"Nieuwebosstraat 1, Binnenstad, 9000 Ghent, Belgium, Nieuwebosstraat 1, 9000, Belgium",Ghent,9000,95,2026-07-15,EUR,Hotel,7.8,2071,73,18,success
https://www.booking.com/hotel/be/39-t-eenvoud.en-gb.html,'t Eenvoud,be,51.33893,3.2475038,scrape,3,official,"16 Polderstraat 1e verdieping, Heist, 8301 Knokke-Heist, Belgium, 16 Polderstraat 1e verdieping, 8301, Belgium",Knokke-Heist,8301,,,,Hotel,6.7,17,3,0,partial
https://www.booking.com/hotel/be/la-tulipe.en-gb.html,La Tulipe,be,50.3520767800282,5.451700079762304,scrape,3,quality,"Chemin des Houblonnières 2, 6940 Durbuy, Belgium, Chemin des Houblonnières 2, 6940, Belgium",Durbuy,6940,190,2026-07-15,EUR,Hotel,8.1,126,11,1,success
https://www.booking.com/hotel/be/en-aqualye.en-gb.html,"""En Aqualye"" chambre privative chez l'habitant",be,50.47662,5.678791,scrape,,,"39 Rue de la Heid, 4920 Aywaille, Belgium, 39 Rue de la Heid, 4920, Belgium",Aywaille,4920,110,2026-07-15,EUR,Hotel,9.0,61,5,0,success
https://www.booking.com/hotel/be/studio-tres-confortable-a-proximite-de-dinant-et-maredsous.en-gb.html,Claire de Meuse Appartement tranquille entre Profondeville et Dinant,be,50.3055343,4.8757856,scrape,3,quality,"14 Rue Bauchau, 5537 Anhée, Belgium, 14 Rue Bauchau, 5537, Belgium",Anhée,5537,102,2026-07-15,EUR,Hotel,8.1,72,7,1,success
https://www.booking.com/hotel/be/ramada-brussels.en-gb.html,Hotel Ramada Brussels Woluwe,be,50.85535651497127,4.421117305755615,scrape,4,official,"Clos du Lynx, Sint-Lambrechts-Woluwe / Woluwe-Saint-Lambert, 1200 Brussels, Belgium, Clos du Lynx, 1200, Belgium",Brussels,1200,,,,Hotel,,,87,39,partial
https://www.booking.com/hotel/be/loft.en-gb.html,Loft,be,50.67019,5.64039,scrape,,,,,,,,,,,,6,0,partial
https://www.booking.com/hotel/be/le-bordon.en-gb.html,Le bordon,be,50.337667,4.965634,scrape,3,quality,"Rue du bois des loges, 14, 5530 Durnal, Belgium, Rue du bois des loges, 14, 5530, Belgium",Durnal,5530,81,2026-07-29,EUR,Hotel,9.1,188,11,0,success
https://www.booking.com/hotel/be/casualloft.en-gb.html,Apartment casuaLLoft,be,50.83640970527275,3.2541579008102417,scrape,4,quality,"Jakob Vandervaetstraat 102, 8501 Kortrijk, Belgium, Jakob Vandervaetstraat 102, 8501, Belgium",Kortrijk,8501,,,,Hotel,9.6,18,2,0,partial
https://www.booking.com/hotel/be/domus-latina-schumann-jourdan.en-gb.html,Domus Latina Schumann-Jourdan,be,,,,,,,,,,,,,,,7,0,failed
https://www.booking.com/hotel/be/cocoon-brussels.en-gb.html,Cocoon Brussels,be,,,,,,,,,,,,,,,7,0,failed
https://www.booking.com/hotel/be/les-valcaprimontoises.en-gb.html,Les Valcaprimontoises,be,50.600694,5.630457,scrape,4,quality,"47 Rue Basse-Henne, 4051 Chaudfontaine, Belgium, 47 Rue Basse-Henne, 4051, Belgium",Chaudfontaine,4051,,,,Hotel,8.5,101,17,0,partial
https://www.booking.com/hotel/be/evergreen.en-gb.html,Hotel Evergreen,be,50.85632418341476,4.414205253124237,scrape,2,official,"Avenue du V-Day 1-3, Evere, 1140 Brussels, Belgium, Avenue du V-Day 1-3, 1140, Belgium",Brussels,1140,70,2026-07-15,EUR,Hotel,5.8,1359,49,28,success
https://www.booking.com/hotel/be/b-amp-b-mussenzele.en-gb.html,B&B Mussenzele,be,50.8941094296653,4.01070056109927,scrape,,,"1 Mussenzele, 9450 Haaltert, Belgium, 1 Mussenzele, 9450, Belgium",Haaltert,9450,102,2026-07-15,EUR,Hotel,8.6,100,3,0,success
https://www.booking.com/hotel/be/cotecourcotejardin.en-gb.html,Hotel Côté Cour,be,50.35119758274209,5.4565465450286865,scrape,3,official,"Place aux Foires 8, 6940 Durbuy, Belgium, Place aux Foires 8, 6940, Belgium",Durbuy,6940,130,2026-07-15,EUR,Hotel,5.5,497,24,9,success
https://www.booking.com/hotel/be/de-la-gare-leuven.en-gb.html,Hotel Malon,be,50.88152728416538,4.714293479919434,scrape,2,official,"Martelarenplein 15, 3000 Leuven, Belgium, Martelarenplein 15, 3000, Belgium",Leuven,3000,98,2026-07-15,EUR,Hotel,7.6,1059,49,1,success
https://www.booking.com/hotel/be/chimay-b-and-b.en-gb.html,""" Chimay B & B """,be,50.04949575023143,4.315604567527771,scrape,4,quality,"5 place du chapitre, 6460 Chimay, Belgium, 5 place du chapitre, 6460, Belgium",Chimay,6460,,,,Hotel,9.2,22,20,2,partial
https://www.booking.com/hotel/be/maison-de-maitre-close-to-brussels.en-gb.html,"Flemishome, The Retreat For Family And Friends",be,50.740988,4.239346,scrape,4,quality,"brusselsesteenweg 138, 1500 Halle, Belgium, brusselsesteenweg 138, 1500, Belgium",Halle,1500,947,2026-07-15,EUR,Hotel,9.0,3,3,0,success
https://www.booking.com/hotel/be/lepelbed.en-gb.html,Hotel Lepelbed,be,51.01673125586212,3.782239258289337,scrape,3,official,"Brusselsesteenweg 100, 9090 Ghent, Belgium, Brusselsesteenweg 100, 9090, Belgium",Ghent,9090,133,2026-07-15,EUR,Hotel,8.6,816,24,0,success
https://www.booking.com/hotel/be/escapade.en-gb.html,Hotel Escapade,be,51.27658360327839,3.0290186405181885,scrape,3,official,"Koninklijke Baan 30, 8420 De Haan, Belgium, Koninklijke Baan 30, 8420, Belgium",De Haan,8420,,,,Hotel,8.3,1149,24,2,partial
https://www.booking.com/hotel/be/b-amp-b-39-t-oezent.en-gb.html,B&B 't Oezent,be,50.86066,3.669873,scrape,3,quality,"Gaverstraat 10, 9700 Oudenaarde, Belgium, Gaverstraat 10, 9700, Belgium",Oudenaarde,9700,106,2026-07-15,EUR,Hotel,9.1,137,5,0,success
https://www.booking.com/hotel/be/grandsablon.en-gb.html,NH Collection Brussels Grand Sablon,be,50.84084924134366,4.355800151824951,scrape,4,official,"Rue Bodenbroek 2-4, 1000 Brussels, Belgium, Rue Bodenbroek 2-4, 1000, Belgium",Brussels,1000,178,2026-07-15,EUR,Hotel,8.9,3696,43,0,success
https://www.booking.com/hotel/be/koffieboontje.en-gb.html,Hotel Koffieboontje,be,51.20763454150865,3.2250183820724487,scrape,2,official,"Hallestraat 4, Historic Centre of Brugge, 8000 Bruges, Belgium, Hallestraat 4, 8000, Belgium",Bruges,8000,102,2026-07-15,EUR,Hotel,7.9,2095,249,78,success
https://www.booking.com/hotel/be/orchid.en-gb.html,Guesthouse Orchid,be,51.21947818495492,3.2288458943367004,scrape,,,"'s Gravenhof 10, Historic Centre of Brugge, 8000 Bruges, Belgium, 's Gravenhof 10, 8000, Belgium",Bruges,8000,115,2026-07-15,EUR,Hotel,8.9,867,49,1,success
https://www.booking.com/hotel/be/ibis-de-panne.en-gb.html,ibis De Panne,be,51.09550614039395,2.588878870010376,scrape,3,official,"Zeelaan 2, 8660 De Panne, Belgium, Zeelaan 2, 8660, Belgium",De Panne,8660,148,2026-07-15,EUR,Hotel,8.0,2230,48,8,success
https://www.booking.com/hotel/be/park-inn-by-radisson-hasselt.en-gb.html,Park Inn By Radisson Hasselt,be,50.927871,5.338774,scrape,3,official,"St. Jozefstraat 10 2 2 , 3500 Hasselt, Belgium, St. Jozefstraat 10 2 2, 3500, Belgium",Hasselt,3500,84,2026-07-15,EUR,Hotel,7.7,1722,53,0,success
https://www.booking.com/hotel/be/les-eleveurs.en-gb.html,Hotel Les Eleveurs,be,50.73214488738247,4.237302839756012,scrape,3,official,"Suikerkaai 1A, 1500 Halle, Belgium, Suikerkaai 1A, 1500, Belgium",Halle,1500,130,2026-07-15,EUR,Hotel,8.2,402,24,1,success
https://www.booking.com/hotel/be/laferronniere.en-gb.html,Hotel La Ferronniere,be,49.79699255432434,5.076123476028442,scrape,3,official,"Voie Jocquée, 44, 6830 Bouillon, Belgium, Voie Jocquée, 44, 6830, Belgium",Bouillon,6830,191,2026-07-15,EUR,Hotel,8.6,197,24,2,success
https://www.booking.com/hotel/be/logies-ternier.en-gb.html,Logies Ternier,be,51.1409818844901,2.729807496070862,scrape,2,quality,"Victorlaan 11, 8620 Nieuwpoort, Belgium, Victorlaan 11, 8620, Belgium",Nieuwpoort,8620,144,2026-07-15,EUR,Hotel,8.5,631,22,1,success
https://www.booking.com/hotel/be/la-valse-lente.en-gb.html,La Valse Lente,be,50.45972047135022,4.866964817047119,scrape,3,quality,"Quai des Chasseurs Ardennais, 5000 Namur, Belgium, Quai des Chasseurs Ardennais, 5000, Belgium",Namur,5000,,,,Hotel,9.2,50,7,0,partial
https://www.booking.com/hotel/be/hihasselt.en-gb.html,"Holiday Inn Hasselt, an IHG Hotel",be,50.93382137053048,5.337314307689667,scrape,4,official,"Kattegatstraat 1, 3500 Hasselt, Belgium, Kattegatstraat 1, 3500, Belgium",Hasselt,3500,127,2026-07-15,EUR,Hotel,8.6,1809,73,13,success
https://www.booking.com/hotel/be/remparts.en-gb.html,Studio Rempart,be,50.85256895887341,4.345104843378067,scrape,,,"9 rue du rempart des moines, 1000 Brussels, Belgium, 9 rue du rempart des moines, 1000, Belgium",Brussels,1000,126,2026-07-15,EUR,Hotel,8.5,973,49,8,success
https://www.booking.com/hotel/be/le-papillon-d-39-or.en-gb.html,Le Papillon d'or,be,49.68083246122019,5.701558459550142,scrape,,,"32 Rue Muselbur, 6700 Arlon, Belgium, 32 Rue Muselbur, 6700, Belgium",Arlon,6700,67,2026-07-15,EUR,Hotel,8.7,608,24,0,success
https://www.booking.com/hotel/be/la-maison-des-artistes.en-gb.html,La Maison Des Artistes,be,50.35184,5.45776,scrape,,,,,,,,,,,,8,0,partial
https://www.booking.com/hotel/be/aazaert.en-gb.html,Hotel Aazaert by WP Hotels,be,51.31536667660014,3.130255937576294,scrape,4,official,"Hoogstraat 25, 8370 Blankenberge, Belgium, Hoogstraat 25, 8370, Belgium",Blankenberge,8370,139,2026-07-15,EUR,Hotel,8.3,1327,49,1,success
https://www.booking.com/hotel/be/les-tanneurs.en-gb.html,Les Tanneurs,be,50.46400622592615,4.871782064437866,scrape,4,official,"Rue des Tanneries 13, 5000 Namur, Belgium, Rue des Tanneries 13, 5000, Belgium",Namur,5000,138,2026-07-15,EUR,Hotel,8.6,2090,48,7,success
https://www.booking.com/hotel/be/roxi-residence-brussels.en-gb.html,ROXI The Urban Residence Brussels,be,50.854524,4.447797,scrape,,,"14 Hippokrateslaan, 1932 Brussels, Belgium, 14 Hippokrateslaan, 1932, Belgium",Brussels,1932,83,2026-07-15,EUR,Hotel,8.0,1804,24,4,success
https://www.booking.com/hotel/be/jam.en-gb.html,Jam Hotel,be,50.82712393741722,4.355195699370938,scrape,3,official,"Chaussée de Charleroi 132, Sint-Gillis / Saint-Gilles, 1060 Brussels, Belgium, Chaussée de Charleroi 132, 1060, Belgium",Brussels,1060,169,2026-07-15,EUR,Hotel,8.3,4042,274,49,success
https://www.booking.com/hotel/be/alfaempire.en-gb.html,PREMIER SUITES PLUS Antwerp,be,51.21633317057724,4.417398422956467,scrape,4,official,"Appelmansstraat 31, Antwerp District, 2018 Antwerp, Belgium, Appelmansstraat 31, 2018, Belgium",Antwerp,2018,102,2026-07-15,EUR,Hotel,7.9,3930,221,30,success
https://www.booking.com/hotel/be/sprl-hostellerie-la-sapiniere.en-gb.html,Hostellerie la Sapiniere,be,49.86368,4.92948,scrape,,,,,,,,,,,,6,4,partial
https://www.booking.com/hotel/be/seb-39-s-house.en-gb.html,Seb's Studio,be,50.4667015075684,4.86667013168335,scrape,,,,Namur,,,,,,,,24,5,partial
https://www.booking.com/hotel/be/nh-brusselsbloom.en-gb.html,nhow Brussels Bloom,be,50.85516771992452,4.366520941257477,scrape,4,official,"Rue Royale 250, Sint-Joost-ten-Node, 1210 Brussels, Belgium, Rue Royale 250, 1210, Belgium",Brussels,1210,99,2026-07-15,EUR,Hotel,8.6,5043,349,55,success
https://www.booking.com/hotel/be/guest-rooms-abbey-beigem.en-gb.html,B & B ABBEY,be,50.93574,4.36437,scrape,,,,,,,,,,,,3,0,partial
https://www.booking.com/hotel/be/la-cure-de-fresin.en-gb.html,Hotel Vorsen,be,50.70458289009508,5.171750066795994,scrape,3,official,"32 Hoogstraat, 3890 Gingelom, Belgium, 32 Hoogstraat, 3890, Belgium",Gingelom,3890,150,2026-07-15,EUR,Hotel,8.7,278,10,0,success
https://www.booking.com/hotel/be/hof-van-spanje.en-gb.html,Hof Van Spanje,be,51.055930609552384,3.7267849699405815,scrape,4,quality,"16 Kammerstraat, Binnenstad, 9000 Ghent, Belgium, 16 Kammerstraat, 9000, Belgium",Ghent,9000,,,,Hotel,9.4,278,24,0,partial
https://www.booking.com/hotel/be/sunny-apartment-direct-access-beach-blankenberge.en-gb.html,Charming Apartment direct access beach Blankenberge,be,51.3159385,3.1265562,scrape,4,quality,"Zeedijk, 8370 Blankenberge, Belgium, Zeedijk, 8370, Belgium",Blankenberge,8370,,,,Hotel,9.2,26,3,0,partial
https://www.booking.com/hotel/be/adagio-access-brussels-delta.en-gb.html,Adagio access Brussels Delta,be,50.8161147,4.3981092,scrape,3,official,"Boulevard Du Triomphe 207, Oudergem / Auderghem, 1160 Brussels, Belgium, Boulevard Du Triomphe 207, 1160, Belgium",Brussels,1160,124,2026-07-15,EUR,Hotel,8.4,4100,17,2,success
https://www.booking.com/hotel/be/charl-s.en-gb.html,Charl's,be,51.32492323661888,3.3005332946777344,scrape,4,quality,"Kalvekeetdijk 137, Westkapelle, 8300 Knokke-Heist, Belgium, Kalvekeetdijk 137, 8300, Belgium",Knokke-Heist,8300,245,2026-07-15,EUR,Hotel,8.7,286,9,2,success
https://www.booking.com/hotel/be/b-b-hollywood.en-gb.html,Guesthouse Vakantie Logies Hollywood,be,51.2046282009164,3.2186011970043182,scrape,3,quality,"'t Zand 24, Historic Centre of Brugge, 8000 Bruges, Belgium, 't Zand 24, 8000, Belgium",Bruges,8000,85,2026-07-29,EUR,Hotel,7.0,397,11,0,success
https://www.booking.com/hotel/be/pastorievanmerkem.en-gb.html,B&B Pastorie van Merkem,be,50.95562379009169,2.849307954311371,scrape,4,quality,"Westbroekstraat 5, 8650 Merkem, Belgium, Westbroekstraat 5, 8650, Belgium",Merkem,8650,,,,Hotel,9.1,231,13,0,partial
https://www.booking.com/hotel/be/csar-guest-house.en-gb.html,Csar Private Guesthouse,be,51.208911604466,3.2242740271613,scrape,,,,Bruges,,,,,,,,12,0,partial
https://www.booking.com/hotel/be/cep-maisonnette.en-gb.html,CEP MAISONNETTE,be,50.848033108301,4.353455895701,scrape,4,quality,"5 Impasse des Boeufs, 1000 Brussels, Belgium, 5 Impasse des Boeufs, 1000, Belgium",Brussels,1000,,,,Hotel,8.1,123,4,0,partial
https://www.booking.com/hotel/be/bed-breakfast-im-s-wim-s.en-gb.html,B&B Montenakerhof,be,50.823325777770286,5.646017789840698,scrape,3,quality,"Keelstraat 4, 3770 Riemst, Belgium, Keelstraat 4, 3770, Belgium",Riemst,3770,176,2026-07-15,EUR,Hotel,8.9,300,19,1,success
https://www.booking.com/hotel/be/trilogie.en-gb.html,Aparthotel Trilogie,be,50.782582636430064,2.830352783203125,scrape,4,quality,"Reningelststraat 23-25-27, 8956 Kemmel, Belgium, Reningelststraat 23-25-27, 8956, Belgium",Kemmel,8956,,,,Hotel,8.1,49,24,0,partial
https://www.booking.com/hotel/be/la-petite-boutique-d-flat.en-gb.html,"D#Flat, 1bd apartment with garden",be,50.817978,4.352703,scrape,4,quality,"Rue Franz Merjay, Elsene / Ixelles, 1050 Brussels, Belgium, Rue Franz Merjay, 1050, Belgium",Brussels,1050,,,,Hotel,9.3,44,16,3,partial
https://www.booking.com/hotel/be/mercure-antwerp-city-south.en-gb.html,Mercure Antwerp City South,be,51.19461293210657,4.406009763479233,scrape,4,official,"Desguinlei 94, Antwerp District, 2018 Antwerp, Belgium, Desguinlei 94, 2018, Belgium",Antwerp,2018,140,2026-07-15,EUR,Hotel,7.4,1791,73,12,success
https://www.booking.com/hotel/be/staark.en-gb.html,Staark1,be,51.2211799621582,4.3996753692627,scrape,,,,Antwerp,,,,,,,,12,0,partial
https://www.booking.com/hotel/be/b-amp-b-de-nootelaer.en-gb.html,B&B De Nootelaer,be,50.9333000183105,4.13332986831665,scrape,,,,,,,,,,,,22,0,partial
https://www.booking.com/hotel/be/vakantiewoning-wanderlust.en-gb.html,Vakantiewoning Wanderlust,be,50.9937949186651,2.65091390762632,scrape,4,official,"Izenbergestraat 93, 8691 Alveringem, Belgium, Izenbergestraat 93, 8691, Belgium",Alveringem,8691,,,,Hotel,9.2,27,12,0,partial
https://www.booking.com/hotel/be/le-gite-martin.en-gb.html,Le gîte Martin,be,50.274072,4.9552487,scrape,3,quality,"Val de Chession, 35, 5500 Dinant, Belgium, Val de Chession, 35, 5500, Belgium",Dinant,5500,,,,Hotel,9.5,62,3,0,partial
https://www.booking.com/hotel/be/luxury-3-bedroom-apartment.en-gb.html,Luxury 3 bedroom Apartment,be,50.41203,4.44362,scrape,,,,Charleroi,,,,,,,,7,4,partial
https://www.booking.com/hotel/be/memlinc-palace.en-gb.html,The Memlinc,be,51.346707,3.288335,scrape,,,,,,,,,,,,24,11,partial
https://www.booking.com/hotel/be/chambres-d-39-o.en-gb.html,B&B Chambres d'O,be,51.2215606,2.9103721999999834,scrape,3,quality,"Plantenstraat 18, Oostende Centre, 8400 Ostend, Belgium, Plantenstraat 18, 8400, Belgium",Ostend,8400,,,,Hotel,9.2,217,18,0,partial
https://www.booking.com/hotel/by/crowne-plaza-minsk.en-gb.html,"Crowne Plaza - Minsk, an IHG Hotel",by,53.90234,27.5619,scrape,,,,Minsk,,,,,,,,25,6,partial
https://www.booking.com/hotel/be/residentie-westdiep-dominique.en-gb.html,Nieuwpoortnachten res. Westdiep Dominique,be,51.14546892388,2.708825359525,scrape,4,quality,"Vlaanderenstraat 4 bus 0202, 8620 Nieuwpoort, Belgium, Vlaanderenstraat 4 bus 0202, 8620, Belgium",Nieuwpoort,0202,,,,Hotel,9.7,65,3,0,partial
https://www.booking.com/hotel/be/werner-aerts-private-house.en-gb.html,Private House,be,51.31495426312308,3.127807080745697,scrape,4,quality,"Bakkersstraat 32, 8370 Blankenberge, Belgium, Bakkersstraat 32, 8370, Belgium",Blankenberge,8370,,,,Hotel,9.3,81,5,0,partial
https://www.booking.com/hotel/be/casa-di-marco.en-gb.html,CASA DI MARCO,be,51.209408590136,4.459513713499,scrape,,,"Herentalsebaan 142, Deurne, 2100 Antwerp, Belgium, Herentalsebaan 142, 2100, Belgium",Antwerp,2100,81,2026-07-15,EUR,Hotel,4.6,101,3,3,success
https://www.booking.com/hotel/be/radisson-blu-bruges.en-gb.html,"Radisson Blu Hotel, Bruges",be,51.195394,3.220363,scrape,4,official,"Frank Van Ackerpromenade 17, Sint-Michiels, 8000 Bruges, Belgium, Frank Van Ackerpromenade 17, 8000, Belgium",Bruges,8000,211,2026-07-15,EUR,Hotel,8.2,3288,156,7,success
https://www.booking.com/hotel/be/kind-of-oj.en-gb.html,Kind Of OJ,be,51.208911604466,3.2242740271613,scrape,,,,Bruges,,,,,,,,24,1,partial
https://www.booking.com/hotel/be/park-inn-by-radisson-antwerp-berchem.en-gb.html,Park Inn by Radisson Antwerp Berchem,be,51.200074154176406,4.43422026948928,scrape,4,official,"Borsbeeksebrug 34,  2600, Berchem, 2600 Antwerp, Belgium, Borsbeeksebrug 34,  2600, 2600, Belgium",Antwerp,2600,111,2026-07-15,EUR,Hotel,8.6,3342,53,3,success
https://www.booking.com/hotel/be/villa-select.en-gb.html,Hotel Villa Select,be,51.10363815204838,2.5916415452957153,scrape,4,official,"Walckierstraat 7, 8660 De Panne, Belgium, Walckierstraat 7, 8660, Belgium",De Panne,8660,336,2026-07-15,EUR,Hotel,9.0,290,24,2,success
https://www.booking.com/hotel/be/de-waterkriek.en-gb.html,De Waterkriek,be,50.8079949,5.3308869,scrape,4,quality,"2 Kuttekovenstraat, 3840 Borgloon, Belgium, 2 Kuttekovenstraat, 3840, Belgium",Borgloon,3840,,,,Hotel,9.1,12,3,0,partial
https://www.booking.com/hotel/be/holiday-village-knokke.en-gb.html,Holiday Village Knokke,be,51.33594082881104,3.2888753831894064,scrape,2,official,"Natiënlaan 70, Westkapelle, 8300 Knokke-Heist, Belgium, Natiënlaan 70, 8300, Belgium",Knokke-Heist,8300,,,,Hotel,8.7,401,31,1,partial
https://www.booking.com/hotel/be/citadines-apart-bruxelles-sainte-catherine.en-gb.html,Citadines Sainte Catherine Brussels,be,50.852912279637934,4.347779676318169,scrape,3,official,"51, quai au Bois à Brûler, 1000 Brussels, Belgium, 51, quai au Bois à Brûler, 1000, Belgium",Brussels,1000,103,2026-07-15,EUR,Hotel,8.2,6601,147,23,success
https://www.booking.com/hotel/be/quai-de-rome.en-gb.html,Quai De Rome,be,50.64514,5.57342,scrape,,,,Liège,,,,,,,,9,0,partial
https://www.booking.com/hotel/be/chez-eux-2-bouillon.en-gb.html,Chez Elena & Filipp B,be,49.79498,5.06725,scrape,,,,,,,,,,,,4,0,partial
https://www.booking.com/hotel/be/b-amp-b-lebruissement.en-gb.html,B&B Le bruissement,be,49.8983951,4.96947980000004,scrape,3,quality,"La Nowe 16, 5555 Bièvre, Belgium, La Nowe 16, 5555, Belgium",Bièvre,5555,,,,Hotel,8.7,57,8,1,partial
https://www.booking.com/hotel/be/wetterdelle.en-gb.html,Wetterdelle,be,50.7358918097632,5.29388695029718,scrape,3,quality,"Opheersstraat 89, 3870 Heers, Belgium, Opheersstraat 89, 3870, Belgium",Heers,3870,,,,Hotel,9.0,73,4,0,partial
https://www.booking.com/hotel/be/b-amp-b-pierre-marie.en-gb.html,B&B Pierre-Marie,be,51.05320402348799,2.9613359865081748,scrape,4,quality,"Vladslostraat 1, 8680 Bovekerke, Belgium, Vladslostraat 1, 8680, Belgium",Bovekerke,8680,,,,Hotel,9.1,103,3,0,partial
https://www.booking.com/hotel/be/kasteelhof-van-loppem.en-gb.html,Kasteelhof van Loppem,be,51.15575,3.19555,scrape,,,,,,,,,,,,24,0,partial
https://www.booking.com/hotel/be/kaai-16.en-gb.html,B&B Kaai 16,be,50.7368,4.23285,scrape,,,,,,,,,,,,13,0,partial
https://www.booking.com/hotel/be/ilot-sacre-d14.en-gb.html,Ilot Sacre Apartments,be,,,,,,,,,,,,,,,24,0,failed
https://www.booking.com/hotel/be/auberge-de-la-lesse-celles.en-gb.html,Auberge de la Lesse,be,50.21087310361186,4.965363531074445,scrape,3,official,"gare de gendron 1, 5561 Celles, Belgium, gare de gendron 1, 5561, Belgium",Celles,5561,122,2026-07-15,EUR,Hotel,8.5,269,24,4,success
https://www.booking.com/hotel/be/l-acqua-rossa.en-gb.html,Race & Rooms,be,50.45428673737251,5.952556729316711,scrape,,,"Impasse Charles Bordet 2 4970 Francorchamps, 4970 Francorchamps, Belgium, Impasse Charles Bordet 2 4970 Francorchamps, 4970, Belgium",Francorchamps,4970,460,2026-07-15,EUR,Hotel,8.4,137,24,3,success
https://www.booking.com/hotel/be/la-maison-de-nathalie.en-gb.html,La Maison de Nathalie,be,51.208911604466,3.2242740271613,scrape,,,,Bruges,,,,,,,,24,0,partial
https://www.booking.com/hotel/be/britannia.en-gb.html,Hotel Britannia,be,51.34850186805567,3.293326199054718,scrape,4,official,"Elizabetlaan 85, Knokke, 8300 Knokke-Heist, Belgium, Elizabetlaan 85, 8300, Belgium",Knokke-Heist,8300,,,,Hotel,9.1,572,24,2,partial
https://www.booking.com/hotel/be/poppy.en-gb.html,Poppy vakantiekamers,be,51.10642,2.65002,scrape,,,,,,,,,,,,10,0,partial
https://www.booking.com/hotel/be/gastenverblijf-chambre-damis.en-gb.html,Gastenverblijf Chambre dAmis,be,50.76288361112277,5.377401101713537,scrape,4,quality,"Langstraat 30, 3870 Heers, Belgium, Langstraat 30, 3870, Belgium",Heers,3870,,,,Hotel,9.7,106,5,0,partial
https://www.booking.com/hotel/be/old-tom.en-gb.html,Hotel Old Tom,be,50.8499984741211,2.88333010673523,scrape,,,,,,,,,,,,48,18,partial
https://www.booking.com/hotel/be/begijnhofcongreshotel.en-gb.html,Begijnhof Hotel,be,50.870983215922266,4.695711135864258,scrape,4,official,"Tervuursevest 70, 3000 Leuven, Belgium, Tervuursevest 70, 3000, Belgium",Leuven,3000,129,2026-07-22,EUR,Hotel,8.6,2448,76,4,success
https://www.booking.com/hotel/be/plazahotel.en-gb.html,The Plaza Hotel Antwerp,be,51.20778829820354,4.419516026973724,scrape,4,official,"Charlottalei 49, Antwerp District, 2018 Antwerp, Belgium, Charlottalei 49, 2018, Belgium",Antwerp,2018,124,2026-07-15,EUR,Hotel,8.0,3944,96,11,success
https://www.booking.com/hotel/be/duplex.en-gb.html,Duplex,be,51.10524600764603,2.598615900000027,scrape,3,quality,"Nieuwpoortlaan 56, 8660 De Panne, Belgium, Nieuwpoortlaan 56, 8660, Belgium",De Panne,8660,,,,Hotel,8.3,71,6,1,partial
https://www.booking.com/hotel/be/renaissance-brussels.en-gb.html,Renaissance Brussels Hotel,be,50.83806717018711,4.371776729822159,scrape,4,official,"Rue Parnasse 19, Elsene / Ixelles, 1050 Brussels, Belgium, Rue Parnasse 19, 1050, Belgium",Brussels,1050,162,2026-07-15,EUR,Hotel,8.0,1425,123,16,success
https://www.booking.com/hotel/be/vip-67.en-gb.html,VIP 67,be,50.620496443851856,6.042317053220891,scrape,3,quality,"67 Schilsweg, 4700 Eupen, Belgium, 67 Schilsweg, 4700, Belgium",Eupen,4700,91,2026-07-15,EUR,Hotel,8.9,314,20,0,success
https://www.booking.com/hotel/be/louisehotel.en-gb.html,Hotel Made In Louise,be,50.82914182708241,4.3578969687223434,scrape,3,official,"Rue Veydt 40, Elsene / Ixelles, 1050 Brussels, Belgium, Rue Veydt 40, 1050, Belgium",Brussels,1050,162,2026-07-15,EUR,Hotel,9.1,2034,124,3,success
https://www.booking.com/hotel/be/suite-amp-b-by-hofke-van-bazel.en-gb.html,Suite & B by Hofke van Bazel,be,51.1470828,4.30023310000001,scrape,4,quality,"Koningin Astridplein 10, 9150 Bazel, Belgium, Koningin Astridplein 10, 9150, Belgium",Bazel,9150,239,2026-07-15,EUR,Hotel,8.8,40,2,0,success
https://www.booking.com/hotel/be/entre-roche-amp-meuse.en-gb.html,Entre Roche & Meuse,be,50.2126461,4.86976649999997,scrape,4,quality,"Rue de Meuse 10, 5540 Hastière-par-delà, Belgium, Rue de Meuse 10, 5540, Belgium",Hastière-par-delà,5540,,,,Hotel,8.3,121,5,0,partial
https://www.booking.com/hotel/be/hotelputjebrugge.en-gb.html,Hotel 't Putje,be,51.204191265325285,3.2189807295799255,scrape,3,quality,"'t Zand 31, Historic Centre of Brugge, 8000 Bruges, Belgium, 't Zand 31, 8000, Belgium",Bruges,8000,139,2026-07-15,EUR,Hotel,7.4,2990,224,42,success
https://www.booking.com/hotel/be/la-porte-cochere.en-gb.html,B&B La Porte Cochère,be,50.849474724673556,2.883015275001526,scrape,3,quality,"Patersstraat 22, 8900 Ypres, Belgium, Patersstraat 22, 8900, Belgium",Ypres,8900,,,,Hotel,9.7,148,49,0,partial
https://www.booking.com/hotel/be/violet-b-amp-b-suites.en-gb.html,Violet Suites,be,51.046613,3.734238,scrape,4,quality,"Lange Violettestraat 94 A, Binnenstad, 9000 Ghent, Belgium, Lange Violettestraat 94 A, 9000, Belgium",Ghent,9000,116,2026-07-15,EUR,Hotel,9.0,275,17,0,success
https://www.booking.com/hotel/be/hotelvaneyckmaaseik.en-gb.html,Hotel Van Eyck,be,51.09472,5.79173,scrape,,,,,,,,,,,,24,3,partial
https://www.booking.com/hotel/be/albert-moliere.en-gb.html,Albert Molière,be,50.8175507,4.34655399999997,scrape,3,quality,"Avenue Albert 168, Vorst / Forest, 1190 Brussels, Belgium, Avenue Albert 168, 1190, Belgium",Brussels,1190,146,2026-07-15,EUR,Hotel,8.3,737,53,1,success
https://www.booking.com/hotel/be/b-amp-b-kudita-de-panne.en-gb.html,B&B Kudita,be,51.09883,2.59241,scrape,,,,,,,,,,,,7,0,partial
https://www.booking.com/hotel/be/b-amp-b-loft-aan-het-water.en-gb.html,Loft Aan Het Water,be,51.17524345625208,4.7903019189834595,scrape,4,quality,"Herentalse Steenweg 81b101, 2280 Grobbendonk, Belgium, Herentalse Steenweg 81b101, 2280, Belgium",Grobbendonk,2280,105,2026-07-15,EUR,Hotel,9.3,288,23,0,success
https://www.booking.com/hotel/by/royal-apartments-minsk.en-gb.html,Royal Apartments Minsk,by,53.90234,27.5619,scrape,,,,Minsk,,,,,,,,24,4,partial
https://www.booking.com/hotel/be/saint-daniel.en-gb.html,Hotel Saint Daniel,be,50.51291381459988,3.5894415686386765,scrape,3,official,"Rue Bataille 16, 7600 Péruwelz, Belgium, Rue Bataille 16, 7600, Belgium",Péruwelz,7600,103,2026-07-15,EUR,Hotel,9.0,681,24,1,success
https://www.booking.com/hotel/be/ambrosia.en-gb.html,Hotel Ambrosia,be,50.84927828530938,2.888307273387909,scrape,2,official,"D'Hondtstraat 54, 8900 Ypres, Belgium, D'Hondtstraat 54, 8900, Belgium",Ypres,8900,95,2026-07-15,EUR,Hotel,9.1,1142,99,0,success
https://www.booking.com/hotel/be/guesthouse-de-wissen.en-gb.html,Guesthouse De Wissen,be,51.023181889969,5.750128091382,scrape,4,quality,"3 Negenoordlaan, 3650 Dilsen-Stokkem, Belgium, 3 Negenoordlaan, 3650, Belgium",Dilsen-Stokkem,3650,84,2026-07-15,EUR,Hotel,8.5,274,5,0,success
https://www.booking.com/hotel/be/le-chalet-houffalize.en-gb.html,Le Chalet à Bonnerue,be,50.120958164038996,5.729274317600357,scrape,4,quality,"Bonnerue, 34, 6663 Houffalize, Belgium, Bonnerue, 34, 6663, Belgium",Houffalize,6663,,,,Hotel,9.4,82,7,0,partial
https://www.booking.com/hotel/be/kruitenberg-brugge.en-gb.html,Kruitenberg,be,51.208092,3.231991,scrape,4,quality,"Kruitenbergstraat 25, Historic Centre of Brugge, 8000 Bruges, Belgium, Kruitenbergstraat 25, 8000, Belgium",Bruges,8000,,,,Hotel,9.3,82,24,0,partial
https://www.booking.com/hotel/be/augusto.en-gb.html,B&B Augusto,be,51.211324449815,3.222780253373,scrape,4,quality,"Naaldenstraat 25, Historic Centre of Brugge, 8000 Bruges, Belgium, Naaldenstraat 25, 8000, Belgium",Bruges,8000,,,,Hotel,9.6,190,3,0,partial
https://www.booking.com/hotel/be/studio-beach.en-gb.html,Studio Beach,be,51.13039,2.75167,scrape,,,,,,,,,,,,2,0,partial
https://www.booking.com/hotel/be/b-amp-b-belgica.en-gb.html,B&B Belgica,be,51.21331005694441,3.2317326846557535,scrape,3,quality,"Korte Rijkepijndersstraat 11, Historic Centre of Brugge, 8000 Bruges, Belgium, Korte Rijkepijndersstraat 11, 8000, Belgium",Bruges,8000,,,,Hotel,9.8,33,19,0,partial
https://www.booking.com/hotel/be/dailly-studio.en-gb.html,Dailly studio,be,50.0579971585617,4.43677000701427,scrape,3,quality,"2 Rue Le-Faubourg, 5660 Dailly, Belgium, 2 Rue Le-Faubourg, 5660, Belgium",Dailly,5660,65,2026-07-22,EUR,Hotel,8.5,175,6,0,success
https://www.booking.com/hotel/be/queen-astrid.en-gb.html,Queen Astrid,be,50.8526498,2.88606249999998,scrape,4,quality,"Janseniusstraat 8, 8900 Ypres, Belgium, Janseniusstraat 8, 8900, Belgium",Ypres,8900,,,,Hotel,9.4,125,24,0,partial
https://www.booking.com/hotel/be/fevery.en-gb.html,Hotel Fevery,be,51.215264623206096,3.227284848690033,scrape,3,official,"Collaert Mansionstraat 3, Historic Centre of Brugge, 8000 Bruges, Belgium, Collaert Mansionstraat 3, 8000, Belgium",Bruges,8000,,,,Hotel,9.3,764,70,1,partial
https://www.booking.com/hotel/be/the-best-known-village-of-belgium.en-gb.html,The best known village of Belgium,be,51.04326603541415,4.323057017196668,scrape,,,"Beenhouwerstraat 32, 2870 Puurs, Belgium, Beenhouwerstraat 32, 2870, Belgium",Puurs,2870,90,2026-07-15,EUR,Hotel,6.9,111,11,4,success
https://www.booking.com/hotel/be/maris-logies.en-gb.html,B&B Maris Logies,be,50.94085449041912,5.307002663612366,scrape,4,quality,"Van Groesbeekstraat 6, 3511 Hasselt, Belgium, Van Groesbeekstraat 6, 3511, Belgium",Hasselt,3511,,,,Hotel,9.6,259,17,0,partial
https://www.booking.com/hotel/be/iles-sont-d-39-ailleurs.en-gb.html,Maison d'hôtes Îles Sont d'Ailleurs,be,50.41203,4.44362,scrape,,,,Charleroi,,,,,,,,24,0,partial
https://www.booking.com/hotel/by/east-time.en-gb.html,East Time Hotel,by,53.90234,27.5619,scrape,,,,Minsk,,,,,,,,49,0,partial
https://www.booking.com/hotel/be/duinenblik-3.en-gb.html,Duinenblik 3,be,51.14571512260206,2.7116564232787823,scrape,4,quality,"Franslaan 93 appartement 3, 8620 Nieuwpoort, Belgium, Franslaan 93 appartement 3, 8620, Belgium",Nieuwpoort,8620,,,,Hotel,8.5,31,3,0,partial
https://www.booking.com/hotel/be/chez-lola.en-gb.html,Chez Lola,be,50.1881960713504,5.576854348182678,scrape,3,quality,"Rue de Harzé, n°1, 6980 La Roche-en-Ardenne, Belgium, Rue de Harzé, n°1, 6980, Belgium",La Roche-en-Ardenne,6980,,,,Hotel,7.8,98,7,2,partial
https://www.booking.com/hotel/be/sofitelbrusselstoisondor.en-gb.html,Sofitel Brussels Le Louise,be,50.83622845617756,4.3571895360946655,scrape,5,official,"Avenue de la Toison d’Or, 40, Elsene / Ixelles, 1050 Brussels, Belgium, Avenue de la Toison d’Or, 40, 1050, Belgium",Brussels,1050,183,2026-07-15,EUR,Hotel,8.6,681,34,3,success
https://www.booking.com/hotel/be/gite-des-comagnes.en-gb.html,Gite des Comagnes,be,50.60469674674551,5.933589609539808,scrape,4,quality,"Halloux 22, 4830 Limbourg, Belgium, Halloux 22, 4830, Belgium",Limbourg,4830,,,,Hotel,9.0,23,4,0,partial
https://www.booking.com/hotel/be/corner-house.en-gb.html,Hotel Corner House,be,51.315750586627026,3.128684163093567,scrape,3,official,"Casinoplein 12/13, 8370 Blankenberge, Belgium, Casinoplein 12/13, 8370, Belgium",Blankenberge,8370,158,2026-07-15,EUR,Hotel,7.4,848,13,5,success
https://www.booking.com/hotel/be/vakantiehuis-cathedral.en-gb.html,Vakantielogies Cathedral,be,51.05470019269898,3.7299858288361065,scrape,4,quality,"Sint-Jacobsnieuwstraat 89, Binnenstad, 9000 Ghent, Belgium, Sint-Jacobsnieuwstraat 89, 9000, Belgium",Ghent,9000,,,,Hotel,8.3,521,24,3,partial
https://www.booking.com/hotel/be/repos-du-lincon.en-gb.html,Repos du Lincon,be,50.09249,5.2798,scrape,,,,,,,,,,,,6,1,partial
https://www.booking.com/hotel/be/butgenbacher-hof.en-gb.html,Hotel Bütgenbacher Hof,be,50.42627825595298,6.205371022224426,scrape,4,official,"Marktplatz 8, 4750 Butgenbach, Belgium, Marktplatz 8, 4750, Belgium",Butgenbach,4750,210,2026-07-22,EUR,Hotel,9.1,555,24,0,success
https://www.booking.com/hotel/be/b-amp-b-de-swaenhoeck.en-gb.html,B&B De Swaenhoeck,be,51.214522829837236,3.34719743038022,scrape,4,quality,"Doornstraat 21 A, 8340 Damme, Belgium, Doornstraat 21 A, 8340, Belgium",Damme,8340,,,,Hotel,9.1,64,3,0,partial
https://www.booking.com/hotel/be/roture-88.en-gb.html,Roture 88,be,50.639068,5.582294,scrape,,,"88 Rue Roture, 4020 Liège, Belgium, 88 Rue Roture, 4020, Belgium",Liège,4020,89,2026-07-15,EUR,Hotel,3.5,180,3,2,success
https://www.booking.com/hotel/be/bed-amp-breakfast-vallee-de-l-39-ourthe.en-gb.html,Bed & Breakfast Vallée de l'Ourthe,be,50.21454,5.52682,scrape,,,,,,,,,,,,9,0,partial
https://www.booking.com/hotel/be/living-in-bra-sel.en-gb.html,"B&B Living in Brûsel, Urban B&B",be,,,,,,,,,,,,,,,24,0,failed
https://www.booking.com/hotel/be/studio-filo.en-gb.html,Studio Filo,be,50.6828390711971,5.54906934499741,scrape,3,quality,"152 Rue François-Lefèbvre, 4000 Liège, Belgium, 152 Rue François-Lefèbvre, 4000, Belgium",Liège,4000,56,2026-07-15,EUR,Hotel,6.1,289,24,9,success
https://www.booking.com/hotel/by/ok-ogonek.en-gb.html,OK Ogonek,by,53.88330078125,27.9167003631592,scrape,,,,,,,,,,,,24,0,partial
https://www.booking.com/hotel/be/chalets.en-gb.html,Chalets Eureka & Bloemenduin Koksijde,be,51.110011198247605,2.634156091926574,scrape,3,quality,"Emile Clauslaan 2, 8670 Koksijde, Belgium, Emile Clauslaan 2, 8670, Belgium",Koksijde,8670,,,,Hotel,8.5,838,18,0,partial
https://www.booking.com/hotel/by/parking-quot-m1-quot.en-gb.html,"Parking ""M1""",by,54.6067008972168,30.3668994903564,scrape,,,,,,,,,,,,6,2,partial
https://www.booking.com/hotel/be/les-nuits.en-gb.html,Hotel Les Nuits,be,51.2211799621582,4.3996753692627,scrape,,,,Antwerp,,,,,,,,24,4,partial
https://www.booking.com/hotel/be/relais-godefroy.en-gb.html,Hotel Relais Godefroy,be,49.79619092802767,5.071142613887787,scrape,3,official,"Quai de la Tannerie, 5, 6830 Bouillon, Belgium, Quai de la Tannerie, 5, 6830, Belgium",Bouillon,6830,140,2026-07-15,EUR,Hotel,8.5,413,24,11,success
https://www.booking.com/hotel/be/ibis-styles-liege-guillemins.en-gb.html,ibis Styles Liege Guillemins,be,50.626309,5.56268,scrape,3,official,"Rue Des Guillemins 135, 4000 Liège, Belgium, Rue Des Guillemins 135, 4000, Belgium",Liège,4000,109,2026-07-15,EUR,Hotel,8.6,3484,49,0,success
https://www.booking.com/hotel/be/au-central-alle-sur-semois.en-gb.html,Au Central,be,49.84212,4.97268,scrape,,,,,,,,,,,,5,0,partial
https://www.booking.com/hotel/be/la-mer-et-bella.en-gb.html,La mer et Bella,be,51.2258605957031,2.91950941085815,scrape,,,,Ostend,,,,,,,,5,0,partial
https://www.booking.com/hotel/be/baelskaai-harbor-apartment.en-gb.html,Baelskaai Harbor Apartment,be,51.2258605957031,2.91950941085815,scrape,,,,Ostend,,,,,,,,9,0,partial
https://www.booking.com/hotel/be/gites-la-vue-sur-meuse.en-gb.html,Gîtes La vue sur Meuse,be,50.2648226,4.9055197,scrape,3,quality,"59Avenue Franchet d'Esperey, 5500 Dinant, Belgium, 59Avenue Franchet d'Esperey, 5500, Belgium",Dinant,5500,,,,Hotel,9.2,60,6,1,partial
https://www.booking.com/hotel/be/la-cabane-de-l-39-atelier.en-gb.html,La cabane de l'Atelier,be,50.370017,5.538117,scrape,3,quality,"numéro 31, Lagelire, 6941 Bomal, Belgium, numéro 31, Lagelire, 6941, Belgium",Bomal,6941,,,,Hotel,8.8,117,2,0,partial
https://www.booking.com/hotel/be/appartement-chez-agnes-schaerbeek1.en-gb.html,Appartement Chez Agnes,be,50.855833,4.3891357,scrape,4,quality,"61 Rue Auguste Lambiotte, Schaarbeek / Schaerbeek, 1030 Brussels, Belgium, 61 Rue Auguste Lambiotte, 1030, Belgium",Brussels,1030,,,,Hotel,8.8,120,8,0,partial
https://www.booking.com/hotel/be/hof-ter-langeleye-planke-damme.en-gb.html,Hof ter Langeleye Planke,be,51.2871788510174,3.355824102624524,scrape,3,quality,"Kaleshoek 3, 8340 Damme, Belgium, Kaleshoek 3, 8340, Belgium",Damme,8340,,,,Hotel,7.2,22,7,0,partial
https://www.booking.com/hotel/be/la-cabane-ofuro.en-gb.html,La Cabane Ofuro,be,50.216767,5.003737,scrape,,,"Lavis 4, 5561 Celles, Belgium, Lavis 4, 5561, Belgium",Celles,5561,260,2026-07-15,EUR,Hotel,8.1,13,2,0,success
https://www.booking.com/hotel/be/la-chrysalide.en-gb.html,La Chrysalide,be,49.6738185,5.600243599999999,scrape,3,official,"rue du Moulin, 30, 6740 Étalle, Belgium, rue du Moulin, 30, 6740, Belgium",Étalle,6740,100,2026-07-15,EUR,Hotel,8.6,172,15,0,success
https://www.booking.com/hotel/be/the-livorno-ixelles.en-gb.html,The Livorno,be,50.8273228,4.36151310000002,scrape,4,quality,"97A Rue de Livourne, Elsene / Ixelles, 1050 Brussels, Belgium, 97A Rue de Livourne, 1050, Belgium",Brussels,1050,390,2026-07-15,EUR,Hotel,9.3,269,5,0,success
https://www.booking.com/hotel/be/le-rusticka.en-gb.html,Le Rusticka,be,51.0991442,2.5914341,scrape,3,quality,"9 Visserslaan, 8660 De Panne, Belgium, 9 Visserslaan, 8660, Belgium",De Panne,8660,120,2026-07-29,EUR,Hotel,7.9,183,3,2,success
https://www.booking.com/hotel/be/autrefois-chez-lina.en-gb.html,Autrefois chez Lina,be,50.252704,4.91743969999993,scrape,3,quality,"68 Rue Alexandre Daoust, 5500 Dinant, Belgium, 68 Rue Alexandre Daoust, 5500, Belgium",Dinant,5500,,,,Hotel,9.4,100,20,0,partial
https://www.booking.com/hotel/be/la-chaumiere-asse.en-gb.html,Hotel La Chaumiere,be,50.8955293,4.239919500000042,scrape,3,official,"Brusselsesteenweg 400, 1730 Asse, Belgium, Brusselsesteenweg 400, 1730, Belgium",Asse,1730,65,2026-07-15,EUR,Hotel,6.4,429,24,9,success
https://www.booking.com/hotel/be/mirabeau-bruxelles.en-gb.html,Hotel Mirabeau,be,,,,,,,,,,,,,,,130,50,failed
https://www.booking.com/hotel/be/adomagent.en-gb.html,Hotel Adoma,be,51.03384130378315,3.7146610021591187,scrape,3,official,"Sint Denijslaan 19, Stationsbuurt-Zuid, 9000 Ghent, Belgium, Sint Denijslaan 19, 9000, Belgium",Ghent,9000,124,2026-07-15,EUR,Hotel,7.8,1229,64,10,success
https://www.booking.com/hotel/be/l-39-ardenne-buissoniere.en-gb.html,l'Ardenne buissonière,be,50.023362757087334,5.691264551967606,scrape,3,quality,"Hemroulle, 6600 Bastogne, Belgium, Hemroulle, 6600, Belgium",Bastogne,6600,,,,Hotel,8.1,53,24,0,partial
https://www.booking.com/hotel/be/casa-victoria.en-gb.html,CASA Victoria,be,50.956139,5.340083,scrape,4,quality,"Vilstraat 6, 3511 Kuringen, Belgium, Vilstraat 6, 3511, Belgium",Kuringen,3511,100,2026-07-29,EUR,Hotel,8.6,110,8,0,success
https://www.booking.com/hotel/be/les-dependances.en-gb.html,B&B Les Dépendances,be,50.48573307750005,4.857195999999931,scrape,3,quality,"Haut de Bomel, 14, 5003 Namur, Belgium, Haut de Bomel, 14, 5003, Belgium",Namur,5003,,,,Hotel,8.6,97,24,3,partial
https://www.booking.com/hotel/be/au-chambertin.en-gb.html,Hotel L'Esprit Sain,be,50.42589549298895,6.026314795017242,scrape,3,official,"Chemin Rue, 46, 4960 Malmedy, Belgium, Chemin Rue, 46, 4960, Belgium",Malmedy,4960,286,2026-07-15,EUR,Hotel,7.6,492,24,1,success
https://www.booking.com/hotel/be/nice-studio-center-ostend.en-gb.html,Shiny Nice studio at Ostend,be,51.2258605957031,2.91950941085815,scrape,,,,Ostend,,,,,,,,6,0,partial
https://www.booking.com/hotel/be/villa-valentine.en-gb.html,Villa-Valentine,be,50.4667015075684,4.86667013168335,scrape,,,,Namur,,,,,,,,16,0,partial
https://www.booking.com/hotel/be/eden-antwerp-by-sheetz-hotels.en-gb.html,TripInn Eden Antwerp,be,51.21543263544215,4.417509064078331,scrape,3,official,"Lange Herentalsestraat 25-27, Antwerp District, 2018 Antwerp, Belgium, Lange Herentalsestraat 25-27, 2018, Belgium",Antwerp,2018,112,2026-07-15,EUR,Hotel,7.1,2647,93,25,success
https://www.booking.com/hotel/be/ambassador-de-panne.en-gb.html,Ambassador Hotel,be,51.10114379103269,2.586459517478943,scrape,3,official,"Duinkerkelaan 43, 8660 De Panne, Belgium, Duinkerkelaan 43, 8660, Belgium",De Panne,8660,,,,Hotel,9.1,471,24,0,partial
https://www.booking.com/hotel/be/hygge.en-gb.html,Hygge Hotel,be,50.8352837132763,4.3594197975533,scrape,3,official,"31 Rue des Drapiers, Elsene / Ixelles, 1050 Brussels, Belgium, 31 Rue des Drapiers, 1050, Belgium",Brussels,1050,118,2026-07-15,EUR,Hotel,8.6,4357,299,27,success
https://www.booking.com/hotel/be/aparthotel-residentie-sweetnest.en-gb.html,Residentie Sweetnest,be,51.3490648,3.2806115999999292,scrape,3,quality,"Zonnelaan 16, Albertstrand, 8300 Knokke-Heist, Belgium, Zonnelaan 16, 8300, Belgium",Knokke-Heist,8300,,,,Hotel,7.8,58,7,2,partial
https://www.booking.com/hotel/be/le-chateau-de-rendeux.en-gb.html,Le Château de Rendeux,be,50.237605621576414,5.506124496459961,scrape,3,official,"Rue de Hotton 10, 6987 Rendeux, Belgium, Rue de Hotton 10, 6987, Belgium",Rendeux,6987,,,,Hotel,8.3,675,24,3,partial
https://www.booking.com/hotel/be/etap-antwerpen-haven.en-gb.html,ibis budget Antwerpen Port,be,51.26778224377282,4.400871992111206,scrape,1,official,"Luithagen Haven 6a, Antwerp District, 2030 Antwerp, Belgium, Luithagen Haven 6a, 2030, Belgium",Antwerp,2030,63,2026-07-15,EUR,Hotel,7.0,3668,124,37,success
https://www.booking.com/hotel/be/bungalow-bell-vue.en-gb.html,Bungalow Belle Vue & Chalet International,be,,,,,,,,,,,,,,,6,1,failed
https://www.booking.com/hotel/be/ferienhaus-lorea.en-gb.html,Ferienhaus Lorea,be,,,,,,,,,,,,,,,2,0,failed
https://www.booking.com/hotel/be/carolusmech.en-gb.html,Hotel Brouwerij Het Anker,be,,,,,,,,,,,,,,,49,4,failed
https://www.booking.com/hotel/be/au-chat-39-rme-des-blanches-pierres.en-gb.html,Au Chat'rme des Blanches Pierres,be,,,,,,,,,,,,,,,16,0,failed
https://www.booking.com/hotel/be/la-petite-louve.en-gb.html,La Petite Louve,be,,,,,,,,,,,,,,,5,0,failed
https://www.booking.com/hotel/be/van-der-valk-hotel-brussels-airport.en-gb.html,Van der Valk Hotel Brussels Airport,be,,,,,,,,,,,,,,,149,27,failed
https://www.booking.com/hotel/be/henrietta.en-gb.html,Henriëtta,be,,,,,,,,,,,,,,,11,0,failed
https://www.booking.com/hotel/be/le-relais-de-pommard.en-gb.html,Hotel Le Relais de Pommard,be,,,,,,,,,,,,,,,24,5,failed
https://www.booking.com/hotel/be/des-comtes.en-gb.html,Hotel des Comtes Durbuy,be,,,,,,,,,,,,,,,24,0,failed
https://www.booking.com/hotel/be/la-cantiniere-gerpinnes.en-gb.html,La Cantinière-Gerpinnes,be,,,,,,,,,,,,,,,3,0,failed
https://www.booking.com/hotel/be/bed-amp-breakfast-4-seasons.en-gb.html,B&B 4 Seasons,be,50.8006991,5.633994700000017,scrape,4,quality,"Waterstraat 46, 3770 Riemst, Belgium, Waterstraat 46, 3770, Belgium",Riemst,3770,130,2026-07-15,EUR,Hotel,9.7,183,12,0,success
https://www.booking.com/hotel/be/b-amp-b-de-bornedrager.en-gb.html,B&B De Bornedrager,be,,,,,,,,,,,,,,,37,0,failed
https://www.booking.com/hotel/be/hemelse-helderheid.en-gb.html,Hemelse Helderheid,be,,,,,,,,,,,,,,,11,0,failed
https://www.booking.com/hotel/be/the-city.en-gb.html,Apartment The City,be,,,,,,,,,,,,,,,10,0,failed
https://www.booking.com/hotel/be/de-buidel.en-gb.html,De Buidel,be,,,,,,,,,,,,,,,13,0,failed
https://www.booking.com/hotel/be/guest-house-la-maison-chantecler-brussels.en-gb.html,Guest house La Maison Chantecler,be,,,,,,,,,,,,,,,24,2,failed
https://www.booking.com/hotel/be/coco-mat-residence.en-gb.html,Smartflats Design - Antwerp Central,be,,,,,,,,,,,,,,,49,24,failed
https://www.booking.com/hotel/be/maison-ruthier.en-gb.html,B&B Maison Ruthier,be,,,,,,,,,,,,,,,11,1,failed
https://www.booking.com/hotel/be/maison-d-39-hotes-quot-cerf-39-titude-quot.en-gb.html,Maison d'Hôtes Cerf'titude,be,,,,,,,,,,,,,,,24,0,failed
https://www.booking.com/hotel/be/albergo.en-gb.html,Hotel Albergo,be,,,,,,,,,,,,,,,35,22,failed
https://www.booking.com/hotel/be/le-briquemont.en-gb.html,B&B Le Briquemont,be,,,,,,,,,,,,,,,10,0,failed
https://www.booking.com/hotel/be/il-etait-une-fois.en-gb.html,Il était une fois,be,,,,,,,,,,,,,,,24,0,failed
https://www.booking.com/hotel/be/la-mode-la-mode.en-gb.html,Les lofts de Styliste,be,,,,,,,,,,,,,,,21,0,failed
https://www.booking.com/hotel/be/b-h-c.en-gb.html,Hotel Continental Gare du Midi,be,,,,,,,,,,,,,,,74,29,failed
https://www.booking.com/hotel/be/hauwaertshoeve.en-gb.html,Hauwaertshoeve,be,,,,,,,,,,,,,,,8,0,failed
https://www.booking.com/hotel/be/plumes-et-pinceaux.en-gb.html,Plumes et Pinceaux,be,,,,,,,,,,,,,,,5,0,failed
https://www.booking.com/hotel/be/le-relais-du-moulin-gedinne.en-gb.html,Le Relais du Moulin,be,,,,,,,,,,,,,,,10,0,failed
https://www.booking.com/hotel/be/villa-des-roses-hasselt.en-gb.html,B&B Villa des Roses,be,,,,,,,,,,,,,,,8,0,failed
https://www.booking.com/hotel/be/de-laurier.en-gb.html,Residentie De Laurier,be,,,,,,,,,,,,,,,24,1,failed
https://www.booking.com/hotel/be/brussel-lounge.en-gb.html,Diamant Suites Brussels EU,be,,,,,,,,,,,,,,,54,7,failed
https://www.booking.com/hotel/be/au-coq-en-pate.en-gb.html,B&B Au Coq en Pate,be,,,,,,,,,,,,,,,18,0,failed
https://www.booking.com/hotel/be/quartierlatin.en-gb.html,Hotel Quartier Latin,be,,,,,,,,,,,,,,,49,1,failed
https://www.booking.com/hotel/be/europe.en-gb.html,Hotel Europe,be,,,,,,,,,,,,,,,49,10,failed
https://www.booking.com/hotel/be/huyze-ter-wilgen.en-gb.html,Huyze ter Wilgen,be,,,,,,,,,,,,,,,4,0,failed
https://www.booking.com/hotel/be/vakantiehuisje-de-vuurtoren.en-gb.html,Vakantiehuisje De Vuurtoren,be,,,,,,,,,,,,,,,2,0,failed
https://www.booking.com/hotel/be/chateau-charles-pepinster.en-gb.html,Château Charles,be,,,,,,,,,,,,,,,9,0,failed
https://www.booking.com/hotel/be/b-amp-b-oase-braunlauf.en-gb.html,B&B Oase,be,,,,,,,,,,,,,,,6,0,failed
https://www.booking.com/hotel/be/la-boheme-koksijde.en-gb.html,La Bohème Koksijde,be,,,,,,,,,,,,,,,5,0,failed
https://www.booking.com/hotel/be/bnb-intermezzo.en-gb.html,Spacious apartment - B&B InterMezzo for business & leisure,be,,,,,,,,,,,,,,,6,0,failed
https://www.booking.com/hotel/be/le-petit-gite-de-durbuy.en-gb.html,Comme à la Ferme,be,,,,,,,,,,,,,,,24,4,failed
https://www.booking.com/hotel/be/logis-hostellerie-de-la-claire-fontaine.en-gb.html,Logis Hostellerie De La Claire Fontaine,be,,,,,,,,,,,,,,,24,8,failed
https://www.booking.com/hotel/be/sauveniere-2.en-gb.html,Sauveniere 2,be,,,,,,,,,,,,,,,11,1,failed
https://www.booking.com/hotel/be/white-princess-koksijde.en-gb.html,White Princess-Yzzis,be,,,,,,,,,,,,,,,2,0,failed
https://www.booking.com/hotel/be/saint-martin.en-gb.html,Hotel Saint-Martin,be,,,,,,,,,,,,,,,11,2,failed
https://www.booking.com/hotel/be/interbellum.en-gb.html,Interbellum,be,,,,,,,,,,,,,,,35,0,failed
https://www.booking.com/hotel/be/faja-lobi.en-gb.html,B&B Faja lobi,be,,,,,,,,,,,,,,,49,1,failed
https://www.booking.com/hotel/be/groeneveld-oostende.en-gb.html,Groeneveld,be,,,,,,,,,,,,,,,5,1,failed
https://www.booking.com/hotel/be/mercure-blankenberge-station.en-gb.html,Hotel Mercure Blankenberge Station,be,,,,,,,,,,,,,,,24,1,failed
https://www.booking.com/hotel/be/campanileantwerpen.en-gb.html,Tulip Inn Antwerpen,be,,,,,,,,,,,,,,,51,18,failed
https://www.booking.com/hotel/be/acropolis-middelkerke1.en-gb.html,Acropolis,be,,,,,,,,,,,,,,,24,0,failed
https://www.booking.com/hotel/be/au-pre-bonheur.en-gb.html,Au Pré Bonheur,be,,,,,,,,,,,,,,,4,1,failed
https://www.booking.com/hotel/be/parkhotel.en-gb.html,Best Western Plus Park Hotel Brussels,be,50.84157754916729,4.396371245384216,scrape,4,official,"Avenue de l'Yser 21, Etterbeek, 1040 Brussels, Belgium, Avenue de l'Yser 21, 1040, Belgium",Brussels,1040,96,2026-07-15,EUR,Hotel,8.2,1144,94,14,success
https://www.booking.com/hotel/be/1-2-trois-le-roi.en-gb.html,"1,2,trois...Le Roi",be,51.048562706053694,3.742944225668907,scrape,4,quality,"Eendrachtstraat  82, Macharius-Heirnis, 9000 Ghent, Belgium, Eendrachtstraat  82, 9000, Belgium",Ghent,9000,,,,Hotel,9.7,41,17,0,partial
https://www.booking.com/hotel/be/de-rosmolen.en-gb.html,De Rosmolen,be,51.183351348254114,3.7462306022644043,scrape,4,quality,"Stenenmolenstraat 21, 9940 Ertvelde, Belgium, Stenenmolenstraat 21, 9940, Belgium",Ertvelde,9940,,,,Hotel,9.6,19,8,0,partial
https://www.booking.com/hotel/be/warwick-brussels.en-gb.html,Warwick Brussels - Grand Place,be,50.8451376251997,4.3544067442417145,scrape,4,official,"Rue Duquesnoy 5, 1000 Brussels, Belgium, Rue Duquesnoy 5, 1000, Belgium",Brussels,1000,199,2026-07-15,EUR,Hotel,8.5,10000,196,0,success
https://www.booking.com/hotel/be/smartflats-sablon.en-gb.html,Smartflats City - Grand Sablon,be,,,,,,,,,,,,,,,24,5,failed
https://www.booking.com/hotel/be/appartement224-grimbergen.en-gb.html,Appartement224,be,50.976502,4.389016,scrape,3,quality,"224 Kerkstraat, 1851 Grimbergen, Belgium, 224 Kerkstraat, 1851, Belgium",Grimbergen,1851,,,,Hotel,9.3,84,10,0,partial
https://www.booking.com/hotel/be/abbey.en-gb.html,Hotel ABBEY,be,50.932112876599234,4.374876323942544,scrape,4,official,"Kerkeblokstraat 5, 1850 Grimbergen, Belgium, Kerkeblokstraat 5, 1850, Belgium",Grimbergen,1850,,,,Hotel,8.1,217,24,4,partial
https://www.booking.com/hotel/be/villa-d-39-este-de-haan5.en-gb.html,Villa D'este,be,51.27164646319839,3.0343146220901644,scrape,4,quality,"August Beernaertstraat 3, 8420 De Haan, Belgium, August Beernaertstraat 3, 8420, Belgium",De Haan,8420,198,2026-07-29,EUR,Hotel,8.2,81,10,2,success
https://www.booking.com/hotel/be/lavan.en-gb.html,Lavan,be,50.86858635017385,4.677654504776001,scrape,3,official,"Celestijnenlaan 60, 3001 Leuven, Belgium, Celestijnenlaan 60, 3001, Belgium",Leuven,3001,,,,Hotel,8.8,230,24,0,partial
https://www.booking.com/hotel/be/het-zummerheem.en-gb.html,B&B Het Zummerheem,be,50.9291000366211,5.33747005462646,scrape,,,,,,,,,,,,24,0,partial
https://www.booking.com/hotel/be/domein-rodin.en-gb.html,B&B Domein Rodin,be,51.3026203813096,5.03022417426109,scrape,4,quality,"Rhoode 52, 2360 Oud-Turnhout, Belgium, Rhoode 52, 2360, Belgium",Oud-Turnhout,2360,214,2026-07-15,EUR,Hotel,9.6,179,19,0,success
https://www.booking.com/hotel/be/hoursinne.en-gb.html,L'Hoursinne,be,50.32185916399031,5.62511533498764,scrape,4,quality,"Grande Hoursinne 23, 6997 Érezée, Belgium, Grande Hoursinne 23, 6997, Belgium",Érezée,6997,,,,Hotel,9.1,29,11,0,partial
https://www.booking.com/hotel/be/oudhuisamsterdam.en-gb.html,Martin's Relais,be,51.21196809911488,3.2268208265304565,scrape,4,official,"Genthof 4, Historic Centre of Brugge, 8000 Bruges, Belgium, Genthof 4, 8000, Belgium",Bruges,8000,130,2026-07-15,EUR,Hotel,8.7,2428,171,0,success
https://www.booking.com/hotel/be/sint-maartenshousing.en-gb.html,Boutique Hotel Leuvenatel,be,50.8827250585027,4.70748470157469,scrape,5,official,"Ierse Predikherenstraat 24, 3000 Leuven, Belgium, Ierse Predikherenstraat 24, 3000, Belgium",Leuven,3000,,,,Hotel,8.8,249,39,1,partial
https://www.booking.com/hotel/be/bwmelba.en-gb.html,Hotel Melba,be,50.0000329520726,5.71164608001709,scrape,4,official,"Avenue Mathieu, 49-51, 6600 Bastogne, Belgium, Avenue Mathieu, 49-51, 6600, Belgium",Bastogne,6600,164,2026-07-15,EUR,Hotel,8.7,1951,98,0,success
https://www.booking.com/hotel/be/the-pearl.en-gb.html,The Pearl,be,51.054058,3.724579,scrape,,,,Ghent,,,,,,,,2,0,partial
https://www.booking.com/hotel/be/b-amp-b-duplex-appartment-in-old-mansion.en-gb.html,B&B Duplex appartment in old mansion,be,50.925456,5.338937,scrape,4,quality,"41 Toekomststraat, 3500 Hasselt, Belgium, 41 Toekomststraat, 3500, Belgium",Hasselt,3500,199,2026-07-15,EUR,Hotel,9.1,68,12,0,success
https://www.booking.com/hotel/be/auberge-de-jeunesse-de-lia-ge.en-gb.html,Liège Youth Hostel,be,50.64158052523824,5.584297478199005,scrape,,,"Rue Georges Simenon, 2, 4020 Liège, Belgium, Rue Georges Simenon, 2, 4020, Belgium",Liège,4020,58,2026-07-15,EUR,Hotel,8.1,2322,37,1,success
https://www.booking.com/hotel/be/class-eco-namur.en-gb.html,Hotel Class'Eco Namur,be,50.49461274649624,4.800481349120673,scrape,1,official,"12 Nouvelle Route de Suarlée, 5020 Namur, Belgium, 12 Nouvelle Route de Suarlée, 5020, Belgium",Namur,5020,54,2026-07-15,EUR,Hotel,6.1,960,35,15,success
https://www.booking.com/hotel/be/adagio-access-bruxelles-europe.en-gb.html,Aparthotel Adagio Access Bruxelles Europe Aparthotel,be,50.84190274340808,4.369479417800903,scrape,4,quality,"Rue De l'Industrie 12, 1000 Brussels, Belgium, Rue De l'Industrie 12, 1000, Belgium",Brussels,1000,167,2026-07-15,EUR,Hotel,8.5,3091,172,18,success
https://www.booking.com/hotel/be/appartement-met-zeezicht-en-zwembad.en-gb.html,"Apartment ""Zeezicht""",be,51.219387160407,2.88494212065427,scrape,4,quality,"161 Zeedijk Residentie Zeezicht VII, appartement 504, Mariakerke, 8400 Ostend, Belgium, 161 Zeedijk Residentie Zeezicht VII, appartement 504, 8400, Belgium",Ostend,8400,,,,Hotel,9.1,147,4,0,partial
https://www.booking.com/hotel/be/gite-dardenne.en-gb.html,Gite Dardenne,be,49.9093682066168,5.20310536958277,scrape,3,quality,"14 Rue de Burtimpré, 6880 Bertrix, Belgium, 14 Rue de Burtimpré, 6880, Belgium",Bertrix,6880,,,,Hotel,8.6,58,5,0,partial
https://www.booking.com/hotel/be/le-coin-vert-brugge8.en-gb.html,Le Coin Vert,be,51.194577563581745,3.210033322684467,scrape,4,quality,"Ten Hove 2, Sint-Michiels, 8200 Bruges, Belgium, Ten Hove 2, 8200, Belgium",Bruges,8200,,,,Hotel,9.0,74,19,2,partial
https://www.booking.com/hotel/be/bed-and-breakfast-sablon-antwerp-antwerpen.en-gb.html,B&B Sablon Antwerp,be,51.218992724532214,4.396272129447766,scrape,4,quality,"Zand, Antwerp District, 2000 Antwerp, Belgium, Zand, 2000, Belgium",Antwerp,2000,156,2026-07-15,EUR,Hotel,8.4,263,21,1,success
https://www.booking.com/hotel/be/une-parenthese-en-ardenne.en-gb.html,Une parenthèse en Ardenne,be,49.863114440315684,5.111229141312833,scrape,4,quality,"2 rue St-hubert, 6851 Nollevaux, Belgium, 2 rue St-hubert, 6851, Belgium",Nollevaux,6851,,,,Hotel,9.2,57,3,1,partial
https://www.booking.com/hotel/be/koeckhofs.en-gb.html,Hotel Koeckhofs,be,51.25484,5.48022,scrape,,,,,,,,,,,,13,0,partial
https://www.booking.com/hotel/by/tourist.en-gb.html,Tourist Hotel,by,53.87577447726764,27.62790620326996,scrape,3,official,"Partizanskiy Prospect 81, 220026 Minsk, Belarus, Partizanskiy Prospect 81, 220026, Belarus",Minsk,,,,,Hotel,,,24,7,partial
https://www.booking.com/hotel/be/tourist-antwerpen.en-gb.html,Century Hotel Antwerpen Centrum,be,51.216430615487255,4.420444071292877,scrape,2,official,"Pelikaanstraat 20, Antwerp District, 2018 Antwerp, Belgium, Pelikaanstraat 20, 2018, Belgium",Antwerp,2018,73,2026-07-15,EUR,Hotel,6.8,5245,146,51,success
https://www.booking.com/hotel/be/ferme-st-martin.en-gb.html,ferme st martin,be,50.281253,5.715017,scrape,3,quality,"18 rue saint-martin, 6960 Manhay, Belgium, 18 rue saint-martin, 6960, Belgium",Manhay,6960,87,2026-07-15,EUR,Hotel,8.6,550,24,3,success
https://www.booking.com/hotel/be/hildegarden.en-gb.html,B&B Hildegarden,be,51.27504998909361,4.870888888835907,scrape,4,quality,"Meikloklaan 26, 2275 Gierle, Belgium, Meikloklaan 26, 2275, Belgium",Gierle,2275,118,2026-07-22,EUR,Hotel,9.6,332,24,0,success
https://www.booking.com/hotel/be/huis-matthias.en-gb.html,Les Maisons de la Mer,be,51.2258605957031,2.91950941085815,scrape,,,,Ostend,,,,,,,,5,0,partial
https://www.booking.com/hotel/be/b-aparthotels-regent.en-gb.html,B-aparthotel Regent,be,50.848795650599925,4.368802160024643,scrape,4,official,"Boulevard Du Regent 58, 1000 Brussels, Belgium, Boulevard Du Regent 58, 1000, Belgium",Brussels,1000,153,2026-07-15,EUR,Hotel,7.7,1211,52,13,success
https://www.booking.com/hotel/be/villa-reynaert.en-gb.html,B&B Villa Reynaert,be,51.06894,5.6548,scrape,,,,,,,,,,,,13,0,partial
https://www.booking.com/hotel/be/de-kiezel.en-gb.html,De kiezel,be,50.929591,5.37438,scrape,4,quality,"71 Kiezelstraat, 3500 Hasselt, Belgium, 71 Kiezelstraat, 3500, Belgium",Hasselt,3500,154,2026-07-15,EUR,Hotel,9.0,240,5,0,success
https://www.booking.com/hotel/be/smartflats-meir.en-gb.html,Smartflats Design - Meir,be,51.2211799621582,4.3996753692627,scrape,,,,Antwerp,,,,,,,,24,10,partial
https://www.booking.com/hotel/be/domiys-l-39-ecrin-vert-oudergem.en-gb.html,DOMITYS L'Ecrin Vert,be,50.815886,4.428115,scrape,,,"7 Jacques Bassemstraat, Oudergem / Auderghem, 1160 Brussels, Belgium, 7 Jacques Bassemstraat, 1160, Belgium",Brussels,1160,,,,Hotel,,,24,0,partial
https://www.booking.com/hotel/be/f1-resort-grand-prix-spa-francorchamps.en-gb.html,Grand Prix Resort - Spa-Francorchamps,be,50.45316,5.95283,scrape,,,,,,,,,,,,17,0,partial
https://www.booking.com/hotel/be/au-calme.en-gb.html,Au calme,be,50.502493,5.231452,scrape,,,"8 Sur les Bruyères, 4570 Marchin, Belgium, 8 Sur les Bruyères, 4570, Belgium",Marchin,4570,62,2026-07-29,EUR,Hotel,8.1,119,8,0,success
https://www.booking.com/hotel/be/anna-penthouse.en-gb.html,Anna Penthouse,be,51.0599115,3.7250162,scrape,4,quality,"20 Sluizeken, Sluizeken-Tolhuis-Ham, 9000 Ghent, Belgium, 20 Sluizeken, 9000, Belgium",Ghent,9000,,,,Hotel,8.3,218,12,0,partial
https://www.booking.com/hotel/be/ducongres.en-gb.html,Hotel Du Congres,be,50.84941037393845,4.367267936468124,scrape,3,official,"42, Rue Du Congres, 1000 Brussels, Belgium, 42, Rue Du Congres, 1000, Belgium",Brussels,1000,100,2026-07-15,EUR,Hotel,8.4,4449,104,17,success
https://www.booking.com/hotel/be/loft-d-isa.en-gb.html,loft d Isa avec wifi netflix,be,50.40285,5.07762,scrape,,,,,,,,,,,,3,0,partial
https://www.booking.com/hotel/be/strandhotel-de-haan.en-gb.html,Strandhotel De Haan,be,51.27796885014071,3.0298152565956116,scrape,2,official,"Zeedijk - De Haan 19, 8420 De Haan, Belgium, Zeedijk - De Haan 19, 8420, Belgium",De Haan,8420,,,,Hotel,8.1,610,24,3,partial
https://www.booking.com/hotel/be/glorious-central-antwerp-apartment-view.en-gb.html,Cosy apartment - 5-Star Location !,be,51.2141193,4.4095797,scrape,3,quality,"4 Nieuwstad, Antwerp District, 2000 Antwerp, Belgium, 4 Nieuwstad, 2000, Belgium",Antwerp,2000,,,,Hotel,8.2,20,9,3,partial
https://www.booking.com/hotel/be/het-kleine-paradijs.en-gb.html,Het kleine paradijs,be,51.2417652,3.345146,scrape,4,official,"Belle Maertensstraat 43 2de verdiep, 8340 Damme, Belgium, Belle Maertensstraat 43 2de verdiep, 8340, Belgium",Damme,8340,,,,Hotel,8.2,8,9,0,partial
https://www.booking.com/hotel/be/16-grote-markt.en-gb.html,Antwerp old town triplex apartment,be,51.220822821246,4.399832634393,scrape,4,quality,"16 Grote Markt, Antwerp District, 2000 Antwerp, Belgium, 16 Grote Markt, 2000, Belgium",Antwerp,2000,,,,Hotel,9.3,79,7,0,partial
https://www.booking.com/hotel/be/studio-eveux.en-gb.html,Studio Eveux,be,50.175390676554,5.590962646214,scrape,3,quality,"Chemin des Eveux 5, 6980 La Roche-en-Ardenne, Belgium, Chemin des Eveux 5, 6980, Belgium",La Roche-en-Ardenne,6980,,,,Hotel,9.1,80,5,0,partial
https://www.booking.com/hotel/be/cityloft-eilandje.en-gb.html,CityLoft Eilandje,be,51.2211799621582,4.3996753692627,scrape,,,,Antwerp,,,,,,,,24,2,partial
https://www.booking.com/hotel/be/de-zonnetuin.en-gb.html,De Zonnetuin,be,51.271869,3.033805,scrape,4,quality,"11 Stationsstraat, 8420 De Haan, Belgium, 11 Stationsstraat, 8420, Belgium",De Haan,8420,,,,Hotel,8.5,199,8,0,partial
https://www.booking.com/hotel/be/majestic-apartment-with-breathtaking-sea-view.en-gb.html,Majestic Apartment With Breathtaking Sea View,be,51.2761459350586,3.03003787994385,scrape,,,,,,,,,,,,2,0,partial
https://www.booking.com/hotel/be/bel-appartement-entre-l-39-atomium-et-le-centre-ville.en-gb.html,Charmant studio entre l'atomium et le centre ville,be,,,,,,,,,,,,,,,7,1,failed
https://www.booking.com/hotel/be/amigo.en-gb.html,Rocco Forte Hotel Amigo,be,50.846097884632,4.351387917995453,scrape,5,official,"Rue de l'Amigo 1-3, 1000 Brussels, Belgium, Rue de l'Amigo 1-3, 1000, Belgium",Brussels,1000,442,2026-07-15,EUR,Hotel,9.4,666,80,0,success
https://www.booking.com/hotel/be/european-institutions-apartments.en-gb.html,European institutions apartments,be,,,,,,,,,,,,,,,49,5,failed
https://www.booking.com/hotel/be/les-lucioles.en-gb.html,Les Lucioles,be,50.4532776625099,5.95879236236215,scrape,3,quality,"Route de Ster 6, 4970 Francorchamps, Belgium, Route de Ster 6, 4970, Belgium",Francorchamps,4970,,,,Hotel,9.7,134,24,0,partial
https://www.booking.com/hotel/be/al-mulino.en-gb.html,Hotel AL Mulino,be,50.93895644726851,5.703379511833191,scrape,4,official,"Molenveldstraat 7, 3631 Maasmechelen, Belgium, Molenveldstraat 7, 3631, Belgium",Maasmechelen,3631,120,2026-07-15,EUR,Hotel,8.5,496,24,2,success
https://www.booking.com/hotel/be/commerce.en-gb.html,Hotel du Commerce,be,50.13225902152051,5.790387690067291,scrape,4,official,"Rue du Pont 10, 6660 Houffalize, Belgium, Rue du Pont 10, 6660, Belgium",Houffalize,6660,160,2026-07-15,EUR,Hotel,8.6,1223,49,2,success
https://www.booking.com/hotel/be/sauveniere-1.en-gb.html,Sauvenière 1,be,50.64514,5.57342,scrape,,,,Liège,,,,,,,,18,2,partial
https://www.booking.com/hotel/be/appartement-seaview-bunnenplein.en-gb.html,Appartement Seaview Bunnenplein,be,51.352545,3.28958,scrape,4,quality,"Van Bunnenplein 30- 53c, Knokke, 8300 Knokke-Heist, Belgium, Van Bunnenplein 30- 53c, 8300, Belgium",Knokke-Heist,8300,,,,Hotel,8.9,87,5,0,partial
https://www.booking.com/hotel/be/spacious-guest-suites-near-historic-market-5-min-walk.en-gb.html,Spacious Guest Suites near Historic Market - 5 Min Walk,be,51.2025054,3.2333311,scrape,3,quality,"6 Gentpoortvest, Historic Centre of Brugge, 8000 Bruges, Belgium, 6 Gentpoortvest, 8000, Belgium",Bruges,8000,121,2026-07-15,EUR,Hotel,8.8,263,10,2,success
https://www.booking.com/hotel/be/carrefour.en-gb.html,NH Brussels Carrefour de L’Europe,be,50.846337523013524,4.355365633964539,scrape,4,official,"Grasmarkt 110, 1000 Brussels, Belgium, Grasmarkt 110, 1000, Belgium",Brussels,1000,162,2026-07-15,EUR,Hotel,8.4,1294,56,8,success
https://www.booking.com/hotel/be/des-brasseurs.en-gb.html,Hotel Des Brasseurs,be,51.272918,3.032722,scrape,4,official,"Koninklijk Plein 1, 8420 De Haan, Belgium, Koninklijk Plein 1, 8420, Belgium",De Haan,8420,245,2026-07-15,EUR,Hotel,9.1,323,9,3,success
https://www.booking.com/hotel/be/le-chataignier-centenaire.en-gb.html,Le Chataignier Centenaire,be,50.58754,3.54306,scrape,,,,,,,,,,,,9,0,partial
https://www.booking.com/hotel/by/agrousad-39-ba-nikodim.en-gb.html,Agrousad'ba Nikodim,by,53.45374,26.46591,scrape,,,,,,,,,,,,3,1,partial
https://www.booking.com/hotel/be/chaplin-blankenberge.en-gb.html,Hotel Chaplin,be,51.3143868,3.1240450999999894,scrape,,,"Vanderstichelenstraat 25, 8370 Blankenberge, Belgium, Vanderstichelenstraat 25, 8370, Belgium",Blankenberge,8370,140,2026-07-15,EUR,Hotel,6.7,204,14,1,success
https://www.booking.com/hotel/be/lesse-matinal.en-gb.html,Lesse matinal,be,49.9912962,5.16096870000001,scrape,3,quality,"173 Lesse, 6890 Redu, Belgium, 173 Lesse, 6890, Belgium",Redu,6890,,,,Hotel,8.9,83,7,0,partial
https://www.booking.com/hotel/be/luxury-suites-meir.en-gb.html,Luxury Suites Meir,be,51.2199138,4.4145031,scrape,3,quality,"92 Sint-Jacobsmarkt, Antwerp District, 2000 Antwerp, Belgium, 92 Sint-Jacobsmarkt, 2000, Belgium",Antwerp,2000,126,2026-07-15,EUR,Hotel,7.9,669,15,2,success
https://www.booking.com/hotel/be/haus-tiefenbach.en-gb.html,Hotel Haus Tiefenbach,be,50.4049703989113,6.2741804122924805,scrape,4,official,"Triererstrasse 21, 4760 Bullange, Belgium, Triererstrasse 21, 4760, Belgium",Bullange,4760,390,2026-07-15,EUR,Hotel,9.0,284,15,2,success
https://www.booking.com/hotel/be/b-amp-b-art-14.en-gb.html,B&B Art.14,be,51.11999,4.808941,scrape,3,quality,"Leefdaalstraat 14, 2200 Morkhoven, Belgium, Leefdaalstraat 14, 2200, Belgium",Morkhoven,2200,,,,Hotel,8.4,23,6,0,partial
https://www.booking.com/hotel/be/euro-capital-brussels.en-gb.html,Hotel Euro Capital Brussels,be,50.836773895251696,4.339575469493866,scrape,4,official,"Avenue Fonsny 9, Sint-Gillis / Saint-Gilles, 1060 Brussels, Belgium, Avenue Fonsny 9, 1060, Belgium",Brussels,1060,156,2026-07-15,EUR,Hotel,8.3,929,31,2,success
https://www.booking.com/hotel/be/best-western-ter-elst.en-gb.html,Hotel Ter Elst,be,51.14986134901009,4.4330960512161255,scrape,3,official,"Kattenbroek 1, 2650 Edegem, Belgium, Kattenbroek 1, 2650, Belgium",Edegem,2650,161,2026-07-22,EUR,Hotel,8.2,927,29,0,success
https://www.booking.com/hotel/be/de-pastorie.en-gb.html,De Pastorie,be,50.82279543120607,5.396274626255035,scrape,,,"Martinusstraat 34, 3840  Borgloon, Belgium, Martinusstraat 34, 3840 , Belgium",Borgloon,3840,164,2026-07-15,EUR,Hotel,8.9,532,14,2,success
https://www.booking.com/hotel/be/janbrito.en-gb.html,Hotel Jan Brito - Small Elegant Hotels,be,51.20812521681669,3.2300448417663574,scrape,4,official,"Freren Fonteinstraat 1, Historic Centre of Brugge, 8000 Bruges, Belgium, Freren Fonteinstraat 1, 8000, Belgium",Bruges,8000,122,2026-07-15,EUR,Hotel,8.5,1629,22,0,success
https://www.booking.com/hotel/be/t-huys-van-enaeme.en-gb.html,B&B 't Huys van Enaeme,be,50.854527790430616,3.633206906318719,scrape,4,quality,"Lijnwaadmarkt 34, 9700 Oudenaarde, Belgium, Lijnwaadmarkt 34, 9700, Belgium",Oudenaarde,9700,115,2026-07-22,EUR,Hotel,9.2,199,19,0,success
https://www.booking.com/hotel/be/smartflats-royal.en-gb.html,Smartflats City - Royal,be,,,,,,,,,,,,,,,19,12,failed
https://www.booking.com/hotel/be/glamping-op-het-zeugekot.en-gb.html,Glamping op het Zeugekot,be,50.9193045920599,2.60727882385254,scrape,,,"Sint-Omaarsstraat 4, 8691 Beveren, Belgium, Sint-Omaarsstraat 4, 8691, Belgium",Beveren,8691,,,,Hotel,8.3,62,7,1,partial
https://www.booking.com/hotel/be/bilderdijk.en-gb.html,Hotel Bilderdijk,be,51.27563055365795,3.0369794368743896,scrape,3,official,"Bilderdijklaan 4, 8420 De Haan, Belgium, Bilderdijklaan 4, 8420, Belgium",De Haan,8420,,,,Hotel,8.5,95,7,1,partial
https://www.booking.com/hotel/be/roosendaelhof.en-gb.html,B&B Roosendaelhof,be,51.164607883546076,4.98929500579834,scrape,3,official,"Stationsstraat 50, 2440 Geel, Belgium, Stationsstraat 50, 2440, Belgium",Geel,2440,145,2026-07-15,EUR,Hotel,8.8,340,7,0,success
https://www.booking.com/hotel/be/windsor-castle-b-b.en-gb.html,Logies Windsor,be,51.2258605957031,2.91950941085815,scrape,,,,Ostend,,,,,,,,3,0,partial
