hotel_url,hotel_name,latitude,longitude,coord_is_fake,star_rating,star_type,address,city_raw,property_type,price,price_date,price_currency,review_score,review_count,html_file,scraped_at,status
https://www.booking.com/hotel/be/villa-pura-vida.en-gb.html,Villa Pura Vida,,,0,,,,,,,,,,,,2026-06-16T18:50:27+00:00,failed
https://www.booking.com/hotel/be/hydro-palace.en-gb.html,Hydro Palace Apartment,,,0,,,,,,,,,,,,2026-06-16T18:51:09+00:00,failed
https://www.booking.com/hotel/be/villa-pura-vida.en-gb.html,Villa Pura Vida,50.818416,3.275647,0,4,quality,"Sint-Denijsestraat 191C, 8500 Kortrijk, Belgium, Sint-Denijsestraat 191C, 8500, Belgium",Sint-Denijsestraat 191C,Hotel,135,2026-07-15,EUR,9.7,173,be_villa-pura-vida.html.gz,2026-06-16T18:52:09+00:00,success
https://www.booking.com/hotel/be/hydro-palace.en-gb.html,Hydro Palace Apartment,51.214610153710716,2.875958293698204,0,4,quality,"Zeedijk 250 bus 17, Mariakerke, 8400 Ostend, Belgium, Zeedijk 250 bus 17, 8400, Belgium",Zeedijk 250 bus 17,Hotel,,,,9.4,46,be_hydro-palace.html.gz,2026-06-16T18:53:13+00:00,partial
https://www.booking.com/hotel/be/love-nest-versailles-style.en-gb.html,Love Nest Versailles - Unique Louis XIV decoration - Calm location right IN city center,50.4667015075684,4.86667013168335,0,,,,,,,,,,,be_love-nest-versailles-style.html.gz,2026-06-16T18:54:19+00:00,partial
https://www.booking.com/hotel/be/gite-namaste.en-gb.html,Gite Namaste,50.1833000183105,4.76667022705078,0,,,,,,,,,,,be_gite-namaste.html.gz,2026-06-16T18:55:28+00:00,partial
https://www.booking.com/hotel/be/stsauveur.en-gb.html,Hotel Saint Sauveur by WP Hotels,51.315411941268195,3.1294941902160645,0,4,official,"Langestraat 50, 8370 Blankenberge, Belgium, Langestraat 50, 8370, Belgium",Langestraat 50,Hotel,144,2026-07-15,EUR,7.4,1051,be_stsauveur.html.gz,2026-06-16T18:55:54+00:00,success
https://www.booking.com/hotel/be/b-amp-b-hof-beygaert.en-gb.html,B&B Hof Beygaert,50.941776,4.019679,0,3,quality,"lindenstraat 7A, 9300 Aalst, Belgium, lindenstraat 7A, 9300, Belgium",lindenstraat 7A,Hotel,129,2026-07-15,EUR,9.8,160,be_b-amp-b-hof-beygaert.html.gz,2026-06-16T18:56:20+00:00,success
https://www.booking.com/hotel/be/novotelgentcentrum.en-gb.html,Novotel Gent Centrum,51.05439469894931,3.7236276268959045,0,3,official,"Hoogpoort 52, Binnenstad, 9000 Ghent, Belgium, Hoogpoort 52, 9000, Belgium",Hoogpoort 52,Hotel,145,2026-07-15,EUR,7.9,3670,be_novotelgentcentrum.html.gz,2026-06-16T18:56:48+00:00,success
https://www.booking.com/hotel/be/b-amp-b-place-jourdan.en-gb.html,B&B Place Jourdan,50.83673642627823,4.385567307472229,0,3,quality,"Rue Général Leman 97, Etterbeek, 1040 Brussels, Belgium, Rue Général Leman 97, 1040, Belgium",Rue Général Leman 97,Hotel,139,2026-07-29,EUR,9.0,369,be_b-amp-b-place-jourdan.html.gz,2026-06-16T18:57:51+00:00,success
https://www.booking.com/hotel/be/marivaux-congress-seminar-centre.en-gb.html,Marivaux Hotel,50.85387576559755,4.3557800352573395,0,4,official,"Boulevard Adolphe Max 98, 1000 Brussels, Belgium, Boulevard Adolphe Max 98, 1000, Belgium",Boulevard Adolphe Max 98,Hotel,96,2026-07-29,EUR,8.0,10448,be_marivaux-congress-seminar-centre.html.gz,2026-06-16T18:58:57+00:00,success
https://www.booking.com/hotel/be/hotelastoriagent.en-gb.html,Hotel Astoria Gent,51.03338588245892,3.7172144651412964,0,3,official,"Achilles Musschestraat 39, Stationsbuurt-Zuid, 9000 Ghent, Belgium, Achilles Musschestraat 39, 9000, Belgium",Achilles Musschestraat 39,Hotel,152,2026-07-15,EUR,8.8,1807,be_hotelastoriagent.html.gz,2026-06-16T18:59:24+00:00,success
https://www.booking.com/hotel/be/appart-belle-vue.en-gb.html,AppartHotel Belle Vue,50.47923,4.18593,0,,,,,,,,,,,be_appart-belle-vue.html.gz,2026-06-16T19:00:33+00:00,partial
https://www.booking.com/hotel/be/le-studio-de-christine.en-gb.html,Le Studio de Christine,50.35184,5.45776,0,,,,,,,,,,,be_le-studio-de-christine.html.gz,2026-06-16T19:01:39+00:00,partial
https://www.booking.com/hotel/be/chambres-d-hotes-heysel-laeken-atomium.en-gb.html,Guest house Heysel Laeken Atomium,,,1,,,,,,,,,,,be_chambres-d-hotes-heysel-laeken-atomium.html.gz,2026-06-16T19:02:03+00:00,failed
https://www.booking.com/hotel/be/la-heid-d-39-ehan.en-gb.html,la heid d'ehan,50.461814,5.717626,0,,,"61 rue saules bastin, 4920 Aywaille, Belgium, 61 rue saules bastin, 4920, Belgium",61 rue saules bastin,Hotel,,,,7.4,83,be_la-heid-d-39-ehan.html.gz,2026-06-16T19:03:07+00:00,partial
https://www.booking.com/hotel/be/quarreux-27.en-gb.html,Vintage Chalet in Sougne-Remouchamps near Forest,50.447196,5.741009,0,3,quality,"4920 Aywaille, Belgium, 4920, Belgium",,Hotel,,,,8.6,15,be_quarreux-27.html.gz,2026-06-16T19:04:12+00:00,partial
https://www.booking.com/hotel/be/minimalistic-in-premium-location.en-gb.html,Minimalistic In Premium Location,50.8243013,4.36661300000003,0,4,quality,"271 Avenue Louise, 1050 Brussels, Belgium, 271 Avenue Louise, 1050, Belgium",271 Avenue Louise,Hotel,,,,8.1,57,be_minimalistic-in-premium-location.html.gz,2026-06-16T19:05:15+00:00,partial
https://www.booking.com/hotel/be/pegasus-apparthotel-brussels-city.en-gb.html,Pegasus Studioflats Brussels City Aparthotel,,,1,,,,,,,,,,,be_pegasus-apparthotel-brussels-city.html.gz,2026-06-16T19:05:43+00:00,failed
https://www.booking.com/hotel/be/sakura.en-gb.html,Liège Center Sakura,50.64514,5.57342,0,,,,,,,,,,,be_sakura.html.gz,2026-06-16T19:06:49+00:00,partial
https://www.booking.com/hotel/be/antwerp-harbour.en-gb.html,Antwerp Harbour Hotel,51.24427292613408,4.4208624958992,0,3,official,"Noorderlaan 100, Antwerp District, 2030 Antwerp, Belgium, Noorderlaan 100, 2030, Belgium",Noorderlaan 100,Hotel,83,2026-07-15,EUR,7.7,3108,be_antwerp-harbour.html.gz,2026-06-16T19:07:15+00:00,success
https://www.booking.com/hotel/be/cottage-moere.en-gb.html,Cottage Moere,51.12298045899091,2.970476746559143,0,4,official,"Moerdijkbeek Oost 28, 8680 Koekelare, Belgium, Moerdijkbeek Oost 28, 8680, Belgium",Moerdijkbeek Oost 28,Hotel,,,,9.3,20,be_cottage-moere.html.gz,2026-06-16T19:08:21+00:00,partial
https://www.booking.com/hotel/be/le-gite-du-prieure.en-gb.html,Le Gîte Du Prieuré,50.45177361643931,4.9065327644348145,0,3,quality,"Rue Régnié Durette 11, 5101 Namur, Belgium, Rue Régnié Durette 11, 5101, Belgium",Rue Régnié Durette 11,Hotel,110,2026-07-15,EUR,9.1,101,be_le-gite-du-prieure.html.gz,2026-06-16T19:08:48+00:00,success
https://www.booking.com/hotel/be/villa-anna.en-gb.html,Villa Anna,51.09883,2.59241,0,,,,,,,,,,,be_villa-anna.html.gz,2026-06-16T19:09:54+00:00,partial
https://www.booking.com/hotel/be/the-view-bis.en-gb.html,B&B The View Bis,50.82212087028256,3.234911112616146,0,3,quality,"56 Kerkvoetweg, 8501 Kortrijk, Belgium, 56 Kerkvoetweg, 8501, Belgium",56 Kerkvoetweg,Hotel,155,2026-07-15,EUR,10.0,129,be_the-view-bis.html.gz,2026-06-16T19:10:18+00:00,success
https://www.booking.com/hotel/be/au-prince-royal-leopoldsburg.en-gb.html,Hotel Au Prince Royal,51.117127376315175,5.26322892310418,0,,,"Koning Albert I Plein 28, 3970 Leopoldsburg, Belgium, Koning Albert I Plein 28, 3970, Belgium",Koning Albert I Plein 28,Hotel,123,2026-07-15,EUR,7.7,458,be_au-prince-royal-leopoldsburg.html.gz,2026-06-16T19:10:44+00:00,success
https://www.booking.com/hotel/be/bij-moemee.en-gb.html,B&B Bij MoeMee,51.0917371000773,3.71442827875364,0,4,quality,"Sneeuwklokjeslaan 11, Wondelgem, 9032 Ghent, Belgium, Sneeuwklokjeslaan 11, 9032, Belgium",Sneeuwklokjeslaan 11,Hotel,,,,9.4,102,be_bij-moemee.html.gz,2026-06-16T19:11:46+00:00,partial
https://www.booking.com/hotel/be/ikejime.en-gb.html,B&B CHEZ PIERROT ALIAS IKEJIME,51.2942701587435,3.193703591823578,0,3,quality,"Stationsstraat 32, 8380 Lissewege, Belgium, Stationsstraat 32, 8380, Belgium",Stationsstraat 32,Hotel,,,,6.9,14,be_ikejime.html.gz,2026-06-16T19:12:48+00:00,partial
https://www.booking.com/hotel/be/la-maison-de-fille.en-gb.html,B&B La maison de Fille,50.995377,5.069989,0,,,"10 Schoonaerde, 3290 Diest, Belgium, 10 Schoonaerde, 3290, Belgium",10 Schoonaerde,Hotel,,,,9.2,78,be_la-maison-de-fille.html.gz,2026-06-16T19:13:51+00:00,partial
https://www.booking.com/hotel/be/ter-zwaanhoek.en-gb.html,Ter Zwaanhoek,51.2258605957031,2.91950941085815,0,,,,,,,,,,,be_ter-zwaanhoek.html.gz,2026-06-16T19:14:59+00:00,partial
https://www.booking.com/hotel/be/ibisbrusselsairport.en-gb.html,ibis Hotel Brussels Airport,50.881343689755575,4.437250792980194,0,3,official,"Bessenveldstraat 17, 1831 Diegem, Belgium, Bessenveldstraat 17, 1831, Belgium",Bessenveldstraat 17,Hotel,92,2026-07-15,EUR,7.2,1180,be_ibisbrusselsairport.html.gz,2026-06-16T19:15:25+00:00,success
https://www.booking.com/hotel/be/bed-39-n-blues.en-gb.html,Bed 'n Blues ****,50.9482547,5.1125908,0,4,quality,"Generaal de Wittestraat, 11, 3545 Halen, Belgium, Generaal de Wittestraat, 11, 3545, Belgium","Generaal de Wittestraat, 11",Hotel,,,,9.2,44,be_bed-39-n-blues.html.gz,2026-06-16T19:16:25+00:00,partial
https://www.booking.com/hotel/by/comfort.en-gb.html,Complex Comfort,53.90234,27.5619,0,,,,,,,,,,,by_comfort.html.gz,2026-06-16T19:17:30+00:00,partial
https://www.booking.com/hotel/be/stay-in-bruges.en-gb.html,Stay in Bruges,51.208911604466,3.2242740271613,0,,,,,,,,,,,be_stay-in-bruges.html.gz,2026-06-16T19:18:37+00:00,partial
https://www.booking.com/hotel/be/alfainn.en-gb.html,Alfa Inn,51.3137941207764,3.1308889389038086,0,3,official,"Kerkstraat 92, 8370 Blankenberge, Belgium, Kerkstraat 92, 8370, Belgium",Kerkstraat 92,Hotel,221,2026-07-15,EUR,8.5,1685,be_alfainn.html.gz,2026-06-16T19:19:03+00:00,success
https://www.booking.com/hotel/be/central-bruges-b-amp-b.en-gb.html,Central Bruges B&B,51.20789745684795,3.2379040288360557,0,3,quality,"Bilkske 56, Historic Centre of Brugge, 8000 Bruges, Belgium, Bilkske 56, 8000, Belgium",Bilkske 56,Hotel,274,2026-07-15,EUR,9.2,884,be_central-bruges-b-amp-b.html.gz,2026-06-16T19:19:27+00:00,success
https://www.booking.com/hotel/be/hoeve-de-zuidhoek.en-gb.html,Hoeve De Zuidhoek,51.2661186,3.2396631,0,5,official,"29 Stapelvoorde, 8380 Bruges, Belgium, 29 Stapelvoorde, 8380, Belgium",29 Stapelvoorde,Hotel,,,,9.4,33,be_hoeve-de-zuidhoek.html.gz,2026-06-16T19:20:32+00:00,partial
https://www.booking.com/hotel/be/duinenwachter.en-gb.html,Duinenwachter,51.350220987206,3.28787794907385,0,3,quality,"Blancgarinstraat 11, bus 1, Knokke, 8300 Knokke-Heist, Belgium, Blancgarinstraat 11, bus 1, 8300, Belgium","Blancgarinstraat 11, bus 1",Hotel,,,,6.4,86,be_duinenwachter.html.gz,2026-06-16T19:21:33+00:00,partial
https://www.booking.com/hotel/be/infotel.en-gb.html,Infotel,50.4545508166193,3.9524696348235,0,,,,,,,,,,,be_infotel.html.gz,2026-06-16T19:22:40+00:00,partial
https://www.booking.com/hotel/be/fleurs-sauvages.en-gb.html,Fleurs-Sauvages,50.25,5.81666994094849,0,,,,,,,,,,,be_fleurs-sauvages.html.gz,2026-06-16T19:23:47+00:00,partial
https://www.booking.com/hotel/be/eden-ardenne.en-gb.html,Hotel Eden Ardenne,49.837927096446684,5.429434776306152,0,3,official,"25 Chaussée de France, 6840 Neufchâteau, Belgium, 25 Chaussée de France, 6840, Belgium",25 Chaussée de France,Hotel,156,2026-07-15,EUR,8.0,2857,be_eden-ardenne.html.gz,2026-06-16T19:24:11+00:00,success
https://www.booking.com/hotel/be/la-roseraie-gaume-ardenne-lacuisine-sur-semois.en-gb.html,La Roseraie. Gaume-Ardenne-lacuisine sur Semois.,49.7123238,5.326569400000039,0,4,official,"de chiny 2, 6821 Florenville, Belgium, de chiny 2, 6821, Belgium",de chiny 2,Hotel,119,2026-07-15,EUR,8.1,261,be_la-roseraie-gaume-ardenne-lacuisine-sur-semois.html.gz,2026-06-16T19:24:36+00:00,success
https://www.booking.com/hotel/be/het-colettientje.en-gb.html,B&B Het Colettientje,51.19976696343623,3.227702757672091,0,,,"Colettijnenhof 3, Historic Centre of Brugge, 8000 Bruges, Belgium, Colettijnenhof 3, 8000, Belgium",Colettijnenhof 3,Hotel,,,,8.5,546,be_het-colettientje.html.gz,2026-06-16T19:25:38+00:00,partial
https://www.booking.com/hotel/be/vitamin-sea-by-d.en-gb.html,"Vitamin Sea, in het centrum en naast de zee",51.2323831,2.91385690000003,0,4,quality,"Van Iseghemlaan 69, Oostende Centre, 8400 Ostend, Belgium, Van Iseghemlaan 69, 8400, Belgium",Van Iseghemlaan 69,Hotel,,,,8.9,87,be_vitamin-sea-by-d.html.gz,2026-06-16T19:26:42+00:00,partial
https://www.booking.com/hotel/be/avenue-beach-hotel.en-gb.html,Avenue Beach Hotel,51.2258605957031,2.91950941085815,0,,,,,,,,,,,be_avenue-beach-hotel.html.gz,2026-06-16T19:27:50+00:00,partial
https://www.booking.com/hotel/be/sweet-bonihu.en-gb.html,Wellness Sweet Bonihu B&B,51.205606,3.254084,0,4,quality,"Fortuinstraat 79, Sint-Kruis, 8310 Bruges, Belgium, Fortuinstraat 79, 8310, Belgium",Fortuinstraat 79,Hotel,241,2026-07-15,EUR,9.6,223,be_sweet-bonihu.html.gz,2026-06-16T19:28:15+00:00,success
https://www.booking.com/hotel/be/belle-de-nuit.en-gb.html,"Belle de Nuit, boutique hotel",51.231427,2.914162,0,3,official,"Madridstraat 9, Oostende Centre, 8400 Ostend, Belgium, Madridstraat 9, 8400, Belgium",Madridstraat 9,Hotel,163,2026-07-22,EUR,7.6,289,be_belle-de-nuit.html.gz,2026-06-16T19:29:01+00:00,success
https://www.booking.com/hotel/be/neuvice.en-gb.html,Hotel Neuvice,50.64474933539937,5.577302277088165,0,3,official,"En Neuvice, 45, 4000 Liège, Belgium, En Neuvice, 45, 4000, Belgium","En Neuvice, 45",Hotel,147,2026-07-15,EUR,9.2,531,be_neuvice.html.gz,2026-06-16T19:29:27+00:00,success
https://www.booking.com/hotel/be/chez-mimi.en-gb.html,Chez Mimi - chambre vue parc,50.852269,4.422477,0,,,"125, avenue du capricorne, Sint-Lambrechts-Woluwe / Woluwe-Saint-Lambert, 1200 Brussels, Belgium, 125, avenue du capricorne, 1200, Belgium","125, avenue du capricorne",Hotel,53,2026-07-29,EUR,9.2,232,be_chez-mimi.html.gz,2026-06-16T19:30:31+00:00,success
https://www.booking.com/hotel/be/le-pre-chet-profondeville.en-gb.html,Le Pré-Chet,50.3797163,4.8685131,0,3,quality,"7 Rive de Meuse, 5170 Profondeville, Belgium, 7 Rive de Meuse, 5170, Belgium",7 Rive de Meuse,Hotel,,,,9.6,46,be_le-pre-chet-profondeville.html.gz,2026-06-16T19:31:34+00:00,partial
https://www.booking.com/hotel/be/grand-cabaret.en-gb.html,B&B Le Grand Cabaret,51.13039,2.75167,0,,,,,,,,,,,be_grand-cabaret.html.gz,2026-06-16T19:32:41+00:00,partial
https://www.booking.com/hotel/be/camping-le-canada.en-gb.html,Camping Le Canada,49.73949224500862,5.352569635473628,0,,,"Pont St Nicolas 1, 6810 Chiny, Belgium, Pont St Nicolas 1, 6810, Belgium",Pont St Nicolas 1,Hotel,,,,8.2,45,be_camping-le-canada.html.gz,2026-06-16T19:33:46+00:00,partial
https://www.booking.com/hotel/by/apart-in-minsk.en-gb.html,Apartment Exclusive,53.90234,27.5619,0,,,,,,,,,,,by_apart-in-minsk.html.gz,2026-06-16T19:34:56+00:00,partial
https://www.booking.com/hotel/be/kirisavan.en-gb.html,Kirisavan Bed&Breakfast,50.80427556868832,5.342680683217735,0,4,quality,"Wellenstraat 26, 3840 Borgloon, Belgium, Wellenstraat 26, 3840, Belgium",Wellenstraat 26,Hotel,,,,9.6,30,be_kirisavan.html.gz,2026-06-16T19:36:00+00:00,partial
https://www.booking.com/hotel/be/stadshotel-bree.en-gb.html,Hotel Ingredi,51.1404819,5.5970184,0,3,official,"Kloosterstraat 10, 3960 Bree, Belgium, Kloosterstraat 10, 3960, Belgium",Kloosterstraat 10,Hotel,88,2026-07-15,EUR,8.0,693,be_stadshotel-bree.html.gz,2026-06-16T19:36:28+00:00,success
https://www.booking.com/hotel/by/mini-la-menska.en-gb.html,Mini-Hotel La Menska,53.90234,27.5619,0,,,,,,,,,,,by_mini-la-menska.html.gz,2026-06-16T19:37:35+00:00,partial
https://www.booking.com/hotel/be/quot-ter-ename-ndeg2-quot.en-gb.html,"""Ter Ename n°2""",50.854379,3.63495,0,5,official,"77 Zwijndries, 9700 Oudenaarde, Belgium, 77 Zwijndries, 9700, Belgium",77 Zwijndries,Hotel,,,,8.6,100,be_quot-ter-ename-ndeg2-quot.html.gz,2026-06-16T19:38:39+00:00,partial
https://www.booking.com/hotel/be/b-amp-b-39-t-cremehuys.en-gb.html,B&B 't Crèmehuys,51.23057,5.30769,0,,,,,,,,,,,be_b-amp-b-39-t-cremehuys.html.gz,2026-06-16T19:39:49+00:00,partial
https://www.booking.com/hotel/by/fletkom.en-gb.html,Flatcom Hostel,53.90234,27.5619,0,,,,,,,,,,,by_fletkom.html.gz,2026-06-16T19:40:53+00:00,partial
https://www.booking.com/hotel/be/suite.en-gb.html,Suite & City Apartments,50.4234723949432,6.033301949501038,0,4,quality,"Avenue de la Gare 27, 4960 Malmedy, Belgium, Avenue de la Gare 27, 4960, Belgium",Avenue de la Gare 27,Hotel,,,,8.4,74,be_suite.html.gz,2026-06-16T19:41:58+00:00,partial
https://www.booking.com/hotel/be/sea-side-app-te-huur.en-gb.html,Sea Side,51.2202,2.88891839999997,0,4,quality,"Luxemburgstraat 7 D2 (Residentie Hippique), Oostende Centre, 8400 Ostend, Belgium, Luxemburgstraat 7 D2 (Residentie Hippique), 8400, Belgium",Luxemburgstraat 7 D2 (Residentie Hippique),Hotel,,,,9.1,43,be_sea-side-app-te-huur.html.gz,2026-06-16T19:43:01+00:00,partial
https://www.booking.com/hotel/be/maisonmontana.en-gb.html,Maison Montana,50.797776,4.37687,0,3,quality,"5 - 7 Avenue Montana, Ukkel / Uccle, 1180 Brussels, Belgium, 5 - 7 Avenue Montana, 1180, Belgium",5 - 7 Avenue Montana,Hotel,,,,8.7,77,be_maisonmontana.html.gz,2026-06-16T19:44:06+00:00,partial
https://www.booking.com/hotel/be/la-tourelle-d-achille-leontine.en-gb.html,la tourelle d’Achille leontine,50.1247661,5.1899396,0,4,quality,"Rue des Grottes 29 5580 han/sur/lesse, 5580 Rochefort, Belgium, Rue des Grottes 29 5580 han/sur/lesse, 5580, Belgium",Rue des Grottes 29 5580 han/sur/lesse,Hotel,,,,8.7,18,be_la-tourelle-d-achille-leontine.html.gz,2026-06-16T19:45:12+00:00,partial
https://www.booking.com/hotel/be/hoevehotel-t-kruishof.en-gb.html,Charmehotel Kruishof,51.204611395778,2.8798770904541016,0,3,official,"Kruishofstraat 1, Raversijde, 8400 Ostend, Belgium, Kruishofstraat 1, 8400, Belgium",Kruishofstraat 1,Hotel,,,,9.2,178,be_hoevehotel-t-kruishof.html.gz,2026-06-16T19:46:15+00:00,partial
https://www.booking.com/hotel/be/steigenberger-grandhotel.en-gb.html,Steigenberger Wiltcher's,50.832496601073146,4.357556998729706,0,5,official,"Avenue Louise 71, 1050 Brussels, Belgium, Avenue Louise 71, 1050, Belgium",Avenue Louise 71,Hotel,177,2026-07-15,EUR,8.4,2193,be_steigenberger-grandhotel.html.gz,2026-06-16T19:46:42+00:00,success
https://www.booking.com/hotel/be/b-amp-b-de-vossenbarm.en-gb.html,B&B De Vossenbarm,51.160406122886506,3.102363646030426,0,4,quality,"Hildeghemweg 5, 8490 Jabbeke, Belgium, Hildeghemweg 5, 8490, Belgium",Hildeghemweg 5,Hotel,,,,9.9,98,be_b-amp-b-de-vossenbarm.html.gz,2026-06-16T19:47:47+00:00,partial
https://www.booking.com/hotel/be/logies-grenadine.en-gb.html,Budget Logies Grenadine,51.3132019042969,3.13144993782043,0,,,,,,,,,,,be_logies-grenadine.html.gz,2026-06-16T19:48:57+00:00,partial
https://www.booking.com/hotel/be/wilgenhof-maaseik.en-gb.html,Hotel Wilgenhof,51.098590342179385,5.7585471868515015,0,2,official,"Kapelweg 51, 3680 Maaseik, Belgium, Kapelweg 51, 3680, Belgium",Kapelweg 51,Hotel,,,,7.9,89,be_wilgenhof-maaseik.html.gz,2026-06-16T19:50:01+00:00,partial
https://www.booking.com/hotel/be/le-dernier-metro.en-gb.html,Le dernier métro,50.840773,4.463849,0,,,"Rue de l église, 96, Sint-Pieters-Woluwe / Woluwe-Saint-Pierre, 1150 Brussels, Belgium, Rue de l église, 96, 1150, Belgium","Rue de l église, 96",Hotel,,,,6.5,116,be_le-dernier-metro.html.gz,2026-06-16T19:52:13+00:00,partial
https://www.booking.com/hotel/be/hostellerie-klokhof.en-gb.html,Hostellerie Klokhof,50.790178282321904,3.249136805534363,0,4,official,"Sint Anna 2 (GPS: Verruestraat, 8510 Marke), 8500 Kortrijk, Belgium, Sint Anna 2 (GPS: Verruestraat, 8510 Marke), 8500, Belgium","Sint Anna 2 (GPS: Verruestraat, 8510 Marke)",Hotel,,,,8.0,139,be_hostellerie-klokhof.html.gz,2026-06-16T19:53:19+00:00,partial
https://www.booking.com/hotel/be/res-apollo.en-gb.html,Res. Apollo,51.346707,3.288335,0,,,,,,,,,,,be_res-apollo.html.gz,2026-06-16T19:54:26+00:00,partial
https://www.booking.com/hotel/be/studio-cosy.en-gb.html,studio cosy,50.4464369,5.0090317,0,3,quality,"13 Chaussée de Gramptinne, 5340 Gesves, Belgium, 13 Chaussée de Gramptinne, 5340, Belgium",13 Chaussée de Gramptinne,Hotel,,,,8.6,13,be_studio-cosy.html.gz,2026-06-16T19:55:28+00:00,partial
https://www.booking.com/hotel/be/manitoba.en-gb.html,Hotel Manitoba,51.31448484489795,3.1281933188438416,0,3,official,"Manitobaplein 11, 8370 Blankenberge, Belgium, Manitobaplein 11, 8370, Belgium",Manitobaplein 11,Hotel,187,2026-07-15,EUR,8.8,1094,be_manitoba.html.gz,2026-06-16T19:55:52+00:00,success
https://www.booking.com/hotel/be/les-glaneuses.en-gb.html,Les Glaneuses,50.3323231297459,4.60666170000002,0,3,quality,"46 Tiranrue, 5640 Mettet, Belgium, 46 Tiranrue, 5640, Belgium",46 Tiranrue,Hotel,,,,9.3,40,be_les-glaneuses.html.gz,2026-06-16T19:56:57+00:00,partial
https://www.booking.com/hotel/be/van-der-valk-brugge-oostkamp.en-gb.html,Van Der Valk Hotel Brugge Oostkamp,51.14392843398041,3.2453200221061707,0,4,official,"Kapellestraat 146, 8020 Oostkamp, Belgium, Kapellestraat 146, 8020, Belgium",Kapellestraat 146,Hotel,136,2026-07-15,EUR,9.0,1349,be_van-der-valk-brugge-oostkamp.html.gz,2026-06-16T19:57:22+00:00,success
https://www.booking.com/hotel/be/glamping-adventure-valley-durbuy.en-gb.html,Green Fields - Durbuy,50.3409122710252,5.45490002510064,0,,,"Rue du Gibet 50, 6940 Durbuy, Belgium, Rue du Gibet 50, 6940, Belgium",Rue du Gibet 50,Hotel,126,2026-07-15,EUR,7.8,439,be_glamping-adventure-valley-durbuy.html.gz,2026-06-16T19:57:48+00:00,success
https://www.booking.com/hotel/be/a2b-b.en-gb.html,Antwerp For Two B&B,51.22507551021472,4.400654733181,0,4,quality,"Sint Paulusplaats 27, Antwerp District, 2000 Antwerp, Belgium, Sint Paulusplaats 27, 2000, Belgium",Sint Paulusplaats 27,Hotel,132,2026-07-22,EUR,8.6,339,be_a2b-b.html.gz,2026-06-16T19:58:35+00:00,success
https://www.booking.com/hotel/be/bcozy-vakantievilla-belgie.en-gb.html,BCozy vakantievilla Belgie,50.82762,3.26599,0,,,,,,,,,,,be_bcozy-vakantievilla-belgie.html.gz,2026-06-16T19:59:43+00:00,partial
https://www.booking.com/hotel/be/thalassa.en-gb.html,Apartment Thalassa,51.319525479583056,3.1265439472991785,0,,,"Zeedijk 173 1e verdiep, 8370 Blankenberge, Belgium, Zeedijk 173 1e verdiep, 8370, Belgium",Zeedijk 173 1e verdiep,Hotel,,,,5.6,131,be_thalassa.html.gz,2026-06-16T20:00:45+00:00,partial
https://www.booking.com/hotel/be/escale-du-bourlingueur-charleroi.en-gb.html,ESCALE DU BOURLINGUEUR,50.3899743642635,4.4628683766259805,0,,,"Rue des amis du Progres 10, 6010 Charleroi, Belgium, Rue des amis du Progres 10, 6010, Belgium",Rue des amis du Progres 10,Hotel,,,,6.5,36,be_escale-du-bourlingueur-charleroi.html.gz,2026-06-16T20:01:50+00:00,partial
https://www.booking.com/hotel/be/de-secretaris-overpelt.en-gb.html,Hotel De Secretaris,51.2135337,5.42341110000007,0,,,"Dorpsstraat 60, 3900 Pelt, Belgium, Dorpsstraat 60, 3900, Belgium",Dorpsstraat 60,Hotel,135,2026-07-15,EUR,8.4,730,be_de-secretaris-overpelt.html.gz,2026-06-16T20:02:17+00:00,success
https://www.booking.com/hotel/be/hof-leskensdaele.en-gb.html,Hof Leskensdaele,50.7689,3.87979,0,,,,,,,,,,,be_hof-leskensdaele.html.gz,2026-06-16T20:03:25+00:00,partial
https://www.booking.com/hotel/be/bourgoensch-hof.en-gb.html,Hotel Bourgoensch Hof,51.20741272766732,3.2266733050346375,0,3,official,"Wollestraat 35, Historic Centre of Brugge, 8000 Bruges, Belgium, Wollestraat 35, 8000, Belgium",Wollestraat 35,Hotel,163,2026-07-15,EUR,8.2,3444,be_bourgoensch-hof.html.gz,2026-06-16T20:03:52+00:00,success
https://www.booking.com/hotel/be/hotel-indigo-antwerp-city-centre.en-gb.html,"Hotel Indigo Antwerp City Centre, an IHG Hotel",51.21877511144502,4.420645236968994,0,4,official,"Koningin Astridplein 43, Antwerp District, 2018 Antwerp, Belgium, Koningin Astridplein 43, 2018, Belgium",Koningin Astridplein 43,Hotel,153,2026-07-15,EUR,8.3,2192,be_hotel-indigo-antwerp-city-centre.html.gz,2026-06-16T20:04:20+00:00,success
https://www.booking.com/hotel/by/dom-polotsk.en-gb.html,Guest House on Frunze,55.48501,28.76853,0,,,,,,,,,,,by_dom-polotsk.html.gz,2026-06-16T20:05:26+00:00,partial
https://www.booking.com/hotel/be/guesthouse-bernardin.en-gb.html,Guesthouse Bernardin,51.22006785123211,4.409696459770203,0,5,quality,"Sint-jacobsstraat 3, Antwerp District, 2000 Antwerp, Belgium, Sint-jacobsstraat 3, 2000, Belgium",Sint-jacobsstraat 3,Hotel,130,2026-07-15,EUR,8.4,285,be_guesthouse-bernardin.html.gz,2026-06-16T20:05:51+00:00,success
https://www.booking.com/hotel/by/smart-boutique-vitebsk-viciebsk.en-gb.html,Smart Boutique Hotel Vitebsk,55.19302,30.20704,0,,,,,,,,,,,by_smart-boutique-vitebsk-viciebsk.html.gz,2026-06-16T20:06:57+00:00,partial
https://www.booking.com/hotel/be/franky-oostende.en-gb.html,Apartment Franky,51.2123814377062,2.872452735900879,0,4,quality,"Residentie Etoile De Mer Duinenstraat 92, appartement D3, Mariakerke, 8400 Ostend, Belgium, Residentie Etoile De Mer Duinenstraat 92, appartement D3, 8400, Belgium","Residentie Etoile De Mer Duinenstraat 92, appartement D3",Hotel,,,,9.2,83,be_franky-oostende.html.gz,2026-06-16T20:08:02+00:00,partial
https://www.booking.com/hotel/be/aurora.en-gb.html,Apartment Aurora,50.85031559999999,2.8825292999999874,0,4,quality,"Lange Meersstraat 4 bus 1a, 8900 Ypres, Belgium, Lange Meersstraat 4 bus 1a, 8900, Belgium",Lange Meersstraat 4 bus 1a,Hotel,,,,9.4,114,be_aurora.html.gz,2026-06-16T20:09:06+00:00,partial
https://www.booking.com/hotel/be/la-marache.en-gb.html,La Marache,50.69772,4.47069,0,,,,,,,,,,,be_la-marache.html.gz,2026-06-16T20:10:14+00:00,partial
https://www.booking.com/hotel/be/relais-de-l-39-empereur.en-gb.html,Relais de L'Empereur,50.63388829803813,4.477223753929138,0,3,official,"31 Emile Francois, 1474 Genappe, Belgium, 31 Emile Francois, 1474, Belgium",31 Emile Francois,Hotel,96,2026-07-15,EUR,9.0,371,be_relais-de-l-39-empereur.html.gz,2026-06-16T20:10:41+00:00,success
https://www.booking.com/hotel/be/le-p-39-tit-gite-d-39-enhet.en-gb.html,Le p'tit gîte d'Enhet,50.225528391881,5.104628526984,0,3,quality,"Rue Enhet-Centre 37, 5590 Ciney, Belgium, Rue Enhet-Centre 37, 5590, Belgium",Rue Enhet-Centre 37,Hotel,,,,9.2,43,be_le-p-39-tit-gite-d-39-enhet.html.gz,2026-06-16T20:11:45+00:00,partial
https://www.booking.com/hotel/be/l-39-autre-temps.en-gb.html,L'Autre Temps,49.7999992370605,5.53332996368408,0,,,,,,,,,,,be_l-39-autre-temps.html.gz,2026-06-16T20:12:53+00:00,partial
https://www.booking.com/hotel/be/thon-residence-florence.en-gb.html,Thon Residence Florence Aparthotel,50.829850411349064,4.360515475273132,0,4,official,"Avenue Louise 125, 1050 Ixelles, 1000 Brussels, Belgium, Avenue Louise 125, 1050 Ixelles, 1000, Belgium","Avenue Louise 125, 1050 Ixelles",Hotel,,,,8.6,65,be_thon-residence-florence.html.gz,2026-06-16T20:13:56+00:00,partial
https://www.booking.com/hotel/be/art-de-sejour.en-gb.html,Art de Sejour - B&B,50.84478474206129,4.347115159034729,0,4,official,"rue des Bogards 12, 1000 Brussels, Belgium, rue des Bogards 12, 1000, Belgium",rue des Bogards 12,Hotel,,,,9.8,593,be_art-de-sejour.html.gz,2026-06-16T20:14:58+00:00,partial
https://www.booking.com/hotel/be/kamerijck-b-b.en-gb.html,B&B Kamerijck,50.75968528610313,5.134064555168152,0,4,quality,"Kamerijckstraat 11, 3890 Gingelom, Belgium, Kamerijckstraat 11, 3890, Belgium",Kamerijckstraat 11,Hotel,114,2026-07-15,EUR,8.9,122,be_kamerijck-b-b.html.gz,2026-06-16T20:15:24+00:00,success
https://www.booking.com/hotel/be/corbie-lommel.en-gb.html,Hotel Corbie Lommel,51.23056802181827,5.305575728416443,0,3,official,"Hertog Janplein 68, 3920 Lommel, Belgium, Hertog Janplein 68, 3920, Belgium",Hertog Janplein 68,Hotel,124,2026-07-15,EUR,8.0,510,be_corbie-lommel.html.gz,2026-06-16T20:15:48+00:00,success
https://www.booking.com/hotel/be/pand19.en-gb.html,B&B Pand19,50.7525741,3.8808722999999645,0,4,quality,"Parochiebosdreef, 9500 Geraardsbergen, Belgium, Parochiebosdreef, 9500, Belgium",Parochiebosdreef,Hotel,,,,9.4,15,be_pand19.html.gz,2026-06-16T20:16:53+00:00,partial
https://www.booking.com/hotel/be/manos-premier.en-gb.html,Hotel Manos Premier,50.82825110488296,4.3555667996406555,0,4,official,"Chaussée de Charleroi 100-106, Sint-Gillis / Saint-Gilles, 1060 Brussels, Belgium, Chaussée de Charleroi 100-106, 1060, Belgium",Chaussée de Charleroi 100-106,Hotel,164,2026-07-15,EUR,9.1,711,be_manos-premier.html.gz,2026-06-16T20:17:19+00:00,success
https://www.booking.com/hotel/be/holiday-home-le-lurcon.en-gb.html,Holiday home Le Lurçon,49.974383800000034,5.257598306082173,0,3,quality,"Rue Pairée 75, 6890 Libin, Belgium, Rue Pairée 75, 6890, Belgium",Rue Pairée 75,Hotel,,,,7.3,151,be_holiday-home-le-lurcon.html.gz,2026-06-16T20:18:24+00:00,partial
https://www.booking.com/hotel/be/citystay.en-gb.html,CITYSTAY,51.223179,4.399386,0,3,quality,"Burchtgracht 43, Antwerp District, 2000 Antwerp, Belgium, Burchtgracht 43, 2000, Belgium",Burchtgracht 43,Hotel,184,2026-07-15,EUR,9.0,1262,be_citystay.html.gz,2026-06-16T20:18:48+00:00,success
https://www.booking.com/hotel/be/gite-au-cortil.en-gb.html,Gite Au Cortil,50.22347,5.102033,0,3,quality,"51 Rue Enhet-Centre, 5590 Chevetogne, Belgium, 51 Rue Enhet-Centre, 5590, Belgium",51 Rue Enhet-Centre,Hotel,150,2026-07-22,EUR,8.4,99,be_gite-au-cortil.html.gz,2026-06-16T20:19:31+00:00,success
https://www.booking.com/hotel/be/blauwput-leuven-hostel.en-gb.html,Hostel Blauwput Leuven,50.88268847910772,4.717895870114148,0,,,"Martelarenlaan 11a, 3010 Leuven, Belgium, Martelarenlaan 11a, 3010, Belgium",Martelarenlaan 11a,Hotel,158,2026-07-15,EUR,7.9,462,be_blauwput-leuven-hostel.html.gz,2026-06-16T20:19:58+00:00,success
https://www.booking.com/hotel/be/vakantiewoningen-pizzeria-blanckthys-voeren.en-gb.html,Vakantiewoningen-Pizzeria Blanckthys Voeren,50.7583961486816,5.76095581054688,0,,,,,,,,,,,be_vakantiewoningen-pizzeria-blanckthys-voeren.html.gz,2026-06-16T20:21:06+00:00,partial
https://www.booking.com/hotel/be/fenaatres-sur-aywaille.en-gb.html,Fenêtres sur Aywaille,50.47348,5.67422,0,,,,,,,,,,,be_fenaatres-sur-aywaille.html.gz,2026-06-16T20:22:15+00:00,partial
https://www.booking.com/hotel/be/faubourg-saint-martin.en-gb.html,Faubourg Saint Martin,50.644305068383,5.56505973643652,0,4,quality,"Rue du Mont Saint Martin 49, 4000 Liège, Belgium, Rue du Mont Saint Martin 49, 4000, Belgium",Rue du Mont Saint Martin 49,Hotel,135,2026-07-15,EUR,9.4,610,be_faubourg-saint-martin.html.gz,2026-06-16T20:22:40+00:00,success
https://www.booking.com/hotel/be/k46.en-gb.html,For Four Flat,51.054058,3.724579,0,,,,,,,,,,,be_k46.html.gz,2026-06-16T20:23:50+00:00,partial
https://www.booking.com/hotel/be/rubens.en-gb.html,Hotel Rubens,51.27405495819774,3.0348792672157288,0,3,official,"Rubenslaan 3, 8420 De Haan, Belgium, Rubenslaan 3, 8420, Belgium",Rubenslaan 3,Hotel,,,,9.1,661,be_rubens.html.gz,2026-06-16T20:24:55+00:00,partial
https://www.booking.com/hotel/be/daily-apartments-riverside.en-gb.html,Luxury Suites Grotemarkt,51.22071,4.3987054,0,4,quality,"30 Suikerrui, Antwerp District, 2000 Antwerp, Belgium, 30 Suikerrui, 2000, Belgium",30 Suikerrui,Hotel,121,2026-07-29,EUR,8.2,469,be_daily-apartments-riverside.html.gz,2026-06-16T20:25:59+00:00,success
https://www.booking.com/hotel/be/charta-appartement.en-gb.html,Charta Appartement,50.8870369,4.5445912,0,4,official,"30 Karterstraat, 3070 Kortenberg, Belgium, 30 Karterstraat, 3070, Belgium",30 Karterstraat,Hotel,,,,9.8,20,be_charta-appartement.html.gz,2026-06-16T20:27:02+00:00,partial
https://www.booking.com/hotel/be/satellite.en-gb.html,Hotel Satellite,50.8467103,4.39067840000007,0,,,"Rue Franklin 157, 1000 Brussels, Belgium, Rue Franklin 157, 1000, Belgium",Rue Franklin 157,Hotel,97,2026-07-15,EUR,8.3,832,be_satellite.html.gz,2026-06-16T20:27:28+00:00,success
https://www.booking.com/hotel/be/novoteltournoire.en-gb.html,Novotel Brussels City Centre,50.85070583874663,4.350011944770813,0,4,official,"Rue de la Vierge Noire 32, 1000 Brussels, Belgium, Rue de la Vierge Noire 32, 1000, Belgium",Rue de la Vierge Noire 32,Hotel,137,2026-07-15,EUR,8.6,4155,be_novoteltournoire.html.gz,2026-06-16T20:27:55+00:00,success
https://www.booking.com/hotel/be/terrasses-de-malmedy-chalet-113.en-gb.html,Terrasses de Malmedy Chalet 113,50.4338744,6.0474814,0,,,"Chemin du Calvaire 22, 4960 Malmedy, Belgium, Chemin du Calvaire 22, 4960, Belgium",Chemin du Calvaire 22,Hotel,,,,7.8,46,be_terrasses-de-malmedy-chalet-113.html.gz,2026-06-16T20:28:58+00:00,partial
https://www.booking.com/hotel/be/europarthotel-ambiorix.en-gb.html,B-aparthotel Ambiorix,50.84617409485147,4.384494423866272,0,4,official,"Square Ambiorix 28, 1000 Brussels, Belgium, Square Ambiorix 28, 1000, Belgium",Square Ambiorix 28,Hotel,127,2026-07-15,EUR,7.9,1143,be_europarthotel-ambiorix.html.gz,2026-06-16T20:29:24+00:00,success
https://www.booking.com/hotel/be/la-grange-au-but-du-chemin.en-gb.html,La Grange du Bout du Chemin,50.158982220659894,5.816442656036315,0,3,quality,"Sommerain, 66, 6661 Houffalize, Belgium, Sommerain, 66, 6661, Belgium","Sommerain, 66",Hotel,,,,9.5,22,be_la-grange-au-but-du-chemin.html.gz,2026-06-16T20:30:28+00:00,partial
https://www.booking.com/hotel/be/vosseslag-beach.en-gb.html,Vosseslag Beach - De Haan,51.2761459350586,3.03003787994385,0,,,,,,,,,,,be_vosseslag-beach.html.gz,2026-06-16T20:31:38+00:00,partial
https://www.booking.com/hotel/be/royal-de-panne.en-gb.html,Hotel Royal,51.102221721827554,2.5914591550827026,0,4,official,"Zeelaan 180, 8660 De Panne, Belgium, Zeelaan 180, 8660, Belgium",Zeelaan 180,Hotel,160,2026-07-15,EUR,8.9,787,be_royal-de-panne.html.gz,2026-06-16T20:32:05+00:00,success
https://www.booking.com/hotel/be/woodstone.en-gb.html,Woodstone,49.779354791598,5.243893805557,0,3,quality,"35 Voye du Four, 6887 Herbeumont, Belgium, 35 Voye du Four, 6887, Belgium",35 Voye du Four,Hotel,,,,8.3,167,be_woodstone.html.gz,2026-06-16T20:33:10+00:00,partial
https://www.booking.com/hotel/be/sua-casa.en-gb.html,Sua Casa,50.347761304835,6.148677300386,0,3,quality,"Wolschebach 33, 4770 Amblève, Belgium, Wolschebach 33, 4770, Belgium",Wolschebach 33,Hotel,,,,9.5,50,be_sua-casa.html.gz,2026-06-16T20:34:12+00:00,partial
https://www.booking.com/hotel/be/centerroomsbedandbreakfast.en-gb.html,Gastenkamers Centersuites,51.13259724078197,2.6729419827461243,0,3,quality,"Albert I laan 81-83, 8670 Oostduinkerke, Belgium, Albert I laan 81-83, 8670, Belgium",Albert I laan 81-83,Hotel,155,2026-07-15,EUR,6.5,260,be_centerroomsbedandbreakfast.html.gz,2026-06-16T20:34:35+00:00,success
https://www.booking.com/hotel/be/ibisliege.en-gb.html,ibis Liège Centre Opéra,50.64330358163896,5.571676343679428,0,3,official,"Place de la République Francaise 41, 4000 Liège, Belgium, Place de la République Francaise 41, 4000, Belgium",Place de la République Francaise 41,Hotel,99,2026-07-15,EUR,7.2,3107,be_ibisliege.html.gz,2026-06-16T20:35:02+00:00,success
https://www.booking.com/hotel/be/boterhuis.en-gb.html,Hotel Boterhuis,51.21046089404037,3.2212458550930023,0,3,official,"Sint-Jakobsstraat 40, Historic Centre of Brugge, 8000 Bruges, Belgium, Sint-Jakobsstraat 40, 8000, Belgium",Sint-Jakobsstraat 40,Hotel,160,2026-07-15,EUR,8.7,3673,be_boterhuis.html.gz,2026-06-16T20:35:28+00:00,success
https://www.booking.com/hotel/be/place-2-stay.en-gb.html,Place 2 stay,51.05814418699149,3.7267041206359863,0,4,quality,"Penitentenstraat 33, Binnenstad, 9000 Ghent, Belgium, Penitentenstraat 33, 9000, Belgium",Penitentenstraat 33,Hotel,,,,9.0,629,be_place-2-stay.html.gz,2026-06-16T20:36:33+00:00,partial
https://www.booking.com/hotel/be/la-ferme-du-chateau-de-broich.en-gb.html,B&B La ferme du Château de Broich,50.7050375,5.9417802,0,3,quality,"42 Rue du Château de Broich La ferme du Château de Broich, 4850 Plombières, Belgium, 42 Rue du Château de Broich La ferme du Château de Broich, 4850, Belgium",42 Rue du Château de Broich La ferme du Château de Broich,Hotel,96,2026-07-15,EUR,8.7,232,be_la-ferme-du-chateau-de-broich.html.gz,2026-06-16T20:36:59+00:00,success
https://www.booking.com/hotel/be/appartement-peket-liege-centre.en-gb.html,Apart'Hotel Liège City Centre,50.6450661,5.5763034999999945,0,3,quality,"Rue de l'Epée 4, 4000 Liège, Belgium, Rue de l'Epée 4, 4000, Belgium",Rue de l'Epée 4,Hotel,89,2026-07-15,EUR,7.1,150,be_appartement-peket-liege-centre.html.gz,2026-06-16T20:37:25+00:00,success
https://www.booking.com/hotel/be/b-amp-b-39-t-hoogste.en-gb.html,B&B 't Hoogste,51.0731776107745,4.21870144655759,0,3,quality,"'t Hoogste 30, 2880 Bornem, Belgium, 't Hoogste 30, 2880, Belgium",'t Hoogste 30,Hotel,139,2026-07-15,EUR,9.6,57,be_b-amp-b-39-t-hoogste.html.gz,2026-06-16T20:37:51+00:00,success
https://www.booking.com/hotel/be/eurocap.en-gb.html,Hotel Eurocap,50.8843482731402,4.3187615275383,0,2,official,"Chaussée De Dieleghem 114-116, Jette, 1090 Brussels, Belgium, Chaussée De Dieleghem 114-116, 1090, Belgium",Chaussée De Dieleghem 114-116,Hotel,73,2026-07-15,EUR,6.0,422,be_eurocap.html.gz,2026-06-16T20:38:16+00:00,success
https://www.booking.com/hotel/be/the-charm.en-gb.html,The Charm,49.79498,5.06725,0,,,,,,,,,,,be_the-charm.html.gz,2026-06-16T20:39:25+00:00,partial
https://www.booking.com/hotel/be/montovanibrugge.en-gb.html,Hotel Montovani,51.207982383790416,3.214726746082306,0,2,official,"Schouwvegersstraat 11, Historic Centre of Brugge, 8000 Bruges, Belgium, Schouwvegersstraat 11, 8000, Belgium",Schouwvegersstraat 11,Hotel,134,2026-07-15,EUR,7.9,1587,be_montovanibrugge.html.gz,2026-06-16T20:39:52+00:00,success
https://www.booking.com/hotel/be/magnificent-new-yok-loft-in-the-heart-of-namur.en-gb.html,New York Loft - Fully equipped and available long-term - Perfect location IN city center,50.4667015075684,4.86667013168335,0,,,,,,,,,,,be_magnificent-new-yok-loft-in-the-heart-of-namur.html.gz,2026-06-16T20:40:59+00:00,partial
https://www.booking.com/hotel/be/montana-de-panne.en-gb.html,Hotel Montana,51.10338720621911,2.5947073101997375,0,2,official,"Leopold II Laan 11, 8660 De Panne, Belgium, Leopold II Laan 11, 8660, Belgium",Leopold II Laan 11,Hotel,,,,8.6,947,be_montana-de-panne.html.gz,2026-06-16T20:42:01+00:00,partial
https://www.booking.com/hotel/be/the-grand.en-gb.html,House with Sauna and Outdoor Shower,51.2211799621582,4.3996753692627,0,,,,,,,,,,,be_the-grand.html.gz,2026-06-16T20:43:07+00:00,partial
https://www.booking.com/hotel/be/la-potiniere.en-gb.html,Hotel La Potinière,50.874390412502265,4.374275207519531,0,1,official,"Rue François Joseph Navez 165-167, Schaarbeek / Schaerbeek, 1030 Brussels, Belgium, Rue François Joseph Navez 165-167, 1030, Belgium",Rue François Joseph Navez 165-167,Hotel,,,,,,be_la-potiniere.html.gz,2026-06-16T20:44:11+00:00,partial
https://www.booking.com/hotel/be/groot-appartement-nabij-brugge-met-eigen-badkamer.en-gb.html,Groot appartement nabij Brugge met eigen badkamer!,51.25,3.28332996368408,0,,,,,,,,,,,be_groot-appartement-nabij-brugge-met-eigen-badkamer.html.gz,2026-06-16T20:45:20+00:00,partial
https://www.booking.com/hotel/be/guest-house-scheldevallei.en-gb.html,Guest House Scheldevallei,51.000516596710106,3.736543133854866,0,3,quality,"Zwijnaardsesteenweg 48, 9820 Merelbeke, Belgium, Zwijnaardsesteenweg 48, 9820, Belgium",Zwijnaardsesteenweg 48,Hotel,,,,5.0,13,be_guest-house-scheldevallei.html.gz,2026-06-16T20:46:22+00:00,partial
https://www.booking.com/hotel/be/residence-wembley.en-gb.html,Residence Wembley,51.1717931342402,2.77792096138,0,4,quality,"Priorijlaan 26/B5, 8434 Middelkerke, Belgium, Priorijlaan 26/B5, 8434, Belgium",Priorijlaan 26/B5,Hotel,,,,8.4,156,be_residence-wembley.html.gz,2026-06-16T20:47:23+00:00,partial
https://www.booking.com/hotel/be/arendshof.en-gb.html,Luxury Apartments Arendshof,51.22388549999999,4.484103000000005,0,,,"Professor Van Den Wildenberglaan 1, Deurne, 2100 Antwerp, Belgium, Professor Van Den Wildenberglaan 1, 2100, Belgium",Professor Van Den Wildenberglaan 1,Hotel,135,2026-07-15,EUR,5.1,14,be_arendshof.html.gz,2026-06-16T20:47:47+00:00,success
https://www.booking.com/hotel/be/b-amp-b-sasput.en-gb.html,B&B Sasput,50.898486,5.33877,0,4,official,"79 Sasput-Voogdijstraat, 3500 Hasselt, Belgium, 79 Sasput-Voogdijstraat, 3500, Belgium",79 Sasput-Voogdijstraat,Hotel,369,2026-07-15,EUR,9.3,179,be_b-amp-b-sasput.html.gz,2026-06-16T20:48:11+00:00,success
https://www.booking.com/hotel/be/snuffel-hostel-brugge.en-gb.html,Snuffel Hostel,51.21315753757665,3.2184839846557907,0,,,"Ezelstraat 42, Historic Centre of Brugge, 8000 Bruges, Belgium, Ezelstraat 42, 8000, Belgium",Ezelstraat 42,Hotel,68,2026-07-15,EUR,8.7,6499,be_snuffel-hostel-brugge.html.gz,2026-06-16T20:48:37+00:00,success
https://www.booking.com/hotel/be/gite-fluvial-exclusif-pour-6-personnes.en-gb.html,Chambres d'hôtes sur la Meuse à bord de la Péniche Formigny,50.459394110362,4.866668730936,0,,,"Quai des chasseurs ardennais, 5000 Namur, Belgium, Quai des chasseurs ardennais, 5000, Belgium",Quai des chasseurs ardennais,Hotel,,,,8.8,13,be_gite-fluvial-exclusif-pour-6-personnes.html.gz,2026-06-16T20:49:39+00:00,partial
https://www.booking.com/hotel/be/manavahotel.en-gb.html,ManavaHotel,50.689507,5.582216,0,3,official,"Route de Liers 114, 4041 Herstal, Belgium, Route de Liers 114, 4041, Belgium",Route de Liers 114,Hotel,144,2026-07-15,EUR,9.1,72,be_manavahotel.html.gz,2026-06-16T20:50:03+00:00,success
https://www.booking.com/hotel/be/dolce-la-hulpe-brussels.en-gb.html,Hotel Dolce La Hulpe Brussels,50.7454783845326,4.455331563949585,0,4,official,"Chaussée de Bruxelles 135, 1310 La Hulpe, Belgium, Chaussée de Bruxelles 135, 1310, Belgium",Chaussée de Bruxelles 135,Hotel,328,2026-07-15,EUR,8.4,2362,be_dolce-la-hulpe-brussels.html.gz,2026-06-16T20:50:30+00:00,success
https://www.booking.com/hotel/be/la-fete-au-palais.en-gb.html,La Fête au Palais,50.37808661239523,4.879871822753898,0,3,official,"1, Rue du Belvédère, 5170 Lustin, Belgium, 1, Rue du Belvédère, 5170, Belgium","1, Rue du Belvédère",Hotel,110,2026-07-15,EUR,8.8,1433,be_la-fete-au-palais.html.gz,2026-06-16T20:50:55+00:00,success
https://www.booking.com/hotel/be/ferienwohnung-theissen-pauls.en-gb.html,Carmius - Back to simple life,50.197414320171205,6.134109022090115,0,4,quality,"Burgstrasse 13, 4790 Burg-Reuland, Belgium, Burgstrasse 13, 4790, Belgium",Burgstrasse 13,Hotel,,,,9.3,50,be_ferienwohnung-theissen-pauls.html.gz,2026-06-16T20:52:00+00:00,partial
https://www.booking.com/hotel/be/ideal-tower-dakterras.en-gb.html,IDEAL TOWER DAKTERRAS,51.3193199,3.1408327,0,4,quality,"JULES GADEYNEHELLING APP 10.3, 8370 Blankenberge, Belgium, JULES GADEYNEHELLING APP 10.3, 8370, Belgium",JULES GADEYNEHELLING APP 10.3,Hotel,,,,9.1,39,be_ideal-tower-dakterras.html.gz,2026-06-16T20:53:02+00:00,partial
https://www.booking.com/hotel/be/chez-marion-celles2.en-gb.html,"Les gîtes ""Cœur de ferme""",50.2284913994888,5.007649747221421,0,3,quality,"Ferme de la Cour 1, 5561 Celles, Belgium, Ferme de la Cour 1, 5561, Belgium",Ferme de la Cour 1,Hotel,,,,8.8,85,be_chez-marion-celles2.html.gz,2026-06-16T20:54:06+00:00,partial
https://www.booking.com/hotel/be/le-clocher-le-cercle.en-gb.html,Le Clocher - Le Cercle,50.227715536357,5.343746263229,0,3,quality,"8 Place du Roi Albert, 6900 Marche-en-Famenne, Belgium, 8 Place du Roi Albert, 6900, Belgium",8 Place du Roi Albert,Hotel,,,,9.0,39,be_le-clocher-le-cercle.html.gz,2026-06-16T20:55:12+00:00,partial
https://www.booking.com/hotel/be/louise-sur-cour.en-gb.html,Louise sur Cour,,,1,,,,,,,,,,,be_louise-sur-cour.html.gz,2026-06-16T20:55:38+00:00,failed
https://www.booking.com/hotel/be/b-amp-b-ter-vesten.en-gb.html,B&B Ter Vesten,50.84649586996127,2.884954512119293,0,3,quality,"Arsenaalstraat 4, 8900 Ypres, Belgium, Arsenaalstraat 4, 8900, Belgium",Arsenaalstraat 4,Hotel,135,2026-07-15,EUR,8.9,718,be_b-amp-b-ter-vesten.html.gz,2026-06-16T20:56:03+00:00,success
https://www.booking.com/hotel/be/sandton-pillows-brussels.en-gb.html,Pillows Grand Boutique Hotel Place Rouppe Brussels,50.84238036834025,4.346093237400055,0,,,"Place Rouppe 17, 1000 Brussels, Belgium, Place Rouppe 17, 1000, Belgium",Place Rouppe 17,Hotel,116,2026-07-15,EUR,8.3,3209,be_sandton-pillows-brussels.html.gz,2026-06-16T20:56:31+00:00,success
https://www.booking.com/hotel/be/melissa-peruwelz.en-gb.html,hotel Melissa,50.497502,3.608031,0,2,official,"10 Place Jean Absil, 7603 Péruwelz, Belgium, 10 Place Jean Absil, 7603, Belgium",10 Place Jean Absil,Hotel,51,2026-07-15,EUR,5.9,651,be_melissa-peruwelz.html.gz,2026-06-16T20:56:58+00:00,success
https://www.booking.com/hotel/be/bloonwinning-b-amp-b.en-gb.html,B&B Bloonwinning,50.906388634564685,5.286623239517212,0,4,quality,"Oosterbeekstraat 60, 3500 Hasselt, Belgium, Oosterbeekstraat 60, 3500, Belgium",Oosterbeekstraat 60,Hotel,,,,9.7,56,be_bloonwinning-b-amp-b.html.gz,2026-06-16T20:58:03+00:00,partial
https://www.booking.com/hotel/be/verone-ha-tel-de-charme.en-gb.html,Hôtel Verone - Liège Centre,50.62133966461708,5.5911558866500854,0,,,"Boulevard Emile de Laveleye 149, 4020 Liège, Belgium, Boulevard Emile de Laveleye 149, 4020, Belgium",Boulevard Emile de Laveleye 149,Hotel,99,2026-07-15,EUR,7.9,547,be_verone-ha-tel-de-charme.html.gz,2026-06-16T20:58:28+00:00,success
https://www.booking.com/hotel/be/cozy-antwerp-apartments.en-gb.html,CityHome Antwerp,51.2186718219134,4.3994605885697,0,3,quality,"11 Leeuwenstraat, Antwerp District, 2000 Antwerp, Belgium, 11 Leeuwenstraat, 2000, Belgium",11 Leeuwenstraat,Hotel,,,,8.5,171,be_cozy-antwerp-apartments.html.gz,2026-06-16T20:59:33+00:00,partial
https://www.booking.com/hotel/be/cavells.en-gb.html,Juliette's,50.85232808250057,2.880241870880127,0,1,quality,"Minneplein 3, 8900 Ypres, Belgium, Minneplein 3, 8900, Belgium",Minneplein 3,Hotel,,,,9.0,741,be_cavells.html.gz,2026-06-16T21:00:37+00:00,partial
https://www.booking.com/hotel/be/l-39-atelier-durbuy.en-gb.html,L'atelier,50.371324,5.536776,0,3,quality,"lagelire, 31, 6941 Durbuy, Belgium, lagelire, 31, 6941, Belgium","lagelire, 31",Hotel,,,,8.7,90,be_l-39-atelier-durbuy.html.gz,2026-06-16T21:01:38+00:00,partial
https://www.booking.com/hotel/be/the-collector-39-s-house.en-gb.html,The Collector's House,51.22158839099333,4.402997642755508,0,4,quality,"Wolstraat 16, Antwerp District, 2000 Antwerp, Belgium, Wolstraat 16, 2000, Belgium",Wolstraat 16,Hotel,153,2026-07-15,EUR,8.8,178,be_the-collector-39-s-house.html.gz,2026-06-16T21:02:03+00:00,success
https://www.booking.com/hotel/be/au-fil-des-reves.en-gb.html,Au Fil des Rêves,50.544162,4.405208,0,3,quality,"95, rue de Bruxelles, 6210 Rèves, Belgium, 95, rue de Bruxelles, 6210, Belgium","95, rue de Bruxelles",Hotel,,,,9.4,89,be_au-fil-des-reves.html.gz,2026-06-16T21:03:07+00:00,partial
https://www.booking.com/hotel/be/b-b-pittoresque.en-gb.html,B&B Pittoresque,50.1324017285753,5.7920037209731845,0,,,"Rue Saint Anne 25, 6660 Houffalize, Belgium, Rue Saint Anne 25, 6660, Belgium",Rue Saint Anne 25,Hotel,99,2026-07-15,EUR,8.6,304,be_b-b-pittoresque.html.gz,2026-06-16T21:03:31+00:00,success
https://www.booking.com/hotel/be/moeder-lambic.en-gb.html,Hotel Moby Dick by WP hotels,51.31690062101782,3.135676681995392,0,3,official,"Jules de Troozlaan 93, 8370 Blankenberge, Belgium, Jules de Troozlaan 93, 8370, Belgium",Jules de Troozlaan 93,Hotel,,,,6.0,148,be_moeder-lambic.html.gz,2026-06-16T21:04:33+00:00,partial
https://www.booking.com/hotel/be/a-la-ferme-du-pere-eugene.en-gb.html,A la ferme du Pere Eugene,50.4591471581961,6.07584446668625,0,,,"Large Voie 2, 4960 Malmedy, Belgium, Large Voie 2, 4960, Belgium",Large Voie 2,Hotel,,,,9.1,108,be_a-la-ferme-du-pere-eugene.html.gz,2026-06-16T21:05:37+00:00,partial
https://www.booking.com/hotel/be/lido.en-gb.html,Hotel Lido,51.346707,3.288335,0,,,,,,,,,,,be_lido.html.gz,2026-06-16T21:06:47+00:00,partial
https://www.booking.com/hotel/be/elisabeth.en-gb.html,Hotel Elisabeth,51.0313369,4.480170100000009,0,3,official,"Stassartstraat 26-28, 2800 Mechelen, Belgium, Stassartstraat 26-28, 2800, Belgium",Stassartstraat 26-28,Hotel,114,2026-07-15,EUR,7.9,1984,be_elisabeth.html.gz,2026-06-16T21:07:11+00:00,success
https://www.booking.com/hotel/be/alpha.en-gb.html,Alpha Hotel,51.23364152664506,2.916690409183502,0,3,official,"Louisastraat 18, Oostende Centre, 8400 Ostend, Belgium, Louisastraat 18, 8400, Belgium",Louisastraat 18,Hotel,87,2026-07-15,EUR,7.0,2765,be_alpha.html.gz,2026-06-16T21:07:39+00:00,success
https://www.booking.com/hotel/be/gats-place.en-gb.html,Gats Place,50.6453693,5.5603711,0,3,quality,"4 Rue Hullos, 4000 Liège, Belgium, 4 Rue Hullos, 4000, Belgium",4 Rue Hullos,Hotel,,,,5.9,88,be_gats-place.html.gz,2026-06-16T21:08:43+00:00,partial
https://www.booking.com/hotel/be/b-amp-b-chez-tante-alice.en-gb.html,B&B Chez tante Alice,50.3550531961629,5.56633205026241,0,3,quality,"Aisne 52 6941 Durbuy, 6941 Durbuy, Belgium, Aisne 52 6941 Durbuy, 6941, Belgium",Aisne 52 6941 Durbuy,Hotel,,,,9.4,95,be_b-amp-b-chez-tante-alice.html.gz,2026-06-16T21:09:45+00:00,partial
https://www.booking.com/hotel/be/monsieurernest.en-gb.html,Hotel Monsieur Ernest,51.20758580977142,3.2181009650230408,0,3,official,"Wulfhagestraat 43, Historic Centre of Brugge, 8000 Bruges, Belgium, Wulfhagestraat 43, 8000, Belgium",Wulfhagestraat 43,Hotel,126,2026-07-15,EUR,8.0,3284,be_monsieurernest.html.gz,2026-06-16T21:10:09+00:00,success
https://www.booking.com/hotel/be/ardn-bnb.en-gb.html,Ardn-bnb Eglise,50.1824926,5.5755352,0,4,quality,"19 Rue de l'Eglise, 6980 La Roche-en-Ardenne, Belgium, 19 Rue de l'Eglise, 6980, Belgium",19 Rue de l'Eglise,Hotel,,,,8.6,162,be_ardn-bnb.html.gz,2026-06-16T21:11:14+00:00,partial
https://www.booking.com/hotel/be/schroder.en-gb.html,Hotel Schröder,50.38008600497452,6.342415809631348,0,3,official,"Büllingen, 4760 Losheimergraben, Belgium, Büllingen, 4760, Belgium",Büllingen,Hotel,74,2026-07-22,EUR,8.6,467,be_schroder.html.gz,2026-06-16T21:11:59+00:00,success
https://www.booking.com/hotel/be/froissart-loft.en-gb.html,Froissart Loft,50.0477605571773,4.31449170764935,0,3,quality,"30/A place Froissart, 6460 Chimay, Belgium, 30/A place Froissart, 6460, Belgium",30/A place Froissart,Hotel,92,2026-07-29,EUR,9.2,174,be_froissart-loft.html.gz,2026-06-16T21:13:04+00:00,success
https://www.booking.com/hotel/be/arisgrandplace.en-gb.html,Aris Grand Place Hotel,50.84716312285271,4.35383677482605,0,3,official,"Grasmarkt 78-80, 1000 Brussels, Belgium, Grasmarkt 78-80, 1000, Belgium",Grasmarkt 78-80,Hotel,144,2026-07-15,EUR,8.6,2489,be_arisgrandplace.html.gz,2026-06-16T21:13:30+00:00,success
https://www.booking.com/hotel/be/au-cochon-perche.en-gb.html,Au Cochon Perché,50.35184,5.45776,0,,,,,,,,,,,be_au-cochon-perche.html.gz,2026-06-16T21:14:38+00:00,partial
https://www.booking.com/hotel/be/le-pre-en-bulles-merbes-le-chateau.en-gb.html,"Le pré en bulles gîte et restaurant ,produits locaux à Labuissière",50.3259777,4.195598700000005,0,4,quality,"1 Rue de Falimont, 6567 Merbes-le-Château, Belgium, 1 Rue de Falimont, 6567, Belgium",1 Rue de Falimont,Hotel,,,,8.8,116,be_le-pre-en-bulles-merbes-le-chateau.html.gz,2026-06-16T21:15:43+00:00,partial
https://www.booking.com/hotel/be/du-parlement.en-gb.html,Hotel Du Parlement,50.83823401444161,4.371753931045532,0,2,official,"Rue du Parnasse 24, Elsene / Ixelles, 1050 Brussels, Belgium, Rue du Parnasse 24, 1050, Belgium",Rue du Parnasse 24,Hotel,165,2026-07-15,EUR,7.2,992,be_du-parlement.html.gz,2026-06-16T21:16:08+00:00,success
https://www.booking.com/hotel/be/le-cerf-volant.en-gb.html,Le Cerf volant,49.9836624025897,5.2661259865082,0,3,quality,"rue d'Hatrival 163 Le Cerf volant rue d'Hatrival 163 A, 6890 Libin, Belgium, rue d'Hatrival 163 Le Cerf volant rue d'Hatrival 163 A, 6890, Belgium",rue d'Hatrival 163 Le Cerf volant rue d'Hatrival 163 A,Hotel,,,,9.3,94,be_le-cerf-volant.html.gz,2026-06-16T21:17:12+00:00,partial
https://www.booking.com/hotel/be/le-florentin.en-gb.html,Le Florentin,49.697454923644855,5.312470660852114,0,3,official,"58, Place Albert Ier, 6820 Florenville, Belgium, 58, Place Albert Ier, 6820, Belgium","58, Place Albert Ier",Hotel,170,2026-07-15,EUR,9.3,485,be_le-florentin.html.gz,2026-06-16T21:17:37+00:00,success
https://www.booking.com/hotel/be/regina.en-gb.html,Hotel New Regina,50.85069906516802,2.8859415650367737,0,3,official,"Grote Markt 45, 8900 Ypres, Belgium, Grote Markt 45, 8900, Belgium",Grote Markt 45,Hotel,101,2026-07-15,EUR,8.6,2139,be_regina.html.gz,2026-06-16T21:18:01+00:00,success
https://www.booking.com/hotel/be/polder-27.en-gb.html,Polder 27,51.18419,3.00494,0,,,,,,,,,,,be_polder-27.html.gz,2026-06-16T21:19:08+00:00,partial
https://www.booking.com/hotel/be/b-room.en-gb.html,b room,51.218563,3.202603,0,3,quality,"34 Steenkaai Bus Q, Sint-Pieters, 8000 Bruges, Belgium, 34 Steenkaai Bus Q, 8000, Belgium",34 Steenkaai Bus Q,Hotel,169,2026-07-15,EUR,9.0,1104,be_b-room.html.gz,2026-06-16T21:19:33+00:00,success
https://www.booking.com/hotel/be/charlie-rockets.en-gb.html,Charlie Rockets Youth Hostel,51.208911604466,3.2242740271613,0,,,,,,,,,,,be_charlie-rockets.html.gz,2026-06-16T21:20:42+00:00,partial
https://www.booking.com/hotel/be/smartflats-cathedrale.en-gb.html,Smartflats Design - Cathédrale,50.64514,5.57342,0,,,,,,,,,,,be_smartflats-cathedrale.html.gz,2026-06-16T21:21:48+00:00,partial
https://www.booking.com/hotel/be/residence-les-bleuets.en-gb.html,Appartement Les Bleuets,50.180595780367,5.577212834358,0,3,quality,"2 Rue Rompré, 6980 La Roche-en-Ardenne, Belgium, 2 Rue Rompré, 6980, Belgium",2 Rue Rompré,Hotel,176,2026-07-15,EUR,9.1,81,be_residence-les-bleuets.html.gz,2026-06-16T21:22:11+00:00,success
https://www.booking.com/hotel/be/hostel-bruegel.en-gb.html,Hostel Bruegel,50.8419125351917,4.35133293271065,0,,,"Heilige Geeststraat 2, 1000 Brussels, Belgium, Heilige Geeststraat 2, 1000, Belgium",Heilige Geeststraat 2,Hotel,98,2026-07-15,EUR,8.3,6705,be_hostel-bruegel.html.gz,2026-06-16T21:22:36+00:00,success
https://www.booking.com/hotel/be/pronkenburg.en-gb.html,B&B Pronkenburg,51.28110193037649,3.208504021167755,0,4,quality,"Ter Doeststraat 30, 8380 Lissewege, Belgium, Ter Doeststraat 30, 8380, Belgium",Ter Doeststraat 30,Hotel,154,2026-07-15,EUR,9.2,292,be_pronkenburg.html.gz,2026-06-16T21:23:00+00:00,success
https://www.booking.com/hotel/be/studio-cathilleweg.en-gb.html,Studio Art-hill,51.216497840645374,3.0704942008026093,0,4,quality,"Cathilleweg 130, 8490 Jabbeke, Belgium, Cathilleweg 130, 8490, Belgium",Cathilleweg 130,Hotel,,,,8.4,113,be_studio-cathilleweg.html.gz,2026-06-16T21:24:01+00:00,partial
https://www.booking.com/hotel/be/b-amp-b-les-hirondelles.en-gb.html,B&B Les Hirondelles,51.2761459350586,3.03003787994385,0,,,,,,,,,,,be_b-amp-b-les-hirondelles.html.gz,2026-06-16T21:25:06+00:00,partial
https://www.booking.com/hotel/be/au-fil-de-l-39-eau-grupont.en-gb.html,Au fil de l'eau,50.092127,5.278188,0,3,quality,"39 Rue Maréchal Foch, 6927 Grupont, Belgium, 39 Rue Maréchal Foch, 6927, Belgium",39 Rue Maréchal Foch,Hotel,,,,9.3,70,be_au-fil-de-l-39-eau-grupont.html.gz,2026-06-16T21:26:11+00:00,partial
https://www.booking.com/hotel/be/le-relais-du-randonneur.en-gb.html,Le Relais du Randonneur 1,50.09249,5.2798,0,,,,,,,,,,,be_le-relais-du-randonneur.html.gz,2026-06-16T21:27:19+00:00,partial
https://www.booking.com/hotel/be/chambre-dhotes-citabelair.en-gb.html,Chambre d'hôtes CitaBel'Air,50.45611987649437,4.850295128836024,0,4,quality,"Avenue Bel Air 6, 5000 Namur, Belgium, Avenue Bel Air 6, 5000, Belgium",Avenue Bel Air 6,Hotel,,,,9.8,26,be_chambre-dhotes-citabelair.html.gz,2026-06-16T21:28:24+00:00,partial
https://www.booking.com/hotel/be/tannine-et-cuisine.en-gb.html,Tannine et Cuisine,51.172568033672505,3.0947101314606016,0,3,quality,"Zomerweg 16, 8490 Jabbeke, Belgium, Zomerweg 16, 8490, Belgium",Zomerweg 16,Hotel,138,2026-07-15,EUR,8.3,88,be_tannine-et-cuisine.html.gz,2026-06-16T21:28:48+00:00,success
https://www.booking.com/hotel/be/tempor-39-area.en-gb.html,Tempor'area Apartment,51.2143935,4.40362719999996,0,4,quality,"Vleminckveld 42, Antwerp District, 2000 Antwerp, Belgium, Vleminckveld 42, 2000, Belgium",Vleminckveld 42,Hotel,,,,9.5,32,be_tempor-39-area.html.gz,2026-06-16T21:29:53+00:00,partial
https://www.booking.com/hotel/be/le-chalet-de-marguerite.en-gb.html,Le Chalet de Marguerite,50.44793099141505,5.956459999999993,0,3,quality,"Chemin des Pierris 22, 4970 Francorchamps, Belgium, Chemin des Pierris 22, 4970, Belgium",Chemin des Pierris 22,Hotel,,,,9.6,68,be_le-chalet-de-marguerite.html.gz,2026-06-16T21:30:58+00:00,partial
https://www.booking.com/hotel/be/grand-belle-vue.en-gb.html,Grand Hotel Belle Vue,51.27321763894294,3.033055365085602,0,4,official,"Koninklijk Plein 5, 8420 De Haan, Belgium, Koninklijk Plein 5, 8420, Belgium",Koninklijk Plein 5,Hotel,,,,9.1,137,be_grand-belle-vue.html.gz,2026-06-16T21:32:01+00:00,partial
https://www.booking.com/hotel/be/q-b-amp-b.en-gb.html,Q B&B,50.9004882,3.86600569999996,0,4,quality,"Meerlaan,19, 9550 Herzele, Belgium, Meerlaan,19, 9550, Belgium","Meerlaan,19",Hotel,100,2026-07-15,EUR,9.2,166,be_q-b-amp-b.html.gz,2026-06-16T21:32:25+00:00,success
https://www.booking.com/hotel/be/residence18.en-gb.html,Résidence18,50.827351626772604,4.368324726819992,0,,,"dautzenberg 18, Elsene / Ixelles, 1050 Brussels, Belgium, dautzenberg 18, 1050, Belgium",dautzenberg 18,Hotel,,,,9.1,130,be_residence18.html.gz,2026-06-16T21:33:28+00:00,partial
https://www.booking.com/hotel/be/lommel-broek.en-gb.html,Hotel Lommel Broek,51.15996,5.26393,0,,,,,,,,,,,be_lommel-broek.html.gz,2026-06-16T21:34:34+00:00,partial
https://www.booking.com/hotel/be/aloft-brussels-schuman.en-gb.html,Aloft Brussels Schuman,50.84054097739892,4.380776882171631,0,3,official,"Place Jean Rey, 1040 Brussels, Belgium, Place Jean Rey, 1040, Belgium",Place Jean Rey,Hotel,135,2026-07-15,EUR,8.9,2530,be_aloft-brussels-schuman.html.gz,2026-06-16T21:34:59+00:00,success
https://www.booking.com/hotel/be/le-flaneur.en-gb.html,B&B Le flaneur,51.214093560891705,3.223954886198044,0,3,quality,"Hoedenmakersstraat 15, Historic Centre of Brugge, 8000 Bruges, Belgium, Hoedenmakersstraat 15, 8000, Belgium",Hoedenmakersstraat 15,Hotel,,,,9.7,504,be_le-flaneur.html.gz,2026-06-16T21:36:02+00:00,partial
https://www.booking.com/hotel/be/maison-en-bord-de-meuse.en-gb.html,Gite 4 Façades - 200m de la Meuse,50.26122,4.91256,0,,,,,,,,,,,be_maison-en-bord-de-meuse.html.gz,2026-06-16T21:37:09+00:00,partial
https://www.booking.com/hotel/be/o-39-casino.en-gb.html,O' Casino,51.232505,2.91237709999996,0,4,quality,"Kursaal-Oosthelling 11 appartement 4B Monte Carlo, Oostende Centre, 8400 Ostend, Belgium, Kursaal-Oosthelling 11 appartement 4B Monte Carlo, 8400, Belgium",Kursaal-Oosthelling 11 appartement 4B Monte Carlo,Hotel,,,,9.2,32,be_o-39-casino.html.gz,2026-06-16T21:38:12+00:00,partial
https://www.booking.com/hotel/be/castelgent.en-gb.html,Hotel Castel,51.037145504460945,3.711825907230377,0,3,official,"Koningin Maria Hendrikaplein 9, Stationsbuurt Noord, 9000 Ghent, Belgium, Koningin Maria Hendrikaplein 9, 9000, Belgium",Koningin Maria Hendrikaplein 9,Hotel,95,2026-07-15,EUR,7.3,1213,be_castelgent.html.gz,2026-06-16T21:38:36+00:00,success
https://www.booking.com/hotel/be/cap-39-s-house.en-gb.html,Cap's House,51.0521757,3.721112299999959,0,4,quality,"Hoornstraat 13, Binnenstad, 9000 Ghent, Belgium, Hoornstraat 13, 9000, Belgium",Hoornstraat 13,Hotel,,,,8.2,268,be_cap-39-s-house.html.gz,2026-06-16T21:39:38+00:00,partial
https://www.booking.com/hotel/be/villa-vanille.en-gb.html,B&B Supérieur Villa vanille,50.4667015075684,4.86667013168335,0,,,,,,,,,,,be_villa-vanille.html.gz,2026-06-16T21:40:46+00:00,partial
https://www.booking.com/hotel/be/chalet-de-la-vallee-des-pres.en-gb.html,chalet de la vallée des prés,50.01909833344975,4.650230942592297,0,,,"45, Rue Pairière, 5670 Oignies-en-Thierache, Belgium, 45, Rue Pairière, 5670, Belgium","45, Rue Pairière",Hotel,102,2026-07-15,EUR,8.1,36,be_chalet-de-la-vallee-des-pres.html.gz,2026-06-16T21:41:11+00:00,success
https://www.booking.com/hotel/be/belfleur.en-gb.html,Hotel Belfleur,51.0306670045796,5.37558543682098,0,,,,,,,,,,,be_belfleur.html.gz,2026-06-16T21:42:16+00:00,partial
https://www.booking.com/hotel/be/smartflats-les-postiers.en-gb.html,Smartflats Design - Les Postiers,,,1,,,,,,,,,,,be_smartflats-les-postiers.html.gz,2026-06-16T21:42:40+00:00,failed
https://www.booking.com/hotel/be/housing.en-gb.html,Rooms & Apartments Housingbrussels,50.85120200070653,4.388563334941864,0,,,"Rue Louis Scutenaire 3, Schaarbeek / Schaerbeek, 1030 Brussels, Belgium, Rue Louis Scutenaire 3, 1030, Belgium",Rue Louis Scutenaire 3,Hotel,,,,8.9,178,be_housing.html.gz,2026-06-16T21:43:45+00:00,partial
https://www.booking.com/hotel/be/rijhuis.en-gb.html,Rijhuis,50.23791,4.90792,0,,,,,,,,,,,be_rijhuis.html.gz,2026-06-16T21:44:53+00:00,partial
https://www.booking.com/hotel/be/burg-hof.en-gb.html,Hotel Burg Hof,50.19878396968387,6.130478382110596,0,3,official,"Neugarten 16, 4790 Burg-Reuland, Belgium, Neugarten 16, 4790, Belgium",Neugarten 16,Hotel,,,,8.9,84,be_burg-hof.html.gz,2026-06-16T21:45:56+00:00,partial
https://www.booking.com/hotel/be/gites-du-tellin.en-gb.html,Gîtes du tellin,50.054585,4.433709,0,3,quality,"15 Rue Le-Faubourg 1, 5660 Couvin, Belgium, 15 Rue Le-Faubourg 1, 5660, Belgium",15 Rue Le-Faubourg 1,Hotel,,,,8.9,32,be_gites-du-tellin.html.gz,2026-06-16T21:46:59+00:00,partial
https://www.booking.com/hotel/be/moulin-de-daverdisse-daverdisse.en-gb.html,"Moulin de Daverdisse, The Originals Relais (Relais du Silence)",50.027674396223304,5.115927034185006,0,4,official,"Rue de la Lesse, 61, 6929 Daverdisse, Belgium, Rue de la Lesse, 61, 6929, Belgium","Rue de la Lesse, 61",Hotel,209,2026-07-15,EUR,8.8,328,be_moulin-de-daverdisse-daverdisse.html.gz,2026-06-16T21:47:24+00:00,success
https://www.booking.com/hotel/be/frites-at-the-european-center.en-gb.html,Brussels Cosy Appartments2,50.8482744792179,4.352557234415144,0,,,"Brandhoutkaai 35, 1000 Brussels, Belgium, Brandhoutkaai 35, 1000, Belgium",Brandhoutkaai 35,Hotel,,,,3.9,22,be_frites-at-the-european-center.html.gz,2026-06-16T21:48:25+00:00,partial
https://www.booking.com/hotel/be/by-the-lake-of-love.en-gb.html,Viktor and stella suite by the minnewater,51.19956844838,3.229073888361,0,3,quality,"1 Katelijnevest, Historic Centre of Brugge, 8000 Bruges, Belgium, 1 Katelijnevest, 8000, Belgium",1 Katelijnevest,Hotel,,,,8.7,309,be_by-the-lake-of-love.html.gz,2026-06-16T21:49:30+00:00,partial
https://www.booking.com/hotel/be/relais-charlemagne-sca.en-gb.html,Relais Charlemagne Sca,50.63921,5.79352,0,,,,,,,,,,,be_relais-charlemagne-sca.html.gz,2026-06-16T21:50:38+00:00,partial
https://www.booking.com/hotel/be/haras-de-baudemont.en-gb.html,Haras de Baudemont,50.629906,4.284438,0,3,quality,"Rue de Baudemont, 50, 1460 Ittre, Belgium, Rue de Baudemont, 50, 1460, Belgium","Rue de Baudemont, 50",Hotel,120,2026-07-15,EUR,8.7,84,be_haras-de-baudemont.html.gz,2026-06-16T21:51:01+00:00,success
https://www.booking.com/hotel/be/interhotelbrugge.en-gb.html,Golden Tree Hotel,51.20703295300399,3.216177821159363,0,3,official,"Hoefijzerlaan 21, Historic Centre of Brugge, 8000 Bruges, Belgium, Hoefijzerlaan 21, 8000, Belgium",Hoefijzerlaan 21,Hotel,101,2026-07-15,EUR,8.1,3293,be_interhotelbrugge.html.gz,2026-06-16T21:51:29+00:00,success
https://www.booking.com/hotel/be/marie-alice-iii.en-gb.html,Marie Alice III,51.13039,2.75167,0,,,,,,,,,,,be_marie-alice-iii.html.gz,2026-06-16T21:52:36+00:00,partial
https://www.booking.com/hotel/be/t-39-klein-gewin.en-gb.html,T'Klein Gewin,51.0332984924316,2.86666989326477,0,,,,,,,,,,,be_t-39-klein-gewin.html.gz,2026-06-16T21:53:42+00:00,partial
https://www.booking.com/hotel/be/villa-emilia.en-gb.html,Villa Emilia,51.27519299999999,3.0298678999999993,0,4,quality,"Vondellaan 2, 8420 De Haan, Belgium, Vondellaan 2, 8420, Belgium",Vondellaan 2,Hotel,,,,9.2,115,be_villa-emilia.html.gz,2026-06-16T21:54:47+00:00,partial
https://www.booking.com/hotel/be/chez-poussin-brussels.en-gb.html,Room at CHICKEN'S Shared Appartment,,,1,,,,,,,,,,,be_chez-poussin-brussels.html.gz,2026-06-16T21:55:12+00:00,failed
https://www.booking.com/hotel/be/rooftop-appartment-with-terras-top-location.en-gb.html,Rooftop apartment with terras - top location,51.346707,3.288335,0,,,,,,,,,,,be_rooftop-appartment-with-terras-top-location.html.gz,2026-06-16T21:56:20+00:00,partial
https://www.booking.com/hotel/by/trusthome.en-gb.html,TRUSThome,53.90019113663001,27.557304448226887,0,3,quality,"Независимости проспект 19, 220005 Minsk, Belarus, Независимости проспект 19, 220005, Belarus",Независимости проспект 19,Hotel,,,,,,by_trusthome.html.gz,2026-06-16T21:57:22+00:00,partial
https://www.booking.com/hotel/be/flandria-centrum.en-gb.html,Flandria Hotel,51.05410976590776,3.7292522192001343,0,1,official,"Barrestraat 3, Binnenstad, 9000 Ghent, Belgium, Barrestraat 3, 9000, Belgium",Barrestraat 3,Hotel,95,2026-07-15,EUR,7.2,1423,be_flandria-centrum.html.gz,2026-06-16T21:57:48+00:00,success
https://www.booking.com/hotel/be/aux-berges-de-la-bel.en-gb.html,Aux Berges de la Bel,50.70415,5.85856,0,,,,,,,,,,,be_aux-berges-de-la-bel.html.gz,2026-06-16T21:58:54+00:00,partial
https://www.booking.com/hotel/be/la-gotale-maison-d-39-amis.en-gb.html,B&B La Gotale,50.33257,5.697519,0,3,quality,"La Gotale 1, 6960 Manhay, Belgium, La Gotale 1, 6960, Belgium",La Gotale 1,Hotel,,,,9.2,79,be_la-gotale-maison-d-39-amis.html.gz,2026-06-16T21:59:57+00:00,partial
https://www.booking.com/hotel/be/b-and-b-lodgingat8-be.en-gb.html,B&B Lodgingat8,50.8692315,4.705878100000064,0,4,quality,"Weldadigheidsstraat 8, 3000 Leuven, Belgium, Weldadigheidsstraat 8, 3000, Belgium",Weldadigheidsstraat 8,Hotel,98,2026-07-29,EUR,9.0,624,be_b-and-b-lodgingat8-be.html.gz,2026-06-16T22:01:03+00:00,success
https://www.booking.com/hotel/be/b-amp-b-tantine.en-gb.html,B&B Tantine,51.290927,5.056757,0,3,quality,"Hoekstraat 17, 2470 Retie, Belgium, Hoekstraat 17, 2470, Belgium",Hoekstraat 17,Hotel,135,2026-07-15,EUR,9.5,189,be_b-amp-b-tantine.html.gz,2026-06-16T22:01:29+00:00,success
https://www.booking.com/hotel/be/point-escale.en-gb.html,Point Escale,50.6609553,5.991116099999999,0,3,quality,"Rue Tivoli 28, 4710 Lontzen, Belgium, Rue Tivoli 28, 4710, Belgium",Rue Tivoli 28,Hotel,,,,9.2,60,be_point-escale.html.gz,2026-06-16T22:02:34+00:00,partial
https://www.booking.com/hotel/be/c-hotels-cocoon.en-gb.html,C-Hotels Cocoon,51.234385,2.916724,0,4,official,"Van Iseghemlaan 21-25, Oostende Centre, 8400 Ostend, Belgium, Van Iseghemlaan 21-25, 8400, Belgium",Van Iseghemlaan 21-25,Hotel,105,2026-07-15,EUR,8.8,2207,be_c-hotels-cocoon.html.gz,2026-06-16T22:02:59+00:00,success
https://www.booking.com/hotel/be/hostellerie-de-la-chapelle.en-gb.html,Hostellerie de la Chapelle,50.441703,6.039464,0,3,official,"35 Route d'Eupen, 4960 Malmedy, Belgium, 35 Route d'Eupen, 4960, Belgium",35 Route d'Eupen,Hotel,,,,8.8,545,be_hostellerie-de-la-chapelle.html.gz,2026-06-16T22:04:02+00:00,partial
https://www.booking.com/hotel/be/eurocitadin.en-gb.html,EuroCitadin,,,1,,,,,,,,,,,be_eurocitadin.html.gz,2026-06-16T22:04:28+00:00,failed
https://www.booking.com/hotel/be/de-kaleihoeve.en-gb.html,De Kaleihoeve,50.8726499,3.2765461,0,4,quality,"25 Darmstraat, 8531 Bavikhove, Belgium, 25 Darmstraat, 8531, Belgium",25 Darmstraat,Hotel,88,2026-07-15,EUR,9.3,235,be_de-kaleihoeve.html.gz,2026-06-16T22:04:53+00:00,success
https://www.booking.com/hotel/be/le-valdine.en-gb.html,Le Valdine,50.4551059460414,4.68483746051788,0,3,quality,"56 Rue Du Bois, 5190 Jemeppe, Belgium, 56 Rue Du Bois, 5190, Belgium",56 Rue Du Bois,Hotel,,,,8.1,127,be_le-valdine.html.gz,2026-06-16T22:05:55+00:00,partial
https://www.booking.com/hotel/be/pantheon-palace.en-gb.html,Hotel Pantheon Palace by WP Hotels,51.3149928222638,3.128558099269867,0,4,official,"Langestraat 36, 8370 Blankenberge, Belgium, Langestraat 36, 8370, Belgium",Langestraat 36,Hotel,121,2026-07-15,EUR,7.6,206,be_pantheon-palace.html.gz,2026-06-16T22:06:21+00:00,success
https://www.booking.com/hotel/be/b-amp-b-de-koetsier.en-gb.html,B&B Goed Ten Hulle,51,3.2666699886322,0,,,,,,,,,,,be_b-amp-b-de-koetsier.html.gz,2026-06-16T22:07:28+00:00,partial
https://www.booking.com/hotel/be/froissart-studio.en-gb.html,Froissart Studio,50.0477605571773,4.31449170764935,0,3,quality,"30/A place Froissart, 6460 Chimay, Belgium, 30/A place Froissart, 6460, Belgium",30/A place Froissart,Hotel,,,,9.2,174,be_froissart-studio.html.gz,2026-06-16T22:08:33+00:00,partial
https://www.booking.com/hotel/be/b-b-bariseele.en-gb.html,B&B Bariseele,51.215170536086106,3.2273438572883606,0,4,quality,"Collaert Mansionstraat 1, Historic Centre of Brugge, 8000 Bruges, Belgium, Collaert Mansionstraat 1, 8000, Belgium",Collaert Mansionstraat 1,Hotel,,,,9.7,165,be_b-b-bariseele.html.gz,2026-06-16T22:09:35+00:00,partial
https://www.booking.com/hotel/be/square-kortrijk.en-gb.html,Square Hotel,50.8301146982438,3.2707393169403076,0,3,official,"Groeningestraat 39, 8500 Kortrijk, Belgium, Groeningestraat 39, 8500, Belgium",Groeningestraat 39,Hotel,120,2026-07-15,EUR,8.8,721,be_square-kortrijk.html.gz,2026-06-16T22:10:00+00:00,success
https://www.booking.com/hotel/be/appartement-moliere.en-gb.html,Appartement Moliere,50.8155955950963,4.35590465767211,0,4,quality,"224 Molierelaan, Elsene / Ixelles, 1050 Brussels, Belgium, 224 Molierelaan, 1050, Belgium",224 Molierelaan,Hotel,,,,9.1,114,be_appartement-moliere.html.gz,2026-06-16T22:11:04+00:00,partial
https://www.booking.com/hotel/be/jadis-et-naguere.en-gb.html,B&B Jadis et Naguère,50.72681551921387,4.965753257274628,0,3,quality,"Rue Joseph Boulanger 32, 1350 Noduwez, Belgium, Rue Joseph Boulanger 32, 1350, Belgium",Rue Joseph Boulanger 32,Hotel,,,,9.7,61,be_jadis-et-naguere.html.gz,2026-06-16T22:12:05+00:00,partial
https://www.booking.com/hotel/be/gite-du-maqua.en-gb.html,Gîte du Maqua,49.79498,5.06725,0,,,,,,,,,,,be_gite-du-maqua.html.gz,2026-06-16T22:13:12+00:00,partial
https://www.booking.com/hotel/be/classy-apartment-at-european-quarter.en-gb.html,Classy apartment at European Quarter,,,1,,,,,,,,,,,be_classy-apartment-at-european-quarter.html.gz,2026-06-16T22:13:38+00:00,failed
https://www.booking.com/hotel/be/bon-accueil.en-gb.html,Hotel Bon Accueil,51.2761459350586,3.03003787994385,0,,,,,,,,,,,be_bon-accueil.html.gz,2026-06-16T22:14:46+00:00,partial
https://www.booking.com/hotel/be/afspanning-de-kroon.en-gb.html,Afspanning De Kroon,51.29309,4.48931,0,,,,,,,,,,,be_afspanning-de-kroon.html.gz,2026-06-16T22:15:53+00:00,partial
https://www.booking.com/hotel/be/chambres-d-39-hotes-des-ardennes.en-gb.html,Chambres d'hôtes des Ardennes,49.97852201244633,5.086566164781516,0,,,"rue de Laloux , 3A et 3B, 6929 Porcheresse, Belgium, rue de Laloux , 3A et 3B, 6929, Belgium","rue de Laloux , 3A et 3B",Hotel,60,2026-07-15,EUR,9.1,53,be_chambres-d-39-hotes-des-ardennes.html.gz,2026-06-16T22:16:17+00:00,success
https://www.booking.com/hotel/be/apartment-jules-amp-jim-dinant.en-gb.html,Apartment Jules & Jim,50.26208914200278,4.9109257478851305,0,3,quality,"Place Victor Collard 2, 5500 Dinant, Belgium, Place Victor Collard 2, 5500, Belgium",Place Victor Collard 2,Hotel,,,,7.6,83,be_apartment-jules-amp-jim-dinant.html.gz,2026-06-16T22:17:23+00:00,partial
https://www.booking.com/hotel/be/decastillion.en-gb.html,Hotel De Castillion - Small elegant family hotel,51.20533233070467,3.222263753414154,0,4,official,"Heilige Geeststraat 1, Historic Centre of Brugge, 8000 Bruges, Belgium, Heilige Geeststraat 1, 8000, Belgium",Heilige Geeststraat 1,Hotel,205,2026-07-15,EUR,9.4,1060,be_decastillion.html.gz,2026-06-16T22:17:48+00:00,success
https://www.booking.com/hotel/by/minsk.en-gb.html,Hotel Minsk,53.90234,27.5619,0,,,,,,,,,,,by_minsk.html.gz,2026-06-16T22:18:53+00:00,partial
https://www.booking.com/hotel/be/all-in-one.en-gb.html,All In One,50.854006075175185,4.356929361820221,0,4,quality,"41 Rue De Malines, 1000 Brussels, Belgium, 41 Rue De Malines, 1000, Belgium",41 Rue De Malines,Hotel,149,2026-07-15,EUR,8.8,618,be_all-in-one.html.gz,2026-06-16T22:19:19+00:00,success
https://www.booking.com/hotel/be/ga-r-te-d-etape-auberge-de-jeunesse-jacques-brel.en-gb.html,Jacques Brel Youth Hostel,50.851663035407846,4.366940036416054,0,,,"Rue de la Sablonnière, 30, 1000 Brussels, Belgium, Rue de la Sablonnière, 30, 1000, Belgium","Rue de la Sablonnière, 30",Hotel,53,2026-07-15,EUR,7.9,4431,be_ga-r-te-d-etape-auberge-de-jeunesse-jacques-brel.html.gz,2026-06-16T22:19:47+00:00,success
https://www.booking.com/hotel/be/chambre-dans-un-appartement-de-charme-au-coeur-de-bruxelles.en-gb.html,Chambre dans un appartement de charme au coeur de Bruxelles,,,1,,,,,,,,,,,be_chambre-dans-un-appartement-de-charme-au-coeur-de-bruxelles.html.gz,2026-06-16T22:20:11+00:00,failed
https://www.booking.com/hotel/be/carnac.en-gb.html,Hotel Carnac,51.1216168113076,2.640219032764435,0,3,official,"Koninklijke Baan 62, 8670 Koksijde, Belgium, Koninklijke Baan 62, 8670, Belgium",Koninklijke Baan 62,Hotel,157,2026-07-15,EUR,8.7,780,be_carnac.html.gz,2026-06-16T22:20:38+00:00,success
https://www.booking.com/hotel/be/appartement-style-dans-maison-bourgeoise.en-gb.html,appartement stylé dans maison bourgeoise,,,1,,,,,,,,,,,be_appartement-style-dans-maison-bourgeoise.html.gz,2026-06-16T22:21:05+00:00,failed
https://www.booking.com/hotel/be/blossom-amp-bloom.en-gb.html,Blossom & Bloom,51.203445985849285,3.2069286296291466,0,4,quality,"Gistelsesteenweg 59, Sint-Andries, 8200 Bruges, Belgium, Gistelsesteenweg 59, 8200, Belgium",Gistelsesteenweg 59,Hotel,,,,9.6,66,be_blossom-amp-bloom.html.gz,2026-06-16T22:22:10+00:00,partial
https://www.booking.com/hotel/be/la-suite-des-carmes.en-gb.html,la suite des Carmes,50.4667015075684,4.86667013168335,0,,,,,,,,,,,be_la-suite-des-carmes.html.gz,2026-06-16T22:23:15+00:00,partial
https://www.booking.com/hotel/be/hotelguldenvliesbrugge.en-gb.html,Hotel Gulden Vlies,51.21617020190478,3.2178421318531036,0,2,official,"Kon. Elisabethlaan 40, Historic Centre of Brugge, 8000 Bruges, Belgium, Kon. Elisabethlaan 40, 8000, Belgium",Kon. Elisabethlaan 40,Hotel,125,2026-07-15,EUR,8.5,1105,be_hotelguldenvliesbrugge.html.gz,2026-06-16T22:23:38+00:00,success
https://www.booking.com/hotel/be/la-romance-du-lac.en-gb.html,B&B La Romance du Lac,50.45558289842288,6.115329265594482,0,3,quality,"Rue du Barrage 17 - 19, 4950 Robertville, Belgium, Rue du Barrage 17 - 19, 4950, Belgium",Rue du Barrage 17 - 19,Hotel,155,2026-07-15,EUR,9.2,307,be_la-romance-du-lac.html.gz,2026-06-16T22:24:03+00:00,success
https://www.booking.com/hotel/be/la-rozerie.en-gb.html,B&B La Rozerie,50.8333015441895,3.46667003631592,0,,,,,,,,,,,be_la-rozerie.html.gz,2026-06-16T22:25:08+00:00,partial
https://www.booking.com/hotel/be/flat-veni-vidi-vicinal.en-gb.html,Flat Veni Vidi Vicinal,50.6245550380093,5.44773389585316,0,3,quality,"96/1 Rue du Vicinal Flémalle 4400 96/2 Rue du Vicinal Flémalle 4400, 4400 Liège, Belgium, 96/1 Rue du Vicinal Flémalle 4400 96/2 Rue du Vicinal Flémalle 4400, 4400, Belgium",96/1 Rue du Vicinal Flémalle 4400 96/2 Rue du Vicinal Flémalle 4400,Hotel,100,2026-07-15,EUR,9.1,48,be_flat-veni-vidi-vicinal.html.gz,2026-06-16T22:25:34+00:00,success
https://www.booking.com/hotel/be/villa-2-be.en-gb.html,villa 2be,51.1943147487524,5.18774966403203,0,4,quality,"Leeuwerikheide 122, 2490 Balen, Belgium, Leeuwerikheide 122, 2490, Belgium",Leeuwerikheide 122,Hotel,,,,9.0,101,be_villa-2-be.html.gz,2026-06-16T22:26:35+00:00,partial
https://www.booking.com/hotel/be/apartotel-des-jardins-de-la-fontaine-qui-bout.en-gb.html,Charleroi Apartotel Des Jardins De La Fontaine Qui Bout,50.40693118361451,4.439131021499634,0,3,quality,"Rue Arthur Régniers 1, Charleroi City Centre, 6000 Charleroi, Belgium, Rue Arthur Régniers 1, 6000, Belgium",Rue Arthur Régniers 1,Hotel,,,,7.8,41,be_apartotel-des-jardins-de-la-fontaine-qui-bout.html.gz,2026-06-16T22:27:40+00:00,partial
https://www.booking.com/hotel/be/hamiltonhouse-brugge.en-gb.html,Hamiltonhouse,51.213180918634805,3.227438122090165,0,4,quality,"9 Krom Genthof, Historic Centre of Brugge, 8000 Bruges, Belgium, 9 Krom Genthof, 8000, Belgium",9 Krom Genthof,Hotel,,,,9.4,109,be_hamiltonhouse-brugge.html.gz,2026-06-16T22:28:43+00:00,partial
https://www.booking.com/hotel/be/het-gulpdal-de-voerstreek.en-gb.html,'t Gulpdal Hotel Voeren-Teuven,50.76136159251831,5.8670103549957275,0,1,official,"Nurop 34, 3793 Voeren, Belgium, Nurop 34, 3793, Belgium",Nurop 34,Hotel,,,,7.6,77,be_het-gulpdal-de-voerstreek.html.gz,2026-06-16T22:29:45+00:00,partial
https://www.booking.com/hotel/by/vitebsk.en-gb.html,Vitebsk Hotel,55.19302,30.20704,0,,,,,,,,,,,by_vitebsk.html.gz,2026-06-16T22:30:49+00:00,partial
https://www.booking.com/hotel/be/be-manos.en-gb.html,YOOMA Urban Lodge,50.84078657246488,4.33873325586319,0,4,official,"Square De L'aviation 23-27, Anderlecht, 1070 Brussels, Belgium, Square De L'aviation 23-27, 1070, Belgium",Square De L'aviation 23-27,Hotel,175,2026-07-15,EUR,8.6,2947,be_be-manos.html.gz,2026-06-16T22:31:14+00:00,success
https://www.booking.com/hotel/be/feelgoodlife-logie.en-gb.html,FEELGOODLIFE LOGIE,50.80245,5.34357,0,,,,,,,,,,,be_feelgoodlife-logie.html.gz,2026-06-16T22:32:25+00:00,partial
https://www.booking.com/hotel/be/hydro-palace-appartement.en-gb.html,"Residentie Hydro Palace, App 88A",51.2146563,2.8761171,0,4,quality,"Zeedijk 250, App 88A 08.03, Mariakerke, 8400 Ostend, Belgium, Zeedijk 250, App 88A 08.03, 8400, Belgium","Zeedijk 250, App 88A 08.03",Hotel,,,,9.2,55,be_hydro-palace-appartement.html.gz,2026-06-16T22:33:29+00:00,partial
https://www.booking.com/hotel/by/gostinitsa-quot-piekin-quot.en-gb.html,Beijing Hotel Minsk,53.89236714259142,27.57867157459259,0,5,official,"Krasnoarmeiskaya Ulitsa 36, 220030 Minsk, Belarus, Krasnoarmeiskaya Ulitsa 36, 220030, Belarus",Krasnoarmeiskaya Ulitsa 36,Hotel,,,,,,by_gostinitsa-quot-piekin-quot.html.gz,2026-06-16T22:34:32+00:00,partial
https://www.booking.com/hotel/be/vakantieloft-houx.en-gb.html,L'Ecole,50.303963373145166,4.897013604640961,0,4,quality,"Clos des Mannoyes 13b, 5530 Dinant, Belgium, Clos des Mannoyes 13b, 5530, Belgium",Clos des Mannoyes 13b,Hotel,,,,8.7,96,be_vakantieloft-houx.html.gz,2026-06-16T22:35:35+00:00,partial
https://www.booking.com/hotel/be/terhills.en-gb.html,Terhills Hotel,50.99998627070976,5.70210028703309,0,4,official,"Zetellaan 68, 3630 Maasmechelen, Belgium, Zetellaan 68, 3630, Belgium",Zetellaan 68,Hotel,136,2026-07-15,EUR,8.3,2052,be_terhills.html.gz,2026-06-16T22:36:00+00:00,success
https://www.booking.com/hotel/by/sputnik.en-gb.html,Sputnik Hotel,53.90234,27.5619,0,,,,,,,,,,,by_sputnik.html.gz,2026-06-16T22:37:05+00:00,partial
https://www.booking.com/hotel/be/guesthouse-deladix.en-gb.html,Guesthouse Deladix,50.9291000366211,5.33747005462646,0,,,,,,,,,,,be_guesthouse-deladix.html.gz,2026-06-16T22:38:10+00:00,partial
https://www.booking.com/hotel/be/hotel-boomgaard.en-gb.html,Hotel Boomgaard,50.92821247268726,5.700519206788272,0,3,official,"Boomgaardstraat 2, 3621 Lanaken, Belgium, Boomgaardstraat 2, 3621, Belgium",Boomgaardstraat 2,Hotel,143,2026-07-15,EUR,8.4,253,be_hotel-boomgaard.html.gz,2026-06-16T22:38:38+00:00,success
https://www.booking.com/hotel/be/st-chistopher-s-inn-at-the-bauhaus.en-gb.html,St Christopher's Inn Hostel at The Bauhaus,51.21183199901063,3.2375067472457886,0,,,"Langestraat 133-137 , Historic Centre of Brugge, 8000 Bruges, Belgium, Langestraat 133-137, 8000, Belgium",Langestraat 133-137,Hotel,84,2026-07-15,EUR,7.8,4250,be_st-chistopher-s-inn-at-the-bauhaus.html.gz,2026-06-16T22:39:05+00:00,success
https://www.booking.com/hotel/be/city-center-sainte-catherine-grand-place.en-gb.html,City Center Sainte-Catherine Grand Place,,,1,,,,,,,,,,,be_city-center-sainte-catherine-grand-place.html.gz,2026-06-16T22:39:30+00:00,failed
https://www.booking.com/hotel/be/le-chat-maudit-de-maryse.en-gb.html,Le Chat Maudit de Maryse,50.64514,5.57342,0,,,,,,,,,,,be_le-chat-maudit-de-maryse.html.gz,2026-06-16T22:40:36+00:00,partial
https://www.booking.com/hotel/be/suitehotel-acropolis.en-gb.html,Aparthotel Acropolis,51.178806,2.807849,0,4,official,"94 Westendelaan, 8430 Middelkerke, Belgium, 94 Westendelaan, 8430, Belgium",94 Westendelaan,Hotel,,,,9.0,1005,be_suitehotel-acropolis.html.gz,2026-06-16T22:41:42+00:00,partial
https://www.booking.com/hotel/be/ma-campagne.en-gb.html,Ma Campagne,51.02911,3.79741,0,,,,,,,,,,,be_ma-campagne.html.gz,2026-06-16T22:42:49+00:00,partial
https://www.booking.com/hotel/be/la-lune-en-bulles.en-gb.html,La lune en bulles,50.49619860127513,5.627022488360581,0,3,quality,"14 rue du Baron, 4140 Presseux, Belgium, 14 rue du Baron, 4140, Belgium",14 rue du Baron,Hotel,100,2026-07-15,EUR,9.4,135,be_la-lune-en-bulles.html.gz,2026-06-16T22:43:13+00:00,success
https://www.booking.com/hotel/be/jean-en-karolien.en-gb.html,130sqm appartment with 20sqm terras and free parking,51.2205049,4.4412704,0,3,quality,"45 Kwekerijstraat, Borgerhout, 2140 Antwerp, Belgium, 45 Kwekerijstraat, 2140, Belgium",45 Kwekerijstraat,Hotel,,,,8.1,89,be_jean-en-karolien.html.gz,2026-06-16T22:44:17+00:00,partial
https://www.booking.com/hotel/be/mercure-brussels-centre-midi-brussels.en-gb.html,Mercure Hotel Brussels Centre Midi,50.839288204065156,4.3385002836475905,0,4,official,"Boulevard Jamar 25-29, Sint-Gillis / Saint-Gilles, 1060 Brussels, Belgium, Boulevard Jamar 25-29, 1060, Belgium",Boulevard Jamar 25-29,Hotel,221,2026-07-15,EUR,8.1,5853,be_mercure-brussels-centre-midi-brussels.html.gz,2026-06-16T22:44:41+00:00,success
https://www.booking.com/hotel/be/manufacture-de-malmedy.en-gb.html,DAFT Hotel & Glamping,50.41246026609999,6.056671408459465,0,3,official,"Route de Waimes 19B, 4960 Malmedy, Belgium, Route de Waimes 19B, 4960, Belgium",Route de Waimes 19B,Hotel,168,2026-07-15,EUR,8.6,467,be_manufacture-de-malmedy.html.gz,2026-06-16T22:45:08+00:00,success
https://www.booking.com/hotel/be/le-durbuysien.en-gb.html,Le Durbuysien,50.3517521102026,5.45457281089784,0,3,official,"Rue Comte Th. d'Ursel, 16, 6940 Durbuy, Belgium, Rue Comte Th. d'Ursel, 16, 6940, Belgium","Rue Comte Th. d'Ursel, 16",Hotel,,,,8.6,478,be_le-durbuysien.html.gz,2026-06-16T22:46:11+00:00,partial
https://www.booking.com/hotel/be/bxlroom-bed-and-breakfast.en-gb.html,Guesthouse Bxlroom,50.84602167428803,4.348381161689758,0,3,quality,"Rue du Marché au Charbon 67, 1000 Brussels, Belgium, Rue du Marché au Charbon 67, 1000, Belgium",Rue du Marché au Charbon 67,Hotel,,,,9.4,543,be_bxlroom-bed-and-breakfast.html.gz,2026-06-16T22:47:12+00:00,partial
https://www.booking.com/hotel/be/huyze-die-maene.en-gb.html,Guest House Huyze Die Maene,51.20870158558699,3.2237134873867035,0,3,quality,"Markt 17, Historic Centre of Brugge, 8000 Bruges, Belgium, Markt 17, 8000, Belgium",Markt 17,Hotel,,,,6.9,339,be_huyze-die-maene.html.gz,2026-06-16T22:48:14+00:00,partial
https://www.booking.com/hotel/be/gite-les-gadlis.en-gb.html,Gîte les gadlis,50.483248,5.717023,0,3,quality,"78/B Rue de Louveigné, 4920 Aywaille, Belgium, 78/B Rue de Louveigné, 4920, Belgium",78/B Rue de Louveigné,Hotel,,,,9.4,34,be_gite-les-gadlis.html.gz,2026-06-16T22:49:19+00:00,partial
https://www.booking.com/hotel/be/vijverhuis.en-gb.html,Vijverhuis,50.8403938,2.904849000000013,0,,,"Zillebekevijverdreef 2, 8902 Ypres, Belgium, Zillebekevijverdreef 2, 8902, Belgium",Zillebekevijverdreef 2,Hotel,,,,8.8,270,be_vijverhuis.html.gz,2026-06-16T22:50:23+00:00,partial
https://www.booking.com/hotel/be/le-grenier-le-cercle.en-gb.html,Le Grenier - Le Cercle,50.2277224,5.343692619049,0,3,quality,"8 Place du Roi Albert, 6900 Marche-en-Famenne, Belgium, 8 Place du Roi Albert, 6900, Belgium",8 Place du Roi Albert,Hotel,,,,8.9,65,be_le-grenier-le-cercle.html.gz,2026-06-16T22:51:24+00:00,partial
https://www.booking.com/hotel/be/le-chalet.en-gb.html,Hotel Le Chalet,50.183359818147395,5.573544502258301,0,3,official,"Rue Du Chalet 61, 6980 La Roche-en-Ardenne, Belgium, Rue Du Chalet 61, 6980, Belgium",Rue Du Chalet 61,Hotel,145,2026-07-15,EUR,8.6,518,be_le-chalet.html.gz,2026-06-16T22:51:48+00:00,success
https://www.booking.com/hotel/be/le-fournil.en-gb.html,Hotel Le Fournil,50.00711671405184,5.160385072231293,0,3,official,"Place de l'Esro, 58, 6890 Redu, Belgium, Place de l'Esro, 58, 6890, Belgium","Place de l'Esro, 58",Hotel,,,,8.7,741,be_le-fournil.html.gz,2026-06-16T22:52:52+00:00,partial
https://www.booking.com/hotel/be/hotellacaleche.en-gb.html,Hotel La Caleche,50.35136530592478,5.457233190536499,0,3,official,"Place aux Foires, 15, 6940 Durbuy, Belgium, Place aux Foires, 15, 6940, Belgium","Place aux Foires, 15",Hotel,145,2026-07-15,EUR,8.5,697,be_hotellacaleche.html.gz,2026-06-16T22:53:19+00:00,success
https://www.booking.com/hotel/be/toast-hoogstraten-hoogstraten.en-gb.html,B&B Toast Hoogstraten,51.407077,4.763105,0,4,quality,"6 Vrijheid, 2320 Hoogstraten, Belgium, 6 Vrijheid, 2320, Belgium",6 Vrijheid,Hotel,125,2026-07-15,EUR,9.8,174,be_toast-hoogstraten-hoogstraten.html.gz,2026-06-16T22:53:45+00:00,success
https://www.booking.com/hotel/be/koetshuis.en-gb.html,B&B Koetshuis,51.19973092415222,3.226785957813263,0,3,quality,"Sulferbergstraat 38, Historic Centre of Brugge, 8000 Bruges, Belgium, Sulferbergstraat 38, 8000, Belgium",Sulferbergstraat 38,Hotel,,,,9.5,41,be_koetshuis.html.gz,2026-06-16T22:54:50+00:00,partial
https://www.booking.com/hotel/be/condo-gardens-leuven.en-gb.html,Condo Gardens Leuven,50.87262506553662,4.7121262550354,0,3,quality,"Dekenstraat 87, 3000 Leuven, Belgium, Dekenstraat 87, 3000, Belgium",Dekenstraat 87,Hotel,,,,6.3,721,be_condo-gardens-leuven.html.gz,2026-06-16T22:55:54+00:00,partial
https://www.booking.com/hotel/be/b-amp-b-22.en-gb.html,B&B 22,50.8333365803548,3.51874977350235,0,3,quality,"Boskant 22, 9790 Elsegem, Belgium, Boskant 22, 9790, Belgium",Boskant 22,Hotel,95,2026-07-15,EUR,9.2,161,be_b-amp-b-22.html.gz,2026-06-16T22:56:21+00:00,success
https://www.booking.com/hotel/be/b-amp-b-les-lits-de-nohaipre.en-gb.html,B&B Les Lits de Nohaipré,50.246713234917735,5.494357527397149,0,4,official,"Rue des Hêtres 2A, 6987 Rendeux, Belgium, Rue des Hêtres 2A, 6987, Belgium",Rue des Hêtres 2A,Hotel,,,,9.0,147,be_b-amp-b-les-lits-de-nohaipre.html.gz,2026-06-16T22:57:24+00:00,partial
https://www.booking.com/hotel/be/hotelatlantisgenk.en-gb.html,Hotel Zuid,50.945066077923734,5.5169083178043365,0,3,official,"Fletersdel 1, 3600 Genk, Belgium, Fletersdel 1, 3600, Belgium",Fletersdel 1,Hotel,106,2026-07-15,EUR,8.0,718,be_hotelatlantisgenk.html.gz,2026-06-16T22:57:47+00:00,success
https://www.booking.com/hotel/be/floreal-nieuwpoort.en-gb.html,Floreal Nieuwpoort,51.14855738458037,2.7247756719589233,0,2,official,"Albert1 - Laan, 74, 8620 Nieuwpoort, Belgium, Albert1 - Laan, 74, 8620, Belgium","Albert1 - Laan, 74",Hotel,,,,8.0,779,be_floreal-nieuwpoort.html.gz,2026-06-16T22:58:52+00:00,partial
https://www.booking.com/hotel/be/b-amp-b-den-engel-erps-kwerps.en-gb.html,B&B Den Engel,50.90333845488609,4.558425992171692,0,4,official,"Dorpsplein 13, 3071 Kortenberg, Belgium, Dorpsplein 13, 3071, Belgium",Dorpsplein 13,Hotel,,,,9.6,177,be_b-amp-b-den-engel-erps-kwerps.html.gz,2026-06-16T22:59:57+00:00,partial
https://www.booking.com/hotel/be/duinenzicht-ii-vosseslag-de-haan.en-gb.html,Duinenzicht II-Vosseslag De Haan,51.2606271,3.00683509999999,0,3,quality,"Mispelburgstraat 1A (3), 8420 De Haan, Belgium, Mispelburgstraat 1A (3), 8420, Belgium",Mispelburgstraat 1A (3),Hotel,,,,8.2,50,be_duinenzicht-ii-vosseslag-de-haan.html.gz,2026-06-16T23:00:59+00:00,partial
https://www.booking.com/hotel/be/de-gouden-kop.en-gb.html,De Gouden Kop 3 Centrum Damme,51.25,3.28332996368408,0,,,,,,,,,,,be_de-gouden-kop.html.gz,2026-06-16T23:02:07+00:00,partial
https://www.booking.com/hotel/be/lodewijk-van-male.en-gb.html,Hotel Lodewijk Van Male,51.20753707798265,3.2851266860961914,0,3,official,"Maalsesteenweg 488, Sint-Kruis, 8310 Bruges, Belgium, Maalsesteenweg 488, 8310, Belgium",Maalsesteenweg 488,Hotel,141,2026-07-15,EUR,7.9,1434,be_lodewijk-van-male.html.gz,2026-06-16T23:02:34+00:00,success
https://www.booking.com/hotel/be/villa-des-roses.en-gb.html,Villa Des Roses,50.47348,5.67422,0,,,,,,,,,,,be_villa-des-roses.html.gz,2026-06-16T23:03:39+00:00,partial
https://www.booking.com/hotel/be/exclusive-guesthouse-bonifacius.en-gb.html,B&B Exclusive Guesthouse Bonifacius,51.20484666715765,3.225688934326172,0,4,official,"Groeninge 4, Historic Centre of Brugge, 8000 Bruges, Belgium, Groeninge 4, 8000, Belgium",Groeninge 4,Hotel,,,,9.7,174,be_exclusive-guesthouse-bonifacius.html.gz,2026-06-16T23:04:45+00:00,partial
https://www.booking.com/hotel/be/t-39-n-d-house-47-terrasses-de-malmedy.en-gb.html,T 'n D house/ Terrasses de Malmedy,50.4323929,6.0427788,0,4,quality,"Chemin du Calvaire 452, 4960 Malmedy, Belgium, Chemin du Calvaire 452, 4960, Belgium",Chemin du Calvaire 452,Hotel,,,,8.6,6,be_t-39-n-d-house-47-terrasses-de-malmedy.html.gz,2026-06-16T23:05:48+00:00,partial
https://www.booking.com/hotel/be/art-b-amp-b-a-l-39-aise.en-gb.html,B&B A L'aise,50.32709255515045,5.489789843559265,0,4,quality,"Chemin des Sangliers 86, 6940 Durbuy, Belgium, Chemin des Sangliers 86, 6940, Belgium",Chemin des Sangliers 86,Hotel,,,,9.4,47,be_art-b-amp-b-a-l-39-aise.html.gz,2026-06-16T23:06:51+00:00,partial
https://www.booking.com/hotel/be/abc.en-gb.html,ABC Hotel,51.31386952688394,3.1344507288361,0,4,official,"Marie Joselaan 25, 8370 Blankenberge, Belgium, Marie Joselaan 25, 8370, Belgium",Marie Joselaan 25,Hotel,236,2026-07-15,EUR,9.2,816,be_abc.html.gz,2026-06-16T23:07:15+00:00,success
https://www.booking.com/hotel/be/pastorij-mettekoven.en-gb.html,Vakantiehuis Haspengouw - Pastorij Mettekoven,50.7808159266986,5.28931242253748,0,3,quality,"Mettekovenstraat 8, 3870 Mettekoven, Belgium, Mettekovenstraat 8, 3870, Belgium",Mettekovenstraat 8,Hotel,,,,9.5,12,be_pastorij-mettekoven.html.gz,2026-06-16T23:08:17+00:00,partial
https://www.booking.com/hotel/be/les-bambous.en-gb.html,Les Bambous,50.178036239021,5.585765019566,0,4,quality,"7 Thier du Pierreux, 6980 La Roche-en-Ardenne, Belgium, 7 Thier du Pierreux, 6980, Belgium",7 Thier du Pierreux,Hotel,,,,9.4,61,be_les-bambous.html.gz,2026-06-16T23:09:23+00:00,partial
https://www.booking.com/hotel/be/hotelburlingtonoost.en-gb.html,C-Hotels Burlington,51.22828711340666,2.921116054058075,0,3,official,"Kapellestraat 90, Oostende Centre, 8400 Ostend, Belgium, Kapellestraat 90, 8400, Belgium",Kapellestraat 90,Hotel,105,2026-07-15,EUR,8.6,2700,be_hotelburlingtonoost.html.gz,2026-06-16T23:09:48+00:00,success
https://www.booking.com/hotel/be/la-ducale-appart.en-gb.html,La Ducale Appart,51.054058,3.724579,0,,,,,,,,,,,be_la-ducale-appart.html.gz,2026-06-16T23:10:56+00:00,partial
https://www.booking.com/hotel/be/delinderetie.en-gb.html,Corsendonk De Linde,51.26759,5.08439,0,,,,,,,,,,,be_delinderetie.html.gz,2026-06-16T23:12:03+00:00,partial
https://www.booking.com/hotel/be/novotelmechelencentrum.en-gb.html,Novotel Mechelen Centrum,51.02561266850579,4.476558566093445,0,4,official,"Van Beethovenstraat 1, 2800 Mechelen, Belgium, Van Beethovenstraat 1, 2800, Belgium",Van Beethovenstraat 1,Hotel,125,2026-07-15,EUR,8.4,2357,be_novotelmechelencentrum.html.gz,2026-06-16T23:12:27+00:00,success
https://www.booking.com/hotel/be/la-chabetaine.en-gb.html,B&B La Chabetaine,49.9555806916641,5.584444999694824,0,4,quality,"Rue du Pont de la Ramée, 26, 6640 Morhet, Belgium, Rue du Pont de la Ramée, 26, 6640, Belgium","Rue du Pont de la Ramée, 26",Hotel,,,,9.5,54,be_la-chabetaine.html.gz,2026-06-16T23:13:29+00:00,partial
https://www.booking.com/hotel/by/victoria.en-gb.html,Victoria Hotel & Business centre Minsk,53.90234,27.5619,0,,,,,,,,,,,by_victoria.html.gz,2026-06-16T23:14:33+00:00,partial
https://www.booking.com/hotel/by/otiel-viktoriia-2.en-gb.html,Victoria & SPA Minsk,53.90234,27.5619,0,,,,,,,,,,,by_otiel-viktoriia-2.html.gz,2026-06-16T23:15:37+00:00,partial
https://www.booking.com/hotel/be/atw-apartments.en-gb.html,ATW Apartments,51.21879595996317,4.418300864418029,0,3,quality,"Aneessensstraat 13, Antwerp District, 2018 Antwerp, Belgium, Aneessensstraat 13, 2018, Belgium",Aneessensstraat 13,Hotel,101,2026-07-15,EUR,6.9,246,be_atw-apartments.html.gz,2026-06-16T23:16:02+00:00,success
https://www.booking.com/hotel/be/vayamundo-de-kinkhoorn-amp-ravelingen.en-gb.html,Vayamundo Oostende,51.21331608440551,2.873273491859436,0,3,official,"Zeedijk 330, Mariakerke, 8400 Ostend, Belgium, Zeedijk 330, 8400, Belgium",Zeedijk 330,Hotel,,,,7.9,1609,be_vayamundo-de-kinkhoorn-amp-ravelingen.html.gz,2026-06-16T23:17:09+00:00,partial
https://www.booking.com/hotel/be/lechatelain.en-gb.html,Hotel Le Châtelain,50.82631005852496,4.36368852853775,0,5,official,"17 Rue du Châtelain, 1000 Brussels, Belgium, 17 Rue du Châtelain, 1000, Belgium",17 Rue du Châtelain,Hotel,139,2026-07-15,EUR,8.6,1841,be_lechatelain.html.gz,2026-06-16T23:17:35+00:00,success
https://www.booking.com/hotel/be/studio-17.en-gb.html,Studio 17,51.066486719925955,3.727913796901703,0,4,quality,"Hugo van der Goesstraat 17a, Sluizeken-Tolhuis-Ham, 9000 Ghent, Belgium, Hugo van der Goesstraat 17a, 9000, Belgium",Hugo van der Goesstraat 17a,Hotel,,,,7.9,285,be_studio-17.html.gz,2026-06-16T23:18:37+00:00,partial
https://www.booking.com/hotel/be/ardenne-b-amp-b.en-gb.html,Ardenne B&B,50.234718,5.371646,0,3,quality,"8, rue des Rossignols, 6900 Marche-en-Famenne, Belgium, 8, rue des Rossignols, 6900, Belgium","8, rue des Rossignols",Hotel,,,,9.4,104,be_ardenne-b-amp-b.html.gz,2026-06-16T23:19:42+00:00,partial
https://www.booking.com/hotel/be/eyndevelde-vee.en-gb.html,Eyndevelde,50.857078191454974,3.9046523190490916,0,3,quality,"Kauwstraat 71, 9550 Herzele, Belgium, Kauwstraat 71, 9550, Belgium",Kauwstraat 71,Hotel,,,,9.4,48,be_eyndevelde-vee.html.gz,2026-06-16T23:20:45+00:00,partial
https://www.booking.com/hotel/be/biskajer-brugge.en-gb.html,Hotel Biskajer Adults Only,51.21122374424587,3.2259947061538696,0,4,official,"Biskajersplein 4 , Historic Centre of Brugge, 8000 Bruges, Belgium, Biskajersplein 4, 8000, Belgium",Biskajersplein 4,Hotel,192,2026-07-15,EUR,8.9,2119,be_biskajer-brugge.html.gz,2026-06-16T23:21:12+00:00,success
https://www.booking.com/hotel/be/b-amp-b-l-39-ourthe.en-gb.html,B&B L'ourthe,50.12814445642166,5.794005990028381,0,4,quality,"Rue Ol Fosse d'outhe 15, 6660 Houffalize, Belgium, Rue Ol Fosse d'outhe 15, 6660, Belgium",Rue Ol Fosse d'outhe 15,Hotel,129,2026-07-15,EUR,8.7,77,be_b-amp-b-l-39-ourthe.html.gz,2026-06-16T23:21:36+00:00,success
https://www.booking.com/hotel/be/terrasse-de-malmedy-422.en-gb.html,Terrasses de Malmedy H&H,50.4323166,6.0429257,0,3,quality,"22 Chemin du Calvaire, 4960 Malmedy, Belgium, 22 Chemin du Calvaire, 4960, Belgium",22 Chemin du Calvaire,Hotel,,,,8.8,26,be_terrasse-de-malmedy-422.html.gz,2026-06-16T23:22:38+00:00,partial
https://www.booking.com/hotel/be/novo-panoramic-sea-view.en-gb.html,Novo panoramic sea view,51.1025419,2.58811420000006,0,4,quality,"17 Zeedijk, 8660 De Panne, Belgium, 17 Zeedijk, 8660, Belgium",17 Zeedijk,Hotel,,,,8.2,269,be_novo-panoramic-sea-view.html.gz,2026-06-16T23:23:40+00:00,partial
https://www.booking.com/hotel/be/22-rue-adolphe-sax.en-gb.html,Le saxo cuivré,50.26139346349,4.911188896055,0,3,quality,"22 Rue Adolphe Sax, 5500 Dinant, Belgium, 22 Rue Adolphe Sax, 5500, Belgium",22 Rue Adolphe Sax,Hotel,,,,9.3,163,be_22-rue-adolphe-sax.html.gz,2026-06-16T23:24:44+00:00,partial
https://www.booking.com/hotel/be/la-clef-des-champs-libin.en-gb.html,Gîte La Clef des Champs,49.9997605451536,5.203161701538193,0,4,quality,"rue du Ruisseau 2, 6890 Libin, Belgium, rue du Ruisseau 2, 6890, Belgium",rue du Ruisseau 2,Hotel,,,,9.4,94,be_la-clef-des-champs-libin.html.gz,2026-06-16T23:25:47+00:00,partial
https://www.booking.com/hotel/be/boerderaaj.en-gb.html,Boerderaaj,50.848919,5.519174,0,3,quality,"Lethenstraat 5, 3740 Bilzen, Belgium, Lethenstraat 5, 3740, Belgium",Lethenstraat 5,Hotel,137,2026-07-15,EUR,9.5,210,be_boerderaaj.html.gz,2026-06-16T23:26:13+00:00,success
https://www.booking.com/hotel/be/bed-and-garden-knokke-heist.en-gb.html,Bed and garden,51.31628000853,3.24704523995,0,4,quality,"Ramskapellestraat 6, Ramskapelle, 8301 Knokke-Heist, Belgium, Ramskapellestraat 6, 8301, Belgium",Ramskapellestraat 6,Hotel,,,,9.5,28,be_bed-and-garden-knokke-heist.html.gz,2026-06-16T23:27:16+00:00,partial
https://www.booking.com/hotel/be/hotel-dennenhof.en-gb.html,Van der Valk Hotel Dennenhof,51.33759798612602,4.52673465013504,0,4,official,"Bredabaan 940, 2930 Brasschaat, Belgium, Bredabaan 940, 2930, Belgium",Bredabaan 940,Hotel,103,2026-07-15,EUR,8.3,909,be_hotel-dennenhof.html.gz,2026-06-16T23:27:43+00:00,success
https://www.booking.com/hotel/be/guesthouse-luttelkolen-9.en-gb.html,Luttelkolen,50.9338385754129,4.8433976761962185,0,3,quality,"Luttelkolen 9, 3221 Holsbeek, Belgium, Luttelkolen 9, 3221, Belgium",Luttelkolen 9,Hotel,243,2026-07-15,EUR,8.8,27,be_guesthouse-luttelkolen-9.html.gz,2026-06-16T23:28:08+00:00,success
https://www.booking.com/hotel/be/by-chris.en-gb.html,By Chris,50.42427679724843,6.049324075077074,0,3,quality,"Winbomont 2, 4960 Malmedy, Belgium, Winbomont 2, 4960, Belgium",Winbomont 2,Hotel,110,2026-07-22,EUR,9.0,40,be_by-chris.html.gz,2026-06-16T23:28:51+00:00,success
https://www.booking.com/hotel/be/ipericus.en-gb.html,Holiday Home Ipericus,50.84849421305515,2.890876829624176,0,3,quality,"Sint-Jacobsstraat 99, 8900 Ypres, Belgium, Sint-Jacobsstraat 99, 8900, Belgium",Sint-Jacobsstraat 99,Hotel,228,2026-07-15,EUR,6.3,26,be_ipericus.html.gz,2026-06-16T23:29:18+00:00,success
https://www.booking.com/hotel/be/priorijcorsendonk.en-gb.html,Priorij Corsendonk,51.28418212437738,5.010049939155579,0,3,official,"Corsendonk 5, 2360 Oud-Turnhout, Belgium, Corsendonk 5, 2360, Belgium",Corsendonk 5,Hotel,89,2026-07-15,EUR,7.4,335,be_priorijcorsendonk.html.gz,2026-06-16T23:29:44+00:00,success
https://www.booking.com/hotel/be/zeepark-zeewinden.en-gb.html,Zeepark Zeewind,51.25039204535119,2.983885109424591,0,3,quality,"Klemskerkestraat 26, 8450 Bredene, Belgium, Klemskerkestraat 26, 8450, Belgium",Klemskerkestraat 26,Hotel,,,,7.9,480,be_zeepark-zeewinden.html.gz,2026-06-16T23:30:46+00:00,partial
https://www.booking.com/hotel/be/zen-your-life.en-gb.html,Zen Your Life,50.87071,4.26515,0,,,,,,,,,,,be_zen-your-life.html.gz,2026-06-16T23:31:51+00:00,partial
https://www.booking.com/hotel/by/minsklux.en-gb.html,MinskLux Apartments,53.90234,27.5619,0,,,,,,,,,,,by_minsklux.html.gz,2026-06-16T23:32:55+00:00,partial
https://www.booking.com/hotel/be/cavalier.en-gb.html,Hotel Cavalier,51.208911604466,3.2242740271613,0,,,,,,,,,,,be_cavalier.html.gz,2026-06-16T23:34:00+00:00,partial
https://www.booking.com/hotel/be/bwimperial.en-gb.html,Hotel Imperial,51.2258605957031,2.91950941085815,0,,,,,,,,,,,be_bwimperial.html.gz,2026-06-16T23:35:09+00:00,partial
https://www.booking.com/hotel/be/prelude.en-gb.html,Hotel Prélude,51.1448101746484,3.42743128538132,0,3,official,"Knokkebaan 59, 9910 Aalter, Belgium, Knokkebaan 59, 9910, Belgium",Knokkebaan 59,Hotel,,,,8.5,649,be_prelude.html.gz,2026-06-16T23:36:13+00:00,partial
https://www.booking.com/hotel/be/eu-guesthouse.en-gb.html,EU Guesthouse,50.84782420131986,4.381640926983664,0,3,quality,"Rue John Waterloo Wilson 80, 1000 Brussels, Belgium, Rue John Waterloo Wilson 80, 1000, Belgium",Rue John Waterloo Wilson 80,Hotel,,,,8.2,233,be_eu-guesthouse.html.gz,2026-06-16T23:37:17+00:00,partial
https://www.booking.com/hotel/be/sapere.en-gb.html,B&B Sapere,50.805254,5.539693,0,4,quality,"Kasteelstraat 26 Riemst belgie, 3770 Genoelselderen, Belgium, Kasteelstraat 26 Riemst belgie, 3770, Belgium",Kasteelstraat 26 Riemst belgie,Hotel,148,2026-07-15,EUR,9.4,158,be_sapere.html.gz,2026-06-16T23:37:41+00:00,success
https://www.booking.com/hotel/be/august-antwerpen1.en-gb.html,August,51.203078,4.423013,0,,,"Jules Bordetstraat 5, Antwerp District, 2018 Antwerp, Belgium, Jules Bordetstraat 5, 2018, Belgium",Jules Bordetstraat 5,Hotel,176,2026-07-15,EUR,8.7,713,be_august-antwerpen1.html.gz,2026-06-16T23:38:06+00:00,success
https://www.booking.com/hotel/be/apartments-breydelhof.en-gb.html,Apartments Breydelhof,51.20752299999999,3.2286404000000175,0,3,quality,"Jozef Suvéestraat 2, Historic Centre of Brugge, 8000 Bruges, Belgium, Jozef Suvéestraat 2, 8000, Belgium",Jozef Suvéestraat 2,Hotel,,,,8.3,144,be_apartments-breydelhof.html.gz,2026-06-16T23:39:10+00:00,partial
https://www.booking.com/hotel/be/nh-brussels-berlaymont.en-gb.html,NH Brussels EU Berlaymont,50.84486326173162,4.382513612508774,0,4,official,"Boulevard Charlemagne 11 - 19, 1000 Brussels, Belgium, Boulevard Charlemagne 11 - 19, 1000, Belgium",Boulevard Charlemagne 11 - 19,Hotel,123,2026-07-15,EUR,8.5,3493,be_nh-brussels-berlaymont.html.gz,2026-06-16T23:39:36+00:00,success
https://www.booking.com/hotel/be/apartment-sandpiper.en-gb.html,Apartment Sandpiper,50.84758148579611,2.885729369311548,0,3,quality,"Dehaernestraat 45 A, 8900 Ypres, Belgium, Dehaernestraat 45 A, 8900, Belgium",Dehaernestraat 45 A,Hotel,,,,8.1,32,be_apartment-sandpiper.html.gz,2026-06-16T23:40:38+00:00,partial
https://www.booking.com/hotel/be/alfatheater.en-gb.html,Theater Hotel,51.21529486545383,4.408290311694145,0,4,official,"Arenbergstraat 30, Antwerp District, 2000 Antwerp, Belgium, Arenbergstraat 30, 2000, Belgium",Arenbergstraat 30,Hotel,152,2026-07-15,EUR,8.1,5002,be_alfatheater.html.gz,2026-06-16T23:41:06+00:00,success
https://www.booking.com/hotel/be/le-new-matinal.en-gb.html,Hotel Le New Matinal,50.477777772302545,4.187899231910706,0,2,official,"Place Maugretout 13, 7100 La Louvière, Belgium, Place Maugretout 13, 7100, Belgium",Place Maugretout 13,Hotel,68,2026-07-15,EUR,6.9,310,be_le-new-matinal.html.gz,2026-06-16T23:41:30+00:00,success
https://www.booking.com/hotel/be/het-rustpunt.en-gb.html,Het Rustpunt,51.057268302813,3.715926899722,0,4,quality,"Burgstraat 116, Elisabethbegijnhof-Papegaai, 9000 Ghent, Belgium, Burgstraat 116, 9000, Belgium",Burgstraat 116,Hotel,121,2026-07-15,EUR,8.9,2066,be_het-rustpunt.html.gz,2026-06-16T23:41:55+00:00,success
https://www.booking.com/hotel/be/chez-phil-waimes12.en-gb.html,Chez Phil,50.454599,6.12258,0,2,official,"32 Rue Centrale, 4950 Robertville, Belgium, 32 Rue Centrale, 4950, Belgium",32 Rue Centrale,Hotel,89,2026-07-15,EUR,8.1,461,be_chez-phil-waimes12.html.gz,2026-06-16T23:42:21+00:00,success
https://www.booking.com/hotel/be/louisiana-1-koninklijke-baan-71-b1.en-gb.html,Louisiana 1 - Koninklijke Baan 71-B1,51.2802138,3.0378645,0,4,quality,"71 Koninklijke Baan, 8421 De Haan, Belgium, 71 Koninklijke Baan, 8421, Belgium",71 Koninklijke Baan,Hotel,,,,9.3,30,be_louisiana-1-koninklijke-baan-71-b1.html.gz,2026-06-16T23:43:25+00:00,partial
https://www.booking.com/hotel/be/marble-lodge-luxury-apartments-center-of-antwerp.en-gb.html,Marble Lodge Deluxe Apartments in the Center of Antwerp,51.2180426,4.4081441,0,,,"46 Meir, Antwerp District, 2000 Antwerp, Belgium, 46 Meir, 2000, Belgium",46 Meir,Hotel,150,2026-07-15,EUR,5.6,266,be_marble-lodge-luxury-apartments-center-of-antwerp.html.gz,2026-06-16T23:43:50+00:00,success
https://www.booking.com/hotel/be/mes-caprices-wepion-b-amp-b.en-gb.html,Chambre d'hôtes CAPRICE B&B WEPION,50.4234617457312,4.87359972698368,0,4,quality,"924 Chaussée de Dinant, 5100 Namur, Belgium, 924 Chaussée de Dinant, 5100, Belgium",924 Chaussée de Dinant,Hotel,,,,8.4,162,be_mes-caprices-wepion-b-amp-b.html.gz,2026-06-16T23:44:52+00:00,partial
https://www.booking.com/hotel/be/lomolen.en-gb.html,B&B Lomolen,51.04374645349856,3.475697636604309,0,3,quality,"Lomolenstraat 112, 9880 Aalter, Belgium, Lomolenstraat 112, 9880, Belgium",Lomolenstraat 112,Hotel,128,2026-07-22,EUR,9.2,98,be_lomolen.html.gz,2026-06-16T23:45:36+00:00,success
https://www.booking.com/hotel/be/b-amp-b-la-chambre-d-39-amis-ieper.en-gb.html,B&B La Chambre d'Amis,50.849366,2.89948,0,3,quality,"Vaubanstraat 83a, 8900 Ypres, Belgium, Vaubanstraat 83a, 8900, Belgium",Vaubanstraat 83a,Hotel,,,,9.4,77,be_b-amp-b-la-chambre-d-39-amis-ieper.html.gz,2026-06-16T23:46:40+00:00,partial
https://www.booking.com/hotel/be/hotel-august.en-gb.html,Hotel Augustyn Brugge,51.21333075822893,3.22486013174057,0,3,official,"Augustijnenrei 18, Historic Centre of Brugge, 8000 Bruges, Belgium, Augustijnenrei 18, 8000, Belgium",Augustijnenrei 18,Hotel,133,2026-07-15,EUR,8.8,2357,be_hotel-august.html.gz,2026-06-16T23:47:06+00:00,success
https://www.booking.com/hotel/be/aalsters-genot.en-gb.html,B&B Aalsters genot,50.9553353144764,4.00982874163356,0,3,quality,"Onegem 100, 9300 Aalst, Belgium, Onegem 100, 9300, Belgium",Onegem 100,Hotel,,,,8.8,348,be_aalsters-genot.html.gz,2026-06-16T23:48:11+00:00,partial
https://www.booking.com/hotel/be/casablanca-kortrijk.en-gb.html,B&B Casablanca,50.82762,3.26599,0,,,,,,,,,,,be_casablanca-kortrijk.html.gz,2026-06-16T23:49:15+00:00,partial
https://www.booking.com/hotel/be/new-design-apartment-in-brussels.en-gb.html,NEW Design apartment in Brussels,50.8612239374888,4.34688992540896,0,4,quality,"Rue van Meyel 22, bus 16, Sint-Jans-Molenbeek / Molenbeek-Saint-Jean, 1080 Brussels, Belgium, Rue van Meyel 22, bus 16, 1080, Belgium","Rue van Meyel 22, bus 16",Hotel,,,,8.9,175,be_new-design-apartment-in-brussels.html.gz,2026-06-16T23:50:19+00:00,partial
https://www.booking.com/hotel/be/alliance-ieper-centrum.en-gb.html,Alliance Hotel Ieper Centrum,50.85026216726846,2.8875374794006348,0,3,official,"D'Hondtstraat 19, 8900 Ypres, Belgium, D'Hondtstraat 19, 8900, Belgium",D'Hondtstraat 19,Hotel,145,2026-07-15,EUR,6.8,530,be_alliance-ieper-centrum.html.gz,2026-06-16T23:50:44+00:00,success
https://www.booking.com/hotel/be/luxury-residence-charvet-bruxelles-midi-app1.en-gb.html,Luxury Residence Charvet Bruxelles-Midi (APP1),,,1,,,,,,,,,,,be_luxury-residence-charvet-bruxelles-midi-app1.html.gz,2026-06-16T23:51:09+00:00,failed
https://www.booking.com/hotel/be/ha-tel-ibis-styles.en-gb.html,ibis Styles Nivelles,50.62035606719979,4.328012466430664,0,3,official,"AVENUE PAUL HENRY SPAAK 3, 1400 Nivelles, Belgium, AVENUE PAUL HENRY SPAAK 3, 1400, Belgium",AVENUE PAUL HENRY SPAAK 3,Hotel,86,2026-07-15,EUR,8.2,2819,be_ha-tel-ibis-styles.html.gz,2026-06-16T23:51:35+00:00,success
https://www.booking.com/hotel/be/huyze-peerdenbrugghe.en-gb.html,Huyze Peerdenbrugghe,51.208806,3.230295,0,3,quality,"Peerdenstraat 10, Historic Centre of Brugge, 8000 Bruges, Belgium, Peerdenstraat 10, 8000, Belgium",Peerdenstraat 10,Hotel,,,,9.7,153,be_huyze-peerdenbrugghe.html.gz,2026-06-16T23:52:40+00:00,partial
https://www.booking.com/hotel/be/vakantiewoning-de-konijnenweg.en-gb.html,Vakantiewoning De Konijnenweg,51.100288793118,2.590734645471,0,4,quality,"16 Konijnenweg, 8660 De Panne, Belgium, 16 Konijnenweg, 8660, Belgium",16 Konijnenweg,Hotel,,,,9.3,74,be_vakantiewoning-de-konijnenweg.html.gz,2026-06-16T23:53:43+00:00,partial
https://www.booking.com/hotel/by/fal-varak-kupala.en-gb.html,Фальварак KUPALA,53.82387,27.52702,0,,,,,,,,,,,by_fal-varak-kupala.html.gz,2026-06-16T23:54:50+00:00,partial
https://www.booking.com/hotel/be/cosy-studio-met-zwembad-beringen.en-gb.html,Cosy Studio met Zwembad,51.05348576965703,5.275449285581644,0,,,"Laan op Heusden 11, 3582 Beringen, Belgium, Laan op Heusden 11, 3582, Belgium",Laan op Heusden 11,Hotel,292,2026-07-15,EUR,9.3,81,be_cosy-studio-met-zwembad-beringen.html.gz,2026-06-16T23:55:17+00:00,success
https://www.booking.com/hotel/be/vakantiewoning-margaux.en-gb.html,Vakantiewoning Margaux -free parking - Sauna,51.177315,3.227636,0,4,quality,"Heidelbergstraat 6, Sint-Michiels, 8200 Bruges, Belgium, Heidelbergstraat 6, 8200, Belgium",Heidelbergstraat 6,Hotel,,,,9.6,30,be_vakantiewoning-margaux.html.gz,2026-06-16T23:56:19+00:00,partial
https://www.booking.com/hotel/be/guesthouse-amfora.en-gb.html,Guesthouse Amfora,50.85577389323654,2.7285602688789368,0,4,quality,"Guidogezellestraat 24, 8970 Poperinge, Belgium, Guidogezellestraat 24, 8970, Belgium",Guidogezellestraat 24,Hotel,123,2026-07-15,EUR,9.0,32,be_guesthouse-amfora.html.gz,2026-06-16T23:56:43+00:00,success
https://www.booking.com/hotel/be/institute-of-cultural-affairs.en-gb.html,Institute Of Cultural Affairs,50.8502518896899,4.37312805641409,0,,,"Rue Amédée Lynen 8, Sint-Joost-ten-Node, 1210 Brussels, Belgium, Rue Amédée Lynen 8, 1210, Belgium",Rue Amédée Lynen 8,Hotel,82,2026-07-15,EUR,8.9,539,be_institute-of-cultural-affairs.html.gz,2026-06-16T23:57:06+00:00,success
https://www.booking.com/hotel/be/atghent.en-gb.html,Apartment At Ghent,51.054058,3.724579,0,,,,,,,,,,,be_atghent.html.gz,2026-06-16T23:58:16+00:00,partial
https://www.booking.com/hotel/be/v-apartments.en-gb.html,V-Apartments,51.22319,2.907508,0,4,quality,"Renteniersstraat 18, Oostende Centre, 8400 Ostend, Belgium, Renteniersstraat 18, 8400, Belgium",Renteniersstraat 18,Hotel,,,,8.8,280,be_v-apartments.html.gz,2026-06-16T23:59:17+00:00,partial
https://www.booking.com/hotel/by/apartment-in-city-center-of-slonima.en-gb.html,Apartment on Krainego Str 27,53.0867004394531,25.3218994140625,0,,,,,,,,,,,by_apartment-in-city-center-of-slonima.html.gz,2026-06-17T00:00:21+00:00,partial
https://www.booking.com/hotel/be/studio-casinoplein-middelkerke.en-gb.html,Studio Casinoplein Middelkerke,51.187078,2.814829,0,4,quality,"14 Parijsstraat appartement 402  BORSALINO Residentie, 8430 Middelkerke, Belgium, 14 Parijsstraat appartement 402  BORSALINO Residentie, 8430, Belgium",14 Parijsstraat appartement 402  BORSALINO Residentie,Hotel,,,,8.9,198,be_studio-casinoplein-middelkerke.html.gz,2026-06-17T00:01:23+00:00,partial
https://www.booking.com/hotel/by/orbita.en-gb.html,Orbita Hotel,53.90234,27.5619,0,,,,,,,,,,,by_orbita.html.gz,2026-06-17T00:02:27+00:00,partial
https://www.booking.com/hotel/be/de-pastorie-residentie-glorius.en-gb.html,B&B De Pastorie / Residentie Glorius,51.22405,4.91989,0,,,,,,,,,,,be_de-pastorie-residentie-glorius.html.gz,2026-06-17T00:03:34+00:00,partial
https://www.booking.com/hotel/be/b-amp-b-39-t-mjeels-pierke.en-gb.html,B&B 't Mjeels Pierke,51.4819931,4.8142113,0,3,quality,"chaamseweg 71B, 2328 Meerle, Belgium, chaamseweg 71B, 2328, Belgium",chaamseweg 71B,Hotel,102,2026-07-15,EUR,9.5,330,be_b-amp-b-39-t-mjeels-pierke.html.gz,2026-06-17T00:04:00+00:00,success
https://www.booking.com/hotel/be/aparthotel-brusselsmidi.en-gb.html,Apart Hotel Brussels Midi,,,1,,,,,,,,,,,be_aparthotel-brusselsmidi.html.gz,2026-06-17T00:04:28+00:00,failed
https://www.booking.com/hotel/be/designflats-gent.en-gb.html,Designflats Gent,51.04117128454924,3.727430999279022,0,4,quality,"Kantienberg 22/001, Binnenstad, 9000 Ghent, Belgium, Kantienberg 22/001, 9000, Belgium",Kantienberg 22/001,Hotel,,,,9.6,91,be_designflats-gent.html.gz,2026-06-17T00:05:33+00:00,partial
https://www.booking.com/hotel/be/bentleybruxelles.en-gb.html,Hotel Bentley,50.860053,4.374013,0,2,official,"51 Avenue Rogier, Schaarbeek / Schaerbeek, 1030 Brussels, Belgium, 51 Avenue Rogier, 1030, Belgium",51 Avenue Rogier,Hotel,77,2026-07-15,EUR,4.8,526,be_bentleybruxelles.html.gz,2026-06-17T00:06:01+00:00,success
https://www.booking.com/hotel/be/castelsuites.en-gb.html,Castelsuites,51.204165,3.21102,0,4,quality,"7 Gistelse Steenweg, Sint-Andries, 8200 Bruges, Belgium, 7 Gistelse Steenweg, 8200, Belgium",7 Gistelse Steenweg,Hotel,238,2026-07-15,EUR,9.4,788,be_castelsuites.html.gz,2026-06-17T00:06:27+00:00,success
https://www.booking.com/hotel/be/santa-fe-lutrebois.en-gb.html,Santa Fe - Lutrebois,49.95922404106174,5.73370421026369,0,3,quality,"Lutrebois 11, 6600 Bastogne, Belgium, Lutrebois 11, 6600, Belgium",Lutrebois 11,Hotel,120,2026-07-15,EUR,8.7,34,be_santa-fe-lutrebois.html.gz,2026-06-17T00:06:55+00:00,success
https://www.booking.com/hotel/be/auberge-du-val-d-39-aisne.en-gb.html,Auberge du Val d'Aisne,50.3224586011855,5.57265410793457,0,,,"15 Rue de l'Aisne, 6997 Fanzel, Belgium, 15 Rue de l'Aisne, 6997, Belgium",15 Rue de l'Aisne,Hotel,,,,8.8,90,be_auberge-du-val-d-39-aisne.html.gz,2026-06-17T00:07:57+00:00,partial
https://www.booking.com/hotel/be/decoquisserie.en-gb.html,Apart! & Moment!,51.277417505478155,3.030633330345154,0,4,quality,"Koninklijke Baan 29, 8420 De Haan, Belgium, Koninklijke Baan 29, 8420, Belgium",Koninklijke Baan 29,Hotel,,,,8.6,280,be_decoquisserie.html.gz,2026-06-17T00:09:01+00:00,partial
https://www.booking.com/hotel/be/trumpet-house.en-gb.html,Trumpet House,50.9060259254671,4.73705038803746,0,4,quality,"Koestaart 1, 3010 Leuven, Belgium, Koestaart 1, 3010, Belgium",Koestaart 1,Hotel,,,,8.9,20,be_trumpet-house.html.gz,2026-06-17T00:10:03+00:00,partial
https://www.booking.com/hotel/be/prince-d-39-orange-bed-amp-breakfast.en-gb.html,Prince d'Orange Bed & Breakfast,50.67900609506911,4.395339411639384,0,3,official,"37 Av Prince d'Orange, 1420 Braine-lʼAlleud, Belgium, 37 Av Prince d'Orange, 1420, Belgium",37 Av Prince d'Orange,Hotel,,,,9.4,51,be_prince-d-39-orange-bed-amp-breakfast.html.gz,2026-06-17T00:11:05+00:00,partial
https://www.booking.com/hotel/be/b-amp-b-hippo-droom.en-gb.html,B&B Hippo-Droom,50.76932510718469,4.440609568261721,0,3,quality,"Tumulidreef 7, 1560 Hoeilaart, Belgium, Tumulidreef 7, 1560, Belgium",Tumulidreef 7,Hotel,146,2026-07-15,EUR,8.5,334,be_b-amp-b-hippo-droom.html.gz,2026-06-17T00:11:32+00:00,success
https://www.booking.com/hotel/be/koksijde-oostduinkerke-4-6-p.en-gb.html,Koksijde - Oostduinkerke 4 -6 p.,51.11196974495713,2.665506331902958,0,4,quality,"7 Hogeduinendreef, 8670 Oostduinkerke, Belgium, 7 Hogeduinendreef, 8670, Belgium",7 Hogeduinendreef,Hotel,,,,8.1,110,be_koksijde-oostduinkerke-4-6-p.html.gz,2026-06-17T00:12:37+00:00,partial
https://www.booking.com/hotel/be/anna-s-bed-and-breakfast.en-gb.html,B&B Anna's,51.21172614309588,3.2318204641342163,0,4,quality,"St- Annaplein 31, Historic Centre of Brugge, 8000 Bruges, Belgium, St- Annaplein 31, 8000, Belgium",St- Annaplein 31,Hotel,,,,9.2,335,be_anna-s-bed-and-breakfast.html.gz,2026-06-17T00:13:41+00:00,partial
https://www.booking.com/hotel/be/terbrugge.en-gb.html,B&B Ter Brugge,51.1823,3.09346,0,,,,,,,,,,,be_terbrugge.html.gz,2026-06-17T00:14:49+00:00,partial
https://www.booking.com/hotel/be/esperance.en-gb.html,Hotel Esperance,50.852818723921764,4.3552543222904205,0,3,official,"Rue du Finistère, 1-3, 1000 Brussels, Belgium, Rue du Finistère, 1-3, 1000, Belgium","Rue du Finistère, 1-3",Hotel,,,,8.4,1004,be_esperance.html.gz,2026-06-17T00:15:51+00:00,partial
https://www.booking.com/hotel/be/de-zalm-herentals.en-gb.html,Hotel De Zalm,51.176799,4.835819,0,3,official,"Grote Markt 21, 2200 Herentals, Belgium, Grote Markt 21, 2200, Belgium",Grote Markt 21,Hotel,123,2026-07-15,EUR,7.4,339,be_de-zalm-herentals.html.gz,2026-06-17T00:16:17+00:00,success
https://www.booking.com/hotel/be/de-drie-torens.en-gb.html,With a pretty view of the three most authentic towers,51.209424,3.216757,0,3,quality,"Historic Centre of Brugge, 8000 Bruges, Belgium, 8000, Belgium",,Hotel,,,,8.1,26,be_de-drie-torens.html.gz,2026-06-17T00:17:23+00:00,partial
https://www.booking.com/hotel/be/b-amp-b-de-meerkoet-dudzele.en-gb.html,Logies De Meerkoet,51.27475,3.22923,0,,,,,,,,,,,be_b-amp-b-de-meerkoet-dudzele.html.gz,2026-06-17T00:18:31+00:00,partial
https://www.booking.com/hotel/be/kokodor.en-gb.html,Kokodor,51.27279922420251,3.03572460674593,0,3,quality,"Wenduinesteenweg 31/0001, 8420 De Haan, Belgium, Wenduinesteenweg 31/0001, 8420, Belgium",Wenduinesteenweg 31/0001,Hotel,,,,8.2,325,be_kokodor.html.gz,2026-06-17T00:19:35+00:00,partial
https://www.booking.com/hotel/be/reigerhuisje.en-gb.html,Reigerhuisje,51.0934982299805,3.01266002655029,0,,,,,,,,,,,be_reigerhuisje.html.gz,2026-06-17T00:20:44+00:00,partial
https://www.booking.com/hotel/be/compagnons11.en-gb.html,B&B Compagnons11,50.45629,3.948471,0,3,quality,"11, rue des Compagnons, 7000 Mons, Belgium, 11, rue des Compagnons, 7000, Belgium","11, rue des Compagnons",Hotel,,,,9.2,38,be_compagnons11.html.gz,2026-06-17T00:21:47+00:00,partial
https://www.booking.com/hotel/be/best-western-grand-hotel-de-flandre.en-gb.html,Grand Hotel de Flandre,50.468236960437046,4.862670600414276,0,3,official,"Place de la Station 14, 5000 Namur, Belgium, Place de la Station 14, 5000, Belgium",Place de la Station 14,Hotel,85,2026-07-15,EUR,7.6,1787,be_best-western-grand-hotel-de-flandre.html.gz,2026-06-17T00:22:12+00:00,success
https://www.booking.com/hotel/be/au-fil-du-temps-fauvillers.en-gb.html,Au Fil du Temps,49.8499984741211,5.66666984558105,0,,,,,,,,,,,be_au-fil-du-temps-fauvillers.html.gz,2026-06-17T00:23:22+00:00,partial
https://www.booking.com/hotel/be/unique-apartment-in-historic-antwerp-mansion.en-gb.html,HOFMARKGRAAF - Unique apartment in historic Antwerp mansion,51.2202163,4.407637,0,4,quality,"19 Markgravestraat, Antwerp District, 2000 Antwerp, Belgium, 19 Markgravestraat, 2000, Belgium",19 Markgravestraat,Hotel,137,2026-07-15,EUR,8.2,104,be_unique-apartment-in-historic-antwerp-mansion.html.gz,2026-06-17T00:23:47+00:00,success
https://www.booking.com/hotel/be/helmet.en-gb.html,The Helmet Hotel,50.8619904,4.367094899999984,0,2,official,"Paleizenstraat 90, Schaarbeek / Schaerbeek, 1030 Brussels, Belgium, Paleizenstraat 90, 1030, Belgium",Paleizenstraat 90,Hotel,103,2026-07-15,EUR,4.1,2360,be_helmet.html.gz,2026-06-17T00:24:12+00:00,success
https://www.booking.com/hotel/be/de-buur-van-beer.en-gb.html,De Buur Van Beer,50.84799838047876,2.8907848846557727,0,4,quality,"rijkeklarenstraat 18, 8900 Ypres, Belgium, rijkeklarenstraat 18, 8900, Belgium",rijkeklarenstraat 18,Hotel,,,,8.6,46,be_de-buur-van-beer.html.gz,2026-06-17T00:25:16+00:00,partial
https://www.booking.com/hotel/be/city-budget-flats.en-gb.html,Budget Flats Leuven,50.87177198800679,4.716777205467224,0,3,quality,"Bierbeekstraat 75, 3001 Leuven, Belgium, Bierbeekstraat 75, 3001, Belgium",Bierbeekstraat 75,Hotel,92,2026-07-15,EUR,6.7,500,be_city-budget-flats.html.gz,2026-06-17T00:25:42+00:00,success
https://www.booking.com/hotel/be/b-amp-b-salva-c.en-gb.html,B&B Salve,50.82050284145276,4.423951059579849,0,3,quality,"Drève Louisa Chaudoir 15, Oudergem / Auderghem, 1160 Brussels, Belgium, Drève Louisa Chaudoir 15, 1160, Belgium",Drève Louisa Chaudoir 15,Hotel,121,2026-07-22,EUR,9.7,168,be_b-amp-b-salva-c.html.gz,2026-06-17T00:26:26+00:00,success
https://www.booking.com/hotel/be/cote-verger-b-amp-b.en-gb.html,côté verger B&B,50.655530316682984,5.828950797158768,0,3,quality,"Bouxhmont 98, 4651 Battice, Belgium, Bouxhmont 98, 4651, Belgium",Bouxhmont 98,Hotel,,,,9.7,87,be_cote-verger-b-amp-b.html.gz,2026-06-17T00:27:30+00:00,partial
https://www.booking.com/hotel/be/dendernachten.en-gb.html,Dendernachten,51.03211658274133,4.100325107574463,0,3,quality,"Franz Courtensstraat 15, 9200 Dendermonde, Belgium, Franz Courtensstraat 15, 9200, Belgium",Franz Courtensstraat 15,Hotel,139,2026-07-15,EUR,9.2,257,be_dendernachten.html.gz,2026-06-17T00:27:54+00:00,success
https://www.booking.com/hotel/be/agendamidihotel.en-gb.html,Hotel Midi-Zuid,50.83930620744661,4.3394118547439575,0,3,official,"Boulevard Jamar 11, Sint-Gillis / Saint-Gilles, 1060 Brussels, Belgium, Boulevard Jamar 11, 1060, Belgium",Boulevard Jamar 11,Hotel,76,2026-07-15,EUR,7.7,2757,be_agendamidihotel.html.gz,2026-06-17T00:28:20+00:00,success
https://www.booking.com/hotel/be/b-amp-b-brouwhuys.en-gb.html,B&B Brouwhuys,51.208911604466,3.2242740271613,0,,,,,,,,,,,be_b-amp-b-brouwhuys.html.gz,2026-06-17T00:29:28+00:00,partial
https://www.booking.com/hotel/be/le-lys-d-or.en-gb.html,B&B Le Lys d'or,50.8330292,4.349676999999929,0,3,quality,"Avenue Henri Jaspar n°96, Sint-Gillis / Saint-Gilles, 1060 Brussels, Belgium, Avenue Henri Jaspar n°96, 1060, Belgium",Avenue Henri Jaspar n°96,Hotel,,,,8.8,140,be_le-lys-d-or.html.gz,2026-06-17T00:30:29+00:00,partial
https://www.booking.com/hotel/be/class-eco-liege.en-gb.html,Hotel Class'eco Liège,50.68925308801926,5.617300942485599,0,1,official,"ZI des hauts-sarts 1ère Avenue 95, 4040 Liège, Belgium, ZI des hauts-sarts 1ère Avenue 95, 4040, Belgium",ZI des hauts-sarts 1ère Avenue 95,Hotel,52,2026-07-15,EUR,6.5,1159,be_class-eco-liege.html.gz,2026-06-17T00:30:55+00:00,success
https://www.booking.com/hotel/be/villa-rapa-nui.en-gb.html,Pavillon du golf,51.257809450023586,3.0020087925903454,0,4,quality,"Heidelaan 55, 8420 De Haan, Belgium, Heidelaan 55, 8420, Belgium",Heidelaan 55,Hotel,,,,8.8,30,be_villa-rapa-nui.html.gz,2026-06-17T00:31:58+00:00,partial
https://www.booking.com/hotel/be/hotelduparc.en-gb.html,Hotel Du Parc,51.23079644235326,2.913546860218048,0,4,official,"Marie-Joseplein 3, Oostende Centre, 8400 Ostend, Belgium, Marie-Joseplein 3, 8400, Belgium",Marie-Joseplein 3,Hotel,153,2026-07-15,EUR,8.8,1877,be_hotelduparc.html.gz,2026-06-17T00:32:22+00:00,success
https://www.booking.com/hotel/be/nuits-de-mer.en-gb.html,Nuits de Mer,51.26753097821747,3.0199850380981843,0,4,quality,"Driftweg 78a, 8420 De Haan, Belgium, Driftweg 78a, 8420, Belgium",Driftweg 78a,Hotel,269,2026-07-29,EUR,9.3,85,be_nuits-de-mer.html.gz,2026-06-17T00:33:25+00:00,success
https://www.booking.com/hotel/be/novotel-charleroi-centre.en-gb.html,Novotel Charleroi Centre,50.408153,4.441233,0,4,official,"Place Verte 17, Charleroi City Centre, 6000 Charleroi, Belgium, Place Verte 17, 6000, Belgium",Place Verte 17,Hotel,119,2026-07-15,EUR,8.2,3085,be_novotel-charleroi-centre.html.gz,2026-06-17T00:33:52+00:00,success
https://www.booking.com/hotel/be/la-gloriette-marche-en-famenne.en-gb.html,LA GLORIETTE,50.219241,5.349059,0,3,official,"19 Rue de Bastogne, 6900 Marche-en-Famenne, Belgium, 19 Rue de Bastogne, 6900, Belgium",19 Rue de Bastogne,Hotel,132,2026-07-15,EUR,9.0,379,be_la-gloriette-marche-en-famenne.html.gz,2026-06-17T00:34:19+00:00,success
https://www.booking.com/hotel/be/ideal-room.en-gb.html,Ideal Room,,,1,,,,,,,,,,,be_ideal-room.html.gz,2026-06-17T00:34:45+00:00,failed
https://www.booking.com/hotel/be/des-postes.en-gb.html,Hotel des Postes,50.129501,5.790773,0,3,official,"place roi albert 13 place roi albert 13, 6660 Houffalize, Belgium, place roi albert 13 place roi albert 13, 6660, Belgium",place roi albert 13 place roi albert 13,Hotel,165,2026-07-15,EUR,8.7,377,be_des-postes.html.gz,2026-06-17T00:35:09+00:00,success
https://www.booking.com/hotel/be/marie-siska-boutique.en-gb.html,Marie Siska Boutique hotel,51.350841,3.317792,0,4,official,"177 Zoutelaan, Knokke, 8300 Knokke-Heist, Belgium, 177 Zoutelaan, 8300, Belgium",177 Zoutelaan,Hotel,255,2026-07-15,EUR,9.0,166,be_marie-siska-boutique.html.gz,2026-06-17T00:35:32+00:00,success
https://www.booking.com/hotel/be/chateau-jemeppe.en-gb.html,Château Jemeppe,50.1833000183105,5.31666994094849,0,,,,,,,,,,,be_chateau-jemeppe.html.gz,2026-06-17T00:36:39+00:00,partial
https://www.booking.com/hotel/be/the-hamptons-b-amp-b.en-gb.html,The Hamptons Boutique B&B,51.0394389934673,3.71639785277864,0,4,quality,"172 Kortrijksesteenweg, Stationsbuurt Noord, 9000 Ghent, Belgium, 172 Kortrijksesteenweg, 9000, Belgium",172 Kortrijksesteenweg,Hotel,228,2026-07-15,EUR,9.0,609,be_the-hamptons-b-amp-b.html.gz,2026-06-17T00:37:03+00:00,success
https://www.booking.com/hotel/be/nadeg5-bed-and-breakfast.en-gb.html,B&B N°5,50.647585434873626,5.582149788715469,0,4,quality,"Place St Barthélemy 5, 4000 Liège, Belgium, Place St Barthélemy 5, 4000, Belgium",Place St Barthélemy 5,Hotel,120,2026-07-15,EUR,9.5,576,be_nadeg5-bed-and-breakfast.html.gz,2026-06-17T00:37:27+00:00,success
https://www.booking.com/hotel/be/zum-burgblick.en-gb.html,Zum Burgblick,50.194798828627,6.135092199553,0,4,quality,"Lindenallee 11, 4790 Burg-Reuland, Belgium, Lindenallee 11, 4790, Belgium",Lindenallee 11,Hotel,,,,9.0,67,be_zum-burgblick.html.gz,2026-06-17T00:38:32+00:00,partial
https://www.booking.com/hotel/be/vakantieverblijf-beestenboel.en-gb.html,Vakantieverblijf-Beestenboel,51.2537249191963,5.08901442764738,0,4,quality,"Zandstraat 22, 2470 Retie, Belgium, Zandstraat 22, 2470, Belgium",Zandstraat 22,Hotel,,,,9.6,62,be_vakantieverblijf-beestenboel.html.gz,2026-06-17T00:39:33+00:00,partial
https://www.booking.com/hotel/be/het-blekershuys.en-gb.html,Apartment Het Blekershuys,51.21289950592132,3.2295619547585375,0,4,quality,"blekerstraat 1b, Historic Centre of Brugge, 8000 Bruges, Belgium, blekerstraat 1b, 8000, Belgium",blekerstraat 1b,Hotel,,,,8.7,74,be_het-blekershuys.html.gz,2026-06-17T00:40:38+00:00,partial
https://www.booking.com/hotel/be/residence-stienon.en-gb.html,Résidence Stiénon,50.8925305,4.3326333,0,4,quality,"3 Avenue Stiénon 2ème étage, Laeken, 1020 Brussels, Belgium, 3 Avenue Stiénon 2ème étage, 1020, Belgium",3 Avenue Stiénon 2ème étage,Hotel,,,,8.8,33,be_residence-stienon.html.gz,2026-06-17T00:41:43+00:00,partial
https://www.booking.com/hotel/be/hoteldefierlantbrussel.en-gb.html,Hotel De Fierlant,50.825995210295254,4.3313732743263245,0,3,official,"Rue de Fierlant 67, Vorst / Forest, 1190 Brussels, Belgium, Rue de Fierlant 67, 1190, Belgium",Rue de Fierlant 67,Hotel,99,2026-07-15,EUR,8.1,3255,be_hoteldefierlantbrussel.html.gz,2026-06-17T00:42:10+00:00,success
https://www.booking.com/hotel/be/charta-studio.en-gb.html,Charta Studio,50.88711811954,4.544473182803,0,3,official,"30 Karterstraat, 3070 Kortenberg, Belgium, 30 Karterstraat, 3070, Belgium",30 Karterstraat,Hotel,,,,,,be_charta-studio.html.gz,2026-06-17T00:43:11+00:00,partial
https://www.booking.com/hotel/be/touristflat-dewulf.en-gb.html,B&B Martijn Dewulf Ghent,51.064640609085,3.75078896311607,0,4,quality,"Verkortingstraat 42, Sint-Amandsberg, 9040 Ghent, Belgium, Verkortingstraat 42, 9040, Belgium",Verkortingstraat 42,Hotel,123,2026-07-15,EUR,9.4,510,be_touristflat-dewulf.html.gz,2026-06-17T00:43:38+00:00,success
https://www.booking.com/hotel/be/lichtrijke-loft-bij-restaurant-den-olifant.en-gb.html,Lichtrijke loft bij restaurant Den Olifant,50.8501062241972,2.88146132965719,0,4,quality,"de Stuersstraat 3, 8900 Ypres, Belgium, de Stuersstraat 3, 8900, Belgium",de Stuersstraat 3,Hotel,,,,9.1,79,be_lichtrijke-loft-bij-restaurant-den-olifant.html.gz,2026-06-17T00:44:45+00:00,partial
https://www.booking.com/hotel/be/maison-jamaer.en-gb.html,Maison Jamaer,50.84100719884902,4.343646958860745,0,3,quality,"Avenue de Stalingrad, 62, 1000 Brussels, Belgium, Avenue de Stalingrad, 62, 1000, Belgium","Avenue de Stalingrad, 62",Hotel,234,2026-07-15,EUR,8.6,628,be_maison-jamaer.html.gz,2026-06-17T00:45:10+00:00,success
https://www.booking.com/hotel/be/de-zon-b-amp-b-heist-op-den-berg.en-gb.html,De Zon B&B,51.050362073210806,4.738752776057481,0,3,quality,"Kwadenplasstraat 11, 2220 Heist-op-den-Berg, Belgium, Kwadenplasstraat 11, 2220, Belgium",Kwadenplasstraat 11,Hotel,,,,9.5,150,be_de-zon-b-amp-b-heist-op-den-berg.html.gz,2026-06-17T00:46:15+00:00,partial
https://www.booking.com/hotel/be/t-hemelhuys.en-gb.html,Boetiekhotel Hemelhuys,50.93017170699148,5.339910686016083,0,3,official,"Hemelrijk 15, 3500 Hasselt, Belgium, Hemelrijk 15, 3500, Belgium",Hemelrijk 15,Hotel,126,2026-07-15,EUR,9.1,441,be_t-hemelhuys.html.gz,2026-06-17T00:46:43+00:00,success
https://www.booking.com/hotel/be/s-hertogenmolens.en-gb.html,'S Hertogenmolens Hotel,50.98605672151164,4.828759431838989,0,3,official,"Demerstraat 1A, 3200 Aarschot, Belgium, Demerstraat 1A, 3200, Belgium",Demerstraat 1A,Hotel,122,2026-07-15,EUR,8.0,1073,be_s-hertogenmolens.html.gz,2026-06-17T00:47:10+00:00,success
https://www.booking.com/hotel/be/bel-appart-berlaymont-quartier-eu-sakura.en-gb.html,Apartments Berlaymont OHY,50.8443257632132,4.38392761163936,0,4,quality,"41 Rue Archimède , 1000 Brussels, Belgium, 41 Rue Archimède, 1000, Belgium",41 Rue Archimède,Hotel,104,2026-07-22,EUR,8.6,412,be_bel-appart-berlaymont-quartier-eu-sakura.html.gz,2026-06-17T00:47:52+00:00,success
https://www.booking.com/hotel/be/au-marronnier.en-gb.html,Au Marronnier,50.661193137747674,5.991148486508109,0,3,quality,"28 rue de Tivoli rez-de-chaussée, 4710 Lontzen, Belgium, 28 rue de Tivoli rez-de-chaussée, 4710, Belgium",28 rue de Tivoli rez-de-chaussée,Hotel,,,,9.0,89,be_au-marronnier.html.gz,2026-06-17T00:48:57+00:00,partial
https://www.booking.com/hotel/be/de-witte-leirsse-1557.en-gb.html,De Witte Leirsse 1557,,,1,,,,,,,,,,,be_de-witte-leirsse-1557.html.gz,2026-06-17T00:49:25+00:00,failed
https://www.booking.com/hotel/by/apartments-pushkin.en-gb.html,Apartments Pushkin,53.90234,27.5619,0,,,,,,,,,,,by_apartments-pushkin.html.gz,2026-06-17T00:50:30+00:00,partial
https://www.booking.com/hotel/be/value-stay-brussels-expo.en-gb.html,Value Stay Brussels Expo Hotel,50.9043132745785,4.353603422641754,0,2,official,"Luitberg 1, 1853 Brussels, Belgium, Luitberg 1, 1853, Belgium",Luitberg 1,Hotel,70,2026-07-15,EUR,7.3,1512,be_value-stay-brussels-expo.html.gz,2026-06-17T00:50:54+00:00,success
https://www.booking.com/hotel/be/le-jardin-du-the.en-gb.html,Le Jardin du bord de Meuse,50.4667015075684,4.86667013168335,0,,,,,,,,,,,be_le-jardin-du-the.html.gz,2026-06-17T00:52:03+00:00,partial
https://www.booking.com/hotel/be/flat-brussels-center-bruxelles.en-gb.html,Flat Brussels center,50.852618869059,4.387654027477,0,,,"Avenue Dailly, Schaarbeek / Schaerbeek, 1030 Brussels, Belgium, Avenue Dailly, 1030, Belgium",Avenue Dailly,Hotel,,,,4.0,200,be_flat-brussels-center-bruxelles.html.gz,2026-06-17T00:53:08+00:00,partial
https://www.booking.com/hotel/be/int-boldershof.en-gb.html,Hotel In't Boldershof,51.00584144295012,3.6038964986801147,0,2,official,"Dorpsstraat 37, 9831  Deurle, Belgium, Dorpsstraat 37, 9831 , Belgium",Dorpsstraat 37,Hotel,114,2026-07-15,EUR,8.2,257,be_int-boldershof.html.gz,2026-06-17T00:53:33+00:00,success
https://www.booking.com/hotel/be/dansaert.en-gb.html,Dansaert Hotel,50.84923685241906,4.347770642327873,0,3,official,"Rue Antoine Dansaert 11, 1000 Brussels, Belgium, Rue Antoine Dansaert 11, 1000, Belgium",Rue Antoine Dansaert 11,Hotel,92,2026-07-15,EUR,7.7,3105,be_dansaert.html.gz,2026-06-17T00:53:58+00:00,success
https://www.booking.com/hotel/be/de-hollemeersch.en-gb.html,De Hollemeersch Hotel,50.775338088882826,2.813819646835327,0,2,official,"Lettingstraat 58, 8951 Dranouter, Belgium, Lettingstraat 58, 8951, Belgium",Lettingstraat 58,Hotel,,,,8.6,201,be_de-hollemeersch.html.gz,2026-06-17T00:55:00+00:00,partial
https://www.booking.com/hotel/be/fields-of-ellis.en-gb.html,Fields of Ellis,51.180124,2.816884,0,4,quality,"Steenovenstraat 4/A, 8431 Middelkerke, Belgium, Steenovenstraat 4/A, 8431, Belgium",Steenovenstraat 4/A,Hotel,149,2026-07-15,EUR,8.5,1503,be_fields-of-ellis.html.gz,2026-06-17T00:55:27+00:00,success
https://www.booking.com/hotel/be/gite-de-l-39-espinette.en-gb.html,Gîte de l'Espinette,50.48989570860645,4.295192500503497,0,3,quality,"rue de l'espinette 61, 7160 Godarville, Belgium, rue de l'espinette 61, 7160, Belgium",rue de l'espinette 61,Hotel,,,,9.6,52,be_gite-de-l-39-espinette.html.gz,2026-06-17T00:56:30+00:00,partial
https://www.booking.com/hotel/be/holiday-home-39-t-beertje.en-gb.html,Holiday Home 't Beertje,51.21147483236581,3.2227130234241486,0,4,quality,"Grauwwerkersstraat 17, Historic Centre of Brugge, 8000 Bruges, Belgium, Grauwwerkersstraat 17, 8000, Belgium",Grauwwerkersstraat 17,Hotel,,,,9.0,83,be_holiday-home-39-t-beertje.html.gz,2026-06-17T00:57:34+00:00,partial
https://www.booking.com/hotel/be/house-of-choice.en-gb.html,House of Choice Vacation Home,51.054058,3.724579,0,,,,,,,,,,,be_house-of-choice.html.gz,2026-06-17T00:58:41+00:00,partial
https://www.booking.com/hotel/be/sogni-d-oro-b-b.en-gb.html,B&B Sogni d'oro,51.1012532695258,3.6349886655807495,0,3,quality,"Jasmijnstraat 43, 9920 Lovendegem, Belgium, Jasmijnstraat 43, 9920, Belgium",Jasmijnstraat 43,Hotel,,,,8.8,111,be_sogni-d-oro-b-b.html.gz,2026-06-17T00:59:45+00:00,partial
https://www.booking.com/hotel/be/hiexpresshasselt.en-gb.html,"Holiday Inn Express Hasselt, an IHG Hotel",50.93298800802489,5.3352972865104675,0,3,official,"Thonissenlaan 37, 3500 Hasselt, Belgium, Thonissenlaan 37, 3500, Belgium",Thonissenlaan 37,Hotel,92,2026-07-15,EUR,8.4,2515,be_hiexpresshasselt.html.gz,2026-06-17T01:00:11+00:00,success
https://www.booking.com/hotel/be/van-der-valk-antwerpen.en-gb.html,Van der Valk Hotel Antwerpen,51.209496391329935,4.446248263120651,0,4,official,"Luitenant Lippenslaan 66, Borgerhout, 2140 Antwerp, Belgium, Luitenant Lippenslaan 66, 2140, Belgium",Luitenant Lippenslaan 66,Hotel,140,2026-07-15,EUR,8.8,3129,be_van-der-valk-antwerpen.html.gz,2026-06-17T01:00:36+00:00,success
https://www.booking.com/hotel/be/la-lys-rooms-amp-suites.en-gb.html,La Lys Rooms & Suites,51.050797,3.729318,0,4,quality,"Vlaanderenstraat 42, Binnenstad, 9000 Ghent, Belgium, Vlaanderenstraat 42, 9000, Belgium",Vlaanderenstraat 42,Hotel,159,2026-07-15,EUR,8.6,1434,be_la-lys-rooms-amp-suites.html.gz,2026-06-17T01:01:03+00:00,success
https://www.booking.com/hotel/be/gtrainbow.en-gb.html,Thon Hotel Brussels Airport,50.88458681754172,4.4441574811935425,0,3,official,"Berkenlaan 4, 1831 Diegem, Belgium, Berkenlaan 4, 1831, Belgium",Berkenlaan 4,Hotel,74,2026-07-29,EUR,8.1,1313,be_gtrainbow.html.gz,2026-06-17T01:02:07+00:00,success
https://www.booking.com/hotel/be/jeanne-nieuwpoort.en-gb.html,Jeanne,51.12921033305553,2.748894198147582,0,3,quality,"Kerkstraat 11, 8620 Nieuwpoort, Belgium, Kerkstraat 11, 8620, Belgium",Kerkstraat 11,Hotel,215,2026-07-15,EUR,9.4,191,be_jeanne-nieuwpoort.html.gz,2026-06-17T01:02:32+00:00,success
https://www.booking.com/hotel/be/spits-lucie-b-amp-b.en-gb.html,Spits-Lucie B&B,50.92801992355353,3.1913247719664923,0,,,"Noordkaai 16, 8870 Izegem, Belgium, Noordkaai 16, 8870, Belgium",Noordkaai 16,Hotel,,,,9.1,58,be_spits-lucie-b-amp-b.html.gz,2026-06-17T01:03:36+00:00,partial
https://www.booking.com/hotel/be/evasion-aywaille.en-gb.html,Gite Evasion,50.483695,5.744342,0,4,quality,"191 Rue de Spa, 4920 Aywaille, Belgium, 191 Rue de Spa, 4920, Belgium",191 Rue de Spa,Hotel,,,,9.7,78,be_evasion-aywaille.html.gz,2026-06-17T01:04:38+00:00,partial
https://www.booking.com/hotel/by/malinovka-homestead.en-gb.html,Хутор Малиновка,54.9000015258789,26.7166996002197,0,,,,,,,,,,,by_malinovka-homestead.html.gz,2026-06-17T01:05:42+00:00,partial
https://www.booking.com/hotel/be/the-good-house.en-gb.html,B&B The Good House,,,1,,,,,,,,,,,be_the-good-house.html.gz,2026-06-17T01:06:07+00:00,failed
https://www.booking.com/hotel/be/malleberg.en-gb.html,Hotel Malleberg,51.20920905299336,3.2280640304088593,0,3,official,"Hoogstraat 7, Historic Centre of Brugge, 8000 Bruges, Belgium, Hoogstraat 7, 8000, Belgium",Hoogstraat 7,Hotel,209,2026-07-15,EUR,9.1,826,be_malleberg.html.gz,2026-06-17T01:06:32+00:00,success
https://www.booking.com/hotel/be/tibrusselsboulevard.en-gb.html,Thon Hotel Brussels City Centre,50.855867019723135,4.357296824455261,0,4,official,"Avenue du Boulevard 17, Sint-Joost-ten-Node, 1210 Brussels, Belgium, Avenue du Boulevard 17, 1210, Belgium",Avenue du Boulevard 17,Hotel,123,2026-07-15,EUR,8.3,5977,be_tibrusselsboulevard.html.gz,2026-06-17T01:06:57+00:00,success
https://www.booking.com/hotel/be/martin-pecheur.en-gb.html,Martin- pêcheur,50.6500015258789,4.56666994094849,0,,,,,,,,,,,be_martin-pecheur.html.gz,2026-06-17T01:08:02+00:00,partial
https://www.booking.com/hotel/be/le-relet.en-gb.html,le Relet,50.08285,5.17781,0,,,,,,,,,,,be_le-relet.html.gz,2026-06-17T01:09:10+00:00,partial
https://www.booking.com/hotel/be/bike-amp-breakfast.en-gb.html,Bike & Breakfast,50.8499984741211,2.88333010673523,0,,,,,,,,,,,be_bike-amp-breakfast.html.gz,2026-06-17T01:10:19+00:00,partial
https://www.booking.com/hotel/be/guesthouse-mirabel.en-gb.html,Guesthouse Mirabel,51.21005930041855,3.2302191853523254,0,4,quality,"Boomgaardstraat 15, Historic Centre of Brugge, 8000 Bruges, Belgium, Boomgaardstraat 15, 8000, Belgium",Boomgaardstraat 15,Hotel,185,2026-07-15,EUR,9.9,986,be_guesthouse-mirabel.html.gz,2026-06-17T01:10:46+00:00,success
https://www.booking.com/hotel/be/le-cabri-o-lait.en-gb.html,Le Cabri Ô Lait,50.472921,4.892157,0,,,"3 Chemin des Aides, 5004 Namur, Belgium, 3 Chemin des Aides, 5004, Belgium",3 Chemin des Aides,Hotel,115,2026-07-15,EUR,9.6,107,be_le-cabri-o-lait.html.gz,2026-06-17T01:11:10+00:00,success
https://www.booking.com/hotel/be/exclusive-guesthouse-number-11.en-gb.html,B&B Number 11 Exclusive Guesthouse,51.209328357432625,3.230004608631134,0,4,quality,"Peerdenstraat 11, Historic Centre of Brugge, 8000 Bruges, Belgium, Peerdenstraat 11, 8000, Belgium",Peerdenstraat 11,Hotel,275,2026-07-15,EUR,9.3,230,be_exclusive-guesthouse-number-11.html.gz,2026-06-17T01:11:36+00:00,success
https://www.booking.com/hotel/be/smartflats-monnaie.en-gb.html,Smartflats Design - Monnaie,,,1,,,,,,,,,,,be_smartflats-monnaie.html.gz,2026-06-17T01:12:03+00:00,failed
https://www.booking.com/hotel/be/clayshoeve.en-gb.html,Clayshoeve,50.943343,3.744284,0,4,quality,"14 Ruspoel, 9820 Munte, Belgium, 14 Ruspoel, 9820, Belgium",14 Ruspoel,Hotel,,,,9.0,30,be_clayshoeve.html.gz,2026-06-17T01:13:08+00:00,partial
https://www.booking.com/hotel/be/boskapelhoeve.en-gb.html,Hotel B - Boskapelhoeve,50.99425692525671,4.2114973068237305,0,4,official,"Kasteelstraat 214, 9255 Buggenhout, Belgium, Kasteelstraat 214, 9255, Belgium",Kasteelstraat 214,Hotel,150,2026-07-22,EUR,9.3,177,be_boskapelhoeve.html.gz,2026-06-17T01:13:53+00:00,success
https://www.booking.com/hotel/be/le-coin-cocoon-bis.en-gb.html,Le Coin Cocoon Bis,50.4736594384413,5.675087838504169,0,4,quality,"Place Joseph Thiry 7A, 4920 Aywaille, Belgium, Place Joseph Thiry 7A, 4920, Belgium",Place Joseph Thiry 7A,Hotel,110,2026-07-22,EUR,9.6,182,be_le-coin-cocoon-bis.html.gz,2026-06-17T01:14:38+00:00,success
https://www.booking.com/hotel/be/b-b-fresco.en-gb.html,B&B Fresco,50.8612901,2.86951859999999,0,3,quality,"38 Kunstenlaan, 8900 Ypres, Belgium, 38 Kunstenlaan, 8900, Belgium",38 Kunstenlaan,Hotel,,,,8.8,78,be_b-b-fresco.html.gz,2026-06-17T01:15:43+00:00,partial
https://www.booking.com/hotel/be/b-amp-b-chester.en-gb.html,B&B Chester,51.2088454981194,3.22105944156647,0,4,quality,"6 Muntpoort, Historic Centre of Brugge, 8000 Bruges, Belgium, 6 Muntpoort, 8000, Belgium",6 Muntpoort,Hotel,154,2026-07-15,EUR,9.1,318,be_b-amp-b-chester.html.gz,2026-06-17T01:16:12+00:00,success
https://www.booking.com/hotel/be/lunatree.en-gb.html,Lunatree,51.0290488130883,4.47584275214956,0,4,quality,"Melaan 4, 2800 Mechelen, Belgium, Melaan 4, 2800, Belgium",Melaan 4,Hotel,137,2026-07-15,EUR,9.2,642,be_lunatree.html.gz,2026-06-17T01:16:35+00:00,success
https://www.booking.com/hotel/be/sleutelvan8.en-gb.html,SleutelVan8,51.338676,3.306206,0,3,quality,"Graaf Jansdijk 201, Knokke, 8300 Knokke-Heist, Belgium, Graaf Jansdijk 201, 8300, Belgium",Graaf Jansdijk 201,Hotel,132,2026-07-15,EUR,8.8,132,be_sleutelvan8.html.gz,2026-06-17T01:17:03+00:00,success
https://www.booking.com/hotel/be/vida.en-gb.html,Vakantiehuis ViDa,50.8892,5.65199,0,,,,,,,,,,,be_vida.html.gz,2026-06-17T01:18:12+00:00,partial
https://www.booking.com/hotel/be/axishotelerpskwerps.en-gb.html,Axis Hotel,50.8923413607329,4.575923681259155,0,4,official,"Leuvensesteenweg 749, 3071 Kortenberg, Belgium, Leuvensesteenweg 749, 3071, Belgium",Leuvensesteenweg 749,Hotel,118,2026-07-22,EUR,8.3,215,be_axishotelerpskwerps.html.gz,2026-06-17T01:18:56+00:00,success
https://www.booking.com/hotel/be/romantica-exotica.en-gb.html,Romantica Exotica,50.30856,5.48279,0,,,,,,,,,,,be_romantica-exotica.html.gz,2026-06-17T01:20:02+00:00,partial
https://www.booking.com/hotel/be/camping-houtum.en-gb.html,Camping Houtum,51.231389,4.979668,0,,,"Houtum 39, 2460 Kasterlee, Belgium, Houtum 39, 2460, Belgium",Houtum 39,Hotel,60,2026-07-15,EUR,8.6,184,be_camping-houtum.html.gz,2026-06-17T01:20:29+00:00,success
https://www.booking.com/hotel/be/b-b-de-rentmeesterhoeve.en-gb.html,B&B De Rentmeesterhoeve,50.8162901473424,2.7636784315109297,0,,,"Reningelstplein 5, 8970 Reningelst, Belgium, Reningelstplein 5, 8970, Belgium",Reningelstplein 5,Hotel,222,2026-07-15,EUR,9.6,57,be_b-b-de-rentmeesterhoeve.html.gz,2026-06-17T01:20:54+00:00,success
https://www.booking.com/hotel/be/motel-one-brussels.en-gb.html,Motel One Brussels,50.84868669999999,4.363129100000037,0,3,quality,"Rue Royale 120, 1000 Brussels, Belgium, Rue Royale 120, 1000, Belgium",Rue Royale 120,Hotel,120,2026-07-15,EUR,8.8,21539,be_motel-one-brussels.html.gz,2026-06-17T01:21:22+00:00,success
https://www.booking.com/hotel/be/auberge-du-vieux-cedre.en-gb.html,Auberge du Vieux Cedre,50.693266825998386,4.043236970901489,0,4,official,"Avenue Elisabeth 1, 7850 Enghien, Belgium, Avenue Elisabeth 1, 7850, Belgium",Avenue Elisabeth 1,Hotel,109,2026-07-15,EUR,8.8,513,be_auberge-du-vieux-cedre.html.gz,2026-06-17T01:21:47+00:00,success
https://www.booking.com/hotel/be/a-ca-ta-c-du-cinquantenaire.en-gb.html,B&B A Côté du Cinquantenaire,50.83801211992151,4.3895262479782104,0,3,quality,"139 rue du Cornet, Etterbeek, 1040 Brussels, Belgium, 139 rue du Cornet, 1040, Belgium",139 rue du Cornet,Hotel,,,,9.3,349,be_a-ca-ta-c-du-cinquantenaire.html.gz,2026-06-17T01:22:51+00:00,partial
https://www.booking.com/hotel/be/parkhotel-de-panne.en-gb.html,Parkhotel,51.09958916845172,2.588515430688858,0,2,official,"Albert Dumontlaan 30, 8660 De Panne, Belgium, Albert Dumontlaan 30, 8660, Belgium",Albert Dumontlaan 30,Hotel,,,,8.2,1098,be_parkhotel-de-panne.html.gz,2026-06-17T01:23:58+00:00,partial
https://www.booking.com/hotel/be/appart-mons-city-concept-terrasse-amp-grand-place.en-gb.html,Appart Mons City Concept - Terrasse & Grand-Place,50.4573546,3.9551069,0,4,quality,"67 Rue de Nimy, 7000 Mons, Belgium, 67 Rue de Nimy, 7000, Belgium",67 Rue de Nimy,Hotel,,,,9.4,60,be_appart-mons-city-concept-terrasse-amp-grand-place.html.gz,2026-06-17T01:25:01+00:00,partial
https://www.booking.com/hotel/be/cosy-appartment-near-the-sea.en-gb.html,Cosy Apartment Near The Sea,51.3132019042969,3.13144993782043,0,,,,,,,,,,,be_cosy-appartment-near-the-sea.html.gz,2026-06-17T01:26:09+00:00,partial
https://www.booking.com/hotel/be/b-amp-b-d-39-hotes-et-nous.en-gb.html,B&B D'hôtes et nous,50.35184,5.45776,0,,,,,,,,,,,be_b-amp-b-d-39-hotes-et-nous.html.gz,2026-06-17T01:27:18+00:00,partial
https://www.booking.com/hotel/be/professor.en-gb.html,Hotel Professor,50.878306772881714,4.70064640045166,0,2,official,"Naamsestraat 20, 3000 Leuven, Belgium, Naamsestraat 20, 3000, Belgium",Naamsestraat 20,Hotel,130,2026-07-15,EUR,6.4,765,be_professor.html.gz,2026-06-17T01:27:44+00:00,success
https://www.booking.com/hotel/be/de-wilde-wingerd.en-gb.html,Huis De Wilde Wingerd,50.8499984741211,2.88333010673523,0,,,,,,,,,,,be_de-wilde-wingerd.html.gz,2026-06-17T01:28:51+00:00,partial
https://www.booking.com/hotel/be/exit-29.en-gb.html,EXIT 29,49.702414,5.626811,0,,,"ZONE ARTISANALE LES COEUVINS 5, 6720 Habay-la-Neuve, Belgium, ZONE ARTISANALE LES COEUVINS 5, 6720, Belgium",ZONE ARTISANALE LES COEUVINS 5,Hotel,80,2026-07-15,EUR,7.0,475,be_exit-29.html.gz,2026-06-17T01:29:16+00:00,success
https://www.booking.com/hotel/be/luxury-suites-boutique.en-gb.html,Luxury Suites Boutique,51.2196812,4.3973552,0,3,quality,"22 Vlasmarkt, Antwerp District, 2000 Antwerp, Belgium, 22 Vlasmarkt, 2000, Belgium",22 Vlasmarkt,Hotel,135,2026-07-15,EUR,8.3,483,be_luxury-suites-boutique.html.gz,2026-06-17T01:29:41+00:00,success
https://www.booking.com/hotel/be/bb-hoeve-de-steenoven.en-gb.html,B&B Hoeve de Steenoven,51.261770508519135,3.292132616043091,0,3,quality,"Damse Vaart-Zuid 24, 8340 Damme, Belgium, Damse Vaart-Zuid 24, 8340, Belgium",Damse Vaart-Zuid 24,Hotel,120,2026-07-29,EUR,8.7,254,be_bb-hoeve-de-steenoven.html.gz,2026-06-17T01:30:46+00:00,success
https://www.booking.com/hotel/be/monasteriumportakere.en-gb.html,Hotel Monasterium PoortAckere,51.05262269045851,3.7167665362358093,0,3,official,"Oude Houtlei 56, Elisabethbegijnhof-Papegaai, 9000 Ghent, Belgium, Oude Houtlei 56, 9000, Belgium",Oude Houtlei 56,Hotel,99,2026-07-15,EUR,8.4,4444,be_monasteriumportakere.html.gz,2026-06-17T01:31:13+00:00,success
https://www.booking.com/hotel/be/gasthof-t-zweerd.en-gb.html,Hotel Gasthof 't Zweerd,50.8499984741211,2.88333010673523,0,,,,,,,,,,,be_gasthof-t-zweerd.html.gz,2026-06-17T01:32:18+00:00,partial
https://www.booking.com/hotel/be/bnb-heimdall.en-gb.html,BnB Heimdall,51.34956,4.63934,0,,,,,,,,,,,be_bnb-heimdall.html.gz,2026-06-17T01:33:24+00:00,partial
https://www.booking.com/hotel/be/center-parcs-erperheide.en-gb.html,Center Parcs Erperheide,51.12678499154017,5.50589919090271,0,4,quality,"Erperheidestraat 2, 3990 Peer, Belgium, Erperheidestraat 2, 3990, Belgium",Erperheidestraat 2,Hotel,,,,8.5,110,be_center-parcs-erperheide.html.gz,2026-06-17T01:34:28+00:00,partial
https://www.booking.com/hotel/be/hotel-klokkenhof.en-gb.html,Charmehotel Klokkenhof,51.34018764164328,4.5299264788627625,0,3,official,"Bredabaan 950, 2930 Brasschaat, Belgium, Bredabaan 950, 2930, Belgium",Bredabaan 950,Hotel,101,2026-07-15,EUR,7.6,1530,be_hotel-klokkenhof.html.gz,2026-06-17T01:34:52+00:00,success
https://www.booking.com/hotel/by/usad-ba-v-khutorskoi-tishi.en-gb.html,Usadba V hutorskoj tishy,53.17797770921313,24.332104123930648,0,,,"д. Вишневичи, 7, 231907 Vawkavysk, Belarus, д. Вишневичи, 7, 231907, Belarus","д. Вишневичи, 7",Hotel,,,,,,by_usad-ba-v-khutorskoi-tishi.html.gz,2026-06-17T01:35:57+00:00,partial
https://www.booking.com/hotel/be/camping-ardinam.en-gb.html,Verblijfpark Ardinam,50.06871357212086,4.596393939803751,0,,,"Rue De La Champagne 1, 5670 Olloy-sur-Viroin, Belgium, Rue De La Champagne 1, 5670, Belgium",Rue De La Champagne 1,Hotel,,,,8.5,26,be_camping-ardinam.html.gz,2026-06-17T01:37:03+00:00,partial
https://www.booking.com/hotel/be/memling.en-gb.html,Hotel du Théâtre,51.21068605378558,3.2229557633399963,0,3,official,"Kuipersstraat 18, Historic Centre of Brugge, 8000 Bruges, Belgium, Kuipersstraat 18, 8000, Belgium",Kuipersstraat 18,Hotel,102,2026-07-15,EUR,8.8,3100,be_memling.html.gz,2026-06-17T01:37:29+00:00,success
https://www.booking.com/hotel/be/comfortinnerasme.en-gb.html,Ibis Brussels Erasmus,50.815242845821146,4.272142052650452,0,3,official,"Route de Lennik, 790, Anderlecht, 1070 Brussels, Belgium, Route de Lennik, 790, 1070, Belgium","Route de Lennik, 790",Hotel,95,2026-07-15,EUR,8.0,3329,be_comfortinnerasme.html.gz,2026-06-17T01:37:53+00:00,success
https://www.booking.com/hotel/by/complex-luchyosa.en-gb.html,Hotel Complex Luchesa,55.19302,30.20704,0,,,,,,,,,,,by_complex-luchyosa.html.gz,2026-06-17T01:38:56+00:00,partial
https://www.booking.com/hotel/be/banks.en-gb.html,Hotel Banks,51.21783934342698,4.3992868065834045,0,4,official,"Steenhouwersvest 55, Antwerp District, 2000 Antwerp, Belgium, Steenhouwersvest 55, 2000, Belgium",Steenhouwersvest 55,Hotel,140,2026-07-15,EUR,7.9,2190,be_banks.html.gz,2026-06-17T01:39:20+00:00,success
https://www.booking.com/hotel/be/ibisgentkathedraal.en-gb.html,ibis Gent Centrum St. Baafs Kathedraal,51.052949783712904,3.726014792919159,0,3,official,"Limburgstraat 2, Binnenstad, 9000 Ghent, Belgium, Limburgstraat 2, 9000, Belgium",Limburgstraat 2,Hotel,131,2026-07-15,EUR,8.3,5069,be_ibisgentkathedraal.html.gz,2026-06-17T01:39:46+00:00,success
https://www.booking.com/hotel/be/dcristina-guest-house.en-gb.html,D.Cristina Guest House,51.2211799621582,4.3996753692627,0,,,,,,,,,,,be_dcristina-guest-house.html.gz,2026-06-17T01:40:55+00:00,partial
https://www.booking.com/hotel/be/hoteldesardennes.en-gb.html,Hotel des Ardennes,49.79646621803601,5.010315477848053,0,4,official,"Rue de la Hate, 1, 6838 Corbion, Belgium, Rue de la Hate, 1, 6838, Belgium","Rue de la Hate, 1",Hotel,250,2026-07-15,EUR,8.9,298,be_hoteldesardennes.html.gz,2026-06-17T01:41:22+00:00,success
https://www.booking.com/hotel/be/aux-quatre-bonniers.en-gb.html,B&B Aux Quatre Bonniers,50.59012,5.74799,0,,,,,,,,,,,be_aux-quatre-bonniers.html.gz,2026-06-17T01:42:27+00:00,partial
https://www.booking.com/hotel/be/la-haie-bolaine.en-gb.html,La Haie Bolaine,50.40285,5.07762,0,,,,,,,,,,,be_la-haie-bolaine.html.gz,2026-06-17T01:43:34+00:00,partial
https://www.booking.com/hotel/be/seeview-loft.en-gb.html,Seaview Loft,51.23495088217,2.916767607935,0,4,quality,"Kapucijnenstraat 58, Oostende Centre, 8400 Ostend, Belgium, Kapucijnenstraat 58, 8400, Belgium",Kapucijnenstraat 58,Hotel,,,,8.8,102,be_seeview-loft.html.gz,2026-06-17T01:44:39+00:00,partial
https://www.booking.com/hotel/be/center-parcs-de-vossemeren.en-gb.html,Center Parcs Vossemeren,51.25644958440514,5.321588516235352,0,3,official,"Elzen 145, 3920 Lommel, Belgium, Elzen 145, 3920, Belgium",Elzen 145,Hotel,,,,8.1,98,be_center-parcs-de-vossemeren.html.gz,2026-06-17T01:45:41+00:00,partial
https://www.booking.com/hotel/be/maison-mielou.en-gb.html,Maison MIELOU,51.06010228594322,3.7482681044823494,0,4,quality,"14 Schoolstraat, Sint-Amandsberg, 9040 Ghent, Belgium, 14 Schoolstraat, 9040, Belgium",14 Schoolstraat,Hotel,199,2026-07-15,EUR,9.2,148,be_maison-mielou.html.gz,2026-06-17T01:46:08+00:00,success
https://www.booking.com/hotel/be/atrium.en-gb.html,Atrium,50.84924831289821,2.887015581953392,0,4,quality,"Rijselstraat 41 bus 5 5e verdieping - dakappartement met terrassen, 8900 Ypres, Belgium, Rijselstraat 41 bus 5 5e verdieping - dakappartement met terrassen, 8900, Belgium",Rijselstraat 41 bus 5 5e verdieping - dakappartement met terrassen,Hotel,,,,9.6,103,be_atrium.html.gz,2026-06-17T01:47:13+00:00,partial
https://www.booking.com/hotel/be/holiday-suites-de-haan.en-gb.html,Holiday Suites De Haan,51.26905963567768,3.025110098147593,0,3,quality,"Driftweg 55, 8420 De Haan, Belgium, Driftweg 55, 8420, Belgium",Driftweg 55,Hotel,244,2026-07-15,EUR,7.4,109,be_holiday-suites-de-haan.html.gz,2026-06-17T01:47:38+00:00,success
https://www.booking.com/hotel/be/b-amp-b-la-corderie.en-gb.html,B&B La Corderie,51.098377,4.131757,0,4,official,"Hoogstraat 23, 9220 Hamme, Belgium, Hoogstraat 23, 9220, Belgium",Hoogstraat 23,Hotel,,,,9.9,85,be_b-amp-b-la-corderie.html.gz,2026-06-17T01:48:41+00:00,partial
https://www.booking.com/hotel/be/do-do-te-lier.en-gb.html,DO-DO te Lier,51.13107,4.56965,0,,,,,,,,,,,be_do-do-te-lier.html.gz,2026-06-17T01:49:45+00:00,partial
https://www.booking.com/hotel/be/la-chambre-d-angeline-foy-notre-dame.en-gb.html,La chambre d Angeline,50.2469441727576,4.99285113362747,0,3,quality,"9 Mahène, 5504 Foy-Notre-Dame, Belgium, 9 Mahène, 5504, Belgium",9 Mahène,Hotel,100,2026-07-15,EUR,9.2,168,be_la-chambre-d-angeline-foy-notre-dame.html.gz,2026-06-17T01:50:12+00:00,success
https://www.booking.com/hotel/be/le-temps-de-livresse-namur.en-gb.html,Le Temps de Livresse,50.4935031,4.8548545,0,3,quality,"120 Rue du Château de Saint-Marc, 5003 Namur, Belgium, 120 Rue du Château de Saint-Marc, 5003, Belgium",120 Rue du Château de Saint-Marc,Hotel,175,2026-07-15,EUR,9.9,66,be_le-temps-de-livresse-namur.html.gz,2026-06-17T01:50:36+00:00,success
https://www.booking.com/hotel/be/red-and-breakfast.en-gb.html,Red & Breakfast,50.64514,5.57342,0,,,,,,,,,,,be_red-and-breakfast.html.gz,2026-06-17T01:51:41+00:00,partial
https://www.booking.com/hotel/be/long-beach-ii.en-gb.html,Long Beach Ii,51.1922227,2.82465419999994,0,4,quality,"Zeedijk 22 0AB, 8430 Middelkerke, Belgium, Zeedijk 22 0AB, 8430, Belgium",Zeedijk 22 0AB,Hotel,,,,8.4,10,be_long-beach-ii.html.gz,2026-06-17T01:52:43+00:00,partial
https://www.booking.com/hotel/be/chateau-de-la-poste.en-gb.html,Domaine de Ronchinne - Château et Ecuries,50.35527753778261,4.92899090051651,0,3,official,"Ronchinne 25, 5330 Maillen, Belgium, Ronchinne 25, 5330, Belgium",Ronchinne 25,Hotel,119,2026-07-15,EUR,8.3,1267,be_chateau-de-la-poste.html.gz,2026-06-17T01:53:09+00:00,success
https://www.booking.com/hotel/be/chez-esmara-et-philippe.en-gb.html,Apartment Chez Esmara et Philippe,50.8485901,4.352278500000011,0,4,quality,"rue de la fourche 25, 1000 Brussels, Belgium, rue de la fourche 25, 1000, Belgium",rue de la fourche 25,Hotel,,,,8.5,1947,be_chez-esmara-et-philippe.html.gz,2026-06-17T01:54:15+00:00,partial
https://www.booking.com/hotel/be/restaurant-zum-onkel-jonathan.en-gb.html,Hotel-Restaurant Zum Onkel Jonathan,50.675858,6.111905,0,3,official,"Hauptstrasse, 49, 4730 Raeren, Belgium, Hauptstrasse, 49, 4730, Belgium","Hauptstrasse, 49",Hotel,100,2026-07-15,EUR,8.4,292,be_restaurant-zum-onkel-jonathan.html.gz,2026-06-17T01:54:41+00:00,success
https://www.booking.com/hotel/be/pentahotel-leuven.en-gb.html,pentahotel Leuven,50.87708654204602,4.703730940818787,0,4,official,"Alfons Smetsplein 7, 3000 Leuven, Belgium, Alfons Smetsplein 7, 3000, Belgium",Alfons Smetsplein 7,Hotel,279,2026-07-15,EUR,8.2,3165,be_pentahotel-leuven.html.gz,2026-06-17T01:55:06+00:00,success
https://www.booking.com/hotel/be/b-amp-b-villa-sans-soucis.en-gb.html,B&B Villa Sans Soucis,51.13039,2.75167,0,,,,,,,,,,,be_b-amp-b-villa-sans-soucis.html.gz,2026-06-17T01:56:15+00:00,partial
https://www.booking.com/hotel/be/smartflats-opera.en-gb.html,Smartflats Design - Opera,50.64514,5.57342,0,,,,,,,,,,,be_smartflats-opera.html.gz,2026-06-17T01:57:23+00:00,partial
https://www.booking.com/hotel/be/konik-i.en-gb.html,De Konik,50.925923,5.725181,0,4,quality,"Herkveldstraat 2 A I, 3631 Uikhoven, Belgium, Herkveldstraat 2 A I, 3631, Belgium",Herkveldstraat 2 A I,Hotel,,,,9.0,209,be_konik-i.html.gz,2026-06-17T01:58:28+00:00,partial
https://www.booking.com/hotel/be/de-rea1-4nie.en-gb.html,Apartment & Garage de Reünie,50.9137387579454,2.9180610179901123,0,3,quality,"Markt 7, 8920 Langemark, Belgium, Markt 7, 8920, Belgium",Markt 7,Hotel,174,2026-07-22,EUR,9.6,29,be_de-rea1-4nie.html.gz,2026-06-17T01:59:14+00:00,success
https://www.booking.com/hotel/be/le-clos-des-bansions.en-gb.html,Le Clos Des Bansions,50.52784216742677,5.90110376575304,0,3,quality,"59,rue Bansions, 4845 Jalhay, Belgium, 59,rue Bansions, 4845, Belgium","59,rue Bansions",Hotel,,,,9.2,176,be_le-clos-des-bansions.html.gz,2026-06-17T02:00:19+00:00,partial
https://www.booking.com/hotel/be/cecil.en-gb.html,Hotel Cecil,51.099026594419605,2.593473494052887,0,2,official,"Markt 14, 8660 De Panne, Belgium, Markt 14, 8660, Belgium",Markt 14,Hotel,,,,8.2,393,be_cecil.html.gz,2026-06-17T02:01:23+00:00,partial
https://www.booking.com/hotel/be/waterside-b-amp-b.en-gb.html,B&B Waterside,51.20560039999999,3.2371454000000313,0,3,quality,"Kazernevest 88, Historic Centre of Brugge, 8000 Bruges, Belgium, Kazernevest 88, 8000, Belgium",Kazernevest 88,Hotel,132,2026-07-15,EUR,8.4,111,be_waterside-b-amp-b.html.gz,2026-06-17T02:01:48+00:00,success
https://www.booking.com/hotel/be/parkhotel-gent.en-gb.html,Parkhotel,51.049348258501105,3.7356117367744446,0,3,official,"Nieuwebosstraat 1, Binnenstad, 9000 Ghent, Belgium, Nieuwebosstraat 1, 9000, Belgium",Nieuwebosstraat 1,Hotel,95,2026-07-15,EUR,7.8,2071,be_parkhotel-gent.html.gz,2026-06-17T02:02:14+00:00,success
https://www.booking.com/hotel/be/39-t-eenvoud.en-gb.html,'t Eenvoud,51.33893,3.2475038,0,3,official,"16 Polderstraat 1e verdieping, Heist, 8301 Knokke-Heist, Belgium, 16 Polderstraat 1e verdieping, 8301, Belgium",16 Polderstraat 1e verdieping,Hotel,,,,6.7,17,be_39-t-eenvoud.html.gz,2026-06-17T02:03:17+00:00,partial
https://www.booking.com/hotel/be/la-tulipe.en-gb.html,La Tulipe,50.3520767800282,5.451700079762304,0,3,quality,"Chemin des Houblonnières 2, 6940 Durbuy, Belgium, Chemin des Houblonnières 2, 6940, Belgium",Chemin des Houblonnières 2,Hotel,190,2026-07-15,EUR,8.1,126,be_la-tulipe.html.gz,2026-06-17T02:03:42+00:00,success
https://www.booking.com/hotel/be/en-aqualye.en-gb.html,"""En Aqualye"" chambre privative chez l'habitant",50.47662,5.678791,0,,,"39 Rue de la Heid, 4920 Aywaille, Belgium, 39 Rue de la Heid, 4920, Belgium",39 Rue de la Heid,Hotel,110,2026-07-15,EUR,9.0,61,be_en-aqualye.html.gz,2026-06-17T02:04:05+00:00,success
https://www.booking.com/hotel/be/studio-tres-confortable-a-proximite-de-dinant-et-maredsous.en-gb.html,Claire de Meuse Appartement tranquille entre Profondeville et Dinant,50.3055343,4.8757856,0,3,quality,"14 Rue Bauchau, 5537 Anhée, Belgium, 14 Rue Bauchau, 5537, Belgium",14 Rue Bauchau,Hotel,102,2026-07-15,EUR,8.1,72,be_studio-tres-confortable-a-proximite-de-dinant-et-maredsous.html.gz,2026-06-17T02:04:30+00:00,success
https://www.booking.com/hotel/be/ramada-brussels.en-gb.html,Hotel Ramada Brussels Woluwe,50.85535651497127,4.421117305755615,0,4,official,"Clos du Lynx, Sint-Lambrechts-Woluwe / Woluwe-Saint-Lambert, 1200 Brussels, Belgium, Clos du Lynx, 1200, Belgium",Clos du Lynx,Hotel,,,,,,be_ramada-brussels.html.gz,2026-06-17T02:05:32+00:00,partial
https://www.booking.com/hotel/be/loft.en-gb.html,Loft,50.67019,5.64039,0,,,,,,,,,,,be_loft.html.gz,2026-06-17T02:06:41+00:00,partial
https://www.booking.com/hotel/be/le-bordon.en-gb.html,Le bordon,50.337667,4.965634,0,3,quality,"Rue du bois des loges, 14, 5530 Durnal, Belgium, Rue du bois des loges, 14, 5530, Belgium","Rue du bois des loges, 14",Hotel,81,2026-07-29,EUR,9.1,188,be_le-bordon.html.gz,2026-06-17T02:07:45+00:00,success
https://www.booking.com/hotel/be/casualloft.en-gb.html,Apartment casuaLLoft,50.83640970527275,3.2541579008102417,0,4,quality,"Jakob Vandervaetstraat 102, 8501 Kortrijk, Belgium, Jakob Vandervaetstraat 102, 8501, Belgium",Jakob Vandervaetstraat 102,Hotel,,,,9.6,18,be_casualloft.html.gz,2026-06-17T02:08:48+00:00,partial
https://www.booking.com/hotel/be/domus-latina-schumann-jourdan.en-gb.html,Domus Latina Schumann-Jourdan,,,1,,,,,,,,,,,be_domus-latina-schumann-jourdan.html.gz,2026-06-17T02:09:13+00:00,failed
https://www.booking.com/hotel/be/cocoon-brussels.en-gb.html,Cocoon Brussels,,,1,,,,,,,,,,,be_cocoon-brussels.html.gz,2026-06-17T02:09:40+00:00,failed
https://www.booking.com/hotel/be/les-valcaprimontoises.en-gb.html,Les Valcaprimontoises,50.600694,5.630457,0,4,quality,"47 Rue Basse-Henne, 4051 Chaudfontaine, Belgium, 47 Rue Basse-Henne, 4051, Belgium",47 Rue Basse-Henne,Hotel,,,,8.5,101,be_les-valcaprimontoises.html.gz,2026-06-17T02:10:42+00:00,partial
https://www.booking.com/hotel/be/evergreen.en-gb.html,Hotel Evergreen,50.85632418341476,4.414205253124237,0,2,official,"Avenue du V-Day 1-3, Evere, 1140 Brussels, Belgium, Avenue du V-Day 1-3, 1140, Belgium",Avenue du V-Day 1-3,Hotel,70,2026-07-15,EUR,5.8,1359,be_evergreen.html.gz,2026-06-17T02:11:07+00:00,success
https://www.booking.com/hotel/be/b-amp-b-mussenzele.en-gb.html,B&B Mussenzele,50.8941094296653,4.01070056109927,0,,,"1 Mussenzele, 9450 Haaltert, Belgium, 1 Mussenzele, 9450, Belgium",1 Mussenzele,Hotel,102,2026-07-15,EUR,8.6,100,be_b-amp-b-mussenzele.html.gz,2026-06-17T02:11:31+00:00,success
https://www.booking.com/hotel/be/cotecourcotejardin.en-gb.html,Hotel Côté Cour,50.35119758274209,5.4565465450286865,0,3,official,"Place aux Foires 8, 6940 Durbuy, Belgium, Place aux Foires 8, 6940, Belgium",Place aux Foires 8,Hotel,130,2026-07-15,EUR,5.5,497,be_cotecourcotejardin.html.gz,2026-06-17T02:11:57+00:00,success
https://www.booking.com/hotel/be/de-la-gare-leuven.en-gb.html,Hotel Malon,50.88152728416538,4.714293479919434,0,2,official,"Martelarenplein 15, 3000 Leuven, Belgium, Martelarenplein 15, 3000, Belgium",Martelarenplein 15,Hotel,98,2026-07-15,EUR,7.6,1059,be_de-la-gare-leuven.html.gz,2026-06-17T02:12:24+00:00,success
https://www.booking.com/hotel/be/chimay-b-and-b.en-gb.html,""" Chimay B & B """,50.04949575023143,4.315604567527771,0,4,quality,"5 place du chapitre, 6460 Chimay, Belgium, 5 place du chapitre, 6460, Belgium",5 place du chapitre,Hotel,,,,9.2,22,be_chimay-b-and-b.html.gz,2026-06-17T02:13:29+00:00,partial
https://www.booking.com/hotel/be/maison-de-maitre-close-to-brussels.en-gb.html,"Flemishome, The Retreat For Family And Friends",50.740988,4.239346,0,4,quality,"brusselsesteenweg 138, 1500 Halle, Belgium, brusselsesteenweg 138, 1500, Belgium",brusselsesteenweg 138,Hotel,947,2026-07-15,EUR,9.0,3,be_maison-de-maitre-close-to-brussels.html.gz,2026-06-17T02:13:53+00:00,success
https://www.booking.com/hotel/be/lepelbed.en-gb.html,Hotel Lepelbed,51.01673125586212,3.782239258289337,0,3,official,"Brusselsesteenweg 100, 9090 Ghent, Belgium, Brusselsesteenweg 100, 9090, Belgium",Brusselsesteenweg 100,Hotel,133,2026-07-15,EUR,8.6,816,be_lepelbed.html.gz,2026-06-17T02:14:20+00:00,success
https://www.booking.com/hotel/be/escapade.en-gb.html,Hotel Escapade,51.27658360327839,3.0290186405181885,0,3,official,"Koninklijke Baan 30, 8420 De Haan, Belgium, Koninklijke Baan 30, 8420, Belgium",Koninklijke Baan 30,Hotel,,,,8.3,1149,be_escapade.html.gz,2026-06-17T02:15:24+00:00,partial
https://www.booking.com/hotel/be/b-amp-b-39-t-oezent.en-gb.html,B&B 't Oezent,50.86066,3.669873,0,3,quality,"Gaverstraat 10, 9700 Oudenaarde, Belgium, Gaverstraat 10, 9700, Belgium",Gaverstraat 10,Hotel,106,2026-07-15,EUR,9.1,137,be_b-amp-b-39-t-oezent.html.gz,2026-06-17T02:15:49+00:00,success
https://www.booking.com/hotel/be/grandsablon.en-gb.html,NH Collection Brussels Grand Sablon,50.84084924134366,4.355800151824951,0,4,official,"Rue Bodenbroek 2-4, 1000 Brussels, Belgium, Rue Bodenbroek 2-4, 1000, Belgium",Rue Bodenbroek 2-4,Hotel,178,2026-07-15,EUR,8.9,3696,be_grandsablon.html.gz,2026-06-17T02:16:16+00:00,success
https://www.booking.com/hotel/be/koffieboontje.en-gb.html,Hotel Koffieboontje,51.20763454150865,3.2250183820724487,0,2,official,"Hallestraat 4, Historic Centre of Brugge, 8000 Bruges, Belgium, Hallestraat 4, 8000, Belgium",Hallestraat 4,Hotel,102,2026-07-15,EUR,7.9,2095,be_koffieboontje.html.gz,2026-06-17T02:16:42+00:00,success
https://www.booking.com/hotel/be/orchid.en-gb.html,Guesthouse Orchid,51.21947818495492,3.2288458943367004,0,,,"'s Gravenhof 10, Historic Centre of Brugge, 8000 Bruges, Belgium, 's Gravenhof 10, 8000, Belgium",'s Gravenhof 10,Hotel,115,2026-07-15,EUR,8.9,867,be_orchid.html.gz,2026-06-17T02:17:08+00:00,success
https://www.booking.com/hotel/be/ibis-de-panne.en-gb.html,ibis De Panne,51.09550614039395,2.588878870010376,0,3,official,"Zeelaan 2, 8660 De Panne, Belgium, Zeelaan 2, 8660, Belgium",Zeelaan 2,Hotel,148,2026-07-15,EUR,8.0,2230,be_ibis-de-panne.html.gz,2026-06-17T02:17:33+00:00,success
https://www.booking.com/hotel/be/park-inn-by-radisson-hasselt.en-gb.html,Park Inn By Radisson Hasselt,50.927871,5.338774,0,3,official,"St. Jozefstraat 10 2 2 , 3500 Hasselt, Belgium, St. Jozefstraat 10 2 2, 3500, Belgium",St. Jozefstraat 10 2 2,Hotel,84,2026-07-15,EUR,7.7,1722,be_park-inn-by-radisson-hasselt.html.gz,2026-06-17T02:18:01+00:00,success
https://www.booking.com/hotel/be/les-eleveurs.en-gb.html,Hotel Les Eleveurs,50.73214488738247,4.237302839756012,0,3,official,"Suikerkaai 1A, 1500 Halle, Belgium, Suikerkaai 1A, 1500, Belgium",Suikerkaai 1A,Hotel,130,2026-07-15,EUR,8.2,402,be_les-eleveurs.html.gz,2026-06-17T02:18:25+00:00,success
https://www.booking.com/hotel/be/laferronniere.en-gb.html,Hotel La Ferronniere,49.79699255432434,5.076123476028442,0,3,official,"Voie Jocquée, 44, 6830 Bouillon, Belgium, Voie Jocquée, 44, 6830, Belgium","Voie Jocquée, 44",Hotel,191,2026-07-15,EUR,8.6,197,be_laferronniere.html.gz,2026-06-17T02:18:49+00:00,success
https://www.booking.com/hotel/be/logies-ternier.en-gb.html,Logies Ternier,51.1409818844901,2.729807496070862,0,2,quality,"Victorlaan 11, 8620 Nieuwpoort, Belgium, Victorlaan 11, 8620, Belgium",Victorlaan 11,Hotel,144,2026-07-15,EUR,8.5,631,be_logies-ternier.html.gz,2026-06-17T02:19:14+00:00,success
https://www.booking.com/hotel/be/la-valse-lente.en-gb.html,La Valse Lente,50.45972047135022,4.866964817047119,0,3,quality,"Quai des Chasseurs Ardennais, 5000 Namur, Belgium, Quai des Chasseurs Ardennais, 5000, Belgium",Quai des Chasseurs Ardennais,Hotel,,,,9.2,50,be_la-valse-lente.html.gz,2026-06-17T02:20:18+00:00,partial
https://www.booking.com/hotel/be/hihasselt.en-gb.html,"Holiday Inn Hasselt, an IHG Hotel",50.93382137053048,5.337314307689667,0,4,official,"Kattegatstraat 1, 3500 Hasselt, Belgium, Kattegatstraat 1, 3500, Belgium",Kattegatstraat 1,Hotel,127,2026-07-15,EUR,8.6,1809,be_hihasselt.html.gz,2026-06-17T02:20:46+00:00,success
https://www.booking.com/hotel/be/remparts.en-gb.html,Studio Rempart,50.85256895887341,4.345104843378067,0,,,"9 rue du rempart des moines, 1000 Brussels, Belgium, 9 rue du rempart des moines, 1000, Belgium",9 rue du rempart des moines,Hotel,126,2026-07-15,EUR,8.5,973,be_remparts.html.gz,2026-06-17T02:21:11+00:00,success
https://www.booking.com/hotel/be/le-papillon-d-39-or.en-gb.html,Le Papillon d'or,49.68083246122019,5.701558459550142,0,,,"32 Rue Muselbur, 6700 Arlon, Belgium, 32 Rue Muselbur, 6700, Belgium",32 Rue Muselbur,Hotel,67,2026-07-15,EUR,8.7,608,be_le-papillon-d-39-or.html.gz,2026-06-17T02:21:35+00:00,success
https://www.booking.com/hotel/be/la-maison-des-artistes.en-gb.html,La Maison Des Artistes,50.35184,5.45776,0,,,,,,,,,,,be_la-maison-des-artistes.html.gz,2026-06-17T02:22:40+00:00,partial
https://www.booking.com/hotel/be/aazaert.en-gb.html,Hotel Aazaert by WP Hotels,51.31536667660014,3.130255937576294,0,4,official,"Hoogstraat 25, 8370 Blankenberge, Belgium, Hoogstraat 25, 8370, Belgium",Hoogstraat 25,Hotel,139,2026-07-15,EUR,8.3,1327,be_aazaert.html.gz,2026-06-17T02:23:06+00:00,success
https://www.booking.com/hotel/be/les-tanneurs.en-gb.html,Les Tanneurs,50.46400622592615,4.871782064437866,0,4,official,"Rue des Tanneries 13, 5000 Namur, Belgium, Rue des Tanneries 13, 5000, Belgium",Rue des Tanneries 13,Hotel,138,2026-07-15,EUR,8.6,2090,be_les-tanneurs.html.gz,2026-06-17T02:23:35+00:00,success
https://www.booking.com/hotel/be/roxi-residence-brussels.en-gb.html,ROXI The Urban Residence Brussels,50.854524,4.447797,0,,,"14 Hippokrateslaan, 1932 Brussels, Belgium, 14 Hippokrateslaan, 1932, Belgium",14 Hippokrateslaan,Hotel,83,2026-07-15,EUR,8.0,1804,be_roxi-residence-brussels.html.gz,2026-06-17T02:24:02+00:00,success
https://www.booking.com/hotel/be/jam.en-gb.html,Jam Hotel,50.82712393741722,4.355195699370938,0,3,official,"Chaussée de Charleroi 132, Sint-Gillis / Saint-Gilles, 1060 Brussels, Belgium, Chaussée de Charleroi 132, 1060, Belgium",Chaussée de Charleroi 132,Hotel,169,2026-07-15,EUR,8.3,4042,be_jam.html.gz,2026-06-17T02:24:26+00:00,success
https://www.booking.com/hotel/be/alfaempire.en-gb.html,PREMIER SUITES PLUS Antwerp,51.21633317057724,4.417398422956467,0,4,official,"Appelmansstraat 31, Antwerp District, 2018 Antwerp, Belgium, Appelmansstraat 31, 2018, Belgium",Appelmansstraat 31,Hotel,102,2026-07-15,EUR,7.9,3930,be_alfaempire.html.gz,2026-06-17T02:24:52+00:00,success
https://www.booking.com/hotel/be/sprl-hostellerie-la-sapiniere.en-gb.html,Hostellerie la Sapiniere,49.86368,4.92948,0,,,,,,,,,,,be_sprl-hostellerie-la-sapiniere.html.gz,2026-06-17T02:25:58+00:00,partial
https://www.booking.com/hotel/be/seb-39-s-house.en-gb.html,Seb's Studio,50.4667015075684,4.86667013168335,0,,,,,,,,,,,be_seb-39-s-house.html.gz,2026-06-17T02:27:06+00:00,partial
https://www.booking.com/hotel/be/nh-brusselsbloom.en-gb.html,nhow Brussels Bloom,50.85516771992452,4.366520941257477,0,4,official,"Rue Royale 250, Sint-Joost-ten-Node, 1210 Brussels, Belgium, Rue Royale 250, 1210, Belgium",Rue Royale 250,Hotel,99,2026-07-15,EUR,8.6,5043,be_nh-brusselsbloom.html.gz,2026-06-17T02:27:34+00:00,success
https://www.booking.com/hotel/be/guest-rooms-abbey-beigem.en-gb.html,B & B ABBEY,50.93574,4.36437,0,,,,,,,,,,,be_guest-rooms-abbey-beigem.html.gz,2026-06-17T02:28:40+00:00,partial
https://www.booking.com/hotel/be/la-cure-de-fresin.en-gb.html,Hotel Vorsen,50.70458289009508,5.171750066795994,0,3,official,"32 Hoogstraat, 3890 Gingelom, Belgium, 32 Hoogstraat, 3890, Belgium",32 Hoogstraat,Hotel,150,2026-07-15,EUR,8.7,278,be_la-cure-de-fresin.html.gz,2026-06-17T02:29:05+00:00,success
https://www.booking.com/hotel/be/hof-van-spanje.en-gb.html,Hof Van Spanje,51.055930609552384,3.7267849699405815,0,4,quality,"16 Kammerstraat, Binnenstad, 9000 Ghent, Belgium, 16 Kammerstraat, 9000, Belgium",16 Kammerstraat,Hotel,,,,9.4,278,be_hof-van-spanje.html.gz,2026-06-17T02:30:11+00:00,partial
https://www.booking.com/hotel/be/sunny-apartment-direct-access-beach-blankenberge.en-gb.html,Charming Apartment direct access beach Blankenberge,51.3159385,3.1265562,0,4,quality,"Zeedijk, 8370 Blankenberge, Belgium, Zeedijk, 8370, Belgium",Zeedijk,Hotel,,,,9.2,26,be_sunny-apartment-direct-access-beach-blankenberge.html.gz,2026-06-17T02:31:16+00:00,partial
https://www.booking.com/hotel/be/adagio-access-brussels-delta.en-gb.html,Adagio access Brussels Delta,50.8161147,4.3981092,0,3,official,"Boulevard Du Triomphe 207, Oudergem / Auderghem, 1160 Brussels, Belgium, Boulevard Du Triomphe 207, 1160, Belgium",Boulevard Du Triomphe 207,Hotel,124,2026-07-15,EUR,8.4,4100,be_adagio-access-brussels-delta.html.gz,2026-06-17T02:31:42+00:00,success
https://www.booking.com/hotel/be/charl-s.en-gb.html,Charl's,51.32492323661888,3.3005332946777344,0,4,quality,"Kalvekeetdijk 137, Westkapelle, 8300 Knokke-Heist, Belgium, Kalvekeetdijk 137, 8300, Belgium",Kalvekeetdijk 137,Hotel,245,2026-07-15,EUR,8.7,286,be_charl-s.html.gz,2026-06-17T02:32:08+00:00,success
https://www.booking.com/hotel/be/b-b-hollywood.en-gb.html,Guesthouse Vakantie Logies Hollywood,51.2046282009164,3.2186011970043182,0,3,quality,"'t Zand 24, Historic Centre of Brugge, 8000 Bruges, Belgium, 't Zand 24, 8000, Belgium",'t Zand 24,Hotel,85,2026-07-29,EUR,7.0,397,be_b-b-hollywood.html.gz,2026-06-17T02:33:10+00:00,success
https://www.booking.com/hotel/be/pastorievanmerkem.en-gb.html,B&B Pastorie van Merkem,50.95562379009169,2.849307954311371,0,4,quality,"Westbroekstraat 5, 8650 Merkem, Belgium, Westbroekstraat 5, 8650, Belgium",Westbroekstraat 5,Hotel,,,,9.1,231,be_pastorievanmerkem.html.gz,2026-06-17T02:34:14+00:00,partial
https://www.booking.com/hotel/be/csar-guest-house.en-gb.html,Csar Private Guesthouse,51.208911604466,3.2242740271613,0,,,,,,,,,,,be_csar-guest-house.html.gz,2026-06-17T02:35:22+00:00,partial
https://www.booking.com/hotel/be/cep-maisonnette.en-gb.html,CEP MAISONNETTE,50.848033108301,4.353455895701,0,4,quality,"5 Impasse des Boeufs, 1000 Brussels, Belgium, 5 Impasse des Boeufs, 1000, Belgium",5 Impasse des Boeufs,Hotel,,,,8.1,123,be_cep-maisonnette.html.gz,2026-06-17T02:36:24+00:00,partial
https://www.booking.com/hotel/be/bed-breakfast-im-s-wim-s.en-gb.html,B&B Montenakerhof,50.823325777770286,5.646017789840698,0,3,quality,"Keelstraat 4, 3770 Riemst, Belgium, Keelstraat 4, 3770, Belgium",Keelstraat 4,Hotel,176,2026-07-15,EUR,8.9,300,be_bed-breakfast-im-s-wim-s.html.gz,2026-06-17T02:36:49+00:00,success
https://www.booking.com/hotel/be/trilogie.en-gb.html,Aparthotel Trilogie,50.782582636430064,2.830352783203125,0,4,quality,"Reningelststraat 23-25-27, 8956 Kemmel, Belgium, Reningelststraat 23-25-27, 8956, Belgium",Reningelststraat 23-25-27,Hotel,,,,8.1,49,be_trilogie.html.gz,2026-06-17T02:37:53+00:00,partial
https://www.booking.com/hotel/be/la-petite-boutique-d-flat.en-gb.html,"D#Flat, 1bd apartment with garden",50.817978,4.352703,0,4,quality,"Rue Franz Merjay, Elsene / Ixelles, 1050 Brussels, Belgium, Rue Franz Merjay, 1050, Belgium",Rue Franz Merjay,Hotel,,,,9.3,44,be_la-petite-boutique-d-flat.html.gz,2026-06-17T02:38:57+00:00,partial
https://www.booking.com/hotel/be/mercure-antwerp-city-south.en-gb.html,Mercure Antwerp City South,51.19461293210657,4.406009763479233,0,4,official,"Desguinlei 94, Antwerp District, 2018 Antwerp, Belgium, Desguinlei 94, 2018, Belgium",Desguinlei 94,Hotel,140,2026-07-15,EUR,7.4,1791,be_mercure-antwerp-city-south.html.gz,2026-06-17T02:39:24+00:00,success
https://www.booking.com/hotel/be/staark.en-gb.html,Staark1,51.2211799621582,4.3996753692627,0,,,,,,,,,,,be_staark.html.gz,2026-06-17T02:40:30+00:00,partial
https://www.booking.com/hotel/be/b-amp-b-de-nootelaer.en-gb.html,B&B De Nootelaer,50.9333000183105,4.13332986831665,0,,,,,,,,,,,be_b-amp-b-de-nootelaer.html.gz,2026-06-17T02:41:36+00:00,partial
https://www.booking.com/hotel/be/vakantiewoning-wanderlust.en-gb.html,Vakantiewoning Wanderlust,50.9937949186651,2.65091390762632,0,4,official,"Izenbergestraat 93, 8691 Alveringem, Belgium, Izenbergestraat 93, 8691, Belgium",Izenbergestraat 93,Hotel,,,,9.2,27,be_vakantiewoning-wanderlust.html.gz,2026-06-17T02:42:39+00:00,partial
https://www.booking.com/hotel/be/le-gite-martin.en-gb.html,Le gîte Martin,50.274072,4.9552487,0,3,quality,"Val de Chession, 35, 5500 Dinant, Belgium, Val de Chession, 35, 5500, Belgium","Val de Chession, 35",Hotel,,,,9.5,62,be_le-gite-martin.html.gz,2026-06-17T02:43:43+00:00,partial
https://www.booking.com/hotel/be/luxury-3-bedroom-apartment.en-gb.html,Luxury 3 bedroom Apartment,50.41203,4.44362,0,,,,,,,,,,,be_luxury-3-bedroom-apartment.html.gz,2026-06-17T02:44:47+00:00,partial
https://www.booking.com/hotel/be/memlinc-palace.en-gb.html,The Memlinc,51.346707,3.288335,0,,,,,,,,,,,be_memlinc-palace.html.gz,2026-06-17T02:45:54+00:00,partial
https://www.booking.com/hotel/be/chambres-d-39-o.en-gb.html,B&B Chambres d'O,51.2215606,2.9103721999999834,0,3,quality,"Plantenstraat 18, Oostende Centre, 8400 Ostend, Belgium, Plantenstraat 18, 8400, Belgium",Plantenstraat 18,Hotel,,,,9.2,217,be_chambres-d-39-o.html.gz,2026-06-17T02:46:58+00:00,partial
https://www.booking.com/hotel/by/crowne-plaza-minsk.en-gb.html,"Crowne Plaza - Minsk, an IHG Hotel",53.90234,27.5619,0,,,,,,,,,,,by_crowne-plaza-minsk.html.gz,2026-06-17T02:48:05+00:00,partial
https://www.booking.com/hotel/be/residentie-westdiep-dominique.en-gb.html,Nieuwpoortnachten res. Westdiep Dominique,51.14546892388,2.708825359525,0,4,quality,"Vlaanderenstraat 4 bus 0202, 8620 Nieuwpoort, Belgium, Vlaanderenstraat 4 bus 0202, 8620, Belgium",Vlaanderenstraat 4 bus 0202,Hotel,,,,9.7,65,be_residentie-westdiep-dominique.html.gz,2026-06-17T02:49:10+00:00,partial
https://www.booking.com/hotel/be/werner-aerts-private-house.en-gb.html,Private House,51.31495426312308,3.127807080745697,0,4,quality,"Bakkersstraat 32, 8370 Blankenberge, Belgium, Bakkersstraat 32, 8370, Belgium",Bakkersstraat 32,Hotel,,,,9.3,81,be_werner-aerts-private-house.html.gz,2026-06-17T02:50:13+00:00,partial
https://www.booking.com/hotel/be/casa-di-marco.en-gb.html,CASA DI MARCO,51.209408590136,4.459513713499,0,,,"Herentalsebaan 142, Deurne, 2100 Antwerp, Belgium, Herentalsebaan 142, 2100, Belgium",Herentalsebaan 142,Hotel,81,2026-07-15,EUR,4.6,101,be_casa-di-marco.html.gz,2026-06-17T02:50:39+00:00,success
https://www.booking.com/hotel/be/radisson-blu-bruges.en-gb.html,"Radisson Blu Hotel, Bruges",51.195394,3.220363,0,4,official,"Frank Van Ackerpromenade 17, Sint-Michiels, 8000 Bruges, Belgium, Frank Van Ackerpromenade 17, 8000, Belgium",Frank Van Ackerpromenade 17,Hotel,211,2026-07-15,EUR,8.2,3288,be_radisson-blu-bruges.html.gz,2026-06-17T02:51:04+00:00,success
https://www.booking.com/hotel/be/kind-of-oj.en-gb.html,Kind Of OJ,51.208911604466,3.2242740271613,0,,,,,,,,,,,be_kind-of-oj.html.gz,2026-06-17T02:52:10+00:00,partial
https://www.booking.com/hotel/be/park-inn-by-radisson-antwerp-berchem.en-gb.html,Park Inn by Radisson Antwerp Berchem,51.200074154176406,4.43422026948928,0,4,official,"Borsbeeksebrug 34,  2600, Berchem, 2600 Antwerp, Belgium, Borsbeeksebrug 34,  2600, 2600, Belgium","Borsbeeksebrug 34,  2600",Hotel,111,2026-07-15,EUR,8.6,3342,be_park-inn-by-radisson-antwerp-berchem.html.gz,2026-06-17T02:52:35+00:00,success
https://www.booking.com/hotel/be/villa-select.en-gb.html,Hotel Villa Select,51.10363815204838,2.5916415452957153,0,4,official,"Walckierstraat 7, 8660 De Panne, Belgium, Walckierstraat 7, 8660, Belgium",Walckierstraat 7,Hotel,336,2026-07-15,EUR,9.0,290,be_villa-select.html.gz,2026-06-17T02:52:59+00:00,success
https://www.booking.com/hotel/be/de-waterkriek.en-gb.html,De Waterkriek,50.8079949,5.3308869,0,4,quality,"2 Kuttekovenstraat, 3840 Borgloon, Belgium, 2 Kuttekovenstraat, 3840, Belgium",2 Kuttekovenstraat,Hotel,,,,9.1,12,be_de-waterkriek.html.gz,2026-06-17T02:54:02+00:00,partial
https://www.booking.com/hotel/be/holiday-village-knokke.en-gb.html,Holiday Village Knokke,51.33594082881104,3.2888753831894064,0,2,official,"Natiënlaan 70, Westkapelle, 8300 Knokke-Heist, Belgium, Natiënlaan 70, 8300, Belgium",Natiënlaan 70,Hotel,,,,8.7,401,be_holiday-village-knokke.html.gz,2026-06-17T02:55:08+00:00,partial
https://www.booking.com/hotel/be/citadines-apart-bruxelles-sainte-catherine.en-gb.html,Citadines Sainte Catherine Brussels,50.852912279637934,4.347779676318169,0,3,official,"51, quai au Bois à Brûler, 1000 Brussels, Belgium, 51, quai au Bois à Brûler, 1000, Belgium","51, quai au Bois à Brûler",Hotel,103,2026-07-15,EUR,8.2,6601,be_citadines-apart-bruxelles-sainte-catherine.html.gz,2026-06-17T02:55:33+00:00,success
https://www.booking.com/hotel/be/quai-de-rome.en-gb.html,Quai De Rome,50.64514,5.57342,0,,,,,,,,,,,be_quai-de-rome.html.gz,2026-06-17T02:56:42+00:00,partial
https://www.booking.com/hotel/be/chez-eux-2-bouillon.en-gb.html,Chez Elena & Filipp B,49.79498,5.06725,0,,,,,,,,,,,be_chez-eux-2-bouillon.html.gz,2026-06-17T02:57:49+00:00,partial
https://www.booking.com/hotel/be/b-amp-b-lebruissement.en-gb.html,B&B Le bruissement,49.8983951,4.96947980000004,0,3,quality,"La Nowe 16, 5555 Bièvre, Belgium, La Nowe 16, 5555, Belgium",La Nowe 16,Hotel,,,,8.7,57,be_b-amp-b-lebruissement.html.gz,2026-06-17T02:58:53+00:00,partial
https://www.booking.com/hotel/be/wetterdelle.en-gb.html,Wetterdelle,50.7358918097632,5.29388695029718,0,3,quality,"Opheersstraat 89, 3870 Heers, Belgium, Opheersstraat 89, 3870, Belgium",Opheersstraat 89,Hotel,,,,9.0,73,be_wetterdelle.html.gz,2026-06-17T02:59:58+00:00,partial
https://www.booking.com/hotel/be/b-amp-b-pierre-marie.en-gb.html,B&B Pierre-Marie,51.05320402348799,2.9613359865081748,0,4,quality,"Vladslostraat 1, 8680 Bovekerke, Belgium, Vladslostraat 1, 8680, Belgium",Vladslostraat 1,Hotel,,,,9.1,103,be_b-amp-b-pierre-marie.html.gz,2026-06-17T03:01:01+00:00,partial
https://www.booking.com/hotel/be/kasteelhof-van-loppem.en-gb.html,Kasteelhof van Loppem,51.15575,3.19555,0,,,,,,,,,,,be_kasteelhof-van-loppem.html.gz,2026-06-17T03:02:10+00:00,partial
https://www.booking.com/hotel/be/kaai-16.en-gb.html,B&B Kaai 16,50.7368,4.23285,0,,,,,,,,,,,be_kaai-16.html.gz,2026-06-17T03:03:19+00:00,partial
https://www.booking.com/hotel/be/ilot-sacre-d14.en-gb.html,Ilot Sacre Apartments,,,1,,,,,,,,,,,be_ilot-sacre-d14.html.gz,2026-06-17T03:03:47+00:00,failed
https://www.booking.com/hotel/be/auberge-de-la-lesse-celles.en-gb.html,Auberge de la Lesse,50.21087310361186,4.965363531074445,0,3,official,"gare de gendron 1, 5561 Celles, Belgium, gare de gendron 1, 5561, Belgium",gare de gendron 1,Hotel,122,2026-07-15,EUR,8.5,269,be_auberge-de-la-lesse-celles.html.gz,2026-06-17T03:04:13+00:00,success
https://www.booking.com/hotel/be/l-acqua-rossa.en-gb.html,Race & Rooms,50.45428673737251,5.952556729316711,0,,,"Impasse Charles Bordet 2 4970 Francorchamps, 4970 Francorchamps, Belgium, Impasse Charles Bordet 2 4970 Francorchamps, 4970, Belgium",Impasse Charles Bordet 2 4970 Francorchamps,Hotel,460,2026-07-15,EUR,8.4,137,be_l-acqua-rossa.html.gz,2026-06-17T03:04:41+00:00,success
https://www.booking.com/hotel/be/la-maison-de-nathalie.en-gb.html,La Maison de Nathalie,51.208911604466,3.2242740271613,0,,,,,,,,,,,be_la-maison-de-nathalie.html.gz,2026-06-17T03:05:49+00:00,partial
https://www.booking.com/hotel/be/britannia.en-gb.html,Hotel Britannia,51.34850186805567,3.293326199054718,0,4,official,"Elizabetlaan 85, Knokke, 8300 Knokke-Heist, Belgium, Elizabetlaan 85, 8300, Belgium",Elizabetlaan 85,Hotel,,,,9.1,572,be_britannia.html.gz,2026-06-17T03:06:54+00:00,partial
https://www.booking.com/hotel/be/poppy.en-gb.html,Poppy vakantiekamers,51.10642,2.65002,0,,,,,,,,,,,be_poppy.html.gz,2026-06-17T03:08:00+00:00,partial
https://www.booking.com/hotel/be/gastenverblijf-chambre-damis.en-gb.html,Gastenverblijf Chambre dAmis,50.76288361112277,5.377401101713537,0,4,quality,"Langstraat 30, 3870 Heers, Belgium, Langstraat 30, 3870, Belgium",Langstraat 30,Hotel,,,,9.7,106,be_gastenverblijf-chambre-damis.html.gz,2026-06-17T03:09:06+00:00,partial
https://www.booking.com/hotel/be/old-tom.en-gb.html,Hotel Old Tom,50.8499984741211,2.88333010673523,0,,,,,,,,,,,be_old-tom.html.gz,2026-06-17T03:10:15+00:00,partial
https://www.booking.com/hotel/be/begijnhofcongreshotel.en-gb.html,Begijnhof Hotel,50.870983215922266,4.695711135864258,0,4,official,"Tervuursevest 70, 3000 Leuven, Belgium, Tervuursevest 70, 3000, Belgium",Tervuursevest 70,Hotel,129,2026-07-22,EUR,8.6,2448,be_begijnhofcongreshotel.html.gz,2026-06-17T03:10:59+00:00,success
https://www.booking.com/hotel/be/plazahotel.en-gb.html,The Plaza Hotel Antwerp,51.20778829820354,4.419516026973724,0,4,official,"Charlottalei 49, Antwerp District, 2018 Antwerp, Belgium, Charlottalei 49, 2018, Belgium",Charlottalei 49,Hotel,124,2026-07-15,EUR,8.0,3944,be_plazahotel.html.gz,2026-06-17T03:11:27+00:00,success
https://www.booking.com/hotel/be/duplex.en-gb.html,Duplex,51.10524600764603,2.598615900000027,0,3,quality,"Nieuwpoortlaan 56, 8660 De Panne, Belgium, Nieuwpoortlaan 56, 8660, Belgium",Nieuwpoortlaan 56,Hotel,,,,8.3,71,be_duplex.html.gz,2026-06-17T03:12:28+00:00,partial
https://www.booking.com/hotel/be/renaissance-brussels.en-gb.html,Renaissance Brussels Hotel,50.83806717018711,4.371776729822159,0,4,official,"Rue Parnasse 19, Elsene / Ixelles, 1050 Brussels, Belgium, Rue Parnasse 19, 1050, Belgium",Rue Parnasse 19,Hotel,162,2026-07-15,EUR,8.0,1425,be_renaissance-brussels.html.gz,2026-06-17T03:12:53+00:00,success
https://www.booking.com/hotel/be/vip-67.en-gb.html,VIP 67,50.620496443851856,6.042317053220891,0,3,quality,"67 Schilsweg, 4700 Eupen, Belgium, 67 Schilsweg, 4700, Belgium",67 Schilsweg,Hotel,91,2026-07-15,EUR,8.9,314,be_vip-67.html.gz,2026-06-17T03:13:17+00:00,success
https://www.booking.com/hotel/be/louisehotel.en-gb.html,Hotel Made In Louise,50.82914182708241,4.3578969687223434,0,3,official,"Rue Veydt 40, Elsene / Ixelles, 1050 Brussels, Belgium, Rue Veydt 40, 1050, Belgium",Rue Veydt 40,Hotel,162,2026-07-15,EUR,9.1,2034,be_louisehotel.html.gz,2026-06-17T03:13:44+00:00,success
https://www.booking.com/hotel/be/suite-amp-b-by-hofke-van-bazel.en-gb.html,Suite & B by Hofke van Bazel,51.1470828,4.30023310000001,0,4,quality,"Koningin Astridplein 10, 9150 Bazel, Belgium, Koningin Astridplein 10, 9150, Belgium",Koningin Astridplein 10,Hotel,239,2026-07-15,EUR,8.8,40,be_suite-amp-b-by-hofke-van-bazel.html.gz,2026-06-17T03:14:10+00:00,success
https://www.booking.com/hotel/be/entre-roche-amp-meuse.en-gb.html,Entre Roche & Meuse,50.2126461,4.86976649999997,0,4,quality,"Rue de Meuse 10, 5540 Hastière-par-delà, Belgium, Rue de Meuse 10, 5540, Belgium",Rue de Meuse 10,Hotel,,,,8.3,121,be_entre-roche-amp-meuse.html.gz,2026-06-17T03:15:12+00:00,partial
https://www.booking.com/hotel/be/hotelputjebrugge.en-gb.html,Hotel 't Putje,51.204191265325285,3.2189807295799255,0,3,quality,"'t Zand 31, Historic Centre of Brugge, 8000 Bruges, Belgium, 't Zand 31, 8000, Belgium",'t Zand 31,Hotel,139,2026-07-15,EUR,7.4,2990,be_hotelputjebrugge.html.gz,2026-06-17T03:15:38+00:00,success
https://www.booking.com/hotel/be/la-porte-cochere.en-gb.html,B&B La Porte Cochère,50.849474724673556,2.883015275001526,0,3,quality,"Patersstraat 22, 8900 Ypres, Belgium, Patersstraat 22, 8900, Belgium",Patersstraat 22,Hotel,,,,9.7,148,be_la-porte-cochere.html.gz,2026-06-17T03:16:44+00:00,partial
https://www.booking.com/hotel/be/violet-b-amp-b-suites.en-gb.html,Violet Suites,51.046613,3.734238,0,4,quality,"Lange Violettestraat 94 A, Binnenstad, 9000 Ghent, Belgium, Lange Violettestraat 94 A, 9000, Belgium",Lange Violettestraat 94 A,Hotel,116,2026-07-15,EUR,9.0,275,be_violet-b-amp-b-suites.html.gz,2026-06-17T03:17:08+00:00,success
https://www.booking.com/hotel/be/hotelvaneyckmaaseik.en-gb.html,Hotel Van Eyck,51.09472,5.79173,0,,,,,,,,,,,be_hotelvaneyckmaaseik.html.gz,2026-06-17T03:18:18+00:00,partial
https://www.booking.com/hotel/be/albert-moliere.en-gb.html,Albert Molière,50.8175507,4.34655399999997,0,3,quality,"Avenue Albert 168, Vorst / Forest, 1190 Brussels, Belgium, Avenue Albert 168, 1190, Belgium",Avenue Albert 168,Hotel,146,2026-07-15,EUR,8.3,737,be_albert-moliere.html.gz,2026-06-17T03:18:44+00:00,success
https://www.booking.com/hotel/be/b-amp-b-kudita-de-panne.en-gb.html,B&B Kudita,51.09883,2.59241,0,,,,,,,,,,,be_b-amp-b-kudita-de-panne.html.gz,2026-06-17T03:19:50+00:00,partial
https://www.booking.com/hotel/be/b-amp-b-loft-aan-het-water.en-gb.html,Loft Aan Het Water,51.17524345625208,4.7903019189834595,0,4,quality,"Herentalse Steenweg 81b101, 2280 Grobbendonk, Belgium, Herentalse Steenweg 81b101, 2280, Belgium",Herentalse Steenweg 81b101,Hotel,105,2026-07-15,EUR,9.3,288,be_b-amp-b-loft-aan-het-water.html.gz,2026-06-17T03:20:14+00:00,success
https://www.booking.com/hotel/by/royal-apartments-minsk.en-gb.html,Royal Apartments Minsk,53.90234,27.5619,0,,,,,,,,,,,by_royal-apartments-minsk.html.gz,2026-06-17T03:21:23+00:00,partial
https://www.booking.com/hotel/be/saint-daniel.en-gb.html,Hotel Saint Daniel,50.51291381459988,3.5894415686386765,0,3,official,"Rue Bataille 16, 7600 Péruwelz, Belgium, Rue Bataille 16, 7600, Belgium",Rue Bataille 16,Hotel,103,2026-07-15,EUR,9.0,681,be_saint-daniel.html.gz,2026-06-17T03:21:48+00:00,success
https://www.booking.com/hotel/be/ambrosia.en-gb.html,Hotel Ambrosia,50.84927828530938,2.888307273387909,0,2,official,"D'Hondtstraat 54, 8900 Ypres, Belgium, D'Hondtstraat 54, 8900, Belgium",D'Hondtstraat 54,Hotel,95,2026-07-15,EUR,9.1,1142,be_ambrosia.html.gz,2026-06-17T03:22:14+00:00,success
https://www.booking.com/hotel/be/guesthouse-de-wissen.en-gb.html,Guesthouse De Wissen,51.023181889969,5.750128091382,0,4,quality,"3 Negenoordlaan, 3650 Dilsen-Stokkem, Belgium, 3 Negenoordlaan, 3650, Belgium",3 Negenoordlaan,Hotel,84,2026-07-15,EUR,8.5,274,be_guesthouse-de-wissen.html.gz,2026-06-17T03:22:41+00:00,success
https://www.booking.com/hotel/be/le-chalet-houffalize.en-gb.html,Le Chalet à Bonnerue,50.120958164038996,5.729274317600357,0,4,quality,"Bonnerue, 34, 6663 Houffalize, Belgium, Bonnerue, 34, 6663, Belgium","Bonnerue, 34",Hotel,,,,9.4,82,be_le-chalet-houffalize.html.gz,2026-06-17T03:23:47+00:00,partial
https://www.booking.com/hotel/be/kruitenberg-brugge.en-gb.html,Kruitenberg,51.208092,3.231991,0,4,quality,"Kruitenbergstraat 25, Historic Centre of Brugge, 8000 Bruges, Belgium, Kruitenbergstraat 25, 8000, Belgium",Kruitenbergstraat 25,Hotel,,,,9.3,82,be_kruitenberg-brugge.html.gz,2026-06-17T03:24:50+00:00,partial
https://www.booking.com/hotel/be/augusto.en-gb.html,B&B Augusto,51.211324449815,3.222780253373,0,4,quality,"Naaldenstraat 25, Historic Centre of Brugge, 8000 Bruges, Belgium, Naaldenstraat 25, 8000, Belgium",Naaldenstraat 25,Hotel,,,,9.6,190,be_augusto.html.gz,2026-06-17T03:25:56+00:00,partial
https://www.booking.com/hotel/be/studio-beach.en-gb.html,Studio Beach,51.13039,2.75167,0,,,,,,,,,,,be_studio-beach.html.gz,2026-06-17T03:27:03+00:00,partial
https://www.booking.com/hotel/be/b-amp-b-belgica.en-gb.html,B&B Belgica,51.21331005694441,3.2317326846557535,0,3,quality,"Korte Rijkepijndersstraat 11, Historic Centre of Brugge, 8000 Bruges, Belgium, Korte Rijkepijndersstraat 11, 8000, Belgium",Korte Rijkepijndersstraat 11,Hotel,,,,9.8,33,be_b-amp-b-belgica.html.gz,2026-06-17T03:28:05+00:00,partial
https://www.booking.com/hotel/be/dailly-studio.en-gb.html,Dailly studio,50.0579971585617,4.43677000701427,0,3,quality,"2 Rue Le-Faubourg, 5660 Dailly, Belgium, 2 Rue Le-Faubourg, 5660, Belgium",2 Rue Le-Faubourg,Hotel,65,2026-07-22,EUR,8.5,175,be_dailly-studio.html.gz,2026-06-17T03:28:49+00:00,success
https://www.booking.com/hotel/be/queen-astrid.en-gb.html,Queen Astrid,50.8526498,2.88606249999998,0,4,quality,"Janseniusstraat 8, 8900 Ypres, Belgium, Janseniusstraat 8, 8900, Belgium",Janseniusstraat 8,Hotel,,,,9.4,125,be_queen-astrid.html.gz,2026-06-17T03:29:54+00:00,partial
https://www.booking.com/hotel/be/fevery.en-gb.html,Hotel Fevery,51.215264623206096,3.227284848690033,0,3,official,"Collaert Mansionstraat 3, Historic Centre of Brugge, 8000 Bruges, Belgium, Collaert Mansionstraat 3, 8000, Belgium",Collaert Mansionstraat 3,Hotel,,,,9.3,764,be_fevery.html.gz,2026-06-17T03:30:59+00:00,partial
https://www.booking.com/hotel/be/the-best-known-village-of-belgium.en-gb.html,The best known village of Belgium,51.04326603541415,4.323057017196668,0,,,"Beenhouwerstraat 32, 2870 Puurs, Belgium, Beenhouwerstraat 32, 2870, Belgium",Beenhouwerstraat 32,Hotel,90,2026-07-15,EUR,6.9,111,be_the-best-known-village-of-belgium.html.gz,2026-06-17T03:31:22+00:00,success
https://www.booking.com/hotel/be/maris-logies.en-gb.html,B&B Maris Logies,50.94085449041912,5.307002663612366,0,4,quality,"Van Groesbeekstraat 6, 3511 Hasselt, Belgium, Van Groesbeekstraat 6, 3511, Belgium",Van Groesbeekstraat 6,Hotel,,,,9.6,259,be_maris-logies.html.gz,2026-06-17T03:32:25+00:00,partial
https://www.booking.com/hotel/be/iles-sont-d-39-ailleurs.en-gb.html,Maison d'hôtes Îles Sont d'Ailleurs,50.41203,4.44362,0,,,,,,,,,,,be_iles-sont-d-39-ailleurs.html.gz,2026-06-17T03:33:33+00:00,partial
https://www.booking.com/hotel/by/east-time.en-gb.html,East Time Hotel,53.90234,27.5619,0,,,,,,,,,,,by_east-time.html.gz,2026-06-17T03:34:39+00:00,partial
https://www.booking.com/hotel/be/duinenblik-3.en-gb.html,Duinenblik 3,51.14571512260206,2.7116564232787823,0,4,quality,"Franslaan 93 appartement 3, 8620 Nieuwpoort, Belgium, Franslaan 93 appartement 3, 8620, Belgium",Franslaan 93 appartement 3,Hotel,,,,8.5,31,be_duinenblik-3.html.gz,2026-06-17T03:35:45+00:00,partial
https://www.booking.com/hotel/be/chez-lola.en-gb.html,Chez Lola,50.1881960713504,5.576854348182678,0,3,quality,"Rue de Harzé, n°1, 6980 La Roche-en-Ardenne, Belgium, Rue de Harzé, n°1, 6980, Belgium","Rue de Harzé, n°1",Hotel,,,,7.8,98,be_chez-lola.html.gz,2026-06-17T03:36:50+00:00,partial
https://www.booking.com/hotel/be/sofitelbrusselstoisondor.en-gb.html,Sofitel Brussels Le Louise,50.83622845617756,4.3571895360946655,0,5,official,"Avenue de la Toison d’Or, 40, Elsene / Ixelles, 1050 Brussels, Belgium, Avenue de la Toison d’Or, 40, 1050, Belgium","Avenue de la Toison d’Or, 40",Hotel,183,2026-07-15,EUR,8.6,681,be_sofitelbrusselstoisondor.html.gz,2026-06-17T03:37:14+00:00,success
https://www.booking.com/hotel/be/gite-des-comagnes.en-gb.html,Gite des Comagnes,50.60469674674551,5.933589609539808,0,4,quality,"Halloux 22, 4830 Limbourg, Belgium, Halloux 22, 4830, Belgium",Halloux 22,Hotel,,,,9.0,23,be_gite-des-comagnes.html.gz,2026-06-17T03:38:15+00:00,partial
https://www.booking.com/hotel/be/corner-house.en-gb.html,Hotel Corner House,51.315750586627026,3.128684163093567,0,3,official,"Casinoplein 12/13, 8370 Blankenberge, Belgium, Casinoplein 12/13, 8370, Belgium",Casinoplein 12/13,Hotel,158,2026-07-15,EUR,7.4,848,be_corner-house.html.gz,2026-06-17T03:38:42+00:00,success
https://www.booking.com/hotel/be/vakantiehuis-cathedral.en-gb.html,Vakantielogies Cathedral,51.05470019269898,3.7299858288361065,0,4,quality,"Sint-Jacobsnieuwstraat 89, Binnenstad, 9000 Ghent, Belgium, Sint-Jacobsnieuwstraat 89, 9000, Belgium",Sint-Jacobsnieuwstraat 89,Hotel,,,,8.3,521,be_vakantiehuis-cathedral.html.gz,2026-06-17T03:39:44+00:00,partial
https://www.booking.com/hotel/be/repos-du-lincon.en-gb.html,Repos du Lincon,50.09249,5.2798,0,,,,,,,,,,,be_repos-du-lincon.html.gz,2026-06-17T03:40:50+00:00,partial
https://www.booking.com/hotel/be/butgenbacher-hof.en-gb.html,Hotel Bütgenbacher Hof,50.42627825595298,6.205371022224426,0,4,official,"Marktplatz 8, 4750 Butgenbach, Belgium, Marktplatz 8, 4750, Belgium",Marktplatz 8,Hotel,210,2026-07-22,EUR,9.1,555,be_butgenbacher-hof.html.gz,2026-06-17T03:41:35+00:00,success
https://www.booking.com/hotel/be/b-amp-b-de-swaenhoeck.en-gb.html,B&B De Swaenhoeck,51.214522829837236,3.34719743038022,0,4,quality,"Doornstraat 21 A, 8340 Damme, Belgium, Doornstraat 21 A, 8340, Belgium",Doornstraat 21 A,Hotel,,,,9.1,64,be_b-amp-b-de-swaenhoeck.html.gz,2026-06-17T03:42:39+00:00,partial
https://www.booking.com/hotel/be/roture-88.en-gb.html,Roture 88,50.639068,5.582294,0,,,"88 Rue Roture, 4020 Liège, Belgium, 88 Rue Roture, 4020, Belgium",88 Rue Roture,Hotel,89,2026-07-15,EUR,3.5,180,be_roture-88.html.gz,2026-06-17T03:43:05+00:00,success
https://www.booking.com/hotel/be/bed-amp-breakfast-vallee-de-l-39-ourthe.en-gb.html,Bed & Breakfast Vallée de l'Ourthe,50.21454,5.52682,0,,,,,,,,,,,be_bed-amp-breakfast-vallee-de-l-39-ourthe.html.gz,2026-06-17T03:44:13+00:00,partial
https://www.booking.com/hotel/be/living-in-bra-sel.en-gb.html,"B&B Living in Brûsel, Urban B&B",,,1,,,,,,,,,,,be_living-in-bra-sel.html.gz,2026-06-17T03:44:39+00:00,failed
https://www.booking.com/hotel/be/studio-filo.en-gb.html,Studio Filo,50.6828390711971,5.54906934499741,0,3,quality,"152 Rue François-Lefèbvre, 4000 Liège, Belgium, 152 Rue François-Lefèbvre, 4000, Belgium",152 Rue François-Lefèbvre,Hotel,56,2026-07-15,EUR,6.1,289,be_studio-filo.html.gz,2026-06-17T03:45:05+00:00,success
https://www.booking.com/hotel/by/ok-ogonek.en-gb.html,OK Ogonek,53.88330078125,27.9167003631592,0,,,,,,,,,,,by_ok-ogonek.html.gz,2026-06-17T03:46:12+00:00,partial
https://www.booking.com/hotel/be/chalets.en-gb.html,Chalets Eureka & Bloemenduin Koksijde,51.110011198247605,2.634156091926574,0,3,quality,"Emile Clauslaan 2, 8670 Koksijde, Belgium, Emile Clauslaan 2, 8670, Belgium",Emile Clauslaan 2,Hotel,,,,8.5,838,be_chalets.html.gz,2026-06-17T03:47:14+00:00,partial
https://www.booking.com/hotel/by/parking-quot-m1-quot.en-gb.html,"Parking ""M1""",54.6067008972168,30.3668994903564,0,,,,,,,,,,,by_parking-quot-m1-quot.html.gz,2026-06-17T03:48:20+00:00,partial
https://www.booking.com/hotel/be/les-nuits.en-gb.html,Hotel Les Nuits,51.2211799621582,4.3996753692627,0,,,,,,,,,,,be_les-nuits.html.gz,2026-06-17T03:49:28+00:00,partial
https://www.booking.com/hotel/be/relais-godefroy.en-gb.html,Hotel Relais Godefroy,49.79619092802767,5.071142613887787,0,3,official,"Quai de la Tannerie, 5, 6830 Bouillon, Belgium, Quai de la Tannerie, 5, 6830, Belgium","Quai de la Tannerie, 5",Hotel,140,2026-07-15,EUR,8.5,413,be_relais-godefroy.html.gz,2026-06-17T03:49:53+00:00,success
https://www.booking.com/hotel/be/ibis-styles-liege-guillemins.en-gb.html,ibis Styles Liege Guillemins,50.626309,5.56268,0,3,official,"Rue Des Guillemins 135, 4000 Liège, Belgium, Rue Des Guillemins 135, 4000, Belgium",Rue Des Guillemins 135,Hotel,109,2026-07-15,EUR,8.6,3484,be_ibis-styles-liege-guillemins.html.gz,2026-06-17T03:50:20+00:00,success
https://www.booking.com/hotel/be/au-central-alle-sur-semois.en-gb.html,Au Central,49.84212,4.97268,0,,,,,,,,,,,be_au-central-alle-sur-semois.html.gz,2026-06-17T03:51:29+00:00,partial
https://www.booking.com/hotel/be/la-mer-et-bella.en-gb.html,La mer et Bella,51.2258605957031,2.91950941085815,0,,,,,,,,,,,be_la-mer-et-bella.html.gz,2026-06-17T03:52:36+00:00,partial
https://www.booking.com/hotel/be/baelskaai-harbor-apartment.en-gb.html,Baelskaai Harbor Apartment,51.2258605957031,2.91950941085815,0,,,,,,,,,,,be_baelskaai-harbor-apartment.html.gz,2026-06-17T03:53:43+00:00,partial
https://www.booking.com/hotel/be/gites-la-vue-sur-meuse.en-gb.html,Gîtes La vue sur Meuse,50.2648226,4.9055197,0,3,quality,"59Avenue Franchet d'Esperey, 5500 Dinant, Belgium, 59Avenue Franchet d'Esperey, 5500, Belgium",59Avenue Franchet d'Esperey,Hotel,,,,9.2,60,be_gites-la-vue-sur-meuse.html.gz,2026-06-17T03:54:48+00:00,partial
https://www.booking.com/hotel/be/la-cabane-de-l-39-atelier.en-gb.html,La cabane de l'Atelier,50.370017,5.538117,0,3,quality,"numéro 31, Lagelire, 6941 Bomal, Belgium, numéro 31, Lagelire, 6941, Belgium","numéro 31, Lagelire",Hotel,,,,8.8,117,be_la-cabane-de-l-39-atelier.html.gz,2026-06-17T03:55:53+00:00,partial
https://www.booking.com/hotel/be/appartement-chez-agnes-schaerbeek1.en-gb.html,Appartement Chez Agnes,50.855833,4.3891357,0,4,quality,"61 Rue Auguste Lambiotte, Schaarbeek / Schaerbeek, 1030 Brussels, Belgium, 61 Rue Auguste Lambiotte, 1030, Belgium",61 Rue Auguste Lambiotte,Hotel,,,,8.8,120,be_appartement-chez-agnes-schaerbeek1.html.gz,2026-06-17T03:56:57+00:00,partial
https://www.booking.com/hotel/be/hof-ter-langeleye-planke-damme.en-gb.html,Hof ter Langeleye Planke,51.2871788510174,3.355824102624524,0,3,quality,"Kaleshoek 3, 8340 Damme, Belgium, Kaleshoek 3, 8340, Belgium",Kaleshoek 3,Hotel,,,,7.2,22,be_hof-ter-langeleye-planke-damme.html.gz,2026-06-17T03:58:01+00:00,partial
https://www.booking.com/hotel/be/la-cabane-ofuro.en-gb.html,La Cabane Ofuro,50.216767,5.003737,0,,,"Lavis 4, 5561 Celles, Belgium, Lavis 4, 5561, Belgium",Lavis 4,Hotel,260,2026-07-15,EUR,8.1,13,be_la-cabane-ofuro.html.gz,2026-06-17T03:58:26+00:00,success
https://www.booking.com/hotel/be/la-chrysalide.en-gb.html,La Chrysalide,49.6738185,5.600243599999999,0,3,official,"rue du Moulin, 30, 6740 Étalle, Belgium, rue du Moulin, 30, 6740, Belgium","rue du Moulin, 30",Hotel,100,2026-07-15,EUR,8.6,172,be_la-chrysalide.html.gz,2026-06-17T03:58:52+00:00,success
https://www.booking.com/hotel/be/the-livorno-ixelles.en-gb.html,The Livorno,50.8273228,4.36151310000002,0,4,quality,"97A Rue de Livourne, Elsene / Ixelles, 1050 Brussels, Belgium, 97A Rue de Livourne, 1050, Belgium",97A Rue de Livourne,Hotel,390,2026-07-15,EUR,9.3,269,be_the-livorno-ixelles.html.gz,2026-06-17T03:59:17+00:00,success
https://www.booking.com/hotel/be/le-rusticka.en-gb.html,Le Rusticka,51.0991442,2.5914341,0,3,quality,"9 Visserslaan, 8660 De Panne, Belgium, 9 Visserslaan, 8660, Belgium",9 Visserslaan,Hotel,120,2026-07-29,EUR,7.9,183,be_le-rusticka.html.gz,2026-06-17T04:00:20+00:00,success
https://www.booking.com/hotel/be/autrefois-chez-lina.en-gb.html,Autrefois chez Lina,50.252704,4.91743969999993,0,3,quality,"68 Rue Alexandre Daoust, 5500 Dinant, Belgium, 68 Rue Alexandre Daoust, 5500, Belgium",68 Rue Alexandre Daoust,Hotel,,,,9.4,100,be_autrefois-chez-lina.html.gz,2026-06-17T04:01:22+00:00,partial
https://www.booking.com/hotel/be/la-chaumiere-asse.en-gb.html,Hotel La Chaumiere,50.8955293,4.239919500000042,0,3,official,"Brusselsesteenweg 400, 1730 Asse, Belgium, Brusselsesteenweg 400, 1730, Belgium",Brusselsesteenweg 400,Hotel,65,2026-07-15,EUR,6.4,429,be_la-chaumiere-asse.html.gz,2026-06-17T04:01:49+00:00,success
https://www.booking.com/hotel/be/mirabeau-bruxelles.en-gb.html,Hotel Mirabeau,,,1,,,,,,,,,,,be_mirabeau-bruxelles.html.gz,2026-06-17T04:02:15+00:00,failed
https://www.booking.com/hotel/be/adomagent.en-gb.html,Hotel Adoma,51.03384130378315,3.7146610021591187,0,3,official,"Sint Denijslaan 19, Stationsbuurt-Zuid, 9000 Ghent, Belgium, Sint Denijslaan 19, 9000, Belgium",Sint Denijslaan 19,Hotel,124,2026-07-15,EUR,7.8,1229,be_adomagent.html.gz,2026-06-17T04:02:41+00:00,success
https://www.booking.com/hotel/be/l-39-ardenne-buissoniere.en-gb.html,l'Ardenne buissonière,50.023362757087334,5.691264551967606,0,3,quality,"Hemroulle, 6600 Bastogne, Belgium, Hemroulle, 6600, Belgium",Hemroulle,Hotel,,,,8.1,53,be_l-39-ardenne-buissoniere.html.gz,2026-06-17T04:03:46+00:00,partial
https://www.booking.com/hotel/be/casa-victoria.en-gb.html,CASA Victoria,50.956139,5.340083,0,4,quality,"Vilstraat 6, 3511 Kuringen, Belgium, Vilstraat 6, 3511, Belgium",Vilstraat 6,Hotel,100,2026-07-29,EUR,8.6,110,be_casa-victoria.html.gz,2026-06-17T04:04:51+00:00,success
https://www.booking.com/hotel/be/les-dependances.en-gb.html,B&B Les Dépendances,50.48573307750005,4.857195999999931,0,3,quality,"Haut de Bomel, 14, 5003 Namur, Belgium, Haut de Bomel, 14, 5003, Belgium","Haut de Bomel, 14",Hotel,,,,8.6,97,be_les-dependances.html.gz,2026-06-17T04:05:55+00:00,partial
https://www.booking.com/hotel/be/au-chambertin.en-gb.html,Hotel L'Esprit Sain,50.42589549298895,6.026314795017242,0,3,official,"Chemin Rue, 46, 4960 Malmedy, Belgium, Chemin Rue, 46, 4960, Belgium","Chemin Rue, 46",Hotel,286,2026-07-15,EUR,7.6,492,be_au-chambertin.html.gz,2026-06-17T04:06:22+00:00,success
https://www.booking.com/hotel/be/nice-studio-center-ostend.en-gb.html,Shiny Nice studio at Ostend,51.2258605957031,2.91950941085815,0,,,,,,,,,,,be_nice-studio-center-ostend.html.gz,2026-06-17T04:07:29+00:00,partial
https://www.booking.com/hotel/be/villa-valentine.en-gb.html,Villa-Valentine,50.4667015075684,4.86667013168335,0,,,,,,,,,,,be_villa-valentine.html.gz,2026-06-17T04:08:38+00:00,partial
https://www.booking.com/hotel/be/eden-antwerp-by-sheetz-hotels.en-gb.html,TripInn Eden Antwerp,51.21543263544215,4.417509064078331,0,3,official,"Lange Herentalsestraat 25-27, Antwerp District, 2018 Antwerp, Belgium, Lange Herentalsestraat 25-27, 2018, Belgium",Lange Herentalsestraat 25-27,Hotel,112,2026-07-15,EUR,7.1,2647,be_eden-antwerp-by-sheetz-hotels.html.gz,2026-06-17T04:09:05+00:00,success
https://www.booking.com/hotel/be/ambassador-de-panne.en-gb.html,Ambassador Hotel,51.10114379103269,2.586459517478943,0,3,official,"Duinkerkelaan 43, 8660 De Panne, Belgium, Duinkerkelaan 43, 8660, Belgium",Duinkerkelaan 43,Hotel,,,,9.1,471,be_ambassador-de-panne.html.gz,2026-06-17T04:10:09+00:00,partial
https://www.booking.com/hotel/be/hygge.en-gb.html,Hygge Hotel,50.8352837132763,4.3594197975533,0,3,official,"31 Rue des Drapiers, Elsene / Ixelles, 1050 Brussels, Belgium, 31 Rue des Drapiers, 1050, Belgium",31 Rue des Drapiers,Hotel,118,2026-07-15,EUR,8.6,4357,be_hygge.html.gz,2026-06-17T04:10:36+00:00,success
https://www.booking.com/hotel/be/aparthotel-residentie-sweetnest.en-gb.html,Residentie Sweetnest,51.3490648,3.2806115999999292,0,3,quality,"Zonnelaan 16, Albertstrand, 8300 Knokke-Heist, Belgium, Zonnelaan 16, 8300, Belgium",Zonnelaan 16,Hotel,,,,7.8,58,be_aparthotel-residentie-sweetnest.html.gz,2026-06-17T04:11:42+00:00,partial
https://www.booking.com/hotel/be/le-chateau-de-rendeux.en-gb.html,Le Château de Rendeux,50.237605621576414,5.506124496459961,0,3,official,"Rue de Hotton 10, 6987 Rendeux, Belgium, Rue de Hotton 10, 6987, Belgium",Rue de Hotton 10,Hotel,,,,8.3,675,be_le-chateau-de-rendeux.html.gz,2026-06-17T04:12:47+00:00,partial
https://www.booking.com/hotel/be/etap-antwerpen-haven.en-gb.html,ibis budget Antwerpen Port,51.26778224377282,4.400871992111206,0,1,official,"Luithagen Haven 6a, Antwerp District, 2030 Antwerp, Belgium, Luithagen Haven 6a, 2030, Belgium",Luithagen Haven 6a,Hotel,63,2026-07-15,EUR,7.0,3668,be_etap-antwerpen-haven.html.gz,2026-06-17T04:13:10+00:00,success
https://www.booking.com/hotel/be/bungalow-bell-vue.en-gb.html,Bungalow Belle Vue & Chalet International,,,0,,,,,,,,,,,,2026-06-17T04:15:03+00:00,failed
https://www.booking.com/hotel/be/ferienhaus-lorea.en-gb.html,Ferienhaus Lorea,,,0,,,,,,,,,,,,2026-06-17T04:16:45+00:00,failed
https://www.booking.com/hotel/be/carolusmech.en-gb.html,Hotel Brouwerij Het Anker,,,0,,,,,,,,,,,,2026-06-17T04:18:26+00:00,failed
https://www.booking.com/hotel/be/au-chat-39-rme-des-blanches-pierres.en-gb.html,Au Chat'rme des Blanches Pierres,,,0,,,,,,,,,,,,2026-06-17T04:20:07+00:00,failed
https://www.booking.com/hotel/be/la-petite-louve.en-gb.html,La Petite Louve,,,0,,,,,,,,,,,,2026-06-17T04:21:50+00:00,failed
https://www.booking.com/hotel/be/van-der-valk-hotel-brussels-airport.en-gb.html,Van der Valk Hotel Brussels Airport,,,0,,,,,,,,,,,,2026-06-17T04:23:33+00:00,failed
https://www.booking.com/hotel/be/henrietta.en-gb.html,Henriëtta,,,0,,,,,,,,,,,,2026-06-17T04:25:18+00:00,failed
https://www.booking.com/hotel/be/le-relais-de-pommard.en-gb.html,Hotel Le Relais de Pommard,,,0,,,,,,,,,,,,2026-06-17T04:27:02+00:00,failed
https://www.booking.com/hotel/be/des-comtes.en-gb.html,Hotel des Comtes Durbuy,,,0,,,,,,,,,,,,2026-06-17T04:28:45+00:00,failed
https://www.booking.com/hotel/be/la-cantiniere-gerpinnes.en-gb.html,La Cantinière-Gerpinnes,,,0,,,,,,,,,,,,2026-06-17T04:29:59+00:00,failed
https://www.booking.com/hotel/be/bed-amp-breakfast-4-seasons.en-gb.html,B&B 4 Seasons,50.8006991,5.633994700000017,0,4,quality,"Waterstraat 46, 3770 Riemst, Belgium, Waterstraat 46, 3770, Belgium",Waterstraat 46,Hotel,130,2026-07-15,EUR,9.7,183,be_bed-amp-breakfast-4-seasons.html.gz,2026-06-17T04:31:43+00:00,success
https://www.booking.com/hotel/be/b-amp-b-de-bornedrager.en-gb.html,B&B De Bornedrager,,,0,,,,,,,,,,,,2026-06-17T04:34:09+00:00,failed
https://www.booking.com/hotel/be/hemelse-helderheid.en-gb.html,Hemelse Helderheid,,,0,,,,,,,,,,,,2026-06-17T04:35:34+00:00,failed
https://www.booking.com/hotel/be/the-city.en-gb.html,Apartment The City,,,0,,,,,,,,,,,,2026-06-17T04:36:07+00:00,failed
https://www.booking.com/hotel/be/de-buidel.en-gb.html,De Buidel,,,0,,,,,,,,,,,,2026-06-17T04:36:41+00:00,failed
https://www.booking.com/hotel/be/guest-house-la-maison-chantecler-brussels.en-gb.html,Guest house La Maison Chantecler,,,0,,,,,,,,,,,,2026-06-17T04:37:16+00:00,failed
https://www.booking.com/hotel/be/coco-mat-residence.en-gb.html,Smartflats Design - Antwerp Central,,,0,,,,,,,,,,,,2026-06-17T04:37:52+00:00,failed
https://www.booking.com/hotel/be/maison-ruthier.en-gb.html,B&B Maison Ruthier,,,0,,,,,,,,,,,,2026-06-17T04:38:27+00:00,failed
https://www.booking.com/hotel/be/maison-d-39-hotes-quot-cerf-39-titude-quot.en-gb.html,Maison d'Hôtes Cerf'titude,,,0,,,,,,,,,,,,2026-06-17T04:39:03+00:00,failed
https://www.booking.com/hotel/be/albergo.en-gb.html,Hotel Albergo,,,0,,,,,,,,,,,,2026-06-17T04:39:39+00:00,failed
https://www.booking.com/hotel/be/le-briquemont.en-gb.html,B&B Le Briquemont,,,0,,,,,,,,,,,,2026-06-17T04:40:20+00:00,failed
https://www.booking.com/hotel/be/il-etait-une-fois.en-gb.html,Il était une fois,,,0,,,,,,,,,,,,2026-06-17T04:41:16+00:00,failed
https://www.booking.com/hotel/be/la-mode-la-mode.en-gb.html,Les lofts de Styliste,,,0,,,,,,,,,,,,2026-06-17T04:42:06+00:00,failed
https://www.booking.com/hotel/be/b-h-c.en-gb.html,Hotel Continental Gare du Midi,,,0,,,,,,,,,,,,2026-06-17T04:43:00+00:00,failed
https://www.booking.com/hotel/be/hauwaertshoeve.en-gb.html,Hauwaertshoeve,,,0,,,,,,,,,,,,2026-06-17T04:43:50+00:00,failed
https://www.booking.com/hotel/be/plumes-et-pinceaux.en-gb.html,Plumes et Pinceaux,,,0,,,,,,,,,,,,2026-06-17T04:44:19+00:00,failed
https://www.booking.com/hotel/be/le-relais-du-moulin-gedinne.en-gb.html,Le Relais du Moulin,,,0,,,,,,,,,,,,2026-06-17T04:46:46+00:00,failed
https://www.booking.com/hotel/be/villa-des-roses-hasselt.en-gb.html,B&B Villa des Roses,,,0,,,,,,,,,,,,2026-06-17T04:48:49+00:00,failed
https://www.booking.com/hotel/be/de-laurier.en-gb.html,Residentie De Laurier,,,0,,,,,,,,,,,,2026-06-17T04:49:59+00:00,failed
https://www.booking.com/hotel/be/brussel-lounge.en-gb.html,Diamant Suites Brussels EU,,,0,,,,,,,,,,,,2026-06-17T04:51:42+00:00,failed
https://www.booking.com/hotel/be/au-coq-en-pate.en-gb.html,B&B Au Coq en Pate,,,0,,,,,,,,,,,,2026-06-17T04:53:23+00:00,failed
https://www.booking.com/hotel/be/quartierlatin.en-gb.html,Hotel Quartier Latin,,,0,,,,,,,,,,,,2026-06-17T04:55:06+00:00,failed
https://www.booking.com/hotel/be/europe.en-gb.html,Hotel Europe,,,0,,,,,,,,,,,,2026-06-17T04:56:47+00:00,failed
https://www.booking.com/hotel/be/huyze-ter-wilgen.en-gb.html,Huyze ter Wilgen,,,0,,,,,,,,,,,,2026-06-17T04:58:33+00:00,failed
https://www.booking.com/hotel/be/vakantiehuisje-de-vuurtoren.en-gb.html,Vakantiehuisje De Vuurtoren,,,0,,,,,,,,,,,,2026-06-17T05:00:16+00:00,failed
https://www.booking.com/hotel/be/chateau-charles-pepinster.en-gb.html,Château Charles,,,0,,,,,,,,,,,,2026-06-17T05:02:29+00:00,failed
https://www.booking.com/hotel/be/b-amp-b-oase-braunlauf.en-gb.html,B&B Oase,,,0,,,,,,,,,,,,2026-06-17T05:04:51+00:00,failed
https://www.booking.com/hotel/be/la-boheme-koksijde.en-gb.html,La Bohème Koksijde,,,0,,,,,,,,,,,,2026-06-17T05:05:21+00:00,failed
https://www.booking.com/hotel/be/bnb-intermezzo.en-gb.html,Spacious apartment - B&B InterMezzo for business & leisure,,,0,,,,,,,,,,,,2026-06-17T05:05:50+00:00,failed
https://www.booking.com/hotel/be/le-petit-gite-de-durbuy.en-gb.html,Comme à la Ferme,,,0,,,,,,,,,,,,2026-06-17T05:06:27+00:00,failed
https://www.booking.com/hotel/be/logis-hostellerie-de-la-claire-fontaine.en-gb.html,Logis Hostellerie De La Claire Fontaine,,,0,,,,,,,,,,,,2026-06-17T05:07:03+00:00,failed
https://www.booking.com/hotel/be/sauveniere-2.en-gb.html,Sauveniere 2,,,0,,,,,,,,,,,,2026-06-17T05:07:47+00:00,failed
https://www.booking.com/hotel/be/white-princess-koksijde.en-gb.html,White Princess-Yzzis,,,0,,,,,,,,,,,,2026-06-17T05:08:47+00:00,failed
https://www.booking.com/hotel/be/saint-martin.en-gb.html,Hotel Saint-Martin,,,0,,,,,,,,,,,,2026-06-17T05:09:59+00:00,failed
https://www.booking.com/hotel/be/interbellum.en-gb.html,Interbellum,,,0,,,,,,,,,,,,2026-06-17T05:11:44+00:00,failed
https://www.booking.com/hotel/be/faja-lobi.en-gb.html,B&B Faja lobi,,,0,,,,,,,,,,,,2026-06-17T05:13:28+00:00,failed
https://www.booking.com/hotel/be/groeneveld-oostende.en-gb.html,Groeneveld,,,0,,,,,,,,,,,,2026-06-17T05:15:13+00:00,failed
https://www.booking.com/hotel/be/mercure-blankenberge-station.en-gb.html,Hotel Mercure Blankenberge Station,,,0,,,,,,,,,,,,2026-06-17T05:16:56+00:00,failed
https://www.booking.com/hotel/be/campanileantwerpen.en-gb.html,Tulip Inn Antwerpen,,,0,,,,,,,,,,,,2026-06-17T05:18:39+00:00,failed
https://www.booking.com/hotel/be/acropolis-middelkerke1.en-gb.html,Acropolis,,,0,,,,,,,,,,,,2026-06-17T05:20:24+00:00,failed
https://www.booking.com/hotel/be/au-pre-bonheur.en-gb.html,Au Pré Bonheur,,,0,,,,,,,,,,,,2026-06-17T05:22:09+00:00,failed
https://www.booking.com/hotel/be/parkhotel.en-gb.html,Best Western Plus Park Hotel Brussels,50.84157754916729,4.396371245384216,0,4,official,"Avenue de l'Yser 21, Etterbeek, 1040 Brussels, Belgium, Avenue de l'Yser 21, 1040, Belgium",Avenue de l'Yser 21,Hotel,96,2026-07-15,EUR,8.2,1144,be_parkhotel.html.gz,2026-06-17T05:23:45+00:00,success
https://www.booking.com/hotel/be/1-2-trois-le-roi.en-gb.html,"1,2,trois...Le Roi",51.048562706053694,3.742944225668907,0,4,quality,"Eendrachtstraat  82, Macharius-Heirnis, 9000 Ghent, Belgium, Eendrachtstraat  82, 9000, Belgium",Eendrachtstraat  82,Hotel,,,,9.7,41,be_1-2-trois-le-roi.html.gz,2026-06-17T05:24:47+00:00,partial
https://www.booking.com/hotel/be/de-rosmolen.en-gb.html,De Rosmolen,51.183351348254114,3.7462306022644043,0,4,quality,"Stenenmolenstraat 21, 9940 Ertvelde, Belgium, Stenenmolenstraat 21, 9940, Belgium",Stenenmolenstraat 21,Hotel,,,,9.6,19,be_de-rosmolen.html.gz,2026-06-17T05:25:50+00:00,partial
https://www.booking.com/hotel/be/warwick-brussels.en-gb.html,Warwick Brussels - Grand Place,50.8451376251997,4.3544067442417145,0,4,official,"Rue Duquesnoy 5, 1000 Brussels, Belgium, Rue Duquesnoy 5, 1000, Belgium",Rue Duquesnoy 5,Hotel,199,2026-07-15,EUR,8.5,10000,be_warwick-brussels.html.gz,2026-06-17T05:26:16+00:00,success
https://www.booking.com/hotel/be/smartflats-sablon.en-gb.html,Smartflats City - Grand Sablon,,,1,,,,,,,,,,,be_smartflats-sablon.html.gz,2026-06-17T05:26:42+00:00,failed
https://www.booking.com/hotel/be/appartement224-grimbergen.en-gb.html,Appartement224,50.976502,4.389016,0,3,quality,"224 Kerkstraat, 1851 Grimbergen, Belgium, 224 Kerkstraat, 1851, Belgium",224 Kerkstraat,Hotel,,,,9.3,84,be_appartement224-grimbergen.html.gz,2026-06-17T05:27:44+00:00,partial
https://www.booking.com/hotel/be/abbey.en-gb.html,Hotel ABBEY,50.932112876599234,4.374876323942544,0,4,official,"Kerkeblokstraat 5, 1850 Grimbergen, Belgium, Kerkeblokstraat 5, 1850, Belgium",Kerkeblokstraat 5,Hotel,,,,8.1,217,be_abbey.html.gz,2026-06-17T05:28:48+00:00,partial
https://www.booking.com/hotel/be/villa-d-39-este-de-haan5.en-gb.html,Villa D'este,51.27164646319839,3.0343146220901644,0,4,quality,"August Beernaertstraat 3, 8420 De Haan, Belgium, August Beernaertstraat 3, 8420, Belgium",August Beernaertstraat 3,Hotel,198,2026-07-29,EUR,8.2,81,be_villa-d-39-este-de-haan5.html.gz,2026-06-17T05:29:52+00:00,success
https://www.booking.com/hotel/be/lavan.en-gb.html,Lavan,50.86858635017385,4.677654504776001,0,3,official,"Celestijnenlaan 60, 3001 Leuven, Belgium, Celestijnenlaan 60, 3001, Belgium",Celestijnenlaan 60,Hotel,,,,8.8,230,be_lavan.html.gz,2026-06-17T05:30:57+00:00,partial
https://www.booking.com/hotel/be/het-zummerheem.en-gb.html,B&B Het Zummerheem,50.9291000366211,5.33747005462646,0,,,,,,,,,,,be_het-zummerheem.html.gz,2026-06-17T05:32:09+00:00,partial
https://www.booking.com/hotel/be/domein-rodin.en-gb.html,B&B Domein Rodin,51.3026203813096,5.03022417426109,0,4,quality,"Rhoode 52, 2360 Oud-Turnhout, Belgium, Rhoode 52, 2360, Belgium",Rhoode 52,Hotel,214,2026-07-15,EUR,9.6,179,be_domein-rodin.html.gz,2026-06-17T05:32:34+00:00,success
https://www.booking.com/hotel/be/hoursinne.en-gb.html,L'Hoursinne,50.32185916399031,5.62511533498764,0,4,quality,"Grande Hoursinne 23, 6997 Érezée, Belgium, Grande Hoursinne 23, 6997, Belgium",Grande Hoursinne 23,Hotel,,,,9.1,29,be_hoursinne.html.gz,2026-06-17T05:33:39+00:00,partial
https://www.booking.com/hotel/be/oudhuisamsterdam.en-gb.html,Martin's Relais,51.21196809911488,3.2268208265304565,0,4,official,"Genthof 4, Historic Centre of Brugge, 8000 Bruges, Belgium, Genthof 4, 8000, Belgium",Genthof 4,Hotel,130,2026-07-15,EUR,8.7,2428,be_oudhuisamsterdam.html.gz,2026-06-17T05:34:05+00:00,success
https://www.booking.com/hotel/be/sint-maartenshousing.en-gb.html,Boutique Hotel Leuvenatel,50.8827250585027,4.70748470157469,0,5,official,"Ierse Predikherenstraat 24, 3000 Leuven, Belgium, Ierse Predikherenstraat 24, 3000, Belgium",Ierse Predikherenstraat 24,Hotel,,,,8.8,249,be_sint-maartenshousing.html.gz,2026-06-17T05:35:10+00:00,partial
https://www.booking.com/hotel/be/bwmelba.en-gb.html,Hotel Melba,50.0000329520726,5.71164608001709,0,4,official,"Avenue Mathieu, 49-51, 6600 Bastogne, Belgium, Avenue Mathieu, 49-51, 6600, Belgium","Avenue Mathieu, 49-51",Hotel,164,2026-07-15,EUR,8.7,1951,be_bwmelba.html.gz,2026-06-17T05:35:35+00:00,success
https://www.booking.com/hotel/be/the-pearl.en-gb.html,The Pearl,51.054058,3.724579,0,,,,,,,,,,,be_the-pearl.html.gz,2026-06-17T05:36:43+00:00,partial
https://www.booking.com/hotel/be/b-amp-b-duplex-appartment-in-old-mansion.en-gb.html,B&B Duplex appartment in old mansion,50.925456,5.338937,0,4,quality,"41 Toekomststraat, 3500 Hasselt, Belgium, 41 Toekomststraat, 3500, Belgium",41 Toekomststraat,Hotel,199,2026-07-15,EUR,9.1,68,be_b-amp-b-duplex-appartment-in-old-mansion.html.gz,2026-06-17T05:37:09+00:00,success
https://www.booking.com/hotel/be/auberge-de-jeunesse-de-lia-ge.en-gb.html,Liège Youth Hostel,50.64158052523824,5.584297478199005,0,,,"Rue Georges Simenon, 2, 4020 Liège, Belgium, Rue Georges Simenon, 2, 4020, Belgium","Rue Georges Simenon, 2",Hotel,58,2026-07-15,EUR,8.1,2322,be_auberge-de-jeunesse-de-lia-ge.html.gz,2026-06-17T05:37:43+00:00,success
https://www.booking.com/hotel/be/class-eco-namur.en-gb.html,Hotel Class'Eco Namur,50.49461274649624,4.800481349120673,0,1,official,"12 Nouvelle Route de Suarlée, 5020 Namur, Belgium, 12 Nouvelle Route de Suarlée, 5020, Belgium",12 Nouvelle Route de Suarlée,Hotel,54,2026-07-15,EUR,6.1,960,be_class-eco-namur.html.gz,2026-06-17T05:38:10+00:00,success
https://www.booking.com/hotel/be/adagio-access-bruxelles-europe.en-gb.html,Aparthotel Adagio Access Bruxelles Europe Aparthotel,50.84190274340808,4.369479417800903,0,4,quality,"Rue De l'Industrie 12, 1000 Brussels, Belgium, Rue De l'Industrie 12, 1000, Belgium",Rue De l'Industrie 12,Hotel,167,2026-07-15,EUR,8.5,3091,be_adagio-access-bruxelles-europe.html.gz,2026-06-17T05:38:36+00:00,success
https://www.booking.com/hotel/be/appartement-met-zeezicht-en-zwembad.en-gb.html,"Apartment ""Zeezicht""",51.219387160407,2.88494212065427,0,4,quality,"161 Zeedijk Residentie Zeezicht VII, appartement 504, Mariakerke, 8400 Ostend, Belgium, 161 Zeedijk Residentie Zeezicht VII, appartement 504, 8400, Belgium","161 Zeedijk Residentie Zeezicht VII, appartement 504",Hotel,,,,9.1,147,be_appartement-met-zeezicht-en-zwembad.html.gz,2026-06-17T05:39:40+00:00,partial
https://www.booking.com/hotel/be/gite-dardenne.en-gb.html,Gite Dardenne,49.9093682066168,5.20310536958277,0,3,quality,"14 Rue de Burtimpré, 6880 Bertrix, Belgium, 14 Rue de Burtimpré, 6880, Belgium",14 Rue de Burtimpré,Hotel,,,,8.6,58,be_gite-dardenne.html.gz,2026-06-17T05:40:45+00:00,partial
https://www.booking.com/hotel/be/le-coin-vert-brugge8.en-gb.html,Le Coin Vert,51.194577563581745,3.210033322684467,0,4,quality,"Ten Hove 2, Sint-Michiels, 8200 Bruges, Belgium, Ten Hove 2, 8200, Belgium",Ten Hove 2,Hotel,,,,9.0,74,be_le-coin-vert-brugge8.html.gz,2026-06-17T05:41:48+00:00,partial
https://www.booking.com/hotel/be/bed-and-breakfast-sablon-antwerp-antwerpen.en-gb.html,B&B Sablon Antwerp,51.218992724532214,4.396272129447766,0,4,quality,"Zand, Antwerp District, 2000 Antwerp, Belgium, Zand, 2000, Belgium",Zand,Hotel,156,2026-07-15,EUR,8.4,263,be_bed-and-breakfast-sablon-antwerp-antwerpen.html.gz,2026-06-17T05:42:15+00:00,success
https://www.booking.com/hotel/be/une-parenthese-en-ardenne.en-gb.html,Une parenthèse en Ardenne,49.863114440315684,5.111229141312833,0,4,quality,"2 rue St-hubert, 6851 Nollevaux, Belgium, 2 rue St-hubert, 6851, Belgium",2 rue St-hubert,Hotel,,,,9.2,57,be_une-parenthese-en-ardenne.html.gz,2026-06-17T05:43:21+00:00,partial
https://www.booking.com/hotel/be/koeckhofs.en-gb.html,Hotel Koeckhofs,51.25484,5.48022,0,,,,,,,,,,,be_koeckhofs.html.gz,2026-06-17T05:44:31+00:00,partial
https://www.booking.com/hotel/by/tourist.en-gb.html,Tourist Hotel,53.87577447726764,27.62790620326996,0,3,official,"Partizanskiy Prospect 81, 220026 Minsk, Belarus, Partizanskiy Prospect 81, 220026, Belarus",Partizanskiy Prospect 81,Hotel,,,,,,by_tourist.html.gz,2026-06-17T05:45:39+00:00,partial
https://www.booking.com/hotel/be/tourist-antwerpen.en-gb.html,Century Hotel Antwerpen Centrum,51.216430615487255,4.420444071292877,0,2,official,"Pelikaanstraat 20, Antwerp District, 2018 Antwerp, Belgium, Pelikaanstraat 20, 2018, Belgium",Pelikaanstraat 20,Hotel,73,2026-07-15,EUR,6.8,5245,be_tourist-antwerpen.html.gz,2026-06-17T05:46:03+00:00,success
https://www.booking.com/hotel/be/ferme-st-martin.en-gb.html,ferme st martin,50.281253,5.715017,0,3,quality,"18 rue saint-martin, 6960 Manhay, Belgium, 18 rue saint-martin, 6960, Belgium",18 rue saint-martin,Hotel,87,2026-07-15,EUR,8.6,550,be_ferme-st-martin.html.gz,2026-06-17T05:46:30+00:00,success
https://www.booking.com/hotel/be/hildegarden.en-gb.html,B&B Hildegarden,51.27504998909361,4.870888888835907,0,4,quality,"Meikloklaan 26, 2275 Gierle, Belgium, Meikloklaan 26, 2275, Belgium",Meikloklaan 26,Hotel,118,2026-07-22,EUR,9.6,332,be_hildegarden.html.gz,2026-06-17T05:47:15+00:00,success
https://www.booking.com/hotel/be/huis-matthias.en-gb.html,Les Maisons de la Mer,51.2258605957031,2.91950941085815,0,,,,,,,,,,,be_huis-matthias.html.gz,2026-06-17T05:48:26+00:00,partial
https://www.booking.com/hotel/be/b-aparthotels-regent.en-gb.html,B-aparthotel Regent,50.848795650599925,4.368802160024643,0,4,official,"Boulevard Du Regent 58, 1000 Brussels, Belgium, Boulevard Du Regent 58, 1000, Belgium",Boulevard Du Regent 58,Hotel,153,2026-07-15,EUR,7.7,1211,be_b-aparthotels-regent.html.gz,2026-06-17T05:48:51+00:00,success
https://www.booking.com/hotel/be/villa-reynaert.en-gb.html,B&B Villa Reynaert,51.06894,5.6548,0,,,,,,,,,,,be_villa-reynaert.html.gz,2026-06-17T05:50:00+00:00,partial
https://www.booking.com/hotel/be/de-kiezel.en-gb.html,De kiezel,50.929591,5.37438,0,4,quality,"71 Kiezelstraat, 3500 Hasselt, Belgium, 71 Kiezelstraat, 3500, Belgium",71 Kiezelstraat,Hotel,154,2026-07-15,EUR,9.0,240,be_de-kiezel.html.gz,2026-06-17T05:50:25+00:00,success
https://www.booking.com/hotel/be/smartflats-meir.en-gb.html,Smartflats Design - Meir,51.2211799621582,4.3996753692627,0,,,,,,,,,,,be_smartflats-meir.html.gz,2026-06-17T05:51:35+00:00,partial
https://www.booking.com/hotel/be/domiys-l-39-ecrin-vert-oudergem.en-gb.html,DOMITYS L'Ecrin Vert,50.815886,4.428115,0,,,"7 Jacques Bassemstraat, Oudergem / Auderghem, 1160 Brussels, Belgium, 7 Jacques Bassemstraat, 1160, Belgium",7 Jacques Bassemstraat,Hotel,,,,,,be_domiys-l-39-ecrin-vert-oudergem.html.gz,2026-06-17T05:52:42+00:00,partial
https://www.booking.com/hotel/be/f1-resort-grand-prix-spa-francorchamps.en-gb.html,Grand Prix Resort - Spa-Francorchamps,50.45316,5.95283,0,,,,,,,,,,,be_f1-resort-grand-prix-spa-francorchamps.html.gz,2026-06-17T05:53:51+00:00,partial
https://www.booking.com/hotel/be/au-calme.en-gb.html,Au calme,50.502493,5.231452,0,,,"8 Sur les Bruyères, 4570 Marchin, Belgium, 8 Sur les Bruyères, 4570, Belgium",8 Sur les Bruyères,Hotel,62,2026-07-29,EUR,8.1,119,be_au-calme.html.gz,2026-06-17T05:54:59+00:00,success
https://www.booking.com/hotel/be/anna-penthouse.en-gb.html,Anna Penthouse,51.0599115,3.7250162,0,4,quality,"20 Sluizeken, Sluizeken-Tolhuis-Ham, 9000 Ghent, Belgium, 20 Sluizeken, 9000, Belgium",20 Sluizeken,Hotel,,,,8.3,218,be_anna-penthouse.html.gz,2026-06-17T05:56:06+00:00,partial
https://www.booking.com/hotel/be/ducongres.en-gb.html,Hotel Du Congres,50.84941037393845,4.367267936468124,0,3,official,"42, Rue Du Congres, 1000 Brussels, Belgium, 42, Rue Du Congres, 1000, Belgium","42, Rue Du Congres",Hotel,100,2026-07-15,EUR,8.4,4449,be_ducongres.html.gz,2026-06-17T05:56:35+00:00,success
https://www.booking.com/hotel/be/loft-d-isa.en-gb.html,loft d Isa avec wifi netflix,50.40285,5.07762,0,,,,,,,,,,,be_loft-d-isa.html.gz,2026-06-17T05:57:45+00:00,partial
https://www.booking.com/hotel/be/strandhotel-de-haan.en-gb.html,Strandhotel De Haan,51.27796885014071,3.0298152565956116,0,2,official,"Zeedijk - De Haan 19, 8420 De Haan, Belgium, Zeedijk - De Haan 19, 8420, Belgium",Zeedijk - De Haan 19,Hotel,,,,8.1,610,be_strandhotel-de-haan.html.gz,2026-06-17T05:58:56+00:00,partial
https://www.booking.com/hotel/be/glorious-central-antwerp-apartment-view.en-gb.html,Cosy apartment - 5-Star Location !,51.2141193,4.4095797,0,3,quality,"4 Nieuwstad, Antwerp District, 2000 Antwerp, Belgium, 4 Nieuwstad, 2000, Belgium",4 Nieuwstad,Hotel,,,,8.2,20,be_glorious-central-antwerp-apartment-view.html.gz,2026-06-17T06:00:04+00:00,partial
https://www.booking.com/hotel/be/het-kleine-paradijs.en-gb.html,Het kleine paradijs,51.2417652,3.345146,0,4,official,"Belle Maertensstraat 43 2de verdiep, 8340 Damme, Belgium, Belle Maertensstraat 43 2de verdiep, 8340, Belgium",Belle Maertensstraat 43 2de verdiep,Hotel,,,,8.2,8,be_het-kleine-paradijs.html.gz,2026-06-17T06:01:10+00:00,partial
https://www.booking.com/hotel/be/16-grote-markt.en-gb.html,Antwerp old town triplex apartment,51.220822821246,4.399832634393,0,4,quality,"16 Grote Markt, Antwerp District, 2000 Antwerp, Belgium, 16 Grote Markt, 2000, Belgium",16 Grote Markt,Hotel,,,,9.3,79,be_16-grote-markt.html.gz,2026-06-17T06:02:15+00:00,partial
https://www.booking.com/hotel/be/studio-eveux.en-gb.html,Studio Eveux,50.175390676554,5.590962646214,0,3,quality,"Chemin des Eveux 5, 6980 La Roche-en-Ardenne, Belgium, Chemin des Eveux 5, 6980, Belgium",Chemin des Eveux 5,Hotel,,,,9.1,80,be_studio-eveux.html.gz,2026-06-17T06:03:21+00:00,partial
https://www.booking.com/hotel/be/cityloft-eilandje.en-gb.html,CityLoft Eilandje,51.2211799621582,4.3996753692627,0,,,,,,,,,,,be_cityloft-eilandje.html.gz,2026-06-17T06:04:34+00:00,partial
https://www.booking.com/hotel/be/de-zonnetuin.en-gb.html,De Zonnetuin,51.271869,3.033805,0,4,quality,"11 Stationsstraat, 8420 De Haan, Belgium, 11 Stationsstraat, 8420, Belgium",11 Stationsstraat,Hotel,,,,8.5,199,be_de-zonnetuin.html.gz,2026-06-17T06:05:38+00:00,partial
https://www.booking.com/hotel/be/majestic-apartment-with-breathtaking-sea-view.en-gb.html,Majestic Apartment With Breathtaking Sea View,51.2761459350586,3.03003787994385,0,,,,,,,,,,,be_majestic-apartment-with-breathtaking-sea-view.html.gz,2026-06-17T06:06:46+00:00,partial
https://www.booking.com/hotel/be/bel-appartement-entre-l-39-atomium-et-le-centre-ville.en-gb.html,Charmant studio entre l'atomium et le centre ville,,,1,,,,,,,,,,,be_bel-appartement-entre-l-39-atomium-et-le-centre-ville.html.gz,2026-06-17T06:07:13+00:00,failed
https://www.booking.com/hotel/be/amigo.en-gb.html,Rocco Forte Hotel Amigo,50.846097884632,4.351387917995453,0,5,official,"Rue de l'Amigo 1-3, 1000 Brussels, Belgium, Rue de l'Amigo 1-3, 1000, Belgium",Rue de l'Amigo 1-3,Hotel,442,2026-07-15,EUR,9.4,666,be_amigo.html.gz,2026-06-17T06:07:42+00:00,success
https://www.booking.com/hotel/be/european-institutions-apartments.en-gb.html,European institutions apartments,,,1,,,,,,,,,,,be_european-institutions-apartments.html.gz,2026-06-17T06:08:12+00:00,failed
https://www.booking.com/hotel/be/les-lucioles.en-gb.html,Les Lucioles,50.4532776625099,5.95879236236215,0,3,quality,"Route de Ster 6, 4970 Francorchamps, Belgium, Route de Ster 6, 4970, Belgium",Route de Ster 6,Hotel,,,,9.7,134,be_les-lucioles.html.gz,2026-06-17T06:09:18+00:00,partial
https://www.booking.com/hotel/be/al-mulino.en-gb.html,Hotel AL Mulino,50.93895644726851,5.703379511833191,0,4,official,"Molenveldstraat 7, 3631 Maasmechelen, Belgium, Molenveldstraat 7, 3631, Belgium",Molenveldstraat 7,Hotel,120,2026-07-15,EUR,8.5,496,be_al-mulino.html.gz,2026-06-17T06:09:43+00:00,success
https://www.booking.com/hotel/be/commerce.en-gb.html,Hotel du Commerce,50.13225902152051,5.790387690067291,0,4,official,"Rue du Pont 10, 6660 Houffalize, Belgium, Rue du Pont 10, 6660, Belgium",Rue du Pont 10,Hotel,160,2026-07-15,EUR,8.6,1223,be_commerce.html.gz,2026-06-17T06:10:07+00:00,success
https://www.booking.com/hotel/be/sauveniere-1.en-gb.html,Sauvenière 1,50.64514,5.57342,0,,,,,,,,,,,be_sauveniere-1.html.gz,2026-06-17T06:11:13+00:00,partial
https://www.booking.com/hotel/be/appartement-seaview-bunnenplein.en-gb.html,Appartement Seaview Bunnenplein,51.352545,3.28958,0,4,quality,"Van Bunnenplein 30- 53c, Knokke, 8300 Knokke-Heist, Belgium, Van Bunnenplein 30- 53c, 8300, Belgium",Van Bunnenplein 30- 53c,Hotel,,,,8.9,87,be_appartement-seaview-bunnenplein.html.gz,2026-06-17T06:12:19+00:00,partial
https://www.booking.com/hotel/be/spacious-guest-suites-near-historic-market-5-min-walk.en-gb.html,Spacious Guest Suites near Historic Market - 5 Min Walk,51.2025054,3.2333311,0,3,quality,"6 Gentpoortvest, Historic Centre of Brugge, 8000 Bruges, Belgium, 6 Gentpoortvest, 8000, Belgium",6 Gentpoortvest,Hotel,121,2026-07-15,EUR,8.8,263,be_spacious-guest-suites-near-historic-market-5-min-walk.html.gz,2026-06-17T06:12:46+00:00,success
https://www.booking.com/hotel/be/carrefour.en-gb.html,NH Brussels Carrefour de L’Europe,50.846337523013524,4.355365633964539,0,4,official,"Grasmarkt 110, 1000 Brussels, Belgium, Grasmarkt 110, 1000, Belgium",Grasmarkt 110,Hotel,162,2026-07-15,EUR,8.4,1294,be_carrefour.html.gz,2026-06-17T06:13:14+00:00,success
https://www.booking.com/hotel/be/des-brasseurs.en-gb.html,Hotel Des Brasseurs,51.272918,3.032722,0,4,official,"Koninklijk Plein 1, 8420 De Haan, Belgium, Koninklijk Plein 1, 8420, Belgium",Koninklijk Plein 1,Hotel,245,2026-07-15,EUR,9.1,323,be_des-brasseurs.html.gz,2026-06-17T06:13:42+00:00,success
https://www.booking.com/hotel/be/le-chataignier-centenaire.en-gb.html,Le Chataignier Centenaire,50.58754,3.54306,0,,,,,,,,,,,be_le-chataignier-centenaire.html.gz,2026-06-17T06:14:50+00:00,partial
https://www.booking.com/hotel/by/agrousad-39-ba-nikodim.en-gb.html,Agrousad'ba Nikodim,53.45374,26.46591,0,,,,,,,,,,,by_agrousad-39-ba-nikodim.html.gz,2026-06-17T06:15:59+00:00,partial
https://www.booking.com/hotel/be/chaplin-blankenberge.en-gb.html,Hotel Chaplin,51.3143868,3.1240450999999894,0,,,"Vanderstichelenstraat 25, 8370 Blankenberge, Belgium, Vanderstichelenstraat 25, 8370, Belgium",Vanderstichelenstraat 25,Hotel,140,2026-07-15,EUR,6.7,204,be_chaplin-blankenberge.html.gz,2026-06-17T06:16:27+00:00,success
https://www.booking.com/hotel/be/lesse-matinal.en-gb.html,Lesse matinal,49.9912962,5.16096870000001,0,3,quality,"173 Lesse, 6890 Redu, Belgium, 173 Lesse, 6890, Belgium",173 Lesse,Hotel,,,,8.9,83,be_lesse-matinal.html.gz,2026-06-17T06:17:35+00:00,partial
https://www.booking.com/hotel/be/luxury-suites-meir.en-gb.html,Luxury Suites Meir,51.2199138,4.4145031,0,3,quality,"92 Sint-Jacobsmarkt, Antwerp District, 2000 Antwerp, Belgium, 92 Sint-Jacobsmarkt, 2000, Belgium",92 Sint-Jacobsmarkt,Hotel,126,2026-07-15,EUR,7.9,669,be_luxury-suites-meir.html.gz,2026-06-17T06:18:01+00:00,success
https://www.booking.com/hotel/be/haus-tiefenbach.en-gb.html,Hotel Haus Tiefenbach,50.4049703989113,6.2741804122924805,0,4,official,"Triererstrasse 21, 4760 Bullange, Belgium, Triererstrasse 21, 4760, Belgium",Triererstrasse 21,Hotel,390,2026-07-15,EUR,9.0,284,be_haus-tiefenbach.html.gz,2026-06-17T06:18:28+00:00,success
https://www.booking.com/hotel/be/b-amp-b-art-14.en-gb.html,B&B Art.14,51.11999,4.808941,0,3,quality,"Leefdaalstraat 14, 2200 Morkhoven, Belgium, Leefdaalstraat 14, 2200, Belgium",Leefdaalstraat 14,Hotel,,,,8.4,23,be_b-amp-b-art-14.html.gz,2026-06-17T06:19:36+00:00,partial
https://www.booking.com/hotel/be/euro-capital-brussels.en-gb.html,Hotel Euro Capital Brussels,50.836773895251696,4.339575469493866,0,4,official,"Avenue Fonsny 9, Sint-Gillis / Saint-Gilles, 1060 Brussels, Belgium, Avenue Fonsny 9, 1060, Belgium",Avenue Fonsny 9,Hotel,156,2026-07-15,EUR,8.3,929,be_euro-capital-brussels.html.gz,2026-06-17T06:20:03+00:00,success
https://www.booking.com/hotel/be/best-western-ter-elst.en-gb.html,Hotel Ter Elst,51.14986134901009,4.4330960512161255,0,3,official,"Kattenbroek 1, 2650 Edegem, Belgium, Kattenbroek 1, 2650, Belgium",Kattenbroek 1,Hotel,161,2026-07-22,EUR,8.2,927,be_best-western-ter-elst.html.gz,2026-06-17T06:20:50+00:00,success
https://www.booking.com/hotel/be/de-pastorie.en-gb.html,De Pastorie,50.82279543120607,5.396274626255035,0,,,"Martinusstraat 34, 3840  Borgloon, Belgium, Martinusstraat 34, 3840 , Belgium",Martinusstraat 34,Hotel,164,2026-07-15,EUR,8.9,532,be_de-pastorie.html.gz,2026-06-17T06:21:15+00:00,success
https://www.booking.com/hotel/be/janbrito.en-gb.html,Hotel Jan Brito - Small Elegant Hotels,51.20812521681669,3.2300448417663574,0,4,official,"Freren Fonteinstraat 1, Historic Centre of Brugge, 8000 Bruges, Belgium, Freren Fonteinstraat 1, 8000, Belgium",Freren Fonteinstraat 1,Hotel,122,2026-07-15,EUR,8.5,1629,be_janbrito.html.gz,2026-06-17T06:21:44+00:00,success
https://www.booking.com/hotel/be/t-huys-van-enaeme.en-gb.html,B&B 't Huys van Enaeme,50.854527790430616,3.633206906318719,0,4,quality,"Lijnwaadmarkt 34, 9700 Oudenaarde, Belgium, Lijnwaadmarkt 34, 9700, Belgium",Lijnwaadmarkt 34,Hotel,115,2026-07-22,EUR,9.2,199,be_t-huys-van-enaeme.html.gz,2026-06-17T06:22:31+00:00,success
https://www.booking.com/hotel/be/smartflats-royal.en-gb.html,Smartflats City - Royal,,,1,,,,,,,,,,,be_smartflats-royal.html.gz,2026-06-17T06:22:58+00:00,failed
https://www.booking.com/hotel/be/glamping-op-het-zeugekot.en-gb.html,Glamping op het Zeugekot,50.9193045920599,2.60727882385254,0,,,"Sint-Omaarsstraat 4, 8691 Beveren, Belgium, Sint-Omaarsstraat 4, 8691, Belgium",Sint-Omaarsstraat 4,Hotel,,,,8.3,62,be_glamping-op-het-zeugekot.html.gz,2026-06-17T06:24:01+00:00,partial
https://www.booking.com/hotel/be/bilderdijk.en-gb.html,Hotel Bilderdijk,51.27563055365795,3.0369794368743896,0,3,official,"Bilderdijklaan 4, 8420 De Haan, Belgium, Bilderdijklaan 4, 8420, Belgium",Bilderdijklaan 4,Hotel,,,,8.5,95,be_bilderdijk.html.gz,2026-06-17T06:25:05+00:00,partial
https://www.booking.com/hotel/be/roosendaelhof.en-gb.html,B&B Roosendaelhof,51.164607883546076,4.98929500579834,0,3,official,"Stationsstraat 50, 2440 Geel, Belgium, Stationsstraat 50, 2440, Belgium",Stationsstraat 50,Hotel,145,2026-07-15,EUR,8.8,340,be_roosendaelhof.html.gz,2026-06-17T06:25:29+00:00,success
https://www.booking.com/hotel/be/windsor-castle-b-b.en-gb.html,Logies Windsor,51.2258605957031,2.91950941085815,0,,,,,,,,,,,be_windsor-castle-b-b.html.gz,2026-06-17T06:26:39+00:00,partial
