hotel_id,city,aspect,period,prev_period,delta_q,mentions,prev_mentions,period_pos,n_periods_hotel_aspect,pre_ok_index,post_ok_index,pre_present,post_present,has_2pre_2post,peer_count,improving_peer_count,peer_exposure,mean_peer_delta,max_peer_delta,peer_set_available
000100abb6c04aba,London,noise,2016Q2,2016Q1,0.16161616161616166,23,17,3,9,True,True,2,2,True,9,2,0.2222222222222222,0.06232313842945145,0.531986531986532,True
000100abb6c04aba,London,service,2017Q1,2016Q4,0.17194570135746612,42,41,6,9,True,True,2,2,True,10,1,0.1,0.006022523606316432,0.23636363636363655,True
000100abb6c04aba,London,value,2016Q1,2015Q4,0.3851851851851852,30,17,2,9,True,True,2,2,True,9,4,0.4444444444444444,0.12402730525820968,0.4396284829721362,True
000100abb6c04aba,London,value,2017Q1,2016Q4,0.3083003952569169,23,13,6,9,True,True,2,2,True,10,2,0.2,0.033553191906133095,0.463157894736842,True
00014379887908bc,Paris,room,2016Q4,2016Q3,0.20952380952380956,5,4,5,9,True,True,2,2,True,10,2,0.2,-0.07810769442445628,0.30000000000000004,True
0024a3e654f13a6e,London,breakfast,2017Q1,2016Q4,0.1858974358974359,29,14,6,9,True,True,2,2,True,10,2,0.2,-0.03657140599631216,0.42000000000000004,True
0024a3e654f13a6e,London,cleanliness,2016Q2,2016Q1,0.20350877192982453,20,9,3,9,True,True,2,2,True,9,3,0.3333333333333333,0.06338763481692018,0.37362637362637374,True
0024a3e654f13a6e,London,cleanliness,2017Q1,2016Q4,0.19259259259259265,25,17,6,9,True,True,2,2,True,10,0,0.0,-0.01978087758193715,0.14973262032085566,True
0024a3e654f13a6e,London,noise,2016Q2,2016Q1,0.2592592592592593,17,8,3,9,True,True,2,2,True,9,3,0.3333333333333333,0.1133214691910344,0.4444444444444444,True
0024a3e654f13a6e,London,noise,2016Q3,2016Q2,0.18074074074074065,15,17,4,9,True,True,2,2,True,9,2,0.2222222222222222,-0.007187192274911565,0.2255639097744362,True
0024a3e654f13a6e,London,room,2016Q3,2016Q2,0.1611111111111112,70,71,4,9,True,True,2,2,True,9,0,0.0,-0.08731307970112129,-0.0071428571428571175,True
0024a3e654f13a6e,London,service,2016Q2,2016Q1,0.288888888888889,50,26,3,9,True,True,2,2,True,9,2,0.2222222222222222,-0.0017052286065427265,0.2906976744186047,True
0024a3e654f13a6e,London,value,2016Q4,2016Q3,0.6041189931350114,9,13,5,9,True,True,2,2,True,10,0,0.0,-0.10648458266879315,0.08030303030303032,True
00795a8b6ae87c5d,Barcelona,breakfast,2016Q1,2015Q4,0.17391304347826098,13,13,2,9,True,True,2,2,True,10,1,0.1,0.04929979864190387,0.4999999999999999,True
00795a8b6ae87c5d,Barcelona,cleanliness,2016Q2,2016Q1,0.24269005847953218,26,9,3,9,True,True,2,2,True,10,1,0.1,0.04386016352355765,0.7222222222222222,True
00795a8b6ae87c5d,Barcelona,noise,2016Q2,2016Q1,0.3928571428571429,14,4,3,9,True,True,2,2,True,10,1,0.1,-0.12026541635060903,0.4369747899159663,True
00795a8b6ae87c5d,Barcelona,noise,2016Q4,2016Q3,0.1876750700280112,11,24,5,9,True,True,2,2,True,10,1,0.1,-0.037983166259028346,0.16748768472906395,True
00795a8b6ae87c5d,Barcelona,room,2016Q1,2015Q4,0.19370629370629366,45,42,2,9,True,True,2,2,True,10,0,0.0,-0.067294488283686,0.14936061381074173,True
00795a8b6ae87c5d,Barcelona,service,2016Q1,2015Q4,0.24751066856330017,27,28,2,9,True,True,2,2,True,10,1,0.1,-0.07966743086615938,0.15454545454545454,True
00795a8b6ae87c5d,Barcelona,value,2016Q1,2015Q4,0.349090909090909,12,15,2,9,True,True,2,2,True,10,1,0.1,0.026501096942273383,0.17647058823529416,True
00a8070a9eb34993,Milan,breakfast,2016Q1,2015Q4,0.24223602484472062,18,13,2,9,True,True,2,2,True,10,1,0.1,0.0013809566305224453,0.23809523809523814,True
00a8070a9eb34993,Milan,breakfast,2016Q4,2016Q3,0.2222222222222221,26,26,5,9,True,True,2,2,True,10,1,0.1,-0.01060289760658455,0.23376623376623373,True
00a8070a9eb34993,Milan,cleanliness,2016Q1,2015Q4,0.16315789473684195,9,10,2,9,True,True,2,2,True,10,1,0.1,-0.056785628164938505,0.16410256410256419,True
00a8070a9eb34993,Milan,noise,2017Q1,2016Q4,0.3666666666666666,5,2,6,9,True,True,2,2,True,10,1,0.1,-0.0346153846153846,0.15384615384615374,True
00a8070a9eb34993,Milan,room,2016Q2,2016Q1,0.31301068510370833,27,33,3,9,True,True,2,2,True,9,4,0.4444444444444444,0.1034665558842583,0.25757575757575746,True
00a8070a9eb34993,Milan,service,2016Q1,2015Q4,0.5757575757575757,23,22,2,9,True,True,2,2,True,10,3,0.3,-0.012866753825400446,0.5064935064935064,True
00b19bc836502cb6,Amsterdam,breakfast,2016Q4,2016Q3,0.3721804511278195,18,9,5,9,True,True,2,2,True,10,1,0.1,0.007667286899276182,0.2222222222222221,True
00b19bc836502cb6,Amsterdam,cleanliness,2016Q2,2016Q1,0.1925133689839571,34,24,3,9,True,True,2,2,True,10,3,0.3,0.005063253153658398,0.24291497975708487,True
00b19bc836502cb6,Amsterdam,cleanliness,2017Q1,2016Q4,0.21794871794871784,29,14,6,9,True,True,2,2,True,10,1,0.1,0.011477225194992103,0.36257309941520455,True
00b19bc836502cb6,Amsterdam,location,2017Q1,2016Q4,0.19999999999999996,70,50,6,9,True,True,2,2,True,10,1,0.1,-0.09052557400771452,0.17142857142857149,True
00b19bc836502cb6,Amsterdam,noise,2016Q1,2015Q4,0.40476190476190477,11,2,2,9,True,True,2,2,True,8,2,0.25,0.056055236473193146,0.4396284829721362,True
00b19bc836502cb6,Amsterdam,service,2017Q1,2016Q4,0.1868913857677903,79,50,6,9,True,True,2,2,True,10,1,0.1,-0.020860348999786726,0.20370370370370372,True
00b19bc836502cb6,Amsterdam,value,2016Q4,2016Q3,0.17307692307692313,16,14,5,9,True,True,2,2,True,10,3,0.3,0.05089692929416998,0.4272445820433437,True
00c7ffcefee670b1,London,breakfast,2016Q1,2015Q4,0.18285714285714283,18,15,2,9,True,True,2,2,True,9,1,0.1111111111111111,-0.08405272639813034,0.16666666666666674,True
00c7ffcefee670b1,London,breakfast,2016Q2,2016Q1,0.28021978021978033,42,18,3,9,True,True,2,2,True,9,1,0.1111111111111111,-0.04414141843806959,0.20003007971123488,True
00c7ffcefee670b1,London,breakfast,2017Q1,2016Q4,0.44000000000000006,40,40,6,9,True,True,2,2,True,9,1,0.1111111111111111,-0.07384997899703782,0.7460317460317459,True
00c7ffcefee670b1,London,noise,2017Q1,2016Q4,0.34647550776583025,17,21,6,9,True,True,2,2,True,9,0,0.0,-0.1234923170984552,0.11739130434782608,True
00c7ffcefee670b1,London,room,2016Q4,2016Q3,0.28211284513805523,109,88,5,9,True,True,2,2,True,9,2,0.2222222222222222,0.0542390568130818,0.2974358974358975,True
00c7ffcefee670b1,London,value,2016Q1,2015Q4,0.7115384615384616,14,16,2,9,True,True,2,2,True,9,0,0.0,-0.04660228321805426,0.04385964912280704,True
00c7ffcefee670b1,London,value,2016Q4,2016Q3,0.17887931034482762,22,19,5,9,True,True,2,2,True,9,2,0.2222222222222222,-0.018264552969959102,0.4303030303030303,True
00dcc48455869c47,Paris,breakfast,2016Q4,2016Q3,0.3466666666666667,5,15,5,9,True,True,2,2,True,8,0,0.0,-0.12774601606123343,0.051587301587301515,True
00dcc48455869c47,Paris,cleanliness,2016Q3,2016Q2,0.24242424242424243,14,1,4,9,True,True,2,2,True,9,3,0.3333333333333333,0.15345315694128903,0.7485380116959065,True
00dcc48455869c47,Paris,location,2016Q3,2016Q2,0.3897435897435897,29,5,4,9,True,True,2,2,True,9,3,0.3333333333333333,0.01433803363627928,0.19736842105263164,True
00dcc48455869c47,Paris,room,2017Q1,2016Q4,0.2857142857142857,11,11,6,9,True,True,2,2,True,8,0,0.0,-0.0885627453322466,0.050000000000000044,True
00dcc48455869c47,Paris,service,2017Q1,2016Q4,0.3088235294117647,6,7,6,9,True,True,2,2,True,8,1,0.125,0.052051384288226366,0.4491228070175439,True
00f99d732f95a84a,Paris,breakfast,2016Q3,2016Q2,0.3290043290043291,11,1,4,9,True,True,2,2,True,9,0,0.0,-0.03627597892303774,0.08556149732620322,True
00f99d732f95a84a,Paris,service,2016Q3,2016Q2,0.20606060606060606,12,5,4,9,True,True,2,2,True,9,2,0.2222222222222222,0.005161113564371483,0.16923076923076907,True
01650eb9edd0c54b,Vienna,breakfast,2016Q1,2015Q4,0.3913043478260869,13,0,2,9,True,True,2,2,True,10,0,0.0,-0.05171651619794034,0.1428571428571429,True
01650eb9edd0c54b,Vienna,breakfast,2017Q1,2016Q4,0.45641025641025657,20,16,6,9,True,True,2,2,True,10,2,0.2,-0.048371138876927046,0.2684210526315789,True
01650eb9edd0c54b,Vienna,location,2016Q2,2016Q1,0.29581395348837214,33,15,3,9,True,True,2,2,True,10,3,0.3,0.05410178454932082,0.20606060606060606,True
01650eb9edd0c54b,Vienna,room,2016Q1,2015Q4,0.2682926829268293,31,12,2,9,True,True,2,2,True,10,1,0.1,-0.043055515752312104,0.18181818181818177,True
01650eb9edd0c54b,Vienna,service,2017Q1,2016Q4,0.20370370370370372,17,26,6,9,True,True,2,2,True,10,2,0.2,0.02431911148624958,0.407119021134594,True
01650eb9edd0c54b,Vienna,value,2016Q2,2016Q1,0.25791855203619907,16,7,3,9,True,True,2,2,True,10,3,0.3,-0.028854935387193425,0.1678321678321677,True
01650eb9edd0c54b,Vienna,value,2017Q1,2016Q4,0.3203661327231121,9,13,6,9,True,True,2,2,True,10,2,0.2,0.009883965363841517,0.41025641025641024,True
017bd3d2d7a1ae0e,Paris,location,2016Q2,2016Q1,0.1809954751131222,7,3,3,9,True,True,2,2,True,8,2,0.25,-0.033712216661971495,0.26923076923076916,True
017bd3d2d7a1ae0e,Paris,service,2017Q1,2016Q4,0.30065359477124187,7,8,6,9,True,True,2,2,True,9,0,0.0,0.0013530466054204233,0.125,True
01c15fcb4a267f67,London,breakfast,2016Q2,2016Q1,0.15032679738562083,8,7,3,9,True,True,2,2,True,9,2,0.2222222222222222,-0.013175814942993198,0.2222222222222222,True
01c15fcb4a267f67,London,room,2016Q2,2016Q1,0.35882352941176476,10,7,3,9,True,True,2,2,True,9,0,0.0,-0.025102375955906166,0.1428571428571428,True
01f1b4d075f33eeb,London,cleanliness,2016Q2,2016Q1,0.23809523809523814,32,29,3,9,True,True,2,2,True,8,2,0.25,0.015669936850641553,0.25726654298082874,True
01f1b4d075f33eeb,London,cleanliness,2017Q1,2016Q4,0.2250000000000001,22,20,6,9,True,True,2,2,True,8,1,0.125,-0.0689121577130802,0.22282398452611218,True
01f1b4d075f33eeb,London,room,2016Q1,2015Q4,0.26046511627906965,120,76,2,9,True,True,2,2,True,8,0,0.0,0.04924011132380128,0.13242110375555627,True
01f1b4d075f33eeb,London,room,2017Q1,2016Q4,0.15171592347204643,123,91,6,9,True,True,2,2,True,8,1,0.125,-0.04648591476320864,0.16117216117216127,True
01f1b4d075f33eeb,London,value,2016Q1,2015Q4,0.44444444444444453,17,14,2,9,True,True,2,2,True,8,2,0.25,0.006381052175920832,0.4155844155844155,True
028680806c93c77f,London,breakfast,2016Q4,2016Q3,0.2934782608695652,6,13,5,9,True,True,2,2,True,10,3,0.3,-0.036646511402643946,0.43088803088803096,True
028680806c93c77f,London,cleanliness,2016Q2,2016Q1,0.16541353383458657,11,9,3,9,True,True,2,2,True,8,2,0.25,0.0656902485011197,0.2738095238095237,True
028680806c93c77f,London,room,2016Q1,2015Q4,0.224390243902439,40,31,2,9,True,True,2,2,True,8,4,0.5,0.11877955911603798,0.3556443556443557,True
028680806c93c77f,London,room,2016Q3,2016Q2,0.29761904761904756,32,46,4,9,True,True,2,2,True,8,0,0.0,-0.11995447334722503,0.028669108669108656,True
028680806c93c77f,London,room,2017Q1,2016Q4,0.17361111111111116,26,22,6,9,True,True,2,2,True,10,1,0.1,0.011421307472938624,0.3865079365079366,True
028680806c93c77f,London,service,2016Q1,2015Q4,0.27419354838709675,26,21,2,9,True,True,2,2,True,8,2,0.25,0.030166300603234497,0.2555344718532575,True
030435f21a461115,Vienna,breakfast,2016Q4,2016Q3,0.42245989304812825,12,7,5,9,True,True,2,2,True,10,1,0.1,0.0595404989275957,0.36309523809523814,True
030435f21a461115,Vienna,cleanliness,2016Q1,2015Q4,0.19195046439628483,9,7,2,9,True,True,2,2,True,10,3,0.3,-0.014514130348495668,0.1768421052631579,True
030435f21a461115,Vienna,cleanliness,2016Q4,2016Q3,0.21832358674463936,17,9,5,9,True,True,2,2,True,10,2,0.2,0.020203815792051126,0.24848484848484853,True
030435f21a461115,Vienna,location,2016Q2,2016Q1,0.23333333333333317,8,10,3,9,True,True,2,2,True,10,3,0.3,0.014709638569906269,0.20320855614973277,True
030435f21a461115,Vienna,location,2017Q1,2016Q4,0.24235294117647066,15,24,6,9,True,True,2,2,True,9,2,0.2222222222222222,0.06876879952215346,0.31534391534391526,True
030435f21a461115,Vienna,noise,2016Q4,2016Q3,0.34090909090909094,6,1,5,9,True,True,2,2,True,10,5,0.5,-0.018396880896880897,0.2575757575757577,True
030435f21a461115,Vienna,room,2016Q3,2016Q2,0.2155172413793104,19,14,4,9,True,True,2,2,True,10,1,0.1,-0.03449999191417954,0.1743589743589744,True
030435f21a461115,Vienna,room,2016Q4,2016Q3,0.2539949537426408,31,19,5,9,True,True,2,2,True,10,0,0.0,-0.08951679590763328,0.1428571428571429,True
030435f21a461115,Vienna,service,2016Q1,2015Q4,0.2575757575757577,14,12,2,9,True,True,2,2,True,10,2,0.2,-0.03852516955979586,0.2588235294117647,True
030435f21a461115,Vienna,service,2016Q2,2016Q1,0.20175438596491224,9,14,3,9,True,True,2,2,True,10,1,0.1,-0.004962398712398652,0.23076923076923084,True
030435f21a461115,Vienna,value,2016Q3,2016Q2,0.18382352941176472,7,6,4,9,True,True,2,2,True,10,2,0.2,-0.036188548293811476,0.2666666666666666,True
035a01afb001e526,London,room,2016Q1,2015Q4,0.16135593220338995,15,49,2,9,True,True,2,2,True,10,2,0.2,0.05193209931094539,0.21441441441441433,True
035a01afb001e526,London,room,2017Q1,2016Q4,0.2211764705882353,15,24,6,9,True,True,2,2,True,10,1,0.1,0.03320731800384805,0.18382352941176472,True
035a01afb001e526,London,service,2016Q4,2016Q3,0.3076923076923077,16,16,5,9,True,True,2,2,True,10,3,0.3,0.008249091951806186,0.26144994246260067,True
035b69564f87efb6,Barcelona,breakfast,2016Q4,2016Q3,0.36111111111111116,6,8,5,9,True,True,2,2,True,10,1,0.1,-0.013156525581077983,0.21111111111111125,True
035b69564f87efb6,Barcelona,cleanliness,2016Q2,2016Q1,0.2909090909090908,12,5,3,9,True,True,2,2,True,9,3,0.3333333333333333,0.029082956623002434,0.17999999999999994,True
035b69564f87efb6,Barcelona,location,2016Q2,2016Q1,0.16009148084619795,43,23,3,9,True,True,2,2,True,9,2,0.2222222222222222,0.022958676546190635,0.19047619047619047,True
035b69564f87efb6,Barcelona,location,2016Q4,2016Q3,0.15750915750915762,32,16,5,9,True,True,2,2,True,10,0,0.0,-0.04686232862832771,0.08928571428571419,True
035b69564f87efb6,Barcelona,noise,2016Q2,2016Q1,0.1607142857142857,6,4,3,9,True,True,2,2,True,9,2,0.2222222222222222,0.07046488274558452,0.42105263157894735,True
035b69564f87efb6,Barcelona,room,2016Q4,2016Q3,0.18888888888888877,35,26,5,9,True,True,2,2,True,10,0,0.0,-0.05711740749194697,0.05714285714285716,True
035b69564f87efb6,Barcelona,service,2016Q2,2016Q1,0.37142857142857144,32,15,3,9,True,True,2,2,True,9,1,0.1111111111111111,0.04653581163857005,0.2777777777777777,True
035b69564f87efb6,Barcelona,value,2016Q4,2016Q3,0.19999999999999996,5,2,5,9,True,True,2,2,True,10,3,0.3,0.006591882713837238,0.3291925465838509,True
039055a05f478159,London,service,2017Q1,2016Q4,0.17202469661486042,112,144,6,9,True,True,2,2,True,10,2,0.2,0.03025065443264787,0.38662486938349017,True
039055a05f478159,London,value,2017Q1,2016Q4,0.40695652173913033,36,40,6,9,True,True,2,2,True,10,2,0.2,0.0569914352073795,0.4,True
03a2b4057226714f,Paris,breakfast,2017Q1,2016Q4,0.2673796791443851,7,1,6,9,True,True,2,2,True,10,1,0.1,-0.06133306751727804,0.1678321678321677,True
03a2b4057226714f,Paris,cleanliness,2016Q2,2016Q1,0.4782608695652173,13,6,3,9,True,True,2,2,True,9,3,0.3333333333333333,0.06638615560184186,0.37662337662337675,True
03a2b4057226714f,Paris,location,2016Q3,2016Q2,0.19837398373983728,20,31,4,9,True,True,2,2,True,9,1,0.1111111111111111,-0.048763117423787056,0.35164835164835173,True
03a2b4057226714f,Paris,noise,2016Q2,2016Q1,0.171945701357466,7,3,3,9,True,True,2,2,True,9,1,0.1111111111111111,0.002284752284752309,0.25,True
03a2b4057226714f,Paris,room,2017Q1,2016Q4,0.3156199677938808,13,17,6,9,True,True,2,2,True,10,0,0.0,-0.09655879732452816,0.09999999999999998,True
03a2b4057226714f,Paris,service,2017Q1,2016Q4,0.26190476190476186,10,11,6,9,True,True,2,2,True,10,3,0.3,0.05009170045901686,0.4285714285714287,True
03a2b4057226714f,Paris,value,2017Q1,2016Q4,0.1575757575757576,5,1,6,9,True,True,2,2,True,10,1,0.1,-0.008959276018099538,0.16666666666666663,True
04050da64945bfdd,Paris,location,2016Q2,2016Q1,0.2920892494929006,19,7,3,9,True,True,2,2,True,8,3,0.375,0.05227187028657615,0.33333333333333326,True
04050da64945bfdd,Paris,room,2016Q2,2016Q1,0.23272727272727267,15,12,3,9,True,True,2,2,True,8,1,0.125,-0.013550216123745532,0.16666666666666674,True
04050da64945bfdd,Paris,service,2016Q2,2016Q1,0.18333333333333335,15,14,3,9,True,True,2,2,True,8,2,0.25,0.09600583240289126,0.17500000000000004,True
04050da64945bfdd,Paris,service,2017Q1,2016Q4,0.1795665634674921,9,7,6,9,True,True,2,2,True,9,1,0.1111111111111111,0.07439833510524949,0.16666666666666674,True
040e8233f6be511b,Paris,location,2016Q1,2015Q4,0.19047619047619047,5,4,2,9,True,True,2,2,True,6,1,0.16666666666666666,-0.032089770133248395,0.16666666666666674,True
040e8233f6be511b,Paris,location,2016Q4,2016Q3,0.26797385620915026,8,7,5,9,True,True,2,2,True,7,1,0.14285714285714285,-0.10926034939258744,0.19061583577712615,True
044331f2d396479f,London,breakfast,2017Q1,2016Q4,0.2666666666666667,5,8,6,9,True,True,2,2,True,10,3,0.3,0.00035103706300462225,0.18181818181818177,True
044331f2d396479f,London,cleanliness,2016Q1,2015Q4,0.2969696969696969,12,5,2,9,True,True,2,2,True,10,6,0.6,0.14122185742895127,0.4806763285024156,True
044331f2d396479f,London,location,2016Q1,2015Q4,0.22169059011164283,28,23,2,9,True,True,2,2,True,10,2,0.2,0.032379180609654036,0.38620689655172424,True
044331f2d396479f,London,location,2016Q3,2016Q2,0.15850815850815847,23,16,4,9,True,True,2,2,True,10,2,0.2,0.0500941407226436,0.24,True
044331f2d396479f,London,room,2016Q3,2016Q2,0.30522648083623694,31,25,4,9,True,True,2,2,True,10,0,0.0,-0.06058598746548908,0.06010230179028131,True
044331f2d396479f,London,value,2016Q3,2016Q2,0.39682539682539675,11,8,4,9,True,True,2,2,True,10,1,0.1,-0.03909455152018082,0.368421052631579,True
04f83ac4904fb95e,London,service,2016Q1,2015Q4,0.22672064777327927,16,9,2,9,True,True,2,2,True,10,3,0.3,-0.0009004659548314198,0.29537712895377144,True
04f83ac4904fb95e,London,service,2017Q1,2016Q4,0.463157894736842,9,5,6,9,True,True,2,2,True,10,3,0.3,0.056083276129399985,0.19736842105263164,True
04fa6c1ecd337e7d,Paris,location,2016Q1,2015Q4,0.16923076923076907,10,3,2,9,True,True,2,2,True,7,1,0.14285714285714285,-0.06935912875762495,0.26666666666666683,True
04fa6c1ecd337e7d,Paris,room,2016Q1,2015Q4,0.19999999999999996,10,5,2,9,True,True,2,2,True,7,2,0.2857142857142857,-0.02860246227539062,0.1678321678321678,True
04fa6c1ecd337e7d,Paris,room,2016Q3,2016Q2,0.16959064327485374,9,8,4,9,True,True,2,2,True,10,3,0.3,0.0779224799526091,0.2575757575757577,True
04fa6c1ecd337e7d,Paris,service,2016Q1,2015Q4,0.21176470588235308,7,5,2,9,True,True,2,2,True,7,0,0.0,-0.018281487661377525,0.13986013986014,True
04fa6c1ecd337e7d,Paris,service,2016Q4,2016Q3,0.37104072398190047,7,3,5,9,True,True,2,2,True,10,0,0.0,-0.08056827847075525,0.14285714285714302,True
05025a52d56d5801,Barcelona,breakfast,2017Q1,2016Q4,0.20833333333333326,6,2,6,9,True,True,2,2,True,10,2,0.2,-0.027885554837028814,0.25757575757575746,True
05025a52d56d5801,Barcelona,cleanliness,2016Q2,2016Q1,0.1578947368421053,9,2,3,9,True,True,2,2,True,10,2,0.2,-0.011675040864982212,0.2662337662337664,True
05025a52d56d5801,Barcelona,location,2016Q2,2016Q1,0.27956989247311825,21,14,3,9,True,True,2,2,True,10,3,0.3,0.14141923637815204,0.6345811051693406,True
05025a52d56d5801,Barcelona,service,2017Q1,2016Q4,0.22380952380952368,11,10,6,9,True,True,2,2,True,10,1,0.1,-0.07808206240365749,0.2542542542542543,True
050e30592212c130,Paris,cleanliness,2016Q4,2016Q3,0.46153846153846145,16,2,5,9,True,True,2,2,True,10,0,0.0,-0.020437405731523417,0.07692307692307687,True
050e30592212c130,Paris,location,2016Q3,2016Q2,0.1771771771771773,27,26,4,9,True,True,2,2,True,10,0,0.0,-0.008601130837972981,0.05820105820105814,True
050e30592212c130,Paris,room,2016Q1,2015Q4,0.23271889400921664,21,18,2,9,True,True,2,2,True,10,5,0.5,0.07056492935589623,0.32692307692307687,True
050e30592212c130,Paris,service,2017Q1,2016Q4,0.18333333333333335,22,20,6,9,True,True,2,2,True,10,1,0.1,0.00987297281919709,0.3216783216783218,True
0587de40fd9d7667,Paris,cleanliness,2016Q3,2016Q2,0.18300653594771243,7,8,4,9,True,True,2,2,True,9,0,0.0,-0.01963657257774905,0.11904761904761907,True
0587de40fd9d7667,Paris,location,2016Q2,2016Q1,0.2095588235294117,24,22,3,9,True,True,2,2,True,8,1,0.125,0.015696604951635912,0.19191919191919204,True
0587de40fd9d7667,Paris,room,2016Q2,2016Q1,0.17704426106526638,21,33,3,9,True,True,2,2,True,8,2,0.25,0.06370641419983532,0.46212121212121215,True
05abf8a796dc7630,Milan,breakfast,2016Q1,2015Q4,0.2236842105263157,9,14,2,9,True,True,2,2,True,9,2,0.2222222222222222,0.08416597397969056,0.18888888888888888,True
05abf8a796dc7630,Milan,cleanliness,2016Q2,2016Q1,0.2777777777777777,10,8,3,9,True,True,2,2,True,9,3,0.3333333333333333,0.09934245456201969,0.24696356275303644,True
05abf8a796dc7630,Milan,cleanliness,2016Q3,2016Q2,0.2674418604651163,33,10,4,9,True,True,2,2,True,9,2,0.2222222222222222,-0.01382863608555867,0.36714975845410613,True
05abf8a796dc7630,Milan,noise,2016Q2,2016Q1,0.20909090909090922,10,1,3,9,True,True,2,2,True,9,0,0.0,-0.044159078484021265,0.07692307692307687,True
05abf8a796dc7630,Milan,room,2016Q2,2016Q1,0.43853820598006643,33,18,3,9,True,True,2,2,True,9,2,0.2222222222222222,-0.03416818689446642,0.26114045780847883,True
05abf8a796dc7630,Milan,room,2017Q1,2016Q4,0.18461538461538463,16,40,6,9,True,True,2,2,True,9,1,0.1111111111111111,-0.06076893661763448,0.15340909090909083,True
05abf8a796dc7630,Milan,service,2016Q2,2016Q1,0.33999999999999986,15,10,3,9,True,True,2,2,True,9,0,0.0,-0.047976688255811126,0.1071428571428572,True
05d7dbae5b1a4136,Amsterdam,service,2017Q1,2016Q4,0.1977094635322485,69,53,6,5,True,True,2,2,True,10,2,0.2,0.042811010024561356,0.24019607843137258,True
05d7dbae5b1a4136,Amsterdam,value,2017Q1,2016Q4,0.22924901185770752,13,12,6,5,True,True,2,2,True,10,0,0.0,-0.05981584149401233,0.09761549925484347,True
06771576c37d666d,London,cleanliness,2016Q3,2016Q2,0.30641821946169756,11,13,4,9,True,True,2,2,True,10,0,0.0,-0.08668382185906723,0.14166666666666683,True
06771576c37d666d,London,room,2016Q1,2015Q4,0.17923920051579623,23,37,2,9,True,True,2,2,True,10,5,0.5,0.16686816126736614,0.42481203007518786,True
06771576c37d666d,London,room,2016Q3,2016Q2,0.2828947368421053,47,38,4,9,True,True,2,2,True,10,0,0.0,-0.06450517518874058,0.08381253053707671,True
06771576c37d666d,London,service,2016Q2,2016Q1,0.17045454545454541,22,12,3,9,True,True,2,2,True,10,0,0.0,-0.006463535113212071,0.13903743315508033,True
06771576c37d666d,London,service,2017Q1,2016Q4,0.23020527859237538,21,34,6,9,True,True,2,2,True,10,1,0.1,0.06698901892611243,0.4292929292929293,True
06771576c37d666d,London,value,2016Q2,2016Q1,0.18333333333333335,5,6,3,9,True,True,2,2,True,10,2,0.2,-0.025936235587848078,0.339527027027027,True
06a10508c67025f4,Barcelona,cleanliness,2016Q3,2016Q2,0.3666666666666666,5,2,4,9,True,True,2,2,True,10,2,0.2,0.0176302849197586,0.33333333333333326,True
06a10508c67025f4,Barcelona,location,2016Q2,2016Q1,0.375,6,0,3,9,True,True,2,2,True,10,2,0.2,0.10310536685536684,0.32307692307692304,True
06a10508c67025f4,Barcelona,location,2017Q1,2016Q4,0.2321428571428572,6,4,6,9,True,True,2,2,True,10,3,0.3,-0.06766858012988045,0.18382352941176472,True
06a10508c67025f4,Barcelona,noise,2016Q3,2016Q2,0.25,6,2,4,9,True,True,2,2,True,10,4,0.4,0.08168203313714148,0.2857142857142857,True
06a10508c67025f4,Barcelona,room,2016Q3,2016Q2,0.5026737967914437,12,7,4,9,True,True,2,2,True,10,2,0.2,0.018797310128686184,0.33333333333333326,True
06a10508c67025f4,Barcelona,service,2016Q3,2016Q2,0.23809523809523814,11,4,4,9,True,True,2,2,True,10,1,0.1,0.004932884224066569,0.22777777777777763,True
06a10508c67025f4,Barcelona,service,2017Q1,2016Q4,0.16666666666666652,5,2,6,9,True,True,2,2,True,10,1,0.1,-0.0033081168917082015,0.625,True
0725041a236b5b9a,Barcelona,location,2017Q1,2016Q4,0.19047619047619047,5,4,6,9,True,True,2,2,True,10,1,0.1,-0.025780376687968554,0.16842105263157903,True
0725041a236b5b9a,Barcelona,room,2016Q1,2015Q4,0.2777777777777777,8,26,2,9,True,True,2,2,True,8,1,0.125,-0.022708985033153814,0.21111111111111103,True
07d42c0098c1eaef,London,breakfast,2016Q1,2015Q4,0.22077922077922074,12,11,2,9,True,True,2,2,True,8,1,0.125,-0.003793160746915769,0.19715447154471544,True
07d42c0098c1eaef,London,cleanliness,2016Q1,2015Q4,0.21999999999999997,15,10,2,9,True,True,2,2,True,8,1,0.125,0.08537464461049965,0.4285714285714286,True
07d42c0098c1eaef,London,location,2016Q4,2016Q3,0.2537593984962405,46,28,5,9,True,True,2,2,True,8,1,0.125,-0.03210467821437049,0.19615773508594558,True
07d42c0098c1eaef,London,room,2016Q3,2016Q2,0.15068493150684925,63,92,4,9,True,True,2,2,True,8,2,0.25,0.0323976664599276,0.18771929824561406,True
07d42c0098c1eaef,London,service,2016Q4,2016Q3,0.24551971326164868,62,52,5,9,True,True,2,2,True,8,1,0.125,-0.02871348282989425,0.22596153846153855,True
07d42c0098c1eaef,London,value,2016Q3,2016Q2,0.4825396825396826,8,25,4,9,True,True,2,2,True,8,2,0.25,-0.001548430376935403,0.2941176470588236,True
07d42c0098c1eaef,London,value,2017Q1,2016Q4,0.19444444444444453,17,14,6,9,True,True,2,2,True,9,3,0.3333333333333333,0.05137394616238781,0.2727272727272726,True
084f15e41c94371b,London,breakfast,2016Q4,2016Q3,0.22408963585434183,11,7,5,9,True,True,2,2,True,8,1,0.125,-0.0856308884509,0.25913621262458475,True
084f15e41c94371b,London,breakfast,2017Q1,2016Q4,0.1697722567287785,13,11,6,9,True,True,2,2,True,9,5,0.5555555555555556,0.1770245469406795,0.3443609022556392,True
084f15e41c94371b,London,location,2016Q3,2016Q2,0.16842105263157903,9,15,4,9,True,True,2,2,True,8,1,0.125,0.04155855893234728,0.26573426573426584,True
084f15e41c94371b,London,noise,2016Q1,2015Q4,0.25210084033613445,7,11,2,9,True,True,2,2,True,8,1,0.125,-0.008334646990109218,0.1777777777777778,True
084f15e41c94371b,London,room,2016Q1,2015Q4,0.2902967121090617,76,48,2,9,True,True,2,2,True,8,2,0.25,0.0963627716742456,0.20647773279352222,True
084f15e41c94371b,London,service,2016Q1,2015Q4,0.20612244897959164,39,30,2,9,True,True,2,2,True,8,2,0.25,0.07541709125556531,0.24827586206896557,True
084f15e41c94371b,London,value,2017Q1,2016Q4,0.29691876750700286,7,11,6,9,True,True,2,2,True,9,1,0.1111111111111111,-0.06646648759101242,0.25,True
08e3e345da319d9c,Amsterdam,breakfast,2016Q3,2016Q2,0.28622950819672144,112,90,4,8,True,True,2,2,True,9,3,0.3333333333333333,0.05308038927219652,0.6578947368421053,True
08e3e345da319d9c,Amsterdam,cleanliness,2016Q3,2016Q2,0.1628571428571428,46,40,4,8,True,True,2,2,True,9,1,0.1111111111111111,-0.05597446774410924,0.16923076923076907,True
08e3e345da319d9c,Amsterdam,noise,2016Q3,2016Q2,0.15151515151515138,23,12,4,8,True,True,2,2,True,9,0,0.0,-0.10871391441566886,0.051948051948051965,True
094ebfee08515745,Amsterdam,breakfast,2017Q1,2016Q4,0.35272045028142596,29,31,6,9,True,True,2,2,True,10,0,0.0,-0.09129832503058398,0.10921052631578942,True
094ebfee08515745,Amsterdam,cleanliness,2016Q3,2016Q2,0.16923076923076907,40,29,4,9,True,True,2,2,True,9,0,0.0,-0.12546115760248988,0.06432748538011701,True
094ebfee08515745,Amsterdam,location,2016Q1,2015Q4,0.21212121212121204,23,12,2,9,True,True,2,2,True,8,1,0.125,-0.04172047852604968,0.22003577817531306,True
094ebfee08515745,Amsterdam,location,2016Q3,2016Q2,0.2055555555555555,80,62,4,9,True,True,2,2,True,9,3,0.3333333333333333,0.0683059677364514,0.23809523809523825,True
094ebfee08515745,Amsterdam,location,2017Q1,2016Q4,0.16296296296296298,50,71,6,9,True,True,2,2,True,10,0,0.0,-0.10344875953713495,0.1272727272727272,True
094ebfee08515745,Amsterdam,room,2016Q4,2016Q3,0.2184873949579833,92,109,5,9,True,True,2,2,True,10,2,0.2,0.03328623739677231,0.18340387328459662,True
094ebfee08515745,Amsterdam,service,2016Q1,2015Q4,0.15740740740740744,17,14,2,9,True,True,2,2,True,8,0,0.0,-0.04781909301268253,0.14746543778801846,True
094ebfee08515745,Amsterdam,service,2016Q2,2016Q1,0.19259259259259265,70,17,3,9,True,True,2,2,True,9,3,0.3333333333333333,0.08010744454910688,0.3844476744186047,True
094ebfee08515745,Amsterdam,service,2017Q1,2016Q4,0.2271247739602169,60,69,6,9,True,True,2,2,True,10,2,0.2,0.0013496217998282712,0.4444444444444444,True
094ebfee08515745,Amsterdam,value,2016Q3,2016Q2,0.2842242503259452,49,29,4,9,True,True,2,2,True,9,2,0.2222222222222222,-0.00579378912984453,0.30000000000000004,True
094ebfee08515745,Amsterdam,value,2017Q1,2016Q4,0.19148936170212771,14,37,6,9,True,True,2,2,True,10,2,0.2,-0.029197276440063803,0.2291128337639965,True
09525392940ca807,Paris,room,2016Q1,2015Q4,0.2666666666666666,5,5,2,9,True,True,2,2,True,8,3,0.375,0.10681489262371617,0.2450980392156863,True
09525392940ca807,Paris,room,2016Q2,2016Q1,0.18333333333333335,6,5,3,9,True,True,2,2,True,9,2,0.2222222222222222,-0.006704351656192086,0.34285714285714275,True
09bc9d0623fb93a3,London,breakfast,2016Q3,2016Q2,0.4444444444444444,11,17,4,8,True,True,2,2,True,10,4,0.4,0.05315941970898018,0.55,True
09bc9d0623fb93a3,London,cleanliness,2017Q1,2016Q4,0.17934782608695654,13,6,6,8,True,True,2,2,True,10,1,0.1,0.0007939046976504161,0.16666666666666674,True
09bc9d0623fb93a3,London,location,2016Q3,2016Q2,0.28801843317972353,18,21,4,8,True,True,2,2,True,10,0,0.0,-0.07080455561987242,0.0871327254305978,True
09bc9d0623fb93a3,London,noise,2016Q4,2016Q3,0.3666666666666667,10,5,5,8,True,True,2,2,True,10,1,0.1,-0.02876465032304685,0.32167832167832155,True
09bc9d0623fb93a3,London,room,2017Q1,2016Q4,0.16279069767441856,46,33,6,8,True,True,2,2,True,10,0,0.0,0.02505701040521796,0.1428571428571428,True
09bc9d0623fb93a3,London,service,2016Q3,2016Q2,0.24242424242424243,23,23,4,8,True,True,2,2,True,10,0,0.0,-0.09011941875116473,0.09157894736842098,True
0a0aa7f4d56f87c4,Vienna,breakfast,2016Q2,2016Q1,0.17398373983739823,31,20,3,9,True,True,2,2,True,10,2,0.2,-0.008875380090213858,0.36363636363636365,True
0a0aa7f4d56f87c4,Vienna,cleanliness,2016Q1,2015Q4,0.21969696969696972,14,12,2,9,True,True,2,2,True,10,0,0.0,-0.010419237625119959,0.14529914529914545,True
0a0aa7f4d56f87c4,Vienna,noise,2016Q1,2015Q4,0.5428571428571428,10,4,2,9,True,True,2,2,True,10,1,0.1,0.03996142746142746,0.39743589743589747,True
0a0aa7f4d56f87c4,Vienna,room,2016Q1,2015Q4,0.2930402930402931,29,25,2,9,True,True,2,2,True,10,2,0.2,0.017803346034701295,0.22435897435897445,True
0a0aa7f4d56f87c4,Vienna,room,2017Q1,2016Q4,0.19435215946843853,18,33,6,9,True,True,2,2,True,10,2,0.2,-0.02396231074172499,0.17391304347826086,True
0a0aa7f4d56f87c4,Vienna,value,2017Q1,2016Q4,0.44999999999999996,5,6,6,9,True,True,2,2,True,10,1,0.1,0.04226640318745582,0.19999999999999996,True
0a23c13bdd5162ee,Paris,location,2016Q3,2016Q2,0.22857142857142865,11,10,4,9,True,True,2,2,True,8,2,0.25,0.10094154554424417,0.33999999999999986,True
0a23c13bdd5162ee,Paris,room,2016Q2,2016Q1,0.26315789473684215,10,9,3,9,True,True,2,2,True,8,1,0.125,-0.03281951876918544,0.2807017543859649,True
0a23c13bdd5162ee,Paris,room,2016Q4,2016Q3,0.5846153846153845,10,16,5,9,True,True,2,2,True,8,2,0.25,0.06119559430221194,0.28959276018099545,True
0a23c13bdd5162ee,Paris,service,2016Q3,2016Q2,0.25210084033613445,11,7,4,9,True,True,2,2,True,8,1,0.125,0.04675153492877951,0.19444444444444442,True
0a6988e147778171,London,breakfast,2016Q2,2016Q1,0.17193675889328075,111,82,3,9,True,True,2,2,True,7,1,0.14285714285714285,0.09116368965831048,0.2857142857142857,True
0a6988e147778171,London,breakfast,2016Q4,2016Q3,0.16599839615076162,76,106,5,9,True,True,2,2,True,8,2,0.25,0.022236520237488636,0.22712842712842707,True
0a6988e147778171,London,cleanliness,2016Q1,2015Q4,0.1964285714285714,46,22,2,9,True,True,2,2,True,7,2,0.2857142857142857,0.021321116122488517,0.5476190476190474,True
0a6988e147778171,London,noise,2016Q3,2016Q2,0.17647058823529416,26,24,4,9,True,True,2,2,True,7,1,0.14285714285714285,-0.061925915113770914,0.41025641025641013,True
0a6988e147778171,London,service,2017Q1,2016Q4,0.1600038347234205,161,112,6,9,True,True,2,2,True,8,1,0.125,-0.015031097961342069,0.1774553571428571,True
0a96f7a6645d13b5,Paris,breakfast,2016Q1,2015Q4,0.3557692307692307,6,3,2,9,True,True,2,2,True,10,1,0.1,0.04665158371040724,0.16666666666666674,True
0a96f7a6645d13b5,Paris,cleanliness,2016Q3,2016Q2,0.2255639097744362,9,4,4,9,True,True,2,2,True,10,0,0.0,-0.12335331335331334,0.1428571428571428,True
0a96f7a6645d13b5,Paris,location,2016Q2,2016Q1,0.20985691573926868,27,7,3,9,True,True,2,2,True,10,4,0.4,0.09167092568021358,0.36752136752136755,True
0a96f7a6645d13b5,Paris,location,2017Q1,2016Q4,0.17741935483870974,21,14,6,9,True,True,2,2,True,10,0,0.0,-0.008456696904839323,0.14035087719298245,True
0a96f7a6645d13b5,Paris,room,2016Q1,2015Q4,0.343358395989975,11,28,2,9,True,True,2,2,True,10,4,0.4,0.08761996646907129,0.3666666666666667,True
0a96f7a6645d13b5,Paris,room,2016Q3,2016Q2,0.17179487179487185,42,20,4,9,True,True,2,2,True,10,0,0.0,-0.060452819038732356,0.10250000000000004,True
0a96f7a6645d13b5,Paris,service,2016Q2,2016Q1,0.16399286987522266,23,7,3,9,True,True,2,2,True,10,5,0.5,0.057916903799256736,0.2930402930402929,True
0a96f7a6645d13b5,Paris,value,2016Q3,2016Q2,0.19166666666666665,6,5,4,9,True,True,2,2,True,10,2,0.2,-0.02086247086247086,0.2575757575757577,True
0aa24f4e2c69c761,Paris,location,2016Q3,2016Q2,0.2450980392156863,7,2,4,9,True,True,2,2,True,10,4,0.4,0.06494532167535845,0.23809523809523792,True
0aa24f4e2c69c761,Paris,service,2017Q1,2016Q4,0.41176470588235303,7,2,6,9,True,True,2,2,True,9,2,0.2222222222222222,-0.03897055326793894,0.33333333333333326,True
0b2ebb0427b47abe,London,breakfast,2016Q1,2015Q4,0.21967963386727696,13,9,2,9,True,True,2,2,True,8,4,0.5,0.16951728052373843,0.5839243498817966,True
0b2ebb0427b47abe,London,breakfast,2016Q4,2016Q3,0.1875,10,22,5,9,True,True,2,2,True,10,4,0.4,0.029189409922407816,0.43088803088803096,True
0b2ebb0427b47abe,London,cleanliness,2016Q2,2016Q1,0.2738095238095237,11,14,3,9,True,True,2,2,True,8,2,0.25,0.05688952426405647,0.23076923076923084,True
0b2ebb0427b47abe,London,room,2016Q1,2015Q4,0.3556443556443557,81,34,2,9,True,True,2,2,True,8,4,0.5,0.12878989087674997,0.224390243902439,True
0b2ebb0427b47abe,London,room,2016Q4,2016Q3,0.1906997540800357,61,116,5,9,True,True,2,2,True,10,1,0.1,-0.01922303940299306,0.21978021978021978,True
0b2ebb0427b47abe,London,service,2017Q1,2016Q4,0.1767676767676769,34,26,6,9,True,True,2,2,True,10,3,0.3,0.07447251170441194,0.4292929292929293,True
0b2ebb0427b47abe,London,value,2016Q1,2015Q4,0.19747899159663862,18,7,2,9,True,True,2,2,True,8,6,0.75,0.21345375378911963,0.4307692307692308,True
0b2ebb0427b47abe,London,value,2016Q4,2016Q3,0.3805668016194331,9,16,5,9,True,True,2,2,True,10,2,0.2,-0.04310603341714865,0.17647058823529416,True
0b6caa07f1b1a1d7,London,cleanliness,2016Q3,2016Q2,0.24242424242424243,5,1,4,9,True,True,2,2,True,10,2,0.2,0.025028266616346984,0.32236842105263164,True
0b6caa07f1b1a1d7,London,service,2016Q4,2016Q3,0.2644787644787645,27,18,5,9,True,True,2,2,True,10,2,0.2,0.0600176920037865,0.30341880341880345,True
0bd15a99f39d423a,London,breakfast,2016Q2,2016Q1,0.15428571428571436,25,40,3,9,True,True,2,2,True,9,1,0.1111111111111111,0.03948356332918929,0.25339366515837103,True
0bd15a99f39d423a,London,breakfast,2017Q1,2016Q4,0.2869855394883203,19,21,6,9,True,True,2,2,True,10,4,0.4,0.08194922656668743,0.25757575757575746,True
0bd15a99f39d423a,London,cleanliness,2016Q4,2016Q3,0.17692307692307696,10,16,5,9,True,True,2,2,True,10,0,0.0,-0.006743063699585461,0.125,True
0bd15a99f39d423a,London,room,2016Q2,2016Q1,0.2545454545454545,67,95,3,9,True,True,2,2,True,9,0,0.0,-0.017024397749215454,0.14668652271035,True
0bd15a99f39d423a,London,service,2016Q4,2016Q3,0.17142857142857149,45,39,5,9,True,True,2,2,True,10,3,0.3,0.040410064750469245,0.21176470588235308,True
0bd15a99f39d423a,London,value,2017Q1,2016Q4,0.4,8,10,6,9,True,True,2,2,True,10,2,0.2,0.021422307460266788,0.2867647058823529,True
0bdfe2986431d769,Amsterdam,breakfast,2016Q1,2015Q4,0.2917647058823529,24,15,2,9,True,True,2,2,True,9,2,0.2222222222222222,-0.03644755350969295,0.23076923076923073,True
0bdfe2986431d769,Amsterdam,breakfast,2016Q3,2016Q2,0.4858156028368793,37,38,4,9,True,True,2,2,True,10,3,0.3,0.06594476535763588,0.2701298701298702,True
0bdfe2986431d769,Amsterdam,cleanliness,2016Q2,2016Q1,0.18666666666666654,20,15,3,9,True,True,2,2,True,10,1,0.1,-0.05616260330943311,0.16666666666666674,True
0bdfe2986431d769,Amsterdam,location,2016Q3,2016Q2,0.15837320574162672,100,66,4,9,True,True,2,2,True,10,2,0.2,0.07536329398273725,0.30255839822024466,True
0bdfe2986431d769,Amsterdam,noise,2016Q3,2016Q2,0.4999999999999999,14,14,4,9,True,True,2,2,True,10,4,0.4,0.08531270340464041,0.36363636363636365,True
0bdfe2986431d769,Amsterdam,room,2016Q1,2015Q4,0.2717391304347826,59,38,2,9,True,True,2,2,True,9,4,0.4444444444444444,0.13013142892859256,0.2940721649484537,True
0bdfe2986431d769,Amsterdam,service,2016Q1,2015Q4,0.21212121212121215,56,32,2,9,True,True,2,2,True,9,3,0.3333333333333333,0.05680008004368499,0.5820105820105819,True
0bdfe2986431d769,Amsterdam,value,2016Q3,2016Q2,0.5025799793601652,28,41,4,9,True,True,2,2,True,10,3,0.3,0.07172399351965916,0.2857142857142857,True
0bfdf08321944294,Paris,location,2016Q1,2015Q4,0.1587301587301586,8,4,2,8,True,True,2,2,True,10,2,0.2,-0.01947390503784363,0.29824561403508776,True
0bfdf08321944294,Paris,room,2016Q2,2016Q1,0.15263157894736856,10,9,3,8,True,True,2,2,True,10,3,0.3,0.11000850295857818,0.6190476190476192,True
0cd7792be4eebfe1,London,location,2016Q4,2016Q3,0.17142857142857149,30,11,5,9,True,True,2,2,True,10,0,0.0,-0.07427463575296397,0.039285714285714146,True
0cd7792be4eebfe1,London,room,2016Q3,2016Q2,0.17986314760508315,23,21,4,9,True,True,2,2,True,10,0,0.0,-0.09768550603557352,0.03361344537815136,True
0cd7792be4eebfe1,London,room,2017Q1,2016Q4,0.2571428571428571,20,32,6,9,True,True,2,2,True,10,0,0.0,-0.020944263720988156,0.14358974358974352,True
0cd7792be4eebfe1,London,value,2016Q2,2016Q1,0.20454545454545459,6,12,3,9,True,True,2,2,True,9,1,0.1111111111111111,-0.04155011655011652,0.16666666666666674,True
0cdce1b008b08659,London,breakfast,2016Q2,2016Q1,0.4814814814814814,17,6,3,9,True,True,2,2,True,10,1,0.1,0.007961836494462027,0.3034482758620689,True
0cdce1b008b08659,London,breakfast,2016Q4,2016Q3,0.15999999999999992,25,15,5,9,True,True,2,2,True,10,3,0.3,0.08885241413830477,0.20238095238095233,True
0cdce1b008b08659,London,breakfast,2017Q1,2016Q4,0.17500000000000004,22,25,6,9,True,True,2,2,True,10,2,0.2,-0.0483312447420993,0.2435897435897435,True
0cdce1b008b08659,London,cleanliness,2016Q1,2015Q4,0.24736842105263168,10,9,2,9,True,True,2,2,True,10,0,0.0,-0.03950626716638084,0.08333333333333326,True
0cdce1b008b08659,London,cleanliness,2016Q4,2016Q3,0.3288043478260869,13,22,5,9,True,True,2,2,True,10,2,0.2,0.05475431708588926,0.5296296296296295,True
0cdce1b008b08659,London,location,2016Q3,2016Q2,0.2012987012987013,39,34,4,9,True,True,2,2,True,10,0,0.0,-0.010698361396968337,0.12347560975609762,True
0cdce1b008b08659,London,noise,2017Q1,2016Q4,0.55,10,6,6,9,True,True,2,2,True,10,1,0.1,-0.1160924284587352,0.16666666666666674,True
0cdce1b008b08659,London,service,2016Q1,2015Q4,0.25063078216989076,31,19,2,9,True,True,2,2,True,10,1,0.1,0.058792196075450144,0.2555344718532575,True
0cdce1b008b08659,London,service,2017Q1,2016Q4,0.2883116883116883,34,25,6,9,True,True,2,2,True,10,3,0.3,0.1121265953711533,0.4292929292929293,True
0cdce1b008b08659,London,value,2016Q1,2015Q4,0.23611111111111116,8,6,2,9,True,True,2,2,True,10,6,0.6,0.11179149068085037,0.36585365853658536,True
0cdce1b008b08659,London,value,2017Q1,2016Q4,0.16993464052287588,7,8,6,9,True,True,2,2,True,10,3,0.3,0.09084843021594514,0.40882694541231124,True
0d1bcf8e29dbc79a,Paris,location,2016Q2,2016Q1,0.16666666666666652,5,2,3,9,True,True,2,2,True,9,3,0.3333333333333333,0.042628634693515556,0.20985691573926868,True
0d1bcf8e29dbc79a,Paris,service,2016Q3,2016Q2,0.1568627450980391,11,7,4,9,True,True,2,2,True,9,1,0.1111111111111111,-0.010101654451948303,0.27751196172248815,True
0d41a63435da5ad9,Paris,location,2017Q1,2016Q4,0.19999999999999996,10,5,6,9,True,True,2,2,True,10,1,0.1,-0.08025502790982664,0.3208556149732622,True
0d4715e626b682fa,Milan,breakfast,2016Q3,2016Q2,0.44444444444444453,8,5,4,9,True,True,2,2,True,9,2,0.2222222222222222,-0.03577485316615746,0.26573426573426584,True
0d4715e626b682fa,Milan,cleanliness,2016Q2,2016Q1,0.21367521367521358,8,3,3,9,True,True,2,2,True,9,3,0.3333333333333333,0.040912113566575835,0.17307692307692313,True
0d4715e626b682fa,Milan,location,2016Q2,2016Q1,0.18823529411764706,25,7,3,9,True,True,2,2,True,9,1,0.1111111111111111,0.051484017470691326,0.25815217391304346,True
0d4715e626b682fa,Milan,noise,2016Q2,2016Q1,0.19999999999999996,5,2,3,9,True,True,2,2,True,9,4,0.4444444444444444,0.15348170348170345,0.4285714285714287,True
0d4715e626b682fa,Milan,noise,2016Q4,2016Q3,0.2564102564102564,5,3,5,9,True,True,2,2,True,10,0,0.0,-0.06664585414585414,0.14423076923076927,True
0d4715e626b682fa,Milan,room,2017Q1,2016Q4,0.3736263736263735,18,16,6,9,True,True,2,2,True,10,1,0.1,-0.06349493516125328,0.19090909090909103,True
0d611be6f11afba8,Milan,room,2016Q3,2016Q2,0.1588235294117647,7,10,4,9,True,True,2,2,True,10,4,0.4,0.12849545500087667,0.3076923076923077,True
0d7d97c495823a3c,London,breakfast,2016Q1,2015Q4,0.1853281853281854,39,27,2,9,True,True,2,2,True,10,2,0.2,0.060880442660493805,0.43999999999999995,True
0d7d97c495823a3c,London,breakfast,2016Q4,2016Q3,0.15204678362573087,28,8,5,9,True,True,2,2,True,10,2,0.2,-0.024178250914493403,0.4532839962997226,True
0d7d97c495823a3c,London,cleanliness,2016Q1,2015Q4,0.2101806239737274,19,11,2,9,True,True,2,2,True,10,1,0.1,-0.014408650556274428,0.373015873015873,True
0d7d97c495823a3c,London,cleanliness,2016Q4,2016Q3,0.43999999999999995,15,6,5,9,True,True,2,2,True,10,2,0.2,0.023574403341532192,0.3383458646616543,True
0d7d97c495823a3c,London,location,2016Q4,2016Q3,0.16883116883116878,23,18,5,9,True,True,2,2,True,10,2,0.2,0.02793727680033886,0.3137254901960784,True
0d7d97c495823a3c,London,room,2016Q1,2015Q4,0.1961722488038279,66,45,2,9,True,True,2,2,True,10,3,0.3,0.0856023852156493,0.2840206185567009,True
0d7d97c495823a3c,London,room,2016Q2,2016Q1,0.16746411483253576,23,66,3,9,True,True,2,2,True,10,1,0.1,-0.044593274282092435,0.27529855436832196,True
0d7d97c495823a3c,London,service,2016Q4,2016Q3,0.30341880341880345,55,26,5,9,True,True,2,2,True,10,2,0.2,0.0485823103601408,0.2644787644787645,True
0d9893e9b26cba71,Paris,location,2016Q2,2016Q1,0.2282608695652173,13,6,3,9,True,True,2,2,True,10,2,0.2,0.0967588066948681,0.3056653491436101,True
0d9893e9b26cba71,Paris,value,2016Q3,2016Q2,0.23333333333333328,5,2,4,9,True,True,2,2,True,10,2,0.2,0.02615670878828772,0.22910216718266252,True
0de6324a162eb251,Vienna,breakfast,2016Q1,2015Q4,0.19047619047619047,5,4,2,9,True,True,2,2,True,9,1,0.1111111111111111,-0.04814866744691309,0.20779220779220786,True
0df7c373bb9e58e1,Vienna,breakfast,2017Q1,2016Q4,0.30139230139230144,27,23,6,9,True,True,2,2,True,10,4,0.4,0.12373482222752086,0.3333333333333335,True
0df7c373bb9e58e1,Vienna,cleanliness,2016Q1,2015Q4,0.20833333333333326,11,6,2,9,True,True,2,2,True,10,3,0.3,0.00922100946868748,0.3090909090909091,True
0df7c373bb9e58e1,Vienna,cleanliness,2016Q4,2016Q3,0.45090909090909104,15,12,5,9,True,True,2,2,True,10,0,0.0,-0.09424923660217777,0.0,True
0df7c373bb9e58e1,Vienna,location,2016Q3,2016Q2,0.15821917808219177,63,30,4,9,True,True,2,2,True,10,2,0.2,0.016843008175854,0.288888888888889,True
0df7c373bb9e58e1,Vienna,noise,2016Q3,2016Q2,0.2250000000000001,10,6,4,9,True,True,2,2,True,10,2,0.2,0.04787894980686739,0.18306636155606404,True
0df7c373bb9e58e1,Vienna,service,2016Q3,2016Q2,0.16053511705685608,36,16,4,9,True,True,2,2,True,10,0,0.0,0.0027026408404117407,0.12941176470588234,True
0df7c373bb9e58e1,Vienna,value,2016Q2,2016Q1,0.18382352941176472,7,6,3,9,True,True,2,2,True,10,1,0.1,0.010606060606060619,0.23376623376623373,True
0df7c373bb9e58e1,Vienna,value,2016Q4,2016Q3,0.18306636155606404,9,13,5,9,True,True,2,2,True,10,0,0.0,-0.058835978263222864,0.08974358974358976,True
0e351d8b0e1965ff,Milan,location,2016Q2,2016Q1,0.18623481781376516,9,3,3,9,True,True,2,2,True,10,2,0.2,0.03556361849439649,0.3733333333333333,True
0e992ed3c87de4a5,Vienna,breakfast,2016Q3,2016Q2,0.33333333333333326,11,16,4,9,True,True,2,2,True,10,3,0.3,0.05368684888295826,0.2398648648648649,True
0e992ed3c87de4a5,Vienna,breakfast,2017Q1,2016Q4,0.33333333333333326,5,6,6,9,True,True,2,2,True,10,4,0.4,0.12264533268601893,0.3333333333333335,True
0e992ed3c87de4a5,Vienna,service,2016Q1,2015Q4,0.22638146167557927,23,24,2,9,True,True,2,2,True,10,0,0.0,-0.02571752350955938,0.10000000000000009,True
0eb43cea995d95f2,Barcelona,room,2016Q1,2015Q4,0.3088235294117647,7,6,2,9,True,True,2,2,True,9,3,0.3333333333333333,0.11157965148947507,0.3137254901960784,True
0eb43cea995d95f2,Barcelona,room,2017Q1,2016Q4,0.3650793650793652,8,11,6,9,True,True,2,2,True,10,2,0.2,-0.015186319141132176,0.30375939849624056,True
0eb43cea995d95f2,Barcelona,service,2016Q2,2016Q1,0.16521739130434798,13,10,3,9,True,True,2,2,True,10,3,0.3,-0.02026936490671205,0.21656534954407314,True
0f905ec6b1a2064f,Milan,breakfast,2016Q2,2016Q1,0.25,6,4,3,9,True,True,2,2,True,10,5,0.5,0.06286486751337014,0.34736842105263155,True
0f905ec6b1a2064f,Milan,breakfast,2016Q4,2016Q3,0.30541871921182273,19,11,5,9,True,True,2,2,True,10,2,0.2,-0.07016898897140754,0.2857142857142858,True
0f905ec6b1a2064f,Milan,location,2016Q3,2016Q2,0.1841432225063937,13,7,4,9,True,True,2,2,True,10,2,0.2,0.021244325302179522,0.17082228116710874,True
0f905ec6b1a2064f,Milan,service,2016Q4,2016Q3,0.4571428571428572,18,10,5,9,True,True,2,2,True,10,0,0.0,-0.13631482710070014,0.11111111111111116,True
0fb1fc5694908e68,London,room,2016Q2,2016Q1,0.30263157894736836,9,14,3,9,True,True,2,2,True,10,2,0.2,0.052057305997743,0.28787878787878796,True
0fb1fc5694908e68,London,room,2017Q1,2016Q4,0.30000000000000004,10,4,6,9,True,True,2,2,True,10,2,0.2,-0.00245307425996496,0.1792114695340501,True
0fb1fc5694908e68,London,service,2017Q1,2016Q4,0.16666666666666674,14,5,6,9,True,True,2,2,True,10,2,0.2,0.023556836555337336,0.17184265010351973,True
0febca6bd7d71beb,Barcelona,room,2016Q3,2016Q2,0.22529644268774696,13,12,4,9,True,True,2,2,True,10,4,0.4,0.11627921253593565,0.5026737967914437,True
0febca6bd7d71beb,Barcelona,room,2017Q1,2016Q4,0.32198142414860675,9,7,6,9,True,True,2,2,True,9,1,0.1111111111111111,-6.819971865406554e-05,0.21590909090909083,True
0febca6bd7d71beb,Barcelona,service,2016Q3,2016Q2,0.38095238095238104,11,4,4,9,True,True,2,2,True,10,1,0.1,0.004588234721522344,0.23809523809523814,True
0febca6bd7d71beb,Barcelona,service,2017Q1,2016Q4,0.2255639097744362,9,4,6,9,True,True,2,2,True,9,2,0.2222222222222222,0.030588831724022603,0.625,True
10294e29457a45fd,Milan,cleanliness,2016Q2,2016Q1,0.18808777429467094,23,19,3,9,True,True,2,2,True,10,6,0.6,0.1433060711218606,0.3846153846153846,True
10294e29457a45fd,Milan,noise,2016Q3,2016Q2,0.5833333333333333,8,6,4,9,True,True,2,2,True,10,3,0.3,0.05115067938597354,0.36363636363636365,True
10294e29457a45fd,Milan,noise,2017Q1,2016Q4,0.24117647058823533,10,7,6,9,True,True,2,2,True,10,2,0.2,-0.051786348154769214,0.1678321678321678,True
10294e29457a45fd,Milan,room,2017Q1,2016Q4,0.17391304347826075,59,59,6,9,True,True,2,2,True,10,0,0.0,0.03627020798926275,0.1428571428571428,True
10294e29457a45fd,Milan,service,2016Q2,2016Q1,0.20000000000000018,50,50,3,9,True,True,2,2,True,10,2,0.2,0.00837924417847431,0.263235294117647,True
10294e29457a45fd,Milan,value,2016Q2,2016Q1,0.3157894736842105,9,9,3,9,True,True,2,2,True,10,3,0.3,0.0005807101395336689,0.2909090909090908,True
102f1b4d88d03fd0,Paris,cleanliness,2016Q3,2016Q2,0.16923076923076907,10,3,4,9,True,True,2,2,True,10,2,0.2,0.00988194947066059,0.27826086956521734,True
102f1b4d88d03fd0,Paris,location,2016Q2,2016Q1,0.17368421052631566,9,10,3,9,True,True,2,2,True,9,4,0.4444444444444444,0.07761353676943293,0.3076923076923077,True
102f1b4d88d03fd0,Paris,room,2016Q4,2016Q3,0.206461780929866,17,37,5,9,True,True,2,2,True,9,1,0.1111111111111111,-0.019700459584073834,0.1578947368421053,True
102f1b4d88d03fd0,Paris,service,2016Q1,2015Q4,0.2954545454545454,12,6,2,9,True,True,2,2,True,7,0,0.0,-0.11649044283864098,0.10526315789473673,True
102f1b4d88d03fd0,Paris,service,2016Q3,2016Q2,0.20062695924764884,19,12,4,9,True,True,2,2,True,10,2,0.2,-0.021628317367684537,0.2875816993464053,True
104289516c736a6a,Barcelona,cleanliness,2016Q4,2016Q3,0.20175438596491235,14,9,5,9,True,True,2,2,True,9,0,0.0,-0.053219864199919836,0.1071428571428572,True
104289516c736a6a,Barcelona,location,2016Q2,2016Q1,0.2024999999999999,22,15,3,9,True,True,2,2,True,8,0,0.0,-0.015783280432376423,0.1419913419913421,True
104289516c736a6a,Barcelona,location,2016Q3,2016Q2,0.15843023255813948,33,22,4,9,True,True,2,2,True,9,5,0.5555555555555556,0.11091990664702125,0.2615384615384615,True
104289516c736a6a,Barcelona,room,2016Q1,2015Q4,0.21739130434782605,12,13,2,9,True,True,2,2,True,8,2,0.25,0.033324894829855886,0.3137254901960784,True
104289516c736a6a,Barcelona,room,2016Q4,2016Q3,0.31486486486486487,27,30,5,9,True,True,2,2,True,9,1,0.1111111111111111,-0.0395136272771999,0.21027542372881358,True
104289516c736a6a,Barcelona,service,2016Q3,2016Q2,0.5676190476190477,15,11,4,9,True,True,2,2,True,9,1,0.1111111111111111,0.03439250708626989,0.3517948717948718,True
104289516c736a6a,Barcelona,value,2017Q1,2016Q4,0.2222222222222222,10,8,6,9,True,True,2,2,True,9,5,0.5555555555555556,0.14719534278357807,0.4191176470588235,True
105360553157053b,Paris,room,2016Q4,2016Q3,0.17307692307692313,6,3,5,9,True,True,2,2,True,10,1,0.1,-0.041415611598817445,0.19323671497584538,True
105360553157053b,Paris,service,2017Q1,2016Q4,0.33333333333333326,5,2,6,9,True,True,2,2,True,10,3,0.3,0.07146231513051197,0.3216783216783218,True
1070f93d3da8ee89,Vienna,breakfast,2016Q2,2016Q1,0.2564102564102564,8,3,3,8,True,True,2,2,True,10,2,0.2,-0.01684547122173894,0.19999999999999996,True
1070f93d3da8ee89,Vienna,location,2016Q1,2015Q4,0.2865497076023391,8,9,2,8,True,True,2,2,True,10,2,0.2,-0.007667842928450253,0.33333333333333326,True
1070f93d3da8ee89,Vienna,value,2016Q1,2015Q4,0.34285714285714286,5,4,2,8,True,True,2,2,True,10,3,0.3,-0.0062354312354312436,0.20192307692307687,True
107993e0db9c9e11,Barcelona,noise,2016Q4,2016Q3,0.2706766917293233,11,9,5,6,True,True,2,2,True,10,2,0.2,0.013175056685286868,0.17194570135746612,True
107993e0db9c9e11,Barcelona,room,2016Q4,2016Q3,0.21027542372881358,49,54,5,6,True,True,2,2,True,10,1,0.1,0.03102349944450039,0.31486486486486487,True
107993e0db9c9e11,Barcelona,value,2017Q1,2016Q4,0.4191176470588235,6,7,6,6,True,True,2,2,True,10,5,0.5,0.1106398013750955,0.3766233766233765,True
107c74dad281aad5,Paris,room,2017Q1,2016Q4,0.1578947368421053,9,10,6,6,True,True,2,2,True,10,2,0.2,-0.07982612972890005,0.17733990147783263,True
108e327dae64f382,Milan,breakfast,2016Q3,2016Q2,0.23703703703703705,30,17,4,9,True,True,2,2,True,10,4,0.4,0.05307821562192255,0.30631741140215707,True
108e327dae64f382,Milan,cleanliness,2016Q3,2016Q2,0.21266968325791846,16,7,4,9,True,True,2,2,True,10,2,0.2,0.02020484649509415,0.43999999999999995,True
108e327dae64f382,Milan,cleanliness,2017Q1,2016Q4,0.2588235294117647,10,7,6,9,True,True,2,2,True,10,3,0.3,-0.03465030189744149,0.36257309941520455,True
108e327dae64f382,Milan,room,2016Q1,2015Q4,0.19354838709677413,21,21,2,9,True,True,2,2,True,10,4,0.4,0.03835814225907106,0.3303030303030302,True
108e327dae64f382,Milan,room,2016Q3,2016Q2,0.20414673046251985,28,23,4,9,True,True,2,2,True,10,6,0.6,0.17263304497390353,0.42784552845528445,True
109ef67a249cd00d,London,breakfast,2016Q2,2016Q1,0.25,6,6,3,9,True,True,2,2,True,10,1,0.1,-0.013165704538455603,0.20588235294117652,True
109ef67a249cd00d,London,noise,2016Q2,2016Q1,0.2867647058823529,6,7,3,9,True,True,2,2,True,10,3,0.3,0.06176177179037593,0.48461538461538456,True
109ef67a249cd00d,London,noise,2017Q1,2016Q4,0.49282296650717694,9,12,6,9,True,True,2,2,True,10,3,0.3,0.019785242095716405,0.3111111111111111,True
109ef67a249cd00d,London,service,2016Q2,2016Q1,0.17500000000000004,22,25,3,9,True,True,2,2,True,10,2,0.2,-0.006329044925110572,0.1696969696969699,True
109ef67a249cd00d,London,value,2016Q1,2015Q4,0.30434782608695654,12,13,2,9,True,True,2,2,True,10,2,0.2,-0.004250261006551759,0.44166666666666665,True
109ef67a249cd00d,London,value,2017Q1,2016Q4,0.2857142857142856,8,11,6,9,True,True,2,2,True,10,4,0.4,0.07259745799673203,0.354066985645933,True
10bdda5ff29bff4c,Barcelona,cleanliness,2016Q1,2015Q4,0.2564102564102564,5,3,2,9,True,True,2,2,True,7,1,0.14285714285714285,0.053645700704524235,0.2575757575757577,True
10bdda5ff29bff4c,Barcelona,location,2016Q3,2016Q2,0.2177589852008457,33,12,4,9,True,True,2,2,True,9,2,0.2222222222222222,0.0901447375025929,0.23148148148148162,True
10bdda5ff29bff4c,Barcelona,room,2017Q1,2016Q4,0.2548148148148148,15,17,6,9,True,True,2,2,True,10,2,0.2,0.030726579974737357,0.3111111111111111,True
10bdda5ff29bff4c,Barcelona,service,2016Q1,2015Q4,0.29130434782608683,13,10,2,9,True,True,2,2,True,7,2,0.2857142857142857,0.07487576365502581,0.25210084033613445,True
10bdda5ff29bff4c,Barcelona,service,2017Q1,2016Q4,0.16666666666666674,18,14,6,9,True,True,2,2,True,10,3,0.3,0.09457942314628243,0.6032608695652173,True
10bf67442e197285,Milan,breakfast,2017Q1,2016Q4,0.21034482758620676,19,10,6,9,True,True,2,2,True,9,0,0.0,-0.1247418998021156,0.06465517241379315,True
10bf67442e197285,Milan,cleanliness,2016Q2,2016Q1,0.24451410658307204,19,12,3,9,True,True,2,2,True,9,3,0.3333333333333333,0.1030384180280981,0.2777777777777777,True
10bf67442e197285,Milan,location,2016Q1,2015Q4,0.17337461300309598,24,28,2,9,True,True,2,2,True,9,0,0.0,-0.017511490120185776,0.1333333333333333,True
10bf67442e197285,Milan,location,2016Q4,2016Q3,0.22807017543859653,26,47,5,9,True,True,2,2,True,9,0,0.0,-0.09482353331100943,0.045454545454545414,True
10bf67442e197285,Milan,value,2016Q2,2016Q1,0.24117647058823533,7,10,3,9,True,True,2,2,True,9,2,0.2222222222222222,0.011865696560645659,0.21570066030814372,True
1127faba8d299af8,Milan,breakfast,2016Q1,2015Q4,0.18888888888888888,10,8,2,9,True,True,2,2,True,10,2,0.2,0.039404883292148155,0.23076923076923084,True
1127faba8d299af8,Milan,room,2016Q1,2015Q4,0.4861660079051384,12,13,2,9,True,True,2,2,True,10,2,0.2,-0.03496543129077665,0.4950980392156864,True
1127faba8d299af8,Milan,room,2016Q4,2016Q3,0.20996168582375474,35,19,5,9,True,True,2,2,True,10,0,0.0,-0.1565906117515093,0.05263157894736836,True
1127faba8d299af8,Milan,service,2016Q1,2015Q4,0.2236842105263157,9,14,2,9,True,True,2,2,True,10,3,0.3,0.01794162104488075,0.3799999999999999,True
1127faba8d299af8,Milan,service,2016Q3,2016Q2,0.19999999999999996,22,30,4,9,True,True,2,2,True,10,4,0.4,0.08091987583941063,0.2282608695652173,True
1128ada016683f9f,Paris,breakfast,2016Q3,2016Q2,0.16161616161616155,8,12,4,9,True,True,2,2,True,10,0,0.0,-0.012039072039072007,0.11111111111111116,True
1128ada016683f9f,Paris,breakfast,2016Q4,2016Q3,0.16993464052287588,7,8,5,9,True,True,2,2,True,10,2,0.2,0.044017094017093986,0.2435897435897436,True
1128ada016683f9f,Paris,cleanliness,2017Q1,2016Q4,0.2666666666666666,5,5,6,9,True,True,2,2,True,10,2,0.2,0.007932067932067932,0.18181818181818177,True
1128ada016683f9f,Paris,room,2017Q1,2016Q4,0.18513323983169716,13,21,6,9,True,True,2,2,True,10,0,0.0,-0.035078777095535765,0.11956521739130432,True
1128ada016683f9f,Paris,service,2017Q1,2016Q4,0.26190476190476186,14,11,6,9,True,True,2,2,True,10,2,0.2,0.03993574107351194,0.33333333333333326,True
112ba3ab605e2134,Amsterdam,breakfast,2017Q1,2016Q4,0.20615384615384635,15,16,6,9,True,True,2,2,True,10,1,0.1,-0.07294483294483295,0.5,True
112ba3ab605e2134,Amsterdam,cleanliness,2017Q1,2016Q4,0.5213675213675213,16,8,6,9,True,True,2,2,True,10,2,0.2,-0.061612841392017614,0.2222222222222222,True
112ba3ab605e2134,Amsterdam,location,2016Q3,2016Q2,0.24242424242424243,23,14,4,9,True,True,2,2,True,10,1,0.1,-0.03456994308280568,0.16083916083916083,True
112ba3ab605e2134,Amsterdam,service,2016Q3,2016Q2,0.1693548387096775,21,14,4,9,True,True,2,2,True,10,0,0.0,-0.0780190005408419,0.11817279046673268,True
112ba3ab605e2134,Amsterdam,value,2016Q3,2016Q2,0.28888888888888886,8,10,4,9,True,True,2,2,True,10,2,0.2,0.07996332764855235,0.34285714285714286,True
112e59b7f73d3027,Paris,location,2016Q3,2016Q2,0.33484162895927616,7,3,4,9,True,True,2,2,True,10,1,0.1,0.003033261945026666,0.3208556149732622,True
112e59b7f73d3027,Paris,room,2016Q3,2016Q2,0.18623481781376516,9,3,4,9,True,True,2,2,True,10,1,0.1,-0.06051465227406664,0.31932773109243706,True
112e59b7f73d3027,Paris,service,2016Q1,2015Q4,0.3431372549019608,7,2,2,9,True,True,2,2,True,10,1,0.1,-0.04712459789354391,0.3333333333333335,True
11504724335cb45c,Paris,room,2016Q2,2016Q1,0.28352490421455945,8,19,3,9,True,True,2,2,True,9,1,0.1111111111111111,-0.060199288511448255,0.16666666666666663,True
1155f342d6011264,Milan,breakfast,2016Q4,2016Q3,0.19999999999999996,5,4,5,9,True,True,2,2,True,9,2,0.2222222222222222,-0.017355193825782027,0.20879120879120894,True
1155f342d6011264,Milan,location,2016Q3,2016Q2,0.28409090909090917,6,1,4,9,True,True,2,2,True,10,3,0.3,0.08977993021471284,0.4013377926421404,True
1155f342d6011264,Milan,room,2016Q3,2016Q2,0.29166666666666663,6,2,4,9,True,True,2,2,True,10,4,0.4,0.09811436197338834,0.4369747899159665,True
1155f342d6011264,Milan,service,2016Q3,2016Q2,0.15909090909090917,6,1,4,9,True,True,2,2,True,10,4,0.4,0.06443794767324176,0.43434343434343425,True
115791bb45975e2c,Vienna,noise,2016Q3,2016Q2,0.18306636155606404,13,9,4,9,True,True,2,2,True,10,2,0.2,0.045881837460784794,0.2666666666666666,True
115791bb45975e2c,Vienna,room,2017Q1,2016Q4,0.2063492063492064,18,26,6,9,True,True,2,2,True,10,0,0.0,-0.05527739184251788,0.03174603174603163,True
116c12bfdc38b8b9,Barcelona,location,2016Q4,2016Q3,0.17307692307692313,6,3,5,8,True,True,2,2,True,9,0,0.0,-0.0902779481131482,0.11111111111111116,True
116c12bfdc38b8b9,Barcelona,service,2017Q1,2016Q4,0.20833333333333326,6,2,6,8,True,True,2,2,True,9,1,0.1111111111111111,-0.04458585438977599,0.16666666666666652,True
118344d56b4d4f99,Barcelona,breakfast,2016Q1,2015Q4,0.16993464052287588,8,7,2,9,True,True,2,2,True,8,2,0.25,0.021561986635516034,0.3513513513513513,True
118344d56b4d4f99,Barcelona,breakfast,2016Q4,2016Q3,0.44999999999999996,5,6,5,9,True,True,2,2,True,10,0,0.0,-0.01046687285217195,0.1428571428571429,True
118344d56b4d4f99,Barcelona,cleanliness,2016Q2,2016Q1,0.2857142857142856,5,11,3,9,True,True,2,2,True,9,3,0.3333333333333333,0.0017101921126689106,0.27751196172248815,True
118344d56b4d4f99,Barcelona,cleanliness,2017Q1,2016Q4,0.24242424242424243,5,12,6,9,True,True,2,2,True,10,2,0.2,0.007096699596699607,0.20879120879120894,True
118344d56b4d4f99,Barcelona,room,2016Q1,2015Q4,0.20309477756286254,37,34,2,9,True,True,2,2,True,8,3,0.375,0.010666319217941256,0.2647058823529411,True
118344d56b4d4f99,Barcelona,value,2016Q4,2016Q3,0.17543859649122806,9,5,5,9,True,True,2,2,True,10,1,0.1,-0.061009162761080926,0.36714975845410625,True
118344d56b4d4f99,Barcelona,value,2017Q1,2016Q4,0.1578947368421053,6,9,6,9,True,True,2,2,True,10,1,0.1,0.026382940730766823,0.41025641025641024,True
1185efea82c92e29,Paris,location,2016Q1,2015Q4,0.30065359477124187,7,8,2,9,True,True,2,2,True,7,3,0.42857142857142855,0.12103974555102373,0.33333333333333326,True
1185efea82c92e29,Paris,location,2016Q3,2016Q2,0.35164835164835173,11,3,4,9,True,True,2,2,True,10,2,0.2,-0.023003429737944104,0.19837398373983728,True
1185efea82c92e29,Paris,room,2016Q2,2016Q1,0.32499999999999996,5,6,3,9,True,True,2,2,True,9,3,0.3333333333333333,0.09392412241716475,0.34090909090909094,True
1185efea82c92e29,Paris,room,2016Q4,2016Q3,0.15714285714285725,10,18,5,9,True,True,2,2,True,10,3,0.3,0.037554062417295496,0.3752860411899315,True
1185efea82c92e29,Paris,service,2016Q1,2015Q4,0.20320855614973277,7,12,2,9,True,True,2,2,True,7,1,0.14285714285714285,-0.06538267695336215,0.19047619047619047,True
1185efea82c92e29,Paris,service,2016Q3,2016Q2,0.19047619047619047,11,5,4,9,True,True,2,2,True,10,2,0.2,-0.015571713400492482,0.22705314009661826,True
119a67ff88671a13,Milan,breakfast,2016Q4,2016Q3,0.34492525570417,145,195,5,9,True,True,2,2,True,9,3,0.3333333333333333,-0.014877162218525555,0.24212271973466004,True
119a67ff88671a13,Milan,location,2016Q2,2016Q1,0.16220600162206011,127,89,3,9,True,True,2,2,True,9,0,0.0,-0.11343991029000522,0.041290322580645133,True
119a67ff88671a13,Milan,noise,2016Q4,2016Q3,0.2620380739081747,37,28,5,9,True,True,2,2,True,9,0,0.0,0.01241813741813739,0.09090909090909094,True
119a67ff88671a13,Milan,service,2016Q4,2016Q3,0.32986874146225575,103,139,5,9,True,True,2,2,True,9,0,0.0,-0.08204059431054146,0.096551724137931,True
119a67ff88671a13,Milan,value,2016Q3,2016Q2,0.2936507936507935,74,53,4,9,True,True,2,2,True,9,2,0.2222222222222222,0.030323157766766813,0.20952380952380956,True
11ddf8bf5cd47375,Barcelona,breakfast,2016Q2,2016Q1,0.19999999999999996,5,0,3,9,True,True,2,2,True,9,3,0.3333333333333333,0.02220198935885213,0.3216783216783218,True
11ddf8bf5cd47375,Barcelona,location,2016Q2,2016Q1,0.43891402714932126,16,7,3,9,True,True,2,2,True,9,3,0.3333333333333333,0.04882191021397733,0.49242424242424243,True
11ddf8bf5cd47375,Barcelona,noise,2016Q4,2016Q3,0.49411764705882344,5,7,5,9,True,True,2,2,True,10,1,0.1,0.0036721611721611926,0.19999999999999996,True
11ddf8bf5cd47375,Barcelona,room,2016Q4,2016Q3,0.23151515151515156,23,40,5,9,True,True,2,2,True,10,3,0.3,0.016744000440055383,0.23983739837398377,True
11ddf8bf5cd47375,Barcelona,service,2016Q3,2016Q2,0.2592592592592593,26,17,4,9,True,True,2,2,True,9,2,0.2222222222222222,0.08178777345297648,0.2614015572858732,True
12228997f7300a6f,Paris,breakfast,2016Q2,2016Q1,0.7676767676767676,12,8,3,9,True,True,2,2,True,9,1,0.1111111111111111,-0.06469727478499411,0.2435897435897436,True
12228997f7300a6f,Paris,cleanliness,2016Q1,2015Q4,0.31904761904761925,20,18,2,9,True,True,2,2,True,9,2,0.2222222222222222,0.030409949527596555,0.31666666666666665,True
12228997f7300a6f,Paris,cleanliness,2016Q3,2016Q2,0.7485380116959065,28,8,4,9,True,True,2,2,True,9,2,0.2222222222222222,0.0798973248973249,0.52,True
12228997f7300a6f,Paris,location,2016Q2,2016Q1,0.21666666666666656,30,50,3,9,True,True,2,2,True,9,1,0.1111111111111111,0.008821166429941685,0.4242424242424242,True
12228997f7300a6f,Paris,room,2016Q4,2016Q3,0.16666666666666674,50,96,5,9,True,True,2,2,True,9,0,0.0,-0.13408474583444047,0.053511705685618804,True
12228997f7300a6f,Paris,service,2017Q1,2016Q4,0.4491228070175439,28,20,6,9,True,True,2,2,True,9,1,0.1111111111111111,-0.05133321939307497,0.468864468864469,True
12228997f7300a6f,Paris,value,2016Q2,2016Q1,0.18181818181818177,8,12,3,9,True,True,2,2,True,9,2,0.2222222222222222,-0.028798053798053794,0.2435897435897435,True
12228997f7300a6f,Paris,value,2017Q1,2016Q4,0.2142857142857143,8,18,6,9,True,True,2,2,True,9,3,0.3333333333333333,0.07020757020757021,0.20192307692307687,True
12a3bfe8c0821d20,London,cleanliness,2016Q4,2016Q3,0.36363636363636354,12,4,5,9,True,True,2,2,True,10,2,0.2,-0.011411287714148654,0.3288043478260869,True
12a3bfe8c0821d20,London,location,2017Q1,2016Q4,0.3411371237458194,16,13,6,9,True,True,2,2,True,10,1,0.1,0.018042453792854674,0.28205128205128216,True
12a3bfe8c0821d20,London,noise,2016Q1,2015Q4,0.5238095238095238,8,11,2,9,True,True,2,2,True,10,0,0.0,-0.09710770466855659,0.1428571428571429,True
12a3bfe8c0821d20,London,room,2016Q1,2015Q4,0.20242337847469716,51,36,2,9,True,True,2,2,True,10,3,0.3,0.08456338599913929,0.3496503496503496,True
12a3bfe8c0821d20,London,room,2016Q3,2016Q2,0.2229691876750699,25,41,4,9,True,True,2,2,True,10,1,0.1,-0.017536845860237692,0.17220801364023874,True
12a3bfe8c0821d20,London,room,2016Q4,2016Q3,0.29890109890109895,42,25,5,9,True,True,2,2,True,10,0,0.0,-0.055977446404071915,0.1477067218651269,True
12a3bfe8c0821d20,London,service,2016Q4,2016Q3,0.22857142857142865,25,15,5,9,True,True,2,2,True,10,0,0.0,-0.08432374975813303,0.139344262295082,True
12a3bfe8c0821d20,London,value,2016Q2,2016Q1,0.2333333333333334,10,14,3,9,True,True,2,2,True,10,1,0.1,-0.05413465795088015,0.18306636155606404,True
12a3bfe8c0821d20,London,value,2017Q1,2016Q4,0.4970760233918128,9,8,6,9,True,True,2,2,True,10,4,0.4,0.10526623637606188,0.25757575757575746,True
12b1cb14fb5d9da8,Vienna,breakfast,2016Q2,2016Q1,0.35403726708074523,18,13,3,9,True,True,2,2,True,10,3,0.3,0.04736572817662534,0.2514619883040934,True
12b1cb14fb5d9da8,Vienna,cleanliness,2016Q3,2016Q2,0.23333333333333317,10,2,4,9,True,True,2,2,True,10,3,0.3,0.06486682452302148,0.430622009569378,True
12b1cb14fb5d9da8,Vienna,room,2016Q1,2015Q4,0.38095238095238093,18,11,2,9,True,True,2,2,True,10,2,0.2,-0.013122658843140766,0.3999999999999999,True
12b1cb14fb5d9da8,Vienna,service,2016Q3,2016Q2,0.2564784053156146,33,25,4,9,True,True,2,2,True,10,1,0.1,0.02345116551852,0.15934065934065944,True
12b1cb14fb5d9da8,Vienna,service,2017Q1,2016Q4,0.18333333333333335,15,14,6,9,True,True,2,2,True,10,3,0.3,-0.01694838586744547,0.276086956521739,True
12eb72c098e398f7,Milan,location,2016Q1,2015Q4,0.2749999999999999,10,6,2,9,True,True,2,2,True,10,1,0.1,0.0035771170246350127,0.26190476190476186,True
12eb72c098e398f7,Milan,location,2016Q3,2016Q2,0.3362068965517242,19,6,4,9,True,True,2,2,True,10,1,0.1,0.007260456021422401,0.1574952561669829,True
12eb72c098e398f7,Milan,room,2016Q3,2016Q2,0.20788530465949817,21,8,4,9,True,True,2,2,True,10,3,0.3,0.0760178448803804,0.42784552845528445,True
12eb72c098e398f7,Milan,room,2017Q1,2016Q4,0.2727272727272727,12,12,6,9,True,True,2,2,True,10,2,0.2,-0.028884034508371903,0.18461538461538463,True
12eb72c098e398f7,Milan,service,2016Q1,2015Q4,0.3411764705882352,10,7,2,9,True,True,2,2,True,10,4,0.4,0.03534111347455708,0.3799999999999999,True
12eb72c098e398f7,Milan,service,2016Q3,2016Q2,0.17931034482758634,19,5,4,9,True,True,2,2,True,10,3,0.3,0.009794242928448238,0.2282608695652173,True
13971cb52a57ddfd,Paris,location,2016Q2,2016Q1,0.4242424242424242,8,1,3,9,True,True,2,2,True,9,2,0.2222222222222222,0.0474705127496426,0.21666666666666656,True
13971cb52a57ddfd,Paris,service,2016Q3,2016Q2,0.25210084033613445,11,7,4,9,True,True,2,2,True,9,5,0.5555555555555556,0.1506777580631692,0.4817927170868346,True
13a08d4fcd681a72,London,breakfast,2016Q1,2015Q4,0.16551724137931023,10,19,2,9,True,True,2,2,True,9,1,0.1111111111111111,-0.08944144406933748,0.15384615384615397,True
13a08d4fcd681a72,London,cleanliness,2016Q2,2016Q1,0.42285714285714293,15,4,3,9,True,True,2,2,True,9,2,0.2222222222222222,0.04870809727550545,0.2406947890818858,True
13a08d4fcd681a72,London,location,2016Q2,2016Q1,0.357142857142857,46,18,3,9,True,True,2,2,True,9,1,0.1111111111111111,-0.023560305415099285,0.16859946476360377,True
13a08d4fcd681a72,London,service,2017Q1,2016Q4,0.15353535353535364,45,80,6,9,True,True,2,2,True,10,2,0.2,0.025003384020296004,0.4292929292929293,True
13a08d4fcd681a72,London,value,2017Q1,2016Q4,0.23888888888888882,8,30,6,9,True,True,2,2,True,10,7,0.7,0.23500673641699574,0.40882694541231124,True
13a1c41e77d80965,Paris,service,2016Q3,2016Q2,0.16666666666666652,5,2,4,9,True,True,2,2,True,7,1,0.14285714285714285,0.06521400931338824,0.33333333333333326,True
13f35981ac87ea63,Amsterdam,cleanliness,2016Q1,2015Q4,0.15587044534412953,42,28,2,9,True,True,2,2,True,7,3,0.42857142857142855,0.10498521086756385,0.19999999999999996,True
13f35981ac87ea63,Amsterdam,cleanliness,2016Q3,2016Q2,0.2819472616632859,19,24,4,9,True,True,2,2,True,9,3,0.3333333333333333,0.03975467927710904,0.3450980392156864,True
141f0f160d84074a,London,breakfast,2016Q4,2016Q3,0.19999999999999996,38,20,5,9,True,True,2,2,True,9,2,0.2222222222222222,-0.06039111525670666,0.29047619047619055,True
141f0f160d84074a,London,noise,2016Q4,2016Q3,0.4807017543859651,20,9,5,9,True,True,2,2,True,9,0,0.0,-0.04047912573773398,0.10000000000000009,True
141f0f160d84074a,London,room,2016Q4,2016Q3,0.2602898550724638,65,36,5,9,True,True,2,2,True,9,1,0.1111111111111111,-0.024982242337128757,0.28211284513805523,True
1420292bc6af6e57,Paris,breakfast,2016Q1,2015Q4,0.48571428571428565,10,4,2,9,True,True,2,2,True,8,1,0.125,-0.05036630036630034,0.23809523809523814,True
1420292bc6af6e57,Paris,breakfast,2016Q3,2016Q2,0.19166666666666665,5,6,4,9,True,True,2,2,True,10,0,0.0,-0.08996334547805132,0.1098039215686275,True
1420292bc6af6e57,Paris,cleanliness,2016Q1,2015Q4,0.3308270676691729,9,11,2,9,True,True,2,2,True,8,3,0.375,0.08104395604395599,0.24242424242424243,True
1420292bc6af6e57,Paris,service,2016Q1,2015Q4,0.3639846743295019,19,8,2,9,True,True,2,2,True,8,1,0.125,0.013101913714436364,0.15555555555555567,True
143e991c99f40a77,Barcelona,location,2016Q3,2016Q2,0.25210084033613445,11,7,4,9,True,True,2,2,True,9,3,0.3333333333333333,0.060758911416811986,0.2666666666666666,True
143e991c99f40a77,Barcelona,room,2016Q3,2016Q2,0.45833333333333326,14,6,4,9,True,True,2,2,True,9,3,0.3333333333333333,0.011400287013492272,0.25434315830568033,True
143e991c99f40a77,Barcelona,service,2017Q1,2016Q4,0.19999999999999996,5,6,6,9,True,True,2,2,True,9,3,0.3333333333333333,0.030908833754102336,0.24285714285714288,True
14859c0d228c3de7,London,breakfast,2016Q1,2015Q4,0.23376623376623373,12,18,2,9,True,True,2,2,True,10,2,0.2,-0.08603073504714545,0.21925925925925926,True
14859c0d228c3de7,London,breakfast,2016Q3,2016Q2,0.33333333333333326,17,12,4,9,True,True,2,2,True,10,3,0.3,-0.011259113397674048,0.3736263736263735,True
14859c0d228c3de7,London,breakfast,2017Q1,2016Q4,0.3076923076923077,16,14,6,9,True,True,2,2,True,10,7,0.7,0.22403264316893184,0.5333333333333332,True
14859c0d228c3de7,London,cleanliness,2016Q1,2015Q4,0.19999999999999996,10,10,2,9,True,True,2,2,True,10,1,0.1,0.04985480508271537,0.40000000000000013,True
14859c0d228c3de7,London,location,2016Q2,2016Q1,0.16538461538461546,30,16,3,9,True,True,2,2,True,10,2,0.2,-0.0158456893907017,0.19826086956521727,True
14859c0d228c3de7,London,noise,2016Q1,2015Q4,0.1777777777777778,5,8,2,9,True,True,2,2,True,10,2,0.2,-0.04860365342718287,0.25210084033613445,True
14859c0d228c3de7,London,room,2016Q1,2015Q4,0.17989417989417988,44,46,2,9,True,True,2,2,True,10,2,0.2,0.059812670619899824,0.2902967121090617,True
14859c0d228c3de7,London,service,2017Q1,2016Q4,0.37111111111111117,26,40,6,9,True,True,2,2,True,10,1,0.1,0.050597157032631034,0.23921568627450984,True
14d9fea8de32c2f3,London,location,2016Q3,2016Q2,0.15792262851086392,41,27,4,9,True,True,2,2,True,10,0,0.0,0.012835862838604028,0.1282051282051282,True
14d9fea8de32c2f3,London,value,2016Q1,2015Q4,0.5986842105263158,6,9,2,9,True,True,2,2,True,9,5,0.5555555555555556,0.10562772037548065,0.24552429667519182,True
14d9fea8de32c2f3,London,value,2017Q1,2016Q4,0.2867647058823529,6,7,6,9,True,True,2,2,True,10,2,0.2,0.03032159444778908,0.4,True
1506585dd4435289,Barcelona,breakfast,2016Q2,2016Q1,0.16190476190476177,10,11,3,9,True,True,2,2,True,10,1,0.1,-0.09181982748735712,0.15581098339719035,True
1506585dd4435289,Barcelona,location,2016Q3,2016Q2,0.22222222222222232,17,17,4,9,True,True,2,2,True,10,2,0.2,0.05165656674234738,0.34811165845648606,True
1506585dd4435289,Barcelona,room,2016Q1,2015Q4,0.20099255583126552,21,16,2,9,True,True,2,2,True,10,2,0.2,-0.05668849129087215,0.2406417112299466,True
1506585dd4435289,Barcelona,room,2016Q4,2016Q3,0.23529411764705888,16,24,5,9,True,True,2,2,True,10,1,0.1,-0.07513041089532027,0.19047619047619058,True
150bf4d4b49632e7,Paris,room,2016Q4,2016Q3,0.1578947368421053,9,6,5,7,True,True,2,2,True,9,1,0.1111111111111111,-0.003898477613123341,0.206461780929866,True
150bf4d4b49632e7,Paris,service,2016Q3,2016Q2,0.19195046439628483,9,7,4,7,True,True,2,2,True,10,2,0.2,0.011140577889252889,0.2875816993464053,True
150bf4d4b49632e7,Paris,service,2017Q1,2016Q4,0.20433436532507732,9,7,6,7,True,True,2,2,True,9,0,0.0,-0.06418040905709353,0.1074074074074074,True
15b880b85e4c8c55,London,breakfast,2016Q3,2016Q2,0.21590909090909094,6,1,4,9,True,True,2,2,True,10,1,0.1,-0.036928668613613755,0.2395604395604395,True
15b880b85e4c8c55,London,location,2016Q1,2015Q4,0.2236842105263157,9,6,2,9,True,True,2,2,True,10,0,0.0,-0.025414619760665568,0.13765182186234814,True
15b880b85e4c8c55,London,room,2016Q1,2015Q4,0.4117647058823529,24,7,2,9,True,True,2,2,True,10,2,0.2,0.07175329245343305,0.33333333333333337,True
15b880b85e4c8c55,London,room,2016Q3,2016Q2,0.19999999999999996,25,20,4,9,True,True,2,2,True,10,2,0.2,-0.010957073131014562,0.39743589743589747,True
15b880b85e4c8c55,London,service,2016Q3,2016Q2,0.23655913978494625,23,21,4,9,True,True,2,2,True,10,0,0.0,-0.10162609957949495,0.11333333333333329,True
15ca680782ceead2,London,breakfast,2016Q1,2015Q4,0.43999999999999995,15,6,2,9,True,True,2,2,True,10,2,0.2,0.008746594526645678,0.22153209109730865,True
15ca680782ceead2,London,breakfast,2017Q1,2016Q4,0.45791245791245794,12,17,6,9,True,True,2,2,True,10,2,0.2,0.06103113180307116,0.21969696969696972,True
15ca680782ceead2,London,cleanliness,2016Q3,2016Q2,0.32236842105263164,6,9,4,9,True,True,2,2,True,10,2,0.2,0.017033848753508062,0.2857142857142858,True
15ca680782ceead2,London,room,2016Q1,2015Q4,0.22251481237656356,39,21,2,9,True,True,2,2,True,10,4,0.4,0.12647858799383488,0.34285714285714275,True
15ca680782ceead2,London,room,2016Q4,2016Q3,0.24390243902439035,31,31,5,9,True,True,2,2,True,10,1,0.1,-0.04702351980519394,0.22213500784929363,True
15ca680782ceead2,London,service,2016Q1,2015Q4,0.15503875968992253,33,17,2,9,True,True,2,2,True,10,2,0.2,0.08371885850545721,0.3116883116883118,True
15ca680782ceead2,London,service,2017Q1,2016Q4,0.3226600985221675,18,19,6,9,True,True,2,2,True,10,0,0.0,-0.09990494259607707,0.0,True
16108333c1f09e9d,Barcelona,breakfast,2016Q1,2015Q4,0.22580645161290325,21,14,2,9,True,True,2,2,True,7,1,0.14285714285714285,-0.012360655217798056,0.15384615384615374,True
16108333c1f09e9d,Barcelona,cleanliness,2016Q1,2015Q4,0.2536764705882353,22,24,2,9,True,True,2,2,True,7,4,0.5714285714285714,0.0585414585414585,0.19999999999999996,True
16108333c1f09e9d,Barcelona,cleanliness,2017Q1,2016Q4,0.33333333333333326,14,10,6,9,True,True,2,2,True,9,1,0.1111111111111111,-0.002705936039269336,0.16666666666666674,True
16108333c1f09e9d,Barcelona,noise,2016Q4,2016Q3,0.2981366459627329,13,11,5,9,True,True,2,2,True,9,1,0.1111111111111111,-0.09184926184926187,0.18181818181818177,True
16108333c1f09e9d,Barcelona,room,2016Q1,2015Q4,0.2549019607843137,54,41,2,9,True,True,2,2,True,7,2,0.2857142857142857,0.01852593007978936,0.19999999999999996,True
16108333c1f09e9d,Barcelona,room,2016Q3,2016Q2,0.18452380952380953,38,46,4,9,True,True,2,2,True,9,2,0.2222222222222222,0.010205334049681207,0.45833333333333326,True
16108333c1f09e9d,Barcelona,service,2016Q3,2016Q2,0.2286902286902286,27,29,4,9,True,True,2,2,True,9,2,0.2222222222222222,0.043415222537023825,0.18823529411764706,True
16108333c1f09e9d,Barcelona,service,2017Q1,2016Q4,0.22596153846153855,29,22,6,9,True,True,2,2,True,9,2,0.2222222222222222,0.022612237467309965,0.24285714285714288,True
1668014d06f0f199,Paris,room,2016Q1,2015Q4,0.3111111111111111,5,8,2,9,True,True,2,2,True,6,1,0.16666666666666666,-0.006627845260563832,0.365079365079365,True
1668014d06f0f199,Paris,room,2016Q4,2016Q3,0.2807017543859649,9,8,5,9,True,True,2,2,True,8,3,0.375,0.11635389770320476,0.41666666666666663,True
1672b62915c6b74a,London,breakfast,2016Q1,2015Q4,0.3068688670829617,49,28,2,9,True,True,2,2,True,10,2,0.2,-0.05075226682502224,0.21590909090909083,True
1672b62915c6b74a,London,breakfast,2016Q4,2016Q3,0.1527777777777778,22,26,5,9,True,True,2,2,True,10,0,0.0,-0.12426468764704057,0.09090909090909094,True
1672b62915c6b74a,London,breakfast,2017Q1,2016Q4,0.2294776119402986,57,22,6,9,True,True,2,2,True,10,2,0.2,0.052875537581419906,0.6801346801346801,True
1672b62915c6b74a,London,cleanliness,2016Q1,2015Q4,0.1875,22,22,2,9,True,True,2,2,True,10,3,0.3,0.11337548416495782,0.26315789473684204,True
1672b62915c6b74a,London,cleanliness,2016Q2,2016Q1,0.2875000000000001,30,22,3,9,True,True,2,2,True,10,0,0.0,-0.10880838459785827,0.06666666666666665,True
1672b62915c6b74a,London,cleanliness,2017Q1,2016Q4,0.15661103979460855,31,28,6,9,True,True,2,2,True,10,5,0.5,0.11033115222373531,0.2749999999999999,True
1672b62915c6b74a,London,service,2016Q1,2015Q4,0.20132358063392553,89,48,2,9,True,True,2,2,True,10,4,0.4,0.06826465358324428,0.3582887700534759,True
1672b62915c6b74a,London,service,2017Q1,2016Q4,0.2407407407407407,98,56,6,9,True,True,2,2,True,10,1,0.1,0.008216129900572567,0.2727272727272727,True
1672b62915c6b74a,London,value,2016Q4,2016Q3,0.17142857142857137,25,25,5,9,True,True,2,2,True,10,1,0.1,-0.10350202048142557,0.33867276887871844,True
1672b62915c6b74a,London,value,2017Q1,2016Q4,0.19946091644204855,43,25,6,9,True,True,2,2,True,10,3,0.3,0.10324546970057806,0.41025641025641024,True
1698375222db78b8,London,service,2017Q1,2016Q4,0.35164835164835173,11,3,6,9,True,True,2,2,True,9,3,0.3333333333333333,0.0907045649785249,0.2849498327759199,True
16c349e6a28ee4ad,Vienna,breakfast,2016Q3,2016Q2,0.2349137931034483,22,19,4,9,True,True,2,2,True,10,1,0.1,-0.09212513832657215,0.2333333333333334,True
16c349e6a28ee4ad,Vienna,cleanliness,2016Q1,2015Q4,0.19696969696969702,23,22,2,9,True,True,2,2,True,10,0,0.0,-0.029899327457121073,0.11045828437132776,True
16c349e6a28ee4ad,Vienna,location,2017Q1,2016Q4,0.2764976958525347,21,25,6,9,True,True,2,2,True,10,1,0.1,-0.12289351969567948,0.2892307692307692,True
16c349e6a28ee4ad,Vienna,room,2016Q3,2016Q2,0.33867276887871856,36,28,4,9,True,True,2,2,True,10,3,0.3,0.06370949427772168,0.4940711462450592,True
16c349e6a28ee4ad,Vienna,value,2016Q1,2015Q4,0.5,10,2,2,9,True,True,2,2,True,10,1,0.1,0.019579683757103117,0.42285714285714293,True
16c349e6a28ee4ad,Vienna,value,2016Q3,2016Q2,0.6857142857142856,10,4,4,9,True,True,2,2,True,10,1,0.1,-0.023042403645851927,0.32167832167832155,True
17023a2b1de913d0,Milan,breakfast,2016Q2,2016Q1,0.33974358974358987,14,3,3,9,True,True,2,2,True,9,2,0.2222222222222222,-0.031200580739346975,0.27368421052631575,True
17023a2b1de913d0,Milan,breakfast,2016Q4,2016Q3,0.40909090909090917,14,1,5,9,True,True,2,2,True,9,0,0.0,-0.10082949622575368,0.09981851179673318,True
17023a2b1de913d0,Milan,location,2016Q2,2016Q1,0.2767857142857142,22,4,3,9,True,True,2,2,True,9,2,0.2222222222222222,0.07252284042565377,0.25396825396825395,True
17023a2b1de913d0,Milan,location,2017Q1,2016Q4,0.41176470588235303,7,6,6,9,True,True,2,2,True,9,0,0.0,-0.009002876758650549,0.11664295874822184,True
17023a2b1de913d0,Milan,room,2016Q2,2016Q1,0.1875,22,4,3,9,True,True,2,2,True,9,1,0.1111111111111111,-0.012310812710829974,0.43853820598006643,True
17023a2b1de913d0,Milan,room,2017Q1,2016Q4,0.15340909090909083,12,22,6,9,True,True,2,2,True,9,1,0.1111111111111111,-0.05393550226488905,0.18461538461538463,True
1751c4953f858440,Vienna,cleanliness,2016Q1,2015Q4,0.1568627450980391,5,7,2,9,True,True,2,2,True,10,3,0.3,-0.0010982808041630876,0.33333333333333326,True
1751c4953f858440,Vienna,location,2017Q1,2016Q4,0.31534391534391526,17,25,6,9,True,True,2,2,True,9,0,0.0,-0.01510346280088146,0.13350020859407596,True
1751c4953f858440,Vienna,noise,2016Q1,2015Q4,0.27751196172248815,9,1,2,9,True,True,2,2,True,10,2,0.2,-0.03162930207047858,0.20833333333333337,True
1751c4953f858440,Vienna,room,2017Q1,2016Q4,0.2776603241719522,23,33,6,9,True,True,2,2,True,9,0,0.0,-0.037113930826461604,0.0844564240790655,True
1755bb16e71cb6a8,Paris,breakfast,2017Q1,2016Q4,0.2941176470588235,12,7,6,9,True,True,2,2,True,9,2,0.2222222222222222,0.02539405039405039,0.2857142857142857,True
1755bb16e71cb6a8,Paris,room,2016Q4,2016Q3,0.21052631578947367,9,9,5,9,True,True,2,2,True,9,1,0.1111111111111111,0.004103220464763956,0.3538461538461538,True
1755bb16e71cb6a8,Paris,service,2016Q4,2016Q3,0.315018315018315,11,3,5,9,True,True,2,2,True,9,1,0.1111111111111111,-0.02306773781235521,0.26956521739130435,True
179d89be936d0a4a,Milan,breakfast,2016Q4,2016Q3,0.15909090909090917,6,12,5,9,True,True,2,2,True,7,1,0.14285714285714285,-0.03956826269577458,0.40271493212669673,True
179d89be936d0a4a,Milan,room,2016Q2,2016Q1,0.29431438127090304,13,3,3,9,True,True,2,2,True,7,1,0.14285714285714285,-0.017694580826434048,0.23333333333333328,True
179d89be936d0a4a,Milan,service,2016Q4,2016Q3,0.3198757763975155,13,18,5,9,True,True,2,2,True,7,0,0.0,-0.13542302726513245,0.07575757575757591,True
179d89be936d0a4a,Milan,value,2016Q2,2016Q1,0.5416666666666666,6,2,3,9,True,True,2,2,True,7,1,0.14285714285714285,-0.02588715632193888,0.16666666666666663,True
179ead63c62b81a7,Vienna,room,2016Q1,2015Q4,0.24154589371980673,13,17,2,9,True,True,2,2,True,10,1,0.1,0.013764737743472056,0.22435897435897445,True
179ead63c62b81a7,Vienna,room,2016Q3,2016Q2,0.16410256410256419,16,20,4,9,True,True,2,2,True,10,1,0.1,0.03577650771418578,0.21553884711779436,True
179ead63c62b81a7,Vienna,service,2016Q1,2015Q4,0.15873015873015883,8,11,2,9,True,True,2,2,True,10,0,0.0,-0.0025334879161426293,0.12605042016806722,True
179ead63c62b81a7,Vienna,service,2016Q3,2016Q2,0.37037037037037024,17,17,4,9,True,True,2,2,True,10,4,0.4,0.1383348674756418,0.4201680672268906,True
17a16cd232ba0985,Paris,breakfast,2016Q3,2016Q2,0.20192307692307687,6,3,4,9,True,True,2,2,True,10,1,0.1,-0.003235653235653213,0.31313131313131304,True
17a16cd232ba0985,Paris,room,2016Q2,2016Q1,0.4011379800853485,9,27,3,9,True,True,2,2,True,9,0,0.0,-0.10775019934440219,0.0714285714285714,True
17cc2fd4d5893d7e,Milan,breakfast,2016Q1,2015Q4,0.5546218487394959,7,4,2,9,True,True,2,2,True,9,2,0.2222222222222222,0.053378152062362565,0.2236842105263157,True
17cc2fd4d5893d7e,Milan,breakfast,2016Q4,2016Q3,0.16666666666666674,10,5,5,9,True,True,2,2,True,9,1,0.1111111111111111,-0.08366105022589004,0.40909090909090917,True
17cc2fd4d5893d7e,Milan,cleanliness,2017Q1,2016Q4,0.2941176470588236,7,6,6,9,True,True,2,2,True,9,1,0.1111111111111111,-0.03912498461091813,0.41025641025641013,True
17cc2fd4d5893d7e,Milan,room,2017Q1,2016Q4,0.1578947368421053,28,14,6,9,True,True,2,2,True,9,2,0.2222222222222222,0.0012734709347173147,0.18461538461538463,True
17cc2fd4d5893d7e,Milan,service,2016Q1,2015Q4,0.3999999999999999,10,2,2,9,True,True,2,2,True,9,3,0.3333333333333333,-0.008779802220158098,0.6065162907268171,True
17cc2fd4d5893d7e,Milan,service,2016Q3,2016Q2,0.21510297482837526,13,9,4,9,True,True,2,2,True,9,1,0.1111111111111111,0.0323073560463349,0.20454545454545459,True
17cc2fd4d5893d7e,Milan,service,2017Q1,2016Q4,0.26190476190476186,14,11,6,9,True,True,2,2,True,9,3,0.3333333333333333,0.13449861393717716,0.47426470588235303,True
17dd74d6a55dca67,Paris,location,2016Q4,2016Q3,0.33333333333333326,5,4,5,7,True,True,2,2,True,10,0,0.0,-0.11459806916020401,0.02917771883289122,True
17df11aa6fa2a626,Paris,room,2016Q1,2015Q4,0.22499999999999998,6,10,2,8,True,True,2,2,True,8,1,0.125,0.016117321687973904,0.21739130434782605,True
17df11aa6fa2a626,Paris,room,2016Q3,2016Q2,0.2250000000000001,10,6,4,8,True,True,2,2,True,9,2,0.2222222222222222,0.0557170092996871,0.5428571428571428,True
18007f4c03cf348a,Paris,breakfast,2016Q2,2016Q1,0.16666666666666652,5,2,3,9,True,True,2,2,True,10,1,0.1,0.016222168635961765,0.16666666666666663,True
18007f4c03cf348a,Paris,breakfast,2017Q1,2016Q4,0.42222222222222217,5,8,6,9,True,True,2,2,True,10,3,0.3,0.05596099806626124,0.33333333333333337,True
18007f4c03cf348a,Paris,cleanliness,2016Q3,2016Q2,0.2941176470588236,7,0,4,9,True,True,2,2,True,10,1,0.1,0.023518426018426065,0.22222222222222232,True
18007f4c03cf348a,Paris,location,2016Q2,2016Q1,0.18823529411764706,15,7,3,9,True,True,2,2,True,10,1,0.1,0.007186805561418597,0.19480519480519498,True
18007f4c03cf348a,Paris,location,2017Q1,2016Q4,0.25274725274725274,16,18,6,9,True,True,2,2,True,10,1,0.1,-0.03031337522899309,0.2054924242424243,True
18007f4c03cf348a,Paris,room,2016Q1,2015Q4,0.19999999999999996,5,12,2,9,True,True,2,2,True,10,3,0.3,0.06254950144336333,0.30690537084398983,True
18007f4c03cf348a,Paris,room,2016Q2,2016Q1,0.19130434782608696,13,5,3,9,True,True,2,2,True,10,0,0.0,-0.059704107654771764,0.09090909090909094,True
18007f4c03cf348a,Paris,service,2016Q2,2016Q1,0.15555555555555567,15,8,3,9,True,True,2,2,True,10,1,0.1,-0.05802083771417608,0.33333333333333326,True
18007f4c03cf348a,Paris,service,2017Q1,2016Q4,0.15488215488215507,23,17,6,9,True,True,2,2,True,10,2,0.2,-0.016316549775965573,0.26797385620915026,True
183e1bd70f4ff564,London,breakfast,2016Q1,2015Q4,0.22619047619047616,38,25,2,9,True,True,2,2,True,8,3,0.375,0.0629948592376856,0.25357142857142856,True
183e1bd70f4ff564,London,cleanliness,2016Q1,2015Q4,0.15707205489897058,51,33,2,9,True,True,2,2,True,8,1,0.125,-0.02572331477973855,0.1578947368421053,True
183e1bd70f4ff564,London,cleanliness,2016Q4,2016Q3,0.1565040650406505,72,62,5,9,True,True,2,2,True,8,1,0.125,0.007633421705990018,0.2678571428571428,True
183e1bd70f4ff564,London,cleanliness,2017Q1,2016Q4,0.1526357199055861,52,72,6,9,True,True,2,2,True,9,1,0.1111111111111111,-0.021007438654475755,0.3321678321678323,True
185abb9fdf453729,Milan,breakfast,2016Q4,2016Q3,0.30147058823529416,7,22,5,9,True,True,2,2,True,10,2,0.2,0.008964207036289395,0.3157894736842106,True
185abb9fdf453729,Milan,cleanliness,2017Q1,2016Q4,0.18623481781376516,9,3,6,9,True,True,2,2,True,10,2,0.2,-0.054349963761728494,0.18181818181818177,True
185abb9fdf453729,Milan,location,2016Q2,2016Q1,0.1945945945945946,20,27,3,9,True,True,2,2,True,8,2,0.25,0.09122558362689945,0.4285714285714286,True
187983361485801e,Amsterdam,breakfast,2016Q3,2016Q2,0.20999999999999996,30,15,4,7,True,True,2,2,True,10,5,0.5,0.1547992982094201,0.3571428571428572,True
187983361485801e,Amsterdam,cleanliness,2016Q3,2016Q2,0.19886363636363646,22,12,4,7,True,True,2,2,True,10,0,0.0,-0.08699303243107254,0.09090909090909094,True
187983361485801e,Amsterdam,location,2016Q3,2016Q2,0.17730496453900724,68,37,4,7,True,True,2,2,True,10,2,0.2,-0.01140123698332376,0.24266144814090018,True
187983361485801e,Amsterdam,noise,2016Q4,2016Q3,0.17004048582995945,9,16,5,7,True,True,2,2,True,10,1,0.1,-0.07578758738083682,0.1607142857142858,True
18844f24ff32f0b5,London,location,2016Q1,2015Q4,0.1512605042016808,7,4,2,9,True,True,2,2,True,10,0,0.0,0.03624902068919755,0.13636363636363646,True
18844f24ff32f0b5,London,room,2016Q1,2015Q4,0.22222222222222232,8,6,2,9,True,True,2,2,True,10,2,0.2,0.016130664450724086,0.24453781512605044,True
18c5430b52a5e62d,Paris,location,2017Q1,2016Q4,0.2564102564102564,5,3,6,9,True,True,2,2,True,9,0,0.0,-0.0992079723114284,0.13986013986014,True
18c5430b52a5e62d,Paris,service,2016Q1,2015Q4,0.19852941176470584,6,7,2,9,True,True,2,2,True,9,1,0.1111111111111111,-0.0285700026821663,0.2564784053156146,True
194bdc723dd2bf5b,Amsterdam,breakfast,2016Q4,2016Q3,0.3535353535353536,8,1,5,9,True,True,2,2,True,10,0,0.0,-0.0709693145654747,0.1293103448275863,True
194bdc723dd2bf5b,Amsterdam,location,2016Q1,2015Q4,0.32000000000000006,15,5,2,9,True,True,2,2,True,7,0,0.0,0.0008460943217426044,0.07906944540607919,True
194bdc723dd2bf5b,Amsterdam,location,2016Q4,2016Q3,0.1879699248120299,9,4,5,9,True,True,2,2,True,10,1,0.1,-0.03576773210019857,0.3333333333333335,True
194bdc723dd2bf5b,Amsterdam,room,2017Q1,2016Q4,0.2518740629685158,13,19,6,9,True,True,2,2,True,10,1,0.1,0.014335413113615015,0.5777777777777777,True
197fd88e6b4ffbdc,Amsterdam,breakfast,2016Q1,2015Q4,0.5172413793103448,19,12,2,9,True,True,2,2,True,10,5,0.5,0.19812471287804442,0.6956521739130433,True
197fd88e6b4ffbdc,Amsterdam,cleanliness,2017Q1,2016Q4,0.4126984126984128,17,11,6,9,True,True,2,2,True,10,2,0.2,-0.059647856915409095,0.16666666666666663,True
197fd88e6b4ffbdc,Amsterdam,room,2016Q4,2016Q3,0.15608919382504283,56,43,5,9,True,True,2,2,True,10,0,0.0,-0.0369272547621242,0.13157894736842113,True
197fd88e6b4ffbdc,Amsterdam,service,2017Q1,2016Q4,0.1572327044025157,44,43,6,9,True,True,2,2,True,10,4,0.4,0.01669344746010585,0.3947750362844702,True
19c4f5bb50d39273,London,breakfast,2016Q1,2015Q4,0.24615384615384617,55,16,2,9,True,True,2,2,True,8,3,0.375,0.08440777488765103,0.49411764705882355,True
19c4f5bb50d39273,London,cleanliness,2016Q1,2015Q4,0.21491228070175428,28,14,2,9,True,True,2,2,True,8,1,0.125,0.04926705614205615,0.30086580086580095,True
19c4f5bb50d39273,London,noise,2016Q2,2016Q1,0.36363636363636354,12,12,3,9,True,True,2,2,True,8,1,0.125,-0.10368525308540787,0.32167832167832155,True
19c4f5bb50d39273,London,noise,2017Q1,2016Q4,0.24444444444444446,20,8,6,9,True,True,2,2,True,8,1,0.125,-0.0448020108266272,0.19047619047619047,True
19c4f5bb50d39273,London,service,2016Q2,2016Q1,0.17886178861788626,56,72,3,9,True,True,2,2,True,8,2,0.25,0.085485092238546,0.30645161290322576,True
19c4f5bb50d39273,London,service,2016Q4,2016Q3,0.1894045944678857,69,71,5,9,True,True,2,2,True,8,1,0.125,-0.025577568239486842,0.27920227920227925,True
19c4f5bb50d39273,London,value,2016Q3,2016Q2,0.20000000000000007,15,10,4,9,True,True,2,2,True,8,3,0.375,0.050630078378345295,0.2334096109839816,True
19c4f5bb50d39273,London,value,2017Q1,2016Q4,0.2190669371196755,19,24,6,9,True,True,2,2,True,8,2,0.25,-0.024890211124731262,0.23921568627450984,True
19cd33d898089027,Paris,cleanliness,2016Q3,2016Q2,0.17647058823529416,7,6,4,9,True,True,2,2,True,9,1,0.1111111111111111,0.03562897370946905,0.3827751196172249,True
19cd33d898089027,Paris,room,2016Q1,2015Q4,0.15900621118012415,13,25,2,9,True,True,2,2,True,6,0,0.0,-0.10888090352773329,0.013986013986014068,True
1a0ea544c6a8bb84,Milan,breakfast,2016Q3,2016Q2,0.34090909090909094,6,1,4,9,True,True,2,2,True,8,1,0.125,-0.05762442966390342,0.19999999999999996,True
1a0ea544c6a8bb84,Milan,location,2016Q2,2016Q1,0.22222222222222232,8,2,3,9,True,True,2,2,True,8,1,0.125,0.005176686059038996,0.19480519480519498,True
1a0ea544c6a8bb84,Milan,location,2016Q4,2016Q3,0.15204678362573087,9,8,5,9,True,True,2,2,True,9,3,0.3333333333333333,0.1272892941650513,0.33333333333333326,True
1a0ea544c6a8bb84,Milan,room,2016Q3,2016Q2,0.22456140350877196,9,5,4,9,True,True,2,2,True,8,2,0.25,0.0576971360253094,0.4369747899159665,True
1a17fd2c037769a6,Barcelona,breakfast,2016Q2,2016Q1,0.33333333333333326,17,10,3,9,True,True,2,2,True,10,4,0.4,0.03224509220264736,0.40245775729646693,True
1a17fd2c037769a6,Barcelona,breakfast,2017Q1,2016Q4,0.15151515151515138,11,12,6,9,True,True,2,2,True,10,1,0.1,0.0211097421710137,0.23076923076923084,True
1a17fd2c037769a6,Barcelona,cleanliness,2017Q1,2016Q4,0.2019047619047618,15,11,6,9,True,True,2,2,True,10,2,0.2,0.03586997969350917,0.46590909090909094,True
1a17fd2c037769a6,Barcelona,value,2016Q1,2015Q4,0.15238095238095228,5,11,2,9,True,True,2,2,True,10,3,0.3,0.03298117826445999,0.19999999999999996,True
1a220e63bc4cbe60,London,breakfast,2016Q4,2016Q3,0.2171428571428573,15,11,5,9,True,True,2,2,True,8,1,0.125,-0.04769753891870264,0.2259887005649719,True
1a220e63bc4cbe60,London,cleanliness,2017Q1,2016Q4,0.21969696969696972,23,14,6,9,True,True,2,2,True,9,4,0.4444444444444444,-0.03345945996242718,0.2402745995423341,True
1a220e63bc4cbe60,London,location,2016Q4,2016Q3,0.2407407407407407,30,17,5,9,True,True,2,2,True,8,2,0.25,0.0786780720662062,0.32380952380952377,True
1a220e63bc4cbe60,London,value,2016Q4,2016Q3,0.23611111111111116,6,8,5,9,True,True,2,2,True,8,1,0.125,-0.015598271955051965,0.23076923076923084,True
1a220e63bc4cbe60,London,value,2017Q1,2016Q4,0.3295454545454546,12,6,6,9,True,True,2,2,True,9,0,0.0,-0.018128461213058826,0.12261041529334216,True
1a6a49fc4c54c3f0,Vienna,cleanliness,2016Q2,2016Q1,0.17307692307692313,6,3,3,9,True,True,2,2,True,10,1,0.1,-0.05681951591851484,0.19480519480519498,True
1a6a49fc4c54c3f0,Vienna,location,2016Q4,2016Q3,0.2822966507177034,12,9,5,9,True,True,2,2,True,10,2,0.2,-0.03588408861523438,0.2575250836120402,True
1a6a49fc4c54c3f0,Vienna,room,2016Q3,2016Q2,0.18768328445747795,12,21,4,9,True,True,2,2,True,10,2,0.2,0.04893765558044409,0.2592592592592593,True
1a6a49fc4c54c3f0,Vienna,service,2016Q2,2016Q1,0.2571428571428571,10,4,3,9,True,True,2,2,True,10,0,0.0,-0.007516424103515318,0.13684210526315788,True
1a6a49fc4c54c3f0,Vienna,service,2016Q4,2016Q3,0.20833333333333326,11,6,5,9,True,True,2,2,True,10,1,0.1,-0.04531152738494648,0.18666666666666676,True
1a77d2b25cd1e157,Milan,location,2016Q3,2016Q2,0.15909090909090917,6,1,4,9,True,True,2,2,True,10,0,0.0,-0.01966975898344141,0.14882032667876577,True
1a8be1fb32d136e5,Vienna,breakfast,2016Q3,2016Q2,0.19259259259259265,30,17,4,9,True,True,2,2,True,10,0,0.0,-0.10775290772247248,0.08728652751423138,True
1a8be1fb32d136e5,Vienna,cleanliness,2016Q2,2016Q1,0.2321428571428572,6,4,3,9,True,True,2,2,True,10,3,0.3,0.0378680041637421,0.23076923076923084,True
1a8be1fb32d136e5,Vienna,location,2016Q3,2016Q2,0.27920227920227925,29,17,4,9,True,True,2,2,True,10,3,0.3,0.05046504468004818,0.42307692307692313,True
1a8be1fb32d136e5,Vienna,room,2016Q4,2016Q3,0.15873015873015883,25,35,5,9,True,True,2,2,True,10,3,0.3,0.03657957917230829,0.238213399503722,True
1a8be1fb32d136e5,Vienna,service,2016Q2,2016Q1,0.22588235294117642,15,7,3,9,True,True,2,2,True,10,1,0.1,-0.06849449946668916,0.2571428571428571,True
1a93b379f3eb37af,Vienna,breakfast,2016Q4,2016Q3,0.2941176470588236,7,8,5,9,True,True,2,2,True,9,1,0.1111111111111111,-0.060650422466727916,0.18181818181818188,True
1a93b379f3eb37af,Vienna,room,2016Q3,2016Q2,0.34736842105263155,10,9,4,9,True,True,2,2,True,10,1,0.1,-0.015786513831468407,0.18426501035196696,True
1a93b379f3eb37af,Vienna,service,2016Q4,2016Q3,0.47619047619047616,11,4,5,9,True,True,2,2,True,9,0,0.0,-0.1106632656883997,0.029239766081871288,True
1a93b379f3eb37af,Vienna,value,2016Q1,2015Q4,0.20192307692307687,6,3,2,9,True,True,2,2,True,10,2,0.2,-0.041193953105717815,0.34285714285714286,True
1a98318bc7fed1a6,Amsterdam,room,2016Q2,2016Q1,0.25877192982456143,14,9,3,9,True,True,2,2,True,10,2,0.2,0.024490122530605028,0.26363636363636367,True
1ae0dbb25868d88b,London,breakfast,2016Q1,2015Q4,0.15973218555714963,31,41,2,9,True,True,2,2,True,10,3,0.3,0.011984342454930663,0.25357142857142856,True
1ae0dbb25868d88b,London,breakfast,2017Q1,2016Q4,0.19701280227596007,64,66,6,9,True,True,2,2,True,10,2,0.2,-0.018324724931000368,0.19323671497584538,True
1ae0dbb25868d88b,London,noise,2016Q3,2016Q2,0.25670498084291193,26,19,4,9,True,True,2,2,True,10,1,0.1,0.026878763064218724,0.18181818181818177,True
1ae0dbb25868d88b,London,room,2016Q2,2016Q1,0.16870748299319716,137,65,3,9,True,True,2,2,True,10,0,0.0,-0.031604557653711285,0.1341991341991342,True
1ae0dbb25868d88b,London,room,2016Q4,2016Q3,0.18233574396060936,124,184,5,9,True,True,2,2,True,10,3,0.3,0.0706674856363855,0.32478632478632474,True
1ae0dbb25868d88b,London,value,2016Q1,2015Q4,0.22988505747126442,19,14,2,9,True,True,2,2,True,10,1,0.1,-0.04076563586625509,0.18181818181818177,True
1ae0dbb25868d88b,London,value,2016Q4,2016Q3,0.16118421052631582,22,28,5,9,True,True,2,2,True,10,4,0.4,0.08729826898370927,0.32307692307692315,True
1ae0dbb25868d88b,London,value,2017Q1,2016Q4,0.21572580645161288,21,22,6,9,True,True,2,2,True,10,3,0.3,-0.00016583336977399332,0.25,True
1b08257582757e42,Vienna,cleanliness,2016Q1,2015Q4,0.2538699690402477,7,9,2,9,True,True,2,2,True,10,4,0.4,0.05120819783358482,0.23076923076923084,True
1b08257582757e42,Vienna,cleanliness,2016Q3,2016Q2,0.20740740740740748,17,10,4,9,True,True,2,2,True,10,1,0.1,-0.025352779840357463,0.15909090909090917,True
1b08257582757e42,Vienna,location,2016Q3,2016Q2,0.15384615384615397,29,16,4,9,True,True,2,2,True,10,3,0.3,0.0745525561967006,0.3856209150326797,True
1b08257582757e42,Vienna,noise,2016Q4,2016Q3,0.2909090909090909,5,1,5,9,True,True,2,2,True,10,3,0.3,-0.04763090132923481,0.2898550724637682,True
1b08257582757e42,Vienna,room,2016Q3,2016Q2,0.25,23,14,4,9,True,True,2,2,True,10,4,0.4,0.1159123037929086,0.45882352941176463,True
1b08257582757e42,Vienna,service,2016Q3,2016Q2,0.35483870967741926,21,12,4,9,True,True,2,2,True,10,4,0.4,0.09181585139589461,0.3333333333333335,True
1b08257582757e42,Vienna,value,2016Q4,2016Q3,0.6,5,10,5,9,True,True,2,2,True,10,1,0.1,0.02327437403086886,0.45789473684210535,True
1b28abfd3c85ea2d,Paris,cleanliness,2016Q4,2016Q3,0.1568627450980391,5,7,5,9,True,True,2,2,True,10,3,0.3,-0.026937101426265507,0.23089983022071303,True
1b28abfd3c85ea2d,Paris,location,2017Q1,2016Q4,0.1568627450980391,11,7,6,9,True,True,2,2,True,10,0,0.0,-0.04145411267911474,0.0678260869565217,True
1b352d70162b5b23,Vienna,service,2016Q3,2016Q2,0.20833333333333326,6,2,4,9,True,True,2,2,True,9,1,0.1111111111111111,0.033300999967666604,0.15757575757575748,True
1b928afdc2a86762,Amsterdam,noise,2017Q1,2016Q4,0.16666666666666674,10,11,6,5,True,True,2,2,True,9,1,0.1111111111111111,-0.045879783169381384,0.1578947368421053,True
1bc994fe9e58f4f0,London,location,2016Q4,2016Q3,0.19615773508594558,33,36,5,9,True,True,2,2,True,10,1,0.1,0.06379058160464313,0.3190283400809717,True
1bc994fe9e58f4f0,London,noise,2016Q4,2016Q3,0.23769100169779278,9,21,5,9,True,True,2,2,True,10,2,0.2,-0.008303006076788133,0.31932773109243695,True
1bc994fe9e58f4f0,London,room,2017Q1,2016Q4,0.19047619047619047,32,53,6,9,True,True,2,2,True,10,1,0.1,0.025753170165377804,0.19239130434782625,True
1bc994fe9e58f4f0,London,service,2016Q2,2016Q1,0.1806451612903226,25,21,3,9,True,True,2,2,True,9,0,0.0,0.005901175306749446,0.14861111111111103,True
1bc994fe9e58f4f0,London,value,2016Q2,2016Q1,0.34444444444444433,8,10,3,9,True,True,2,2,True,9,4,0.4444444444444444,0.06069407565549881,0.27581941867656146,True
1bc994fe9e58f4f0,London,value,2017Q1,2016Q4,0.19117647058823528,6,7,6,9,True,True,2,2,True,10,4,0.4,0.10989692168514047,0.2727272727272726,True
1c541fdd12f4918b,London,cleanliness,2016Q3,2016Q2,0.33333333333333326,8,0,4,9,True,True,2,2,True,9,2,0.2222222222222222,0.02493006993006995,0.18181818181818177,True
1c541fdd12f4918b,London,location,2017Q1,2016Q4,0.1717171717171717,8,12,6,9,True,True,2,2,True,10,1,0.1,-0.014341863648741038,0.24038461538461542,True
1c55a014751c03d9,Paris,cleanliness,2016Q4,2016Q3,0.32198142414860675,9,7,5,9,True,True,2,2,True,8,0,0.0,-0.05834565761036353,0.11904761904761907,True
1c55a014751c03d9,Paris,service,2016Q2,2016Q1,0.21565217391304348,15,13,3,9,True,True,2,2,True,7,1,0.14285714285714285,-0.04059230887569449,0.28409090909090917,True
1c55a014751c03d9,Paris,value,2016Q1,2015Q4,0.2666666666666666,5,5,2,9,True,True,2,2,True,7,1,0.14285714285714285,0.02499181490778129,0.16666666666666674,True
1c6290bcf3cdfc23,London,breakfast,2016Q4,2016Q3,0.26900584795321647,8,9,5,9,True,True,2,2,True,10,1,0.1,-0.025640002550759024,0.3088235294117647,True
1c6290bcf3cdfc23,London,cleanliness,2016Q4,2016Q3,0.44999999999999996,5,6,5,9,True,True,2,2,True,10,3,0.3,0.0007055960286757812,0.44999999999999996,True
1c6290bcf3cdfc23,London,noise,2016Q4,2016Q3,0.5098039215686275,7,5,5,9,True,True,2,2,True,10,2,0.2,-0.008947846711118345,0.2828947368421053,True
1c6290bcf3cdfc23,London,room,2016Q1,2015Q4,0.18181818181818188,12,16,2,9,True,True,2,2,True,10,2,0.2,0.028608011625641416,0.2567693744164332,True
1c6290bcf3cdfc23,London,service,2016Q1,2015Q4,0.2571428571428571,10,11,2,9,True,True,2,2,True,10,4,0.4,0.08307944804216907,0.20285359801488845,True
1c6290bcf3cdfc23,London,service,2016Q4,2016Q3,0.2815126050420169,24,18,5,9,True,True,2,2,True,10,2,0.2,-0.006592249329064282,0.22597402597402594,True
1c96c35ee97a7275,Paris,cleanliness,2016Q4,2016Q3,0.3856209150326797,8,7,5,9,True,True,2,2,True,8,1,0.125,-0.1050242429229397,0.19047619047619047,True
1c96c35ee97a7275,Paris,location,2016Q1,2015Q4,0.30000000000000004,6,10,2,9,True,True,2,2,True,7,2,0.2857142857142857,0.08327459322209622,0.32307692307692304,True
1c96c35ee97a7275,Paris,location,2016Q4,2016Q3,0.23529411764705876,7,7,5,9,True,True,2,2,True,8,0,0.0,-0.08553065170358067,0.10879067508499274,True
1c96c35ee97a7275,Paris,service,2016Q3,2016Q2,0.22736842105263166,15,9,4,9,True,True,2,2,True,10,3,0.3,0.029199098285051028,0.2875816993464053,True
1c96c35ee97a7275,Paris,service,2017Q1,2016Q4,0.25263157894736843,10,9,6,9,True,True,2,2,True,8,1,0.125,-0.03378560938545461,0.20433436532507732,True
1cbc4a5b483c27f9,Vienna,location,2016Q1,2015Q4,0.26262626262626254,8,12,2,9,True,True,2,2,True,10,0,0.0,-0.060759720454898594,0.03826086956521735,True
1cbc4a5b483c27f9,Vienna,location,2016Q3,2016Q2,0.22344322344322332,16,11,4,9,True,True,2,2,True,10,1,0.1,0.0567214173486867,0.3076923076923077,True
1cbc4a5b483c27f9,Vienna,room,2016Q3,2016Q2,0.16363636363636358,12,15,4,9,True,True,2,2,True,10,2,0.2,0.03255689713398846,0.29729729729729737,True
1cbc4a5b483c27f9,Vienna,service,2016Q2,2016Q1,0.22257053291536066,19,12,3,9,True,True,2,2,True,10,1,0.1,-0.03513666054809979,0.28676470588235303,True
1d06ac12adc58a8e,Barcelona,service,2016Q3,2016Q2,0.19999999999999996,5,2,4,9,True,True,2,2,True,9,0,0.0,-0.06699229012342996,0.13662239089184047,True
1dce6af373324f3a,Barcelona,location,2016Q3,2016Q2,0.1785714285714286,14,11,4,9,True,True,2,2,True,10,2,0.2,0.02334973065589665,0.35164835164835173,True
1dce6af373324f3a,Barcelona,service,2016Q2,2016Q1,0.34285714285714286,5,4,3,9,True,True,2,2,True,10,2,0.2,0.03946390462003019,0.3216783216783218,True
1dd99f8fdf86ce0b,Paris,breakfast,2016Q3,2016Q2,0.45833333333333326,17,6,4,9,True,True,2,2,True,10,2,0.2,0.0335876404297457,0.3736263736263735,True
1dd99f8fdf86ce0b,Paris,breakfast,2017Q1,2016Q4,0.20168067226890762,7,4,6,9,True,True,2,2,True,10,1,0.1,-0.05286723080840727,0.23076923076923084,True
1dd99f8fdf86ce0b,Paris,room,2016Q1,2015Q4,0.27732079905992957,13,27,2,9,True,True,2,2,True,10,3,0.3,-0.023913460720709524,0.2852664576802507,True
1dd99f8fdf86ce0b,Paris,room,2016Q4,2016Q3,0.24972253052164262,24,43,5,9,True,True,2,2,True,10,1,0.1,0.02783060523598322,0.22000000000000008,True
1dd99f8fdf86ce0b,Paris,service,2016Q3,2016Q2,0.20238095238095233,30,11,4,9,True,True,2,2,True,10,1,0.1,0.015593579546309,0.20634920634920628,True
1dd99f8fdf86ce0b,Paris,value,2016Q3,2016Q2,0.3445378151260504,7,4,4,9,True,True,2,2,True,10,3,0.3,0.03273197390844448,0.2435897435897436,True
1dfa066133471036,Vienna,breakfast,2016Q3,2016Q2,0.22742474916387967,13,16,4,9,True,True,2,2,True,10,5,0.5,0.07386696636696635,0.25,True
1dfa066133471036,Vienna,breakfast,2017Q1,2016Q4,0.24761904761904763,5,11,6,9,True,True,2,2,True,10,0,0.0,-0.12551165501165498,0.08571428571428585,True
1dfa066133471036,Vienna,cleanliness,2016Q2,2016Q1,0.3261261261261261,27,20,3,9,True,True,2,2,True,10,1,0.1,0.035117235705471025,0.3666666666666667,True
1dfa066133471036,Vienna,noise,2016Q2,2016Q1,0.4725274725274726,16,4,3,9,True,True,2,2,True,10,1,0.1,-0.06663752913752916,0.16666666666666674,True
1dfa066133471036,Vienna,room,2016Q2,2016Q1,0.2075796726959518,44,33,3,9,True,True,2,2,True,10,0,0.0,-0.10085492462427448,0.04166666666666663,True
1dfa066133471036,Vienna,value,2016Q4,2016Q3,0.3240740740740742,17,14,5,9,True,True,2,2,True,10,1,0.1,0.04339079221432164,0.6,True
1e267a963a5120e0,Milan,breakfast,2016Q3,2016Q2,0.22377622377622375,12,3,4,9,True,True,2,2,True,10,2,0.2,-0.008796518612779225,0.2724637681159421,True
1e267a963a5120e0,Milan,room,2016Q1,2015Q4,0.26315789473684204,9,8,2,9,True,True,2,2,True,10,1,0.1,0.052973949248509324,0.40601503759398494,True
1e267a963a5120e0,Milan,room,2016Q3,2016Q2,0.4545454545454546,12,6,4,9,True,True,2,2,True,10,3,0.3,0.07932330722900119,0.5016458196181699,True
1e267a963a5120e0,Milan,service,2016Q1,2015Q4,0.1809954751131222,7,3,2,9,True,True,2,2,True,10,3,0.3,0.060556149732620315,0.2749999999999999,True
1e361b70022cf490,Paris,location,2016Q3,2016Q2,0.22222222222222232,8,4,4,8,True,True,2,2,True,9,2,0.2222222222222222,0.004618947157646843,0.21666666666666679,True
1e361b70022cf490,Paris,room,2016Q3,2016Q2,0.16551724137931034,19,10,4,8,True,True,2,2,True,9,1,0.1111111111111111,-0.12767122515252483,0.1548387096774193,True
1e3e6fad27db7b6b,Barcelona,breakfast,2016Q2,2016Q1,0.48571428571428565,10,4,3,9,True,True,2,2,True,9,2,0.2222222222222222,0.06952187612129686,0.30959752321981426,True
1e3e6fad27db7b6b,Barcelona,breakfast,2016Q4,2016Q3,0.1578947368421053,9,4,5,9,True,True,2,2,True,10,0,0.0,-0.0027313470842882603,0.1428571428571428,True
1e3e6fad27db7b6b,Barcelona,cleanliness,2016Q4,2016Q3,0.1568627450980391,8,7,5,9,True,True,2,2,True,10,0,0.0,-0.08717199467199467,0.08333333333333326,True
1e3e6fad27db7b6b,Barcelona,room,2016Q4,2016Q3,0.19723502304147478,21,25,5,9,True,True,2,2,True,10,0,0.0,-0.03974772303324662,0.14854111405835546,True
1e3e6fad27db7b6b,Barcelona,value,2017Q1,2016Q4,0.18333333333333335,5,6,6,9,True,True,2,2,True,10,3,0.3,0.0811937082525318,0.33333333333333337,True
1e48c258e613fbdf,Milan,location,2016Q4,2016Q3,0.19047619047619047,5,4,5,9,True,True,2,2,True,10,1,0.1,-0.07054885600775958,0.3411764705882352,True
1e64ed7869f85ae8,Vienna,cleanliness,2016Q2,2016Q1,0.1578947368421053,9,4,3,9,True,True,2,2,True,10,1,0.1,-0.009789601388600322,0.17307692307692313,True
1e64ed7869f85ae8,Vienna,cleanliness,2017Q1,2016Q4,0.17647058823529416,7,8,6,9,True,True,2,2,True,10,3,0.3,-0.026252416944367408,0.1678321678321678,True
1e64ed7869f85ae8,Vienna,location,2016Q2,2016Q1,0.3030303030303032,23,11,3,9,True,True,2,2,True,10,2,0.2,-0.017269404297250667,0.19480519480519498,True
1e64ed7869f85ae8,Vienna,room,2017Q1,2016Q4,0.21366459627329193,13,25,6,9,True,True,2,2,True,10,1,0.1,-0.007053410266089766,0.2670203359858532,True
1e64ed7869f85ae8,Vienna,service,2016Q1,2015Q4,0.33333333333333326,10,5,2,9,True,True,2,2,True,10,0,0.0,-0.024577170715448148,0.11462450592885376,True
1eae67fdb1e2cd24,Vienna,breakfast,2016Q1,2015Q4,0.2250000000000001,10,6,2,9,True,True,2,2,True,9,1,0.1111111111111111,-0.00116724797252178,0.18181818181818177,True
1eae67fdb1e2cd24,Vienna,breakfast,2016Q3,2016Q2,0.4476190476190476,20,11,4,9,True,True,2,2,True,10,3,0.3,0.016823091354962193,0.19999999999999996,True
1eae67fdb1e2cd24,Vienna,cleanliness,2016Q3,2016Q2,0.23529411764705888,7,7,4,9,True,True,2,2,True,10,1,0.1,-0.06341001046883397,0.16666666666666674,True
1eae67fdb1e2cd24,Vienna,cleanliness,2017Q1,2016Q4,0.19166666666666665,6,5,6,9,True,True,2,2,True,10,1,0.1,0.021439834675128833,0.25,True
1eae67fdb1e2cd24,Vienna,location,2016Q1,2015Q4,0.15555555555555567,15,8,2,9,True,True,2,2,True,9,2,0.2222222222222222,-0.0351414767568092,0.19565217391304346,True
1eae67fdb1e2cd24,Vienna,location,2016Q3,2016Q2,0.17672413793103448,22,19,4,9,True,True,2,2,True,10,0,0.0,0.005683170795385229,0.12630601346644976,True
1eae67fdb1e2cd24,Vienna,value,2017Q1,2016Q4,0.171945701357466,7,3,6,9,True,True,2,2,True,10,6,0.6,0.16718735942420151,0.41025641025641013,True
1f19d44f6fec8713,Milan,breakfast,2016Q2,2016Q1,0.3076923076923077,12,16,3,9,True,True,2,2,True,10,2,0.2,0.05729077661126346,0.4260536398467434,True
1f19d44f6fec8713,Milan,cleanliness,2016Q1,2015Q4,0.2666666666666666,5,5,2,9,True,True,2,2,True,9,2,0.2222222222222222,0.061421862737652155,0.2909090909090908,True
1f19d44f6fec8713,Milan,cleanliness,2016Q3,2016Q2,0.32692307692307687,6,3,4,9,True,True,2,2,True,10,0,0.0,-0.056301655860479395,0.125,True
1f19d44f6fec8713,Milan,room,2016Q1,2015Q4,0.2406277244986923,27,21,2,9,True,True,2,2,True,9,2,0.2222222222222222,0.0661434064660969,0.3666666666666667,True
1f19d44f6fec8713,Milan,service,2016Q3,2016Q2,0.32380952380952377,25,11,4,9,True,True,2,2,True,10,1,0.1,-0.035857901270837655,0.26190476190476186,True
1f19d44f6fec8713,Milan,service,2016Q4,2016Q3,0.15238095238095228,11,25,5,9,True,True,2,2,True,10,3,0.3,0.02371866375086108,0.27623066104078764,True
1f378be4b2de34b4,Barcelona,breakfast,2016Q3,2016Q2,0.242857142857143,10,4,4,9,True,True,2,2,True,9,1,0.1111111111111111,-0.08290597806937675,0.1890909090909092,True
1f378be4b2de34b4,Barcelona,cleanliness,2016Q2,2016Q1,0.17307692307692313,6,3,3,9,True,True,2,2,True,9,3,0.3333333333333333,0.03567858428728998,0.26388888888888884,True
1f378be4b2de34b4,Barcelona,location,2016Q2,2016Q1,0.19852941176470584,6,7,3,9,True,True,2,2,True,9,3,0.3333333333333333,0.06715592167068046,0.3535353535353536,True
1f378be4b2de34b4,Barcelona,room,2017Q1,2016Q4,0.16500000000000004,6,15,6,9,True,True,2,2,True,9,2,0.2222222222222222,-0.03860546269779151,0.21600877192982448,True
1fba865c6c3a7b02,Barcelona,location,2016Q3,2016Q2,0.1742424242424242,14,12,4,9,True,True,2,2,True,10,3,0.3,0.0032759968196864665,0.3194444444444444,True
1fba865c6c3a7b02,Barcelona,room,2016Q1,2015Q4,0.1578947368421053,10,9,2,9,True,True,2,2,True,10,3,0.3,0.024330912695577987,0.30907830907830913,True
1fba865c6c3a7b02,Barcelona,room,2016Q2,2016Q1,0.17647058823529416,24,10,3,9,True,True,2,2,True,10,2,0.2,-0.01446181014211706,0.30952380952380965,True
1fba865c6c3a7b02,Barcelona,service,2016Q2,2016Q1,0.1696428571428572,22,11,3,9,True,True,2,2,True,10,1,0.1,-0.03768252009428482,0.19047619047619047,True
1fba865c6c3a7b02,Barcelona,service,2017Q1,2016Q4,0.3307692307692308,16,10,6,9,True,True,2,2,True,9,1,0.1111111111111111,-0.02687614942516905,0.20833333333333326,True
1fba865c6c3a7b02,Barcelona,value,2016Q3,2016Q2,0.1568627450980392,7,14,4,9,True,True,2,2,True,10,2,0.2,0.043355827179356585,0.3766233766233765,True
1ff51f1048ba7936,London,cleanliness,2016Q3,2016Q2,0.2807017543859649,8,9,4,9,True,True,2,2,True,8,2,0.25,-0.0006279300099546886,0.5031055900621119,True
1ff51f1048ba7936,London,location,2016Q1,2015Q4,0.1873638344226578,17,24,2,9,True,True,2,2,True,8,1,0.125,-0.04281444353856401,0.15833333333333344,True
1ff51f1048ba7936,London,location,2016Q3,2016Q2,0.26644736842105265,28,22,4,9,True,True,2,2,True,8,1,0.125,-0.029974541969335355,0.19363395225464197,True
1ff51f1048ba7936,London,location,2017Q1,2016Q4,0.3482142857142858,22,18,6,9,True,True,2,2,True,9,0,0.0,-0.008114302589981989,0.11515151515151523,True
1ff51f1048ba7936,London,noise,2016Q3,2016Q2,0.20433436532507732,9,7,4,9,True,True,2,2,True,8,3,0.375,-0.012485873390604862,0.36263736263736257,True
1ff51f1048ba7936,London,room,2016Q3,2016Q2,0.2070512820512822,55,38,4,9,True,True,2,2,True,8,1,0.125,-0.00763654151063263,0.22529644268774707,True
1ff51f1048ba7936,London,service,2016Q3,2016Q2,0.3967797584818862,37,27,4,9,True,True,2,2,True,8,0,0.0,-0.008677143624357786,0.11363636363636354,True
2011829cc024c6fd,Paris,breakfast,2016Q2,2016Q1,0.44999999999999996,5,6,3,9,True,True,2,2,True,10,0,0.0,-0.11181366878735303,0.09090909090909083,True
2011829cc024c6fd,Paris,location,2016Q2,2016Q1,0.15636363636363648,15,12,3,9,True,True,2,2,True,10,3,0.3,0.05656101450475317,0.2857142857142858,True
2011829cc024c6fd,Paris,room,2016Q1,2015Q4,0.2852664576802507,19,12,2,9,True,True,2,2,True,9,2,0.2222222222222222,-0.019235737701623346,0.27732079905992957,True
2011829cc024c6fd,Paris,service,2016Q1,2015Q4,0.19047619047619047,8,4,2,9,True,True,2,2,True,9,2,0.2222222222222222,0.040291872940552885,0.2450980392156863,True
20ad25da89483176,London,cleanliness,2016Q2,2016Q1,0.1575757575757576,5,1,3,9,True,True,2,2,True,9,0,0.0,-0.06669143721775299,0.09052631578947368,True
20ad25da89483176,London,location,2017Q1,2016Q4,0.24038461538461542,22,16,6,9,True,True,2,2,True,10,1,0.1,-0.02120860801548541,0.1717171717171717,True
20ad25da89483176,London,noise,2017Q1,2016Q4,0.21590909090909094,6,1,6,9,True,True,2,2,True,10,2,0.2,0.026858239799416282,0.19480519480519476,True
20ad25da89483176,London,room,2016Q4,2016Q3,0.20476858345021032,13,21,5,9,True,True,2,2,True,10,0,0.0,-0.04426830991371291,0.1266666666666667,True
20ad25da89483176,London,service,2016Q2,2016Q1,0.24448217317487253,21,9,3,9,True,True,2,2,True,9,2,0.2222222222222222,0.08297414300341906,0.22745098039215694,True
20fcddf3e9238448,London,breakfast,2016Q2,2016Q1,0.21990740740740744,17,22,3,9,True,True,2,2,True,9,2,0.2222222222222222,-0.08764940970089181,0.23076923076923084,True
20fcddf3e9238448,London,breakfast,2016Q4,2016Q3,0.2727272727272727,23,22,5,9,True,True,2,2,True,9,2,0.2222222222222222,-0.06011793598897034,0.3548387096774194,True
20fcddf3e9238448,London,cleanliness,2016Q4,2016Q3,0.2314814814814814,17,14,5,9,True,True,2,2,True,9,3,0.3333333333333333,0.0751949323134319,0.38888888888888895,True
20fcddf3e9238448,London,noise,2016Q2,2016Q1,0.16993464052287588,8,7,3,9,True,True,2,2,True,9,3,0.3333333333333333,0.053700171701769675,0.4812554489973846,True
20fcddf3e9238448,London,room,2016Q1,2015Q4,0.1619661563255439,63,92,2,9,True,True,2,2,True,9,2,0.2222222222222222,0.04680729445799462,0.27915106117353317,True
20fcddf3e9238448,London,room,2016Q4,2016Q3,0.24891961970613652,79,81,5,9,True,True,2,2,True,9,1,0.1111111111111111,-0.04042223755596144,0.18181818181818166,True
20fcddf3e9238448,London,value,2017Q1,2016Q4,0.3400000000000001,15,10,6,9,True,True,2,2,True,9,3,0.3333333333333333,0.12684700802676904,0.6561264822134387,True
218700cb5e9d342c,Paris,room,2016Q4,2016Q3,0.2663043478260869,13,6,5,9,True,True,2,2,True,8,2,0.25,-0.10054823516123827,0.20307692307692315,True
218700cb5e9d342c,Paris,service,2016Q4,2016Q3,0.22969187675070013,11,7,5,9,True,True,2,2,True,8,2,0.25,0.043421978348448936,0.38888888888888884,True
21bd3d57654bb89d,London,breakfast,2016Q1,2015Q4,0.2730739893211289,47,13,2,9,True,True,2,2,True,10,2,0.2,-0.00040001046242402747,0.43492063492063493,True
21bd3d57654bb89d,London,cleanliness,2016Q1,2015Q4,0.4806763285024156,26,13,2,9,True,True,2,2,True,10,6,0.6,0.12523886532188705,0.33333333333333326,True
21bd3d57654bb89d,London,cleanliness,2016Q3,2016Q2,0.1839080459770115,19,23,4,9,True,True,2,2,True,10,1,0.1,0.019870207440280896,0.3600000000000001,True
21bd3d57654bb89d,London,location,2017Q1,2016Q4,0.18382352941176472,41,38,6,9,True,True,2,2,True,10,1,0.1,-0.006320001979632029,0.19886363636363646,True
21bd3d57654bb89d,London,noise,2016Q3,2016Q2,0.1578947368421053,9,14,4,9,True,True,2,2,True,10,1,0.1,-0.015244988779784885,0.4303030303030302,True
21bd3d57654bb89d,London,room,2016Q1,2015Q4,0.2990134075385783,108,57,2,9,True,True,2,2,True,10,2,0.2,0.03419148349997282,0.2567693744164332,True
21bd3d57654bb89d,London,service,2017Q1,2016Q4,0.2849498327759199,55,36,6,9,True,True,2,2,True,10,2,0.2,-0.0072471391956318906,0.3551724137931034,True
21bd3d57654bb89d,London,value,2016Q1,2015Q4,0.38095238095238104,11,14,2,9,True,True,2,2,True,10,3,0.3,0.026342611194582255,0.3697478991596639,True
21bd3d57654bb89d,London,value,2017Q1,2016Q4,0.23484848484848486,12,14,6,9,True,True,2,2,True,10,5,0.5,0.15590833146040833,0.33333333333333326,True
21cc1295894a3f5c,Barcelona,breakfast,2017Q1,2016Q4,0.2941176470588236,7,6,6,9,True,True,2,2,True,9,1,0.1111111111111111,-0.11265638809722806,0.32692307692307687,True
21cc1295894a3f5c,Barcelona,cleanliness,2016Q2,2016Q1,0.17307692307692313,6,3,3,9,True,True,2,2,True,8,5,0.625,0.1207811864061864,0.4285714285714286,True
21cc1295894a3f5c,Barcelona,cleanliness,2016Q4,2016Q3,0.20833333333333326,5,6,5,9,True,True,2,2,True,8,1,0.125,0.006907941271140819,0.152876280535855,True
21cc1295894a3f5c,Barcelona,location,2016Q1,2015Q4,0.15204678362573087,9,8,2,9,True,True,2,2,True,8,1,0.125,-0.07629364892848833,0.22071563088512236,True
21cc1295894a3f5c,Barcelona,location,2016Q2,2016Q1,0.21510297482837526,13,9,3,9,True,True,2,2,True,8,6,0.75,0.14169635778580333,0.3535353535353536,True
21cc1295894a3f5c,Barcelona,location,2017Q1,2016Q4,0.23809523809523814,11,8,6,9,True,True,2,2,True,9,0,0.0,-0.03328287595427072,0.09523809523809534,True
21cc1295894a3f5c,Barcelona,room,2016Q1,2015Q4,0.24880382775119614,12,9,2,9,True,True,2,2,True,8,0,0.0,0.02024251103699895,0.11145510835913308,True
21cc1295894a3f5c,Barcelona,room,2016Q3,2016Q2,0.18306636155606404,9,13,4,9,True,True,2,2,True,8,1,0.125,-0.06282110451161561,0.16666666666666674,True
21cc1295894a3f5c,Barcelona,room,2016Q4,2016Q3,0.32236842105263164,6,9,5,9,True,True,2,2,True,8,3,0.375,0.05689935395425941,0.2914979757085021,True
21fbab1b7d23e35e,London,breakfast,2016Q1,2015Q4,0.1588235294117647,7,10,2,9,True,True,2,2,True,10,2,0.2,-0.009489170426642223,0.17732558139534893,True
21fbab1b7d23e35e,London,breakfast,2016Q3,2016Q2,0.1785714285714286,14,11,4,9,True,True,2,2,True,10,1,0.1,-0.04229001184622909,0.2777777777777778,True
21fbab1b7d23e35e,London,breakfast,2016Q4,2016Q3,0.20238095238095233,11,14,5,9,True,True,2,2,True,10,1,0.1,-0.06144185307973108,0.2857142857142858,True
21fbab1b7d23e35e,London,cleanliness,2016Q1,2015Q4,0.19047619047619047,5,4,2,9,True,True,2,2,True,10,3,0.3,0.03471023446837027,0.34333733493397345,True
21fbab1b7d23e35e,London,cleanliness,2016Q3,2016Q2,0.20833333333333326,6,2,4,9,True,True,2,2,True,10,0,0.0,-0.10475676213194593,0.09090909090909083,True
21fbab1b7d23e35e,London,noise,2017Q1,2016Q4,0.32692307692307687,6,3,6,9,True,True,2,2,True,10,0,0.0,-0.06956800047265757,0.10000000000000009,True
21fbab1b7d23e35e,London,service,2016Q4,2016Q3,0.40664711632453576,23,21,5,9,True,True,2,2,True,10,3,0.3,0.041429471174892776,0.24285714285714288,True
2244fa01316dd59e,Vienna,cleanliness,2016Q1,2015Q4,0.2846153846153845,16,10,2,9,True,True,2,2,True,10,1,0.1,-0.08690047207694268,0.15757575757575748,True
2244fa01316dd59e,Vienna,room,2016Q2,2016Q1,0.22010582010582014,25,44,3,9,True,True,2,2,True,10,2,0.2,-0.013897919363622358,0.3097643097643098,True
2244fa01316dd59e,Vienna,room,2017Q1,2016Q4,0.30092592592592593,17,38,6,9,True,True,2,2,True,8,2,0.25,-0.013897383754523429,0.2222222222222221,True
2244fa01316dd59e,Vienna,service,2016Q2,2016Q1,0.196078431372549,24,26,3,9,True,True,2,2,True,10,2,0.2,0.037601455520892856,0.2941176470588236,True
226559ccfc31f251,Paris,location,2016Q3,2016Q2,0.2954545454545454,12,6,4,9,True,True,2,2,True,10,0,0.0,-0.040490496093944374,0.10256410256410242,True
226559ccfc31f251,Paris,service,2016Q1,2015Q4,0.36752136752136755,8,3,2,9,True,True,2,2,True,8,1,0.125,-0.07441884262185557,0.16742081447963786,True
22a352a0935cbb04,Paris,location,2016Q4,2016Q3,0.28205128205128216,16,11,5,9,True,True,2,2,True,10,4,0.4,0.026240148740148704,0.2564102564102564,True
22a352a0935cbb04,Paris,room,2017Q1,2016Q4,0.2909090909090909,5,12,6,9,True,True,2,2,True,10,3,0.3,0.010491049335442936,0.30501089324618724,True
22a352a0935cbb04,Paris,service,2016Q3,2016Q2,0.32307692307692304,10,3,4,9,True,True,2,2,True,10,5,0.5,0.09963316095669039,0.3333333333333335,True
22d7c3a4977af097,Paris,location,2016Q1,2015Q4,0.2342857142857142,15,4,2,9,True,True,2,2,True,9,0,0.0,-0.11337165920499255,0.07575757575757591,True
22d7c3a4977af097,Paris,location,2016Q3,2016Q2,0.15032679738562083,8,7,4,9,True,True,2,2,True,10,0,0.0,-0.03678202487800013,0.10964912280701755,True
22d7c3a4977af097,Paris,room,2016Q3,2016Q2,0.4722222222222223,8,6,4,9,True,True,2,2,True,10,2,0.2,-0.11110709761560503,0.22222222222222232,True
22d7c3a4977af097,Paris,service,2016Q1,2015Q4,0.20833333333333326,14,6,2,9,True,True,2,2,True,9,1,0.1111111111111111,-0.01636963471697365,0.15909090909090917,True
233ea97acf96e6eb,Vienna,location,2016Q1,2015Q4,0.16954022988505746,19,14,2,9,True,True,2,2,True,10,3,0.3,0.06451726875000532,0.2435897435897436,True
233ea97acf96e6eb,Vienna,room,2016Q1,2015Q4,0.22222222222222232,8,12,2,9,True,True,2,2,True,10,2,0.2,0.04032014185942871,0.25,True
233ea97acf96e6eb,Vienna,service,2016Q1,2015Q4,0.16541353383458657,11,9,2,9,True,True,2,2,True,10,4,0.4,0.09408061511106085,0.45238095238095244,True
233ea97acf96e6eb,Vienna,service,2016Q3,2016Q2,0.3333333333333335,8,8,4,9,True,True,2,2,True,10,3,0.3,0.0052127449101632365,0.35483870967741926,True
2358d5433ef43312,Milan,breakfast,2016Q2,2016Q1,0.1785714285714286,14,11,3,9,True,True,2,2,True,7,1,0.14285714285714285,-0.09158178422884303,0.23611111111111116,True
2358d5433ef43312,Milan,cleanliness,2016Q2,2016Q1,0.20634920634920628,11,8,3,9,True,True,2,2,True,7,2,0.2857142857142857,0.09438852799379759,0.34090909090909094,True
2358d5433ef43312,Milan,room,2016Q2,2016Q1,0.4350132625994696,16,19,3,9,True,True,2,2,True,7,1,0.14285714285714285,0.09194158377732756,0.4285714285714285,True
2358d5433ef43312,Milan,service,2016Q2,2016Q1,0.3833333333333333,14,10,3,9,True,True,2,2,True,7,2,0.2857142857142857,0.04332889293522008,0.18623481781376516,True
235bbbb80e59e8d7,London,cleanliness,2017Q1,2016Q4,0.26028921023359286,21,19,6,9,True,True,2,2,True,10,1,0.1,-0.0017441123441749528,0.21719457013574672,True
235bbbb80e59e8d7,London,service,2017Q1,2016Q4,0.2540834845735027,48,47,6,9,True,True,2,2,True,10,1,0.1,-0.03179004002583272,0.21341463414634143,True
235bbbb80e59e8d7,London,value,2016Q4,2016Q3,0.22529644268774696,13,12,5,9,True,True,2,2,True,10,3,0.3,0.05321555008882717,0.30000000000000004,True
238f868bc8e335ab,London,cleanliness,2016Q4,2016Q3,0.15458937198067635,13,8,5,9,True,True,2,2,True,10,0,0.0,-0.127420391749108,0.1495726495726497,True
238f868bc8e335ab,London,location,2016Q4,2016Q3,0.4204545454545454,12,6,5,9,True,True,2,2,True,10,2,0.2,0.00014840324371934166,0.32380952380952377,True
238f868bc8e335ab,London,room,2016Q4,2016Q3,0.21245421245421248,32,16,5,9,True,True,2,2,True,10,1,0.1,-0.048858088799010956,0.19999999999999996,True
238f868bc8e335ab,London,value,2016Q4,2016Q3,0.31666666666666665,6,5,5,9,True,True,2,2,True,10,3,0.3,0.07805282914988126,0.48571428571428565,True
23bfb6c2a3a19654,Barcelona,breakfast,2016Q1,2015Q4,0.2650103519668737,11,13,2,9,True,True,2,2,True,9,1,0.1111111111111111,-0.06157447490780824,0.2727272727272727,True
23bfb6c2a3a19654,Barcelona,breakfast,2016Q4,2016Q3,0.7083333333333333,11,22,5,9,True,True,2,2,True,9,1,0.1111111111111111,0.05574411952361288,0.36086607858861264,True
23bfb6c2a3a19654,Barcelona,cleanliness,2016Q4,2016Q3,0.33333333333333326,11,34,5,9,True,True,2,2,True,9,2,0.2222222222222222,-0.07174521173377008,0.24761904761904763,True
23bfb6c2a3a19654,Barcelona,noise,2016Q3,2016Q2,0.4545454545454546,10,12,4,9,True,True,2,2,True,9,2,0.2222222222222222,-0.0005611999537831079,0.23376623376623373,True
23bfb6c2a3a19654,Barcelona,room,2016Q1,2015Q4,0.22715501294857554,41,43,2,9,True,True,2,2,True,9,3,0.3333333333333333,-0.05222653237708157,0.17647058823529416,True
23bfb6c2a3a19654,Barcelona,room,2016Q4,2016Q3,0.2082762400657714,31,79,5,9,True,True,2,2,True,9,1,0.1111111111111111,-0.020916631176705874,0.5333333333333332,True
23bfb6c2a3a19654,Barcelona,service,2016Q4,2016Q3,0.19796682718031033,32,79,5,9,True,True,2,2,True,9,2,0.2222222222222222,-0.06393242467293875,0.37593984962406024,True
23bfb6c2a3a19654,Barcelona,value,2016Q1,2015Q4,0.1871657754010695,7,12,2,9,True,True,2,2,True,9,1,0.1111111111111111,0.014619413953779267,0.19999999999999996,True
23bfb6c2a3a19654,Barcelona,value,2016Q4,2016Q3,0.5333333333333333,10,20,5,9,True,True,2,2,True,9,3,0.3333333333333333,0.018443583109083204,0.33333333333333337,True
23bfb6c2a3a19654,Barcelona,value,2017Q1,2016Q4,0.19999999999999996,5,10,6,9,True,True,2,2,True,10,4,0.4,0.12648029370010788,0.31428571428571417,True
23c9e08bba07bb23,Paris,location,2016Q4,2016Q3,0.1795665634674921,9,7,5,9,True,True,2,2,True,9,1,0.1111111111111111,-0.06002600351259349,0.19480519480519498,True
23c9e08bba07bb23,Paris,room,2016Q3,2016Q2,0.15489130434782616,13,22,4,9,True,True,2,2,True,10,3,0.3,-0.04270733916149873,0.4722222222222223,True
23c9e08bba07bb23,Paris,room,2017Q1,2016Q4,0.202020202020202,12,8,6,9,True,True,2,2,True,9,0,0.0,-0.08927396582347923,0.14814814814814825,True
23c9e08bba07bb23,Paris,service,2016Q2,2016Q1,0.27956989247311825,21,11,3,9,True,True,2,2,True,10,1,0.1,-0.016825930151817502,0.15277777777777768,True
23c9e08bba07bb23,Paris,service,2017Q1,2016Q4,0.22588235294117642,15,7,6,9,True,True,2,2,True,9,1,0.1111111111111111,0.014382891784278564,0.16666666666666652,True
23c9e08bba07bb23,Paris,value,2017Q1,2016Q4,0.19999999999999996,5,2,6,9,True,True,2,2,True,9,3,0.3333333333333333,0.01728271728271729,0.2666666666666666,True
241aef4f2a89206b,Milan,breakfast,2016Q1,2015Q4,0.19999999999999996,5,2,2,9,True,True,2,2,True,9,1,0.1111111111111111,-0.118857120405108,0.28959276018099556,True
241aef4f2a89206b,Milan,service,2016Q4,2016Q3,0.28409090909090917,6,1,5,9,True,True,2,2,True,9,2,0.2222222222222222,-0.0285088799425717,0.32692307692307687,True
2468e88983070ccb,London,breakfast,2016Q4,2016Q3,0.2431372549019608,5,7,5,9,True,True,2,2,True,10,2,0.2,-0.05717190229087156,0.3548387096774194,True
2468e88983070ccb,London,location,2016Q1,2015Q4,0.24444444444444446,8,5,2,9,True,True,2,2,True,10,1,0.1,0.023841136120094995,0.1923076923076923,True
2468e88983070ccb,London,location,2016Q4,2016Q3,0.23188405797101463,13,5,5,9,True,True,2,2,True,10,1,0.1,-0.033598138638052076,0.24291497975708487,True
2468e88983070ccb,London,room,2016Q4,2016Q3,0.18181818181818166,20,23,5,9,True,True,2,2,True,10,1,0.1,-0.06503218885214954,0.24891961970613652,True
247873d79c147309,Amsterdam,breakfast,2016Q3,2016Q2,0.2012987012987013,18,23,4,9,True,True,2,2,True,10,3,0.3,0.11722362833862651,0.4858156028368793,True
247873d79c147309,Amsterdam,cleanliness,2016Q4,2016Q3,0.24148606811145523,7,9,5,9,True,True,2,2,True,10,1,0.1,-0.06193339321543524,0.15038314176245215,True
247873d79c147309,Amsterdam,room,2016Q1,2015Q4,0.1767626613704072,96,28,2,9,True,True,2,2,True,8,3,0.375,0.13882547173326912,0.2940721649484537,True
247873d79c147309,Amsterdam,service,2016Q1,2015Q4,0.3285714285714285,53,30,2,9,True,True,2,2,True,8,3,0.375,0.06720095585001143,0.5820105820105819,True
247873d79c147309,Amsterdam,service,2017Q1,2016Q4,0.20940170940170955,29,26,6,9,True,True,2,2,True,10,1,0.1,0.005508935647453761,0.1858974358974359,True
247873d79c147309,Amsterdam,value,2016Q3,2016Q2,0.20985691573926868,24,27,4,9,True,True,2,2,True,10,3,0.3,0.0944124489500718,0.5025799793601652,True
247bf4d58a5fc886,London,cleanliness,2016Q2,2016Q1,0.2048872180451129,46,47,3,9,True,True,2,2,True,8,3,0.375,0.0514213564836401,0.3012987012987012,True
247bf4d58a5fc886,London,cleanliness,2017Q1,2016Q4,0.22282398452611218,37,45,6,9,True,True,2,2,True,9,2,0.2222222222222222,-0.050376434928757395,0.2250000000000001,True
247bf4d58a5fc886,London,noise,2016Q1,2015Q4,0.24347826086956514,20,13,2,9,True,True,2,2,True,7,2,0.2857142857142857,0.0781106132803735,0.20320855614973277,True
247bf4d58a5fc886,London,value,2016Q2,2016Q1,0.1515151515151515,34,23,3,9,True,True,2,2,True,8,0,0.0,-0.08227581659786168,0.13572245520396486,True
2488f691ef726b99,Barcelona,breakfast,2016Q3,2016Q2,0.1600955794504182,21,17,4,8,True,True,2,2,True,10,2,0.2,-0.051694595229354844,0.21052631578947367,True
2488f691ef726b99,Barcelona,cleanliness,2016Q2,2016Q1,0.17460317460317465,18,8,3,8,True,True,2,2,True,9,2,0.2222222222222222,0.007286661420165961,0.32307692307692304,True
2488f691ef726b99,Barcelona,location,2016Q3,2016Q2,0.16511627906976734,30,33,4,8,True,True,2,2,True,10,4,0.4,0.0903083987003026,0.2615384615384615,True
2488f691ef726b99,Barcelona,room,2016Q3,2016Q2,0.22619047619047605,47,46,4,8,True,True,2,2,True,10,0,0.0,-0.03892841281811869,0.1479166666666667,True
2488f691ef726b99,Barcelona,value,2016Q3,2016Q2,0.416267942583732,9,12,4,8,True,True,2,2,True,10,1,0.1,-0.025945952024425945,0.1863354037267081,True
24a3da66397bb81f,Barcelona,breakfast,2016Q3,2016Q2,0.19999999999999996,8,5,4,9,True,True,2,2,True,8,1,0.125,-0.04241080430962464,0.19999999999999996,True
24a3da66397bb81f,Barcelona,cleanliness,2016Q2,2016Q1,0.19047619047619047,5,4,3,9,True,True,2,2,True,7,1,0.14285714285714285,0.0002424901584565653,0.1678321678321678,True
24a3da66397bb81f,Barcelona,location,2016Q3,2016Q2,0.3386243386243386,17,4,4,9,True,True,2,2,True,8,3,0.375,0.13638618086657978,0.49870801033591716,True
24a3da66397bb81f,Barcelona,room,2016Q3,2016Q2,0.4566666666666668,14,15,4,9,True,True,2,2,True,8,2,0.25,0.0662834584195387,0.18160377358490565,True
24a3da66397bb81f,Barcelona,service,2016Q1,2015Q4,0.18716577540106938,12,7,2,9,True,True,2,2,True,7,2,0.2857142857142857,0.04904764701421011,0.29130434782608683,True
24c2cf3e075e9c43,Milan,room,2017Q1,2016Q4,0.16993464052287588,8,7,6,9,True,True,2,2,True,10,3,0.3,0.020754512114700384,0.217741935483871,True
24c2cf3e075e9c43,Milan,service,2016Q4,2016Q3,0.1568627450980391,8,7,5,9,True,True,2,2,True,10,2,0.2,-0.03035893703600049,0.21904761904761916,True
24c928a1fd08aeb0,Paris,location,2016Q4,2016Q3,0.16809116809116809,17,16,5,9,True,True,2,2,True,9,2,0.2222222222222222,0.03168747755293487,0.23333333333333317,True
24c928a1fd08aeb0,Paris,room,2016Q4,2016Q3,0.20307692307692315,15,16,5,9,True,True,2,2,True,9,1,0.1111111111111111,-0.06846736442203158,0.2663043478260869,True
24db62ba9669d0a8,Paris,location,2016Q3,2016Q2,0.2597402597402596,12,4,4,9,True,True,2,2,True,9,2,0.2222222222222222,0.07531799479700246,0.36923076923076925,True
24db62ba9669d0a8,Paris,location,2017Q1,2016Q4,0.2777777777777777,10,8,6,9,True,True,2,2,True,10,1,0.1,0.024145789066647903,0.32380952380952377,True
24db62ba9669d0a8,Paris,room,2016Q1,2015Q4,0.33333333333333326,5,2,2,9,True,True,2,2,True,8,1,0.125,0.03044865977040563,0.24880382775119625,True
24db62ba9669d0a8,Paris,room,2017Q1,2016Q4,0.17647058823529416,7,6,6,9,True,True,2,2,True,10,3,0.3,0.10997583446565493,0.5320197044334976,True
24db62ba9669d0a8,Paris,service,2017Q1,2016Q4,0.3529411764705883,7,7,6,9,True,True,2,2,True,10,4,0.4,0.011586537317421874,0.24844720496894412,True
24e58d822a113f96,Paris,location,2016Q3,2016Q2,0.3827751196172249,9,1,4,9,True,True,2,2,True,9,3,0.3333333333333333,0.01548660983735243,0.39676113360323884,True
24e58d822a113f96,Paris,room,2017Q1,2016Q4,0.15384615384615374,29,16,6,9,True,True,2,2,True,10,1,0.1,-0.05352979370820308,0.20952380952380956,True
24e58d822a113f96,Paris,service,2016Q4,2016Q3,0.1992481203007519,18,9,5,9,True,True,2,2,True,10,1,0.1,-0.07326292128923709,0.4545454545454546,True
24e58d822a113f96,Paris,service,2017Q1,2016Q4,0.2744360902255638,28,18,6,9,True,True,2,2,True,10,1,0.1,0.020391070917386723,0.23076923076923084,True
24ec390d58a2b6cb,Barcelona,breakfast,2016Q1,2015Q4,0.2941176470588236,7,4,2,9,True,True,2,2,True,9,1,0.1111111111111111,-0.010606565578138894,0.5747126436781609,True
24ec390d58a2b6cb,Barcelona,cleanliness,2016Q2,2016Q1,0.16053511705685608,13,3,3,9,True,True,2,2,True,10,0,0.0,-0.018447005884285626,0.14285714285714302,True
24ec390d58a2b6cb,Barcelona,cleanliness,2017Q1,2016Q4,0.375,6,6,6,9,True,True,2,2,True,10,1,0.1,-0.0006342175890657553,0.15151515151515138,True
24ec390d58a2b6cb,Barcelona,noise,2016Q2,2016Q1,0.15652173913043477,13,5,3,9,True,True,2,2,True,10,3,0.3,0.05679845866058682,0.3935926773455377,True
24ec390d58a2b6cb,Barcelona,service,2016Q4,2016Q3,0.15023881893182822,39,37,5,9,True,True,2,2,True,10,0,0.0,-0.08637415495031331,0.06710158434296365,True
24ec390d58a2b6cb,Barcelona,value,2016Q1,2015Q4,0.18571428571428572,10,4,2,9,True,True,2,2,True,9,0,0.0,-0.06666470784117844,0.1428571428571429,True
24ec390d58a2b6cb,Barcelona,value,2017Q1,2016Q4,0.15053763440860213,8,21,6,9,True,True,2,2,True,10,3,0.3,0.076053580922002,0.3397129186602871,True
25f2f8a2fbc75ce5,London,breakfast,2016Q2,2016Q1,0.16025641025641013,14,3,3,9,True,True,2,2,True,9,2,0.2222222222222222,-0.0023858734488442345,0.3153988868274583,True
25f2f8a2fbc75ce5,London,location,2016Q3,2016Q2,0.15897435897435885,29,20,4,9,True,True,2,2,True,10,3,0.3,0.0860410196837363,0.37962962962962954,True
25f2f8a2fbc75ce5,London,room,2016Q3,2016Q2,0.2657004830917875,44,36,4,9,True,True,2,2,True,10,2,0.2,0.025126687202969712,0.3099219620958751,True
25f2f8a2fbc75ce5,London,room,2017Q1,2016Q4,0.24879227053140096,36,26,6,9,True,True,2,2,True,10,1,0.1,0.056548800336376735,0.21304347826086967,True
2603d027cc2ed164,Paris,breakfast,2016Q2,2016Q1,0.3582887700534759,7,12,3,9,True,True,2,2,True,8,3,0.375,0.086277937748526,0.2575757575757577,True
2603d027cc2ed164,Paris,breakfast,2017Q1,2016Q4,0.5112781954887219,9,4,6,9,True,True,2,2,True,8,2,0.25,0.050790304466775085,0.23076923076923084,True
2603d027cc2ed164,Paris,cleanliness,2016Q1,2015Q4,0.4736842105263157,9,10,2,9,True,True,2,2,True,6,0,0.0,0.045454545454545414,0.09090909090909083,True
2603d027cc2ed164,Paris,cleanliness,2017Q1,2016Q4,0.3764705882352941,10,7,6,9,True,True,2,2,True,8,3,0.375,0.07645130604689428,0.19999999999999996,True
2603d027cc2ed164,Paris,location,2016Q3,2016Q2,0.2335928809788652,21,19,4,9,True,True,2,2,True,8,2,0.25,0.05583995575288142,0.4444444444444444,True
2603d027cc2ed164,Paris,room,2016Q1,2015Q4,0.17361111111111116,22,26,2,9,True,True,2,2,True,6,2,0.3333333333333333,0.0963513336645656,0.3157894736842105,True
2603d027cc2ed164,Paris,service,2016Q3,2016Q2,0.24705882352941178,30,24,4,9,True,True,2,2,True,8,2,0.25,0.07226115387880094,0.22380952380952368,True
2603d027cc2ed164,Paris,value,2016Q2,2016Q1,0.20952380952380956,5,4,3,9,True,True,2,2,True,8,2,0.25,0.02012570762570763,0.23376623376623373,True
261bc44d54548214,London,cleanliness,2016Q1,2015Q4,0.189433962264151,43,40,2,9,True,True,2,2,True,10,5,0.5,0.11809628277991116,0.33333333333333326,True
261bc44d54548214,London,cleanliness,2017Q1,2016Q4,0.17251051893408131,59,52,6,9,True,True,2,2,True,10,1,0.1,-0.05028467849155714,0.16666666666666674,True
261bc44d54548214,London,room,2017Q1,2016Q4,0.15013641678576062,205,169,6,9,True,True,2,2,True,10,2,0.2,0.04118473650532861,0.2331128956069911,True
261bc44d54548214,London,value,2016Q1,2015Q4,0.3457875457875459,25,29,2,9,True,True,2,2,True,10,4,0.4,0.09395567717547008,0.38248847926267293,True
261bc44d54548214,London,value,2017Q1,2016Q4,0.5896656534954409,37,25,6,9,True,True,2,2,True,10,2,0.2,0.0542011965947057,0.3306808134394341,True
2647f670656f5fe2,Paris,cleanliness,2016Q2,2016Q1,0.2573099415204678,9,8,3,9,True,True,2,2,True,9,1,0.1111111111111111,0.07109717767612504,0.19999999999999996,True
2647f670656f5fe2,Paris,service,2016Q2,2016Q1,0.3992773261065943,31,17,3,9,True,True,2,2,True,9,1,0.1111111111111111,-0.0006117988574128782,0.16666666666666674,True
2647f670656f5fe2,Paris,value,2016Q4,2016Q3,0.17647058823529416,8,7,5,9,True,True,2,2,True,10,3,0.3,0.03415147975519491,0.2909090909090908,True
26512f52fd227f0a,Milan,location,2016Q2,2016Q1,0.19999999999999996,5,0,3,9,True,True,2,2,True,9,3,0.3333333333333333,0.07668307145289245,0.3675675675675676,True
26512f52fd227f0a,Milan,room,2017Q1,2016Q4,0.2666666666666667,5,5,6,9,True,True,2,2,True,9,2,0.2222222222222222,0.05418586575875577,0.19999999999999996,True
269072a57a19e1d3,Barcelona,breakfast,2017Q1,2016Q4,0.15384615384615374,16,6,6,9,True,True,2,2,True,9,3,0.3333333333333333,0.08422054286347365,0.35,True
269072a57a19e1d3,Barcelona,cleanliness,2016Q3,2016Q2,0.1785714285714286,30,25,4,9,True,True,2,2,True,9,3,0.3333333333333333,0.021258099850256434,0.20833333333333326,True
269072a57a19e1d3,Barcelona,location,2016Q2,2016Q1,0.16666666666666674,32,62,3,9,True,True,2,2,True,9,2,0.2222222222222222,0.02949883403759943,0.15999999999999992,True
269072a57a19e1d3,Barcelona,location,2017Q1,2016Q4,0.21663172606568848,43,17,6,9,True,True,2,2,True,9,2,0.2222222222222222,-0.009225224525273572,0.32894736842105265,True
269072a57a19e1d3,Barcelona,noise,2016Q1,2015Q4,0.2807017543859649,17,9,2,9,True,True,2,2,True,8,2,0.25,0.059752747252747235,0.5666666666666665,True
269072a57a19e1d3,Barcelona,noise,2016Q3,2016Q2,0.16835016835016847,17,12,4,9,True,True,2,2,True,9,1,0.1111111111111111,-0.0010178255448808843,0.34509803921568627,True
269072a57a19e1d3,Barcelona,room,2016Q4,2016Q3,0.32330827067669166,25,66,5,9,True,True,2,2,True,9,0,0.0,-0.04340533263566303,0.14559386973180077,True
26f63f644e5a6c6a,Paris,breakfast,2016Q1,2015Q4,0.24761904761904763,10,11,2,9,True,True,2,2,True,10,5,0.5,0.08019358092887505,0.24242424242424243,True
26f63f644e5a6c6a,Paris,breakfast,2016Q2,2016Q1,0.19999999999999996,20,10,3,9,True,True,2,2,True,10,3,0.3,0.003649242913948814,0.45238095238095244,True
26f63f644e5a6c6a,Paris,cleanliness,2016Q2,2016Q1,0.5714285714285715,11,5,3,9,True,True,2,2,True,10,2,0.2,0.026623376623376625,0.375,True
26f63f644e5a6c6a,Paris,cleanliness,2017Q1,2016Q4,0.2700228832951944,9,13,6,9,True,True,2,2,True,9,1,0.1111111111111111,0.022311947311947324,0.28409090909090917,True
26f63f644e5a6c6a,Paris,noise,2016Q1,2015Q4,0.44919786096256686,7,12,2,9,True,True,2,2,True,10,2,0.2,-0.01906093906093905,0.16666666666666674,True
26f63f644e5a6c6a,Paris,noise,2016Q4,2016Q3,0.3941176470588236,10,7,5,9,True,True,2,2,True,9,1,0.1111111111111111,-0.03999241499241499,0.3095238095238094,True
26f63f644e5a6c6a,Paris,service,2016Q4,2016Q3,0.15159345391903534,44,76,5,9,True,True,2,2,True,9,1,0.1111111111111111,-0.04955633253357999,0.18018018018018034,True
26f63f644e5a6c6a,Paris,value,2016Q1,2015Q4,0.19130434782608696,5,13,2,9,True,True,2,2,True,10,3,0.3,0.059935897435897445,0.2435897435897435,True
26f63f644e5a6c6a,Paris,value,2016Q2,2016Q1,0.19999999999999996,12,5,3,9,True,True,2,2,True,10,1,0.1,0.0197136197136197,0.20879120879120894,True
26f63f644e5a6c6a,Paris,value,2016Q4,2016Q3,0.3424317617866005,16,21,5,9,True,True,2,2,True,9,2,0.2222222222222222,0.0634051134051134,0.2857142857142857,True
2731a27ab02609f4,Paris,location,2016Q4,2016Q3,0.15277777777777768,6,8,5,9,True,True,2,2,True,9,0,0.0,-0.07803480344510334,0.0641025641025641,True
2731a27ab02609f4,Paris,room,2016Q2,2016Q1,0.1512605042016808,7,4,3,9,True,True,2,2,True,9,1,0.1111111111111111,0.045392381943844505,0.30147058823529416,True
2731a27ab02609f4,Paris,service,2016Q3,2016Q2,0.23188405797101463,13,8,4,9,True,True,2,2,True,9,2,0.2222222222222222,0.03370870233615331,0.24705882352941178,True
274b3581685355dd,Milan,breakfast,2016Q1,2015Q4,0.19841269841269837,26,18,2,9,True,True,2,2,True,9,2,0.2222222222222222,0.0032928944693650683,0.28959276018099556,True
274b3581685355dd,Milan,cleanliness,2016Q2,2016Q1,0.2114285714285713,18,15,3,9,True,True,2,2,True,9,2,0.2222222222222222,0.09889092389092392,0.37662337662337675,True
274b3581685355dd,Milan,noise,2016Q2,2016Q1,0.38866396761133604,9,3,3,9,True,True,2,2,True,9,1,0.1111111111111111,-0.010101010101010091,0.2435897435897435,True
274b3581685355dd,Milan,room,2016Q1,2015Q4,0.3153988868274582,34,39,2,9,True,True,2,2,True,9,1,0.1111111111111111,-0.056486934118513056,0.19166666666666665,True
274b3581685355dd,Milan,service,2016Q2,2016Q1,0.23747680890538025,39,23,3,9,True,True,2,2,True,9,2,0.2222222222222222,0.10249566776914555,0.4526315789473684,True
2765ba089be8f2b2,London,cleanliness,2016Q2,2016Q1,0.21590909090909094,6,1,3,9,True,True,2,2,True,10,2,0.2,-0.07494485974981331,0.20833333333333326,True
2765ba089be8f2b2,London,cleanliness,2017Q1,2016Q4,0.21719457013574672,7,3,6,9,True,True,2,2,True,10,1,0.1,0.0023204719257350903,0.15384615384615385,True
2765ba089be8f2b2,London,location,2016Q3,2016Q2,0.19047619047619047,11,8,4,9,True,True,2,2,True,10,5,0.5,0.14191719076917564,0.33484162895927616,True
2765ba089be8f2b2,London,location,2017Q1,2016Q4,0.22660098522167482,19,11,6,9,True,True,2,2,True,10,1,0.1,0.0033134618206943633,0.2777777777777777,True
2765ba089be8f2b2,London,room,2016Q2,2016Q1,0.2751322751322751,17,11,3,9,True,True,2,2,True,10,0,0.0,-0.09235811388015955,0.14666666666666672,True
2765ba089be8f2b2,London,room,2017Q1,2016Q4,0.2369230769230768,40,16,6,9,True,True,2,2,True,10,3,0.3,-0.016506506352387228,0.22435617634220872,True
2765ba089be8f2b2,London,service,2017Q1,2016Q4,0.21341463414634143,31,6,6,9,True,True,2,2,True,10,1,0.1,-0.06261758101217538,0.19038368139873718,True
2790258a6dd27887,Barcelona,breakfast,2016Q3,2016Q2,0.20952380952380967,32,20,4,9,True,True,2,2,True,8,0,0.0,0.014027373770020848,0.11111111111111116,True
2790258a6dd27887,Barcelona,cleanliness,2016Q2,2016Q1,0.4285714285714286,18,6,3,9,True,True,2,2,True,8,4,0.5,0.06423356735856733,0.26388888888888884,True
2790258a6dd27887,Barcelona,cleanliness,2016Q4,2016Q3,0.152876280535855,17,37,5,9,True,True,2,2,True,8,1,0.125,0.03162759723729737,0.20833333333333326,True
2790258a6dd27887,Barcelona,location,2016Q2,2016Q1,0.32000000000000006,40,16,3,9,True,True,2,2,True,8,5,0.625,0.10397831389205889,0.3535353535353536,True
2790258a6dd27887,Barcelona,location,2016Q3,2016Q2,0.2162318840579709,59,40,4,9,True,True,2,2,True,8,2,0.25,0.04349949905116407,0.5515151515151515,True
2790258a6dd27887,Barcelona,noise,2017Q1,2016Q4,0.33436532507739947,9,7,6,9,True,True,2,2,True,9,0,0.0,-0.06972415668067848,0.09090909090909083,True
2790258a6dd27887,Barcelona,room,2016Q2,2016Q1,0.16330645161290325,52,22,3,9,True,True,2,2,True,8,0,0.0,-0.07627171969282572,0.1333333333333333,True
2790258a6dd27887,Barcelona,service,2016Q2,2016Q1,0.3999999999999999,30,10,3,9,True,True,2,2,True,8,2,0.25,-0.0735928585193291,0.25,True
2790258a6dd27887,Barcelona,value,2016Q4,2016Q3,0.2333333333333334,10,17,5,9,True,True,2,2,True,8,2,0.25,0.034311554566005015,0.35789473684210527,True
27acde981655b41b,Amsterdam,cleanliness,2016Q1,2015Q4,0.19999999999999996,14,10,2,9,True,True,2,2,True,7,2,0.2857142857142857,0.10165925139772805,0.18181818181818177,True
27acde981655b41b,Amsterdam,cleanliness,2016Q4,2016Q3,0.2706766917293233,11,9,5,9,True,True,2,2,True,10,0,0.0,-0.06458831380823225,0.07692307692307687,True
27acde981655b41b,Amsterdam,location,2016Q3,2016Q2,0.17279821627647718,36,29,4,9,True,True,2,2,True,10,1,0.1,0.017985553708849755,0.17730496453900724,True
27acde981655b41b,Amsterdam,noise,2016Q1,2015Q4,0.16666666666666674,14,6,2,9,True,True,2,2,True,7,0,0.0,-0.09343013092689008,0.09090909090909094,True
27acde981655b41b,Amsterdam,noise,2016Q3,2016Q2,0.3472222222222222,6,8,4,9,True,True,2,2,True,10,1,0.1,-0.01626276014775313,0.16666666666666663,True
27acde981655b41b,Amsterdam,room,2016Q1,2015Q4,0.15259740259740262,78,32,2,9,True,True,2,2,True,7,3,0.42857142857142855,0.1302529811520164,0.2940721649484537,True
27acde981655b41b,Amsterdam,room,2016Q4,2016Q3,0.28142857142857136,46,40,5,9,True,True,2,2,True,10,2,0.2,-0.015849693072943725,0.3157894736842105,True
27acde981655b41b,Amsterdam,service,2016Q3,2016Q2,0.2021276595744681,37,38,4,9,True,True,2,2,True,10,0,0.0,-0.055595104199229216,0.14500000000000002,True
27acde981655b41b,Amsterdam,value,2016Q2,2016Q1,0.23809523809523814,6,11,3,9,True,True,2,2,True,10,0,0.0,-0.18165246651214892,0.09090909090909094,True
27e10ea8cbfa4679,London,breakfast,2016Q1,2015Q4,0.29670329670329665,11,16,2,9,True,True,2,2,True,10,7,0.7,0.1560925903302064,0.5126050420168067,True
27e10ea8cbfa4679,London,noise,2016Q3,2016Q2,0.3290043290043291,11,12,4,9,True,True,2,2,True,10,2,0.2,-0.010151495776562514,0.25,True
27e10ea8cbfa4679,London,room,2017Q1,2016Q4,0.22435617634220872,48,69,6,9,True,True,2,2,True,10,4,0.4,0.017305346692252522,0.2369230769230768,True
27e10ea8cbfa4679,London,service,2017Q1,2016Q4,0.19038368139873718,48,61,6,9,True,True,2,2,True,10,3,0.3,0.03470911441455267,0.21341463414634143,True
27f2d73615937f54,Vienna,breakfast,2016Q3,2016Q2,0.3529411764705883,7,7,4,9,True,True,2,2,True,10,3,0.3,0.042291144882199205,0.26890756302521024,True
27f2d73615937f54,Vienna,cleanliness,2016Q3,2016Q2,0.17647058823529416,7,0,4,9,True,True,2,2,True,10,3,0.3,-0.014161172161172186,0.23076923076923084,True
27f2d73615937f54,Vienna,location,2016Q1,2015Q4,0.23684210526315796,14,9,2,9,True,True,2,2,True,10,1,0.1,0.009723673519074327,0.15384615384615397,True
27f2d73615937f54,Vienna,noise,2016Q1,2015Q4,0.20952380952380956,5,4,2,9,True,True,2,2,True,10,0,0.0,-0.021736319236319256,0.09090909090909094,True
27f2d73615937f54,Vienna,room,2016Q4,2016Q3,0.28352490421455945,17,19,5,9,True,True,2,2,True,10,1,0.1,-0.07545439427809196,0.21407624633431088,True
27fe8054ad28d624,Milan,breakfast,2016Q4,2016Q3,0.3157894736842106,9,9,5,6,True,True,2,2,True,10,2,0.2,-0.050257751592222746,0.30147058823529416,True
286322206c18c649,Paris,location,2016Q4,2016Q3,0.2666666666666666,5,5,5,9,True,True,2,2,True,9,0,0.0,6.032680493136174e-05,0.13986013986014,True
286322206c18c649,Paris,noise,2016Q2,2016Q1,0.2777777777777777,8,2,3,9,True,True,2,2,True,7,2,0.2857142857142857,-0.021578421578421554,0.19999999999999996,True
286322206c18c649,Paris,room,2016Q1,2015Q4,0.22943722943722955,12,11,2,9,True,True,2,2,True,6,4,0.6666666666666666,0.20110407604310046,0.32586872586872595,True
288ce21bd0aa7a15,Barcelona,breakfast,2017Q1,2016Q4,0.27450980392156854,5,7,6,9,True,True,2,2,True,10,0,0.0,-0.004005140056373435,0.13419354838709685,True
288ce21bd0aa7a15,Barcelona,cleanliness,2016Q3,2016Q2,0.19999999999999996,5,2,4,9,True,True,2,2,True,10,2,0.2,-0.05055634780281767,0.20833333333333326,True
288ce21bd0aa7a15,Barcelona,location,2016Q2,2016Q1,0.1576354679802956,19,11,3,9,True,True,2,2,True,10,3,0.3,0.03244544661303308,0.36923076923076925,True
288ce21bd0aa7a15,Barcelona,location,2016Q4,2016Q3,0.2051282051282053,16,17,5,9,True,True,2,2,True,10,0,0.0,-0.020155134367903792,0.1444444444444446,True
288ce21bd0aa7a15,Barcelona,noise,2016Q2,2016Q1,0.19999999999999996,5,0,3,9,True,True,2,2,True,10,4,0.4,0.05735623313884185,0.30956521739130427,True
288ce21bd0aa7a15,Barcelona,room,2016Q2,2016Q1,0.19159663865546217,25,24,3,9,True,True,2,2,True,10,3,0.3,0.06546686615552685,0.4223722275795565,True
288ce21bd0aa7a15,Barcelona,service,2016Q3,2016Q2,0.18571428571428572,46,35,4,9,True,True,2,2,True,10,1,0.1,-0.08806489007789206,0.18125960061443935,True
2899350320f70d70,Barcelona,cleanliness,2016Q3,2016Q2,0.24242424242424243,5,1,4,9,True,True,2,2,True,10,3,0.3,0.05237387466334835,0.39743589743589747,True
2899350320f70d70,Barcelona,room,2016Q3,2016Q2,0.33333333333333326,8,6,4,9,True,True,2,2,True,10,2,0.2,0.053828426071566814,0.5026737967914437,True
2899350320f70d70,Barcelona,service,2016Q1,2015Q4,0.33333333333333326,5,0,2,9,True,True,2,2,True,9,2,0.2222222222222222,0.01143621377539509,0.39743589743589747,True
289995a63e568a6b,Paris,location,2016Q3,2016Q2,0.3208556149732622,7,1,4,9,True,True,2,2,True,10,2,0.2,0.05573508742121609,0.47159090909090917,True
289995a63e568a6b,Paris,service,2016Q3,2016Q2,0.21176470588235308,7,5,4,9,True,True,2,2,True,10,2,0.2,0.030578564933925766,0.498960498960499,True
28c44dd6f3da2de4,London,location,2016Q3,2016Q2,0.19047619047619047,8,4,4,9,True,True,2,2,True,8,1,0.125,0.00033735192268594116,0.2466216216216217,True
28c44dd6f3da2de4,London,noise,2016Q1,2015Q4,0.19999999999999996,5,0,2,9,True,True,2,2,True,8,4,0.5,0.13898635255017341,0.3913043478260869,True
28c44dd6f3da2de4,London,room,2016Q3,2016Q2,0.15856777493606145,13,7,4,9,True,True,2,2,True,8,1,0.125,-0.025579283148874782,0.15068493150684925,True
28c44dd6f3da2de4,London,service,2016Q1,2015Q4,0.3324808184143222,13,7,2,9,True,True,2,2,True,8,1,0.125,0.006901099265385291,0.4652173913043478,True
28c44dd6f3da2de4,London,service,2017Q1,2016Q4,0.25,6,6,6,9,True,True,2,2,True,9,3,0.3333333333333333,0.022654733563533966,0.20218579234972678,True
2999b55804005401,Amsterdam,breakfast,2016Q3,2016Q2,0.18300653594771243,7,8,4,9,True,True,2,2,True,10,1,0.1,-0.03983532474727208,0.48953301127214177,True
2999b55804005401,Amsterdam,cleanliness,2016Q2,2016Q1,0.29000000000000004,6,15,3,9,True,True,2,2,True,10,1,0.1,-0.029759168035030127,0.3007246376811593,True
2999b55804005401,Amsterdam,cleanliness,2016Q4,2016Q3,0.25,6,6,5,9,True,True,2,2,True,10,4,0.4,0.12752520067863343,0.31428571428571417,True
2999b55804005401,Amsterdam,noise,2016Q1,2015Q4,0.392156862745098,14,7,2,9,True,True,2,2,True,10,1,0.1,0.025265690048971768,0.6666666666666666,True
2999b55804005401,Amsterdam,noise,2016Q3,2016Q2,0.19047619047619047,8,4,4,9,True,True,2,2,True,10,0,0.0,-0.15212170993332658,0.07738095238095233,True
2999b55804005401,Amsterdam,room,2016Q2,2016Q1,0.15238095238095228,20,53,3,9,True,True,2,2,True,10,1,0.1,-0.02898630030082121,0.1724137931034483,True
2999b55804005401,Amsterdam,service,2017Q1,2016Q4,0.21323529411764697,24,22,6,9,True,True,2,2,True,10,3,0.3,-0.004243334570026525,0.3947750362844702,True
29b55710d0782c22,Barcelona,breakfast,2016Q1,2015Q4,0.3513513513513513,27,20,2,9,True,True,2,2,True,7,2,0.2857142857142857,0.004936053675549501,0.20168067226890762,True
29b55710d0782c22,Barcelona,cleanliness,2016Q4,2016Q3,0.22857142857142865,11,30,5,9,True,True,2,2,True,9,1,0.1111111111111111,0.030760305321708776,0.23076923076923073,True
29b55710d0782c22,Barcelona,noise,2016Q3,2016Q2,0.20833333333333337,6,5,4,9,True,True,2,2,True,8,1,0.125,-0.021975328592975643,0.2857142857142857,True
29b55710d0782c22,Barcelona,room,2016Q1,2015Q4,0.2647058823529411,58,58,2,9,True,True,2,2,True,7,5,0.7142857142857143,0.09387075637529274,0.2286634460547503,True
29b55710d0782c22,Barcelona,room,2016Q4,2016Q3,0.23983739837398377,50,72,5,9,True,True,2,2,True,9,4,0.4444444444444444,0.08802414891315566,0.3257575757575759,True
29b55710d0782c22,Barcelona,value,2016Q1,2015Q4,0.18382352941176472,6,7,2,9,True,True,2,2,True,7,1,0.14285714285714285,0.002356770213913054,0.3095238095238094,True
29b55710d0782c22,Barcelona,value,2016Q4,2016Q3,0.36714975845410625,8,13,5,9,True,True,2,2,True,9,1,0.1111111111111111,-0.025996735749057746,0.17543859649122806,True
29b6cf85154de954,Paris,location,2016Q3,2016Q2,0.19999999999999996,5,0,4,9,True,True,2,2,True,10,1,0.1,-0.004911695125721272,0.16666666666666674,True
29b6cf85154de954,Paris,service,2016Q3,2016Q2,0.33333333333333326,5,0,4,9,True,True,2,2,True,10,4,0.4,0.03821354231792092,0.33333333333333326,True
2a02710ad879398e,Paris,breakfast,2016Q3,2016Q2,0.16117216117216127,11,3,4,9,True,True,2,2,True,10,3,0.3,0.017032371137634228,0.21333333333333315,True
2a02710ad879398e,Paris,location,2016Q3,2016Q2,0.15037593984962405,28,11,4,9,True,True,2,2,True,10,0,0.0,-0.03423924115100587,0.07843137254901977,True
2a02710ad879398e,Paris,room,2016Q1,2015Q4,0.18885448916408665,24,28,2,9,True,True,2,2,True,8,2,0.25,0.053105374158005716,0.2727272727272727,True
2a02710ad879398e,Paris,service,2016Q4,2016Q3,0.20583717357910913,11,21,5,9,True,True,2,2,True,10,2,0.2,-0.04385156286657162,0.2142857142857142,True
2a6a334d6d8eb57c,London,location,2017Q1,2016Q4,0.28205128205128216,16,5,6,9,True,True,2,2,True,10,0,0.0,-0.02863431346455423,0.12823315118397094,True
2a6a334d6d8eb57c,London,room,2016Q1,2015Q4,0.3496503496503496,12,16,2,9,True,True,2,2,True,10,3,0.3,0.10041334221995746,0.3556443556443557,True
2a6a334d6d8eb57c,London,room,2017Q1,2016Q4,0.22872340425531912,37,14,6,9,True,True,2,2,True,10,1,0.1,-0.024409009176049344,0.15429122468659595,True
2a8164df75938ca1,Paris,cleanliness,2016Q4,2016Q3,0.39682539682539686,8,4,5,9,True,True,2,2,True,8,1,0.125,0.023985077660706927,0.32167832167832155,True
2a8164df75938ca1,Paris,noise,2016Q3,2016Q2,0.45833333333333326,5,6,4,9,True,True,2,2,True,8,1,0.125,-0.013515651015650998,0.2666666666666666,True
2a8164df75938ca1,Paris,room,2016Q1,2015Q4,0.26691729323308266,9,18,2,9,True,True,2,2,True,8,3,0.375,0.0831586865769368,0.35776397515527947,True
2a8164df75938ca1,Paris,room,2016Q2,2016Q1,0.2807017543859649,11,9,3,9,True,True,2,2,True,8,1,0.125,-0.03823084702006141,0.26315789473684215,True
2a8164df75938ca1,Paris,room,2017Q1,2016Q4,0.19999999999999996,25,26,6,9,True,True,2,2,True,9,1,0.1111111111111111,-0.02704036219641422,0.25152129817444213,True
2a8164df75938ca1,Paris,service,2016Q2,2016Q1,0.1558441558441559,11,12,3,9,True,True,2,2,True,8,1,0.125,-0.02672417247522965,0.16666666666666652,True
2a8a9cad0e737cc9,Barcelona,service,2016Q1,2015Q4,0.23529411764705888,7,7,2,9,True,True,2,2,True,7,1,0.14285714285714285,-0.04113600347300724,0.33333333333333326,True
2a8a9cad0e737cc9,Barcelona,service,2017Q1,2016Q4,0.32692307692307687,6,3,6,9,True,True,2,2,True,10,1,0.1,-0.06558208750314014,0.24342105263157898,True
2ad1a03a62e8b65c,Barcelona,room,2016Q3,2016Q2,0.32000000000000006,15,5,4,9,True,True,2,2,True,9,3,0.3333333333333333,-0.019371883115523514,0.39393939393939403,True
2ad1a03a62e8b65c,Barcelona,service,2016Q2,2016Q1,0.2777777777777777,8,2,3,9,True,True,2,2,True,9,2,0.2222222222222222,-0.06008245206249882,0.3216783216783218,True
2ad1a03a62e8b65c,Barcelona,service,2017Q1,2016Q4,0.4444444444444444,8,2,6,9,True,True,2,2,True,10,4,0.4,0.08289482206494006,0.22312373225152116,True
2b00594a4a57f6f4,Milan,cleanliness,2016Q1,2015Q4,0.33333333333333326,5,0,2,9,True,True,2,2,True,7,1,0.14285714285714285,0.011794158222729651,0.2857142857142858,True
2b00594a4a57f6f4,Milan,location,2016Q2,2016Q1,0.19999999999999996,5,6,3,9,True,True,2,2,True,7,2,0.2857142857142857,0.005633396661691175,0.2767857142857142,True
2b00594a4a57f6f4,Milan,service,2017Q1,2016Q4,0.16666666666666652,8,2,6,9,True,True,2,2,True,8,1,0.125,-0.10540181095387044,0.16216216216216206,True
2b8ce1f02c767efe,Barcelona,breakfast,2016Q2,2016Q1,0.24038461538461542,16,6,3,9,True,True,2,2,True,9,1,0.1111111111111111,-0.044651956442776766,0.2525252525252524,True
2b8ce1f02c767efe,Barcelona,location,2016Q2,2016Q1,0.20833333333333326,14,6,3,9,True,True,2,2,True,9,1,0.1111111111111111,0.022875702243009055,0.1974683544303797,True
2b8ce1f02c767efe,Barcelona,room,2016Q3,2016Q2,0.2963709677419355,21,22,4,9,True,True,2,2,True,9,0,0.0,-0.022303350695739226,0.056862745098039236,True
2b8ce1f02c767efe,Barcelona,service,2016Q2,2016Q1,0.16849816849816857,29,11,3,9,True,True,2,2,True,9,4,0.4444444444444444,0.03149974414509645,0.21656534954407314,True
2bac0df8818cf79b,Milan,breakfast,2016Q1,2015Q4,0.22537878787878785,22,23,2,9,True,True,2,2,True,10,2,0.2,-0.02480107209419703,0.30000000000000004,True
2bac0df8818cf79b,Milan,breakfast,2016Q4,2016Q3,0.3057142857142858,15,18,5,9,True,True,2,2,True,10,3,0.3,0.04224232626517095,0.48076923076923084,True
2bac0df8818cf79b,Milan,cleanliness,2016Q1,2015Q4,0.16742081447963786,16,7,2,9,True,True,2,2,True,10,1,0.1,0.007126378031614211,0.22549019607843135,True
2bac0df8818cf79b,Milan,cleanliness,2016Q3,2016Q2,0.22857142857142865,11,15,4,9,True,True,2,2,True,10,3,0.3,0.024118440766613358,0.43999999999999995,True
2bac0df8818cf79b,Milan,cleanliness,2017Q1,2016Q4,0.36257309941520455,9,8,6,9,True,True,2,2,True,10,3,0.3,-0.030807112179638774,0.46590909090909083,True
2bac0df8818cf79b,Milan,room,2016Q3,2016Q2,0.42784552845528445,38,31,4,9,True,True,2,2,True,10,5,0.5,0.1116223991824324,0.26854514088556636,True
2bac0df8818cf79b,Milan,service,2016Q1,2015Q4,0.15441176470588225,24,22,2,9,True,True,2,2,True,10,3,0.3,0.06048660075191985,0.362002567394095,True
2bac0df8818cf79b,Milan,service,2016Q4,2016Q3,0.25357142857142856,22,25,5,9,True,True,2,2,True,10,2,0.2,0.009529558551838235,0.21078431372549034,True
2c3f4e520b3ef09c,Paris,noise,2016Q1,2015Q4,0.31666666666666665,5,6,2,9,True,True,2,2,True,9,1,0.1111111111111111,0.01147463647463651,0.4285714285714287,True
2c3f4e520b3ef09c,Paris,service,2016Q3,2016Q2,0.18468468468468457,27,14,4,9,True,True,2,2,True,9,4,0.4444444444444444,0.11641760027359965,0.4817927170868346,True
2c3f4e520b3ef09c,Paris,service,2017Q1,2016Q4,0.468864468864469,16,11,6,9,True,True,2,2,True,9,1,0.1111111111111111,-0.08769781321380912,0.4491228070175439,True
2ca2e45970c636e4,Milan,cleanliness,2016Q3,2016Q2,0.41176470588235303,7,0,4,9,True,True,2,2,True,10,3,0.3,0.0384501882210313,0.18181818181818177,True
2ca2e45970c636e4,Milan,location,2016Q3,2016Q2,0.19480519480519498,18,12,4,9,True,True,2,2,True,10,2,0.2,-0.01347170685403889,0.310931174089069,True
2caadf3a2d37291e,Paris,location,2016Q2,2016Q1,0.21212121212121215,12,5,3,9,True,True,2,2,True,10,2,0.2,-0.0008784664795350894,0.18681318681318682,True
2caadf3a2d37291e,Paris,room,2016Q1,2015Q4,0.20952380952380956,5,4,2,9,True,True,2,2,True,10,5,0.5,0.08145586637586551,0.32692307692307687,True
2caadf3a2d37291e,Paris,service,2016Q3,2016Q2,0.15538847117794474,11,9,4,9,True,True,2,2,True,10,2,0.2,-0.00028922036308047793,0.19480519480519498,True
2cac1261287610c2,Paris,location,2016Q3,2016Q2,0.21719457013574672,7,3,4,9,True,True,2,2,True,10,2,0.2,-0.009420648429936373,0.26890756302521024,True
2d047d73353de59b,London,breakfast,2016Q1,2015Q4,0.32285791028740274,63,41,2,9,True,True,2,2,True,9,4,0.4444444444444444,0.011011449879910528,0.29807692307692313,True
2d047d73353de59b,London,breakfast,2016Q4,2016Q3,0.28783873099801716,79,58,5,9,True,True,2,2,True,9,0,0.0,-0.01115691137154832,0.12272727272727268,True
2d047d73353de59b,London,cleanliness,2016Q4,2016Q3,0.1941954758856168,61,56,5,9,True,True,2,2,True,9,0,0.0,-0.011234149712508554,0.13899613899613894,True
2d047d73353de59b,London,room,2016Q1,2015Q4,0.1535698248765156,177,121,2,9,True,True,2,2,True,9,0,0.0,-0.01291709456008816,0.12389785869689662,True
2d047d73353de59b,London,room,2016Q4,2016Q3,0.15213297306149198,197,167,5,9,True,True,2,2,True,9,1,0.1111111111111111,-0.0006896044475217152,0.20677361853832443,True
2d047d73353de59b,London,service,2016Q1,2015Q4,0.22210310015188073,113,81,2,9,True,True,2,2,True,9,0,0.0,-0.009486709259785972,0.1378522467631378,True
2d047d73353de59b,London,service,2016Q4,2016Q3,0.3668447694038244,117,102,5,9,True,True,2,2,True,9,3,0.3333333333333333,0.11977285740252736,0.392156862745098,True
2d047d73353de59b,London,value,2016Q1,2015Q4,0.39420289855072466,50,36,2,9,True,True,2,2,True,9,1,0.1111111111111111,-0.058100730952884184,0.24532019704433505,True
2d047d73353de59b,London,value,2016Q4,2016Q3,0.2900805779383162,49,51,5,9,True,True,2,2,True,9,3,0.3333333333333333,0.04003606206018931,0.45789473684210535,True
2d047d73353de59b,London,value,2017Q1,2016Q4,0.222309814741821,33,49,6,9,True,True,2,2,True,9,2,0.2222222222222222,0.03517948495721236,0.3048387096774192,True
2d2ca76bb3369702,London,value,2017Q1,2016Q4,0.40882694541231124,31,32,6,9,True,True,2,2,True,10,6,0.6,0.15242793440566335,0.3824884792626727,True
2dd158e8a8dc9906,Amsterdam,breakfast,2016Q3,2016Q2,0.21062271062271065,74,29,4,9,True,True,2,2,True,8,0,0.0,-0.04267387096334463,0.1164021164021165,True
2dd158e8a8dc9906,Amsterdam,breakfast,2016Q4,2016Q3,0.27142857142857135,25,74,5,9,True,True,2,2,True,9,0,0.0,-0.062498125704441784,0.1435406698564593,True
2dd158e8a8dc9906,Amsterdam,cleanliness,2016Q4,2016Q3,0.24019607843137258,41,118,5,9,True,True,2,2,True,9,1,0.1111111111111111,-0.0058221825963761615,0.19480519480519498,True
2dd158e8a8dc9906,Amsterdam,location,2016Q1,2015Q4,0.22003577817531306,42,33,2,9,True,True,2,2,True,8,1,0.125,0.02266047594637413,0.16666666666666674,True
2dd158e8a8dc9906,Amsterdam,noise,2016Q3,2016Q2,0.2602602602602604,27,17,4,9,True,True,2,2,True,8,1,0.125,0.06608773259988093,0.2673796791443851,True
2dd158e8a8dc9906,Amsterdam,room,2016Q1,2015Q4,0.1578947368421053,66,44,2,9,True,True,2,2,True,8,2,0.25,-0.005076630431003981,0.25631313131313127,True
2dd158e8a8dc9906,Amsterdam,room,2016Q4,2016Q3,0.18340387328459662,128,329,5,9,True,True,2,2,True,9,1,0.1111111111111111,-0.00908413424451784,0.15384615384615374,True
2dd158e8a8dc9906,Amsterdam,value,2016Q1,2015Q4,0.2598039215686274,14,7,2,9,True,True,2,2,True,8,1,0.125,-0.03898268398268395,0.33333333333333337,True
2e57ccf12801ce06,London,cleanliness,2016Q4,2016Q3,0.19999999999999996,5,2,5,9,True,True,2,2,True,10,0,0.0,0.020250007877885102,0.09090909090909094,True
2e57ccf12801ce06,London,service,2017Q1,2016Q4,0.2101806239737274,19,11,6,9,True,True,2,2,True,10,2,0.2,-0.0034164345910287163,0.27368421052631575,True
2e660ba7a5f1baad,Barcelona,breakfast,2016Q2,2016Q1,0.19999999999999996,5,6,3,9,True,True,2,2,True,10,6,0.6,0.11818682411248191,0.33333333333333326,True
2e660ba7a5f1baad,Barcelona,breakfast,2016Q4,2016Q3,0.16363636363636358,12,10,5,9,True,True,2,2,True,10,0,0.0,-0.014320452178425935,0.125,True
2e660ba7a5f1baad,Barcelona,location,2016Q3,2016Q2,0.17142857142857149,35,18,4,9,True,True,2,2,True,10,0,0.0,-0.05348942883779608,0.05507246376811614,True
2e660ba7a5f1baad,Barcelona,noise,2016Q1,2015Q4,0.21296296296296302,6,17,2,9,True,True,2,2,True,10,1,0.1,-0.08533376857061067,0.32167832167832155,True
2e660ba7a5f1baad,Barcelona,noise,2016Q3,2016Q2,0.1777777777777778,8,5,4,9,True,True,2,2,True,10,0,0.0,-0.09559785976127341,0.07575757575757569,True
2e660ba7a5f1baad,Barcelona,room,2017Q1,2016Q4,0.33333333333333326,20,28,6,9,True,True,2,2,True,10,1,0.1,-0.024411975514969285,0.1578947368421053,True
2eb4cca2c8143022,London,breakfast,2016Q2,2016Q1,0.1511111111111112,15,17,3,9,True,True,2,2,True,10,0,0.0,-0.01945806775191632,0.1333333333333333,True
2eb4cca2c8143022,London,cleanliness,2017Q1,2016Q4,0.3928571428571428,18,14,6,9,True,True,2,2,True,10,3,0.3,0.0037555400787193994,0.4758454106280192,True
2eb4cca2c8143022,London,noise,2016Q2,2016Q1,0.25652173913043486,13,10,3,9,True,True,2,2,True,10,4,0.4,0.0606013670055824,0.38,True
2eb4cca2c8143022,London,noise,2017Q1,2016Q4,0.21671826625387003,9,7,6,9,True,True,2,2,True,10,1,0.1,-0.05820237268189138,0.47870182555780927,True
2eb4cca2c8143022,London,room,2017Q1,2016Q4,0.36298773690078034,59,55,6,9,True,True,2,2,True,10,3,0.3,0.0677944680873632,0.3865079365079366,True
2eb4cca2c8143022,London,value,2016Q2,2016Q1,0.2727272727272727,6,12,3,9,True,True,2,2,True,10,3,0.3,0.04505585800533666,0.339527027027027,True
2ec6d3fbf5a3f2e5,Paris,location,2017Q1,2016Q4,0.35164835164835173,11,3,6,9,True,True,2,2,True,10,1,0.1,0.01383751976143277,0.25,True
2ec6d3fbf5a3f2e5,Paris,room,2016Q2,2016Q1,0.1777777777777778,8,5,3,9,True,True,2,2,True,8,1,0.125,-0.05144804379357358,0.15254237288135597,True
2ec6d3fbf5a3f2e5,Paris,service,2016Q1,2015Q4,0.17500000000000004,6,5,2,9,True,True,2,2,True,8,2,0.25,-0.041916857780088274,0.2311265969802554,True
2ec6d3fbf5a3f2e5,Paris,service,2017Q1,2016Q4,0.25,6,2,6,9,True,True,2,2,True,10,3,0.3,0.005789513346918884,0.3555555555555556,True
2ecd5e33821b3b23,Milan,breakfast,2016Q2,2016Q1,0.23611111111111116,17,6,3,9,True,True,2,2,True,8,2,0.25,-0.01791958041958039,0.2051282051282053,True
2ecd5e33821b3b23,Milan,cleanliness,2016Q2,2016Q1,0.26315789473684204,9,2,3,9,True,True,2,2,True,8,3,0.375,0.030594405594405613,0.28409090909090917,True
2ecd5e33821b3b23,Milan,room,2016Q4,2016Q3,0.19047619047619047,26,18,5,9,True,True,2,2,True,9,1,0.1111111111111111,0.055520495987324,0.16666666666666674,True
2ee3140bf84940f8,Paris,breakfast,2016Q3,2016Q2,0.19999999999999996,5,4,4,9,True,True,2,2,True,10,1,0.1,-0.043075551899081285,0.16666666666666674,True
2ee3140bf84940f8,Paris,location,2016Q3,2016Q2,0.21491228070175428,14,9,4,9,True,True,2,2,True,10,2,0.2,-0.009192419486537129,0.26890756302521024,True
2ee3140bf84940f8,Paris,room,2017Q1,2016Q4,0.18315018315018305,11,3,6,9,True,True,2,2,True,10,1,0.1,-0.07123299566024027,0.19548872180451127,True
2ee3140bf84940f8,Paris,service,2016Q2,2016Q1,0.16117216117216127,11,3,3,9,True,True,2,2,True,10,5,0.5,0.05819897466956288,0.2930402930402929,True
2ee3140bf84940f8,Paris,service,2017Q1,2016Q4,0.15909090909090917,6,1,6,9,True,True,2,2,True,10,1,0.1,0.027019332932111804,0.25,True
2f6411119addffe5,London,breakfast,2016Q1,2015Q4,0.1941176470588235,10,7,2,9,True,True,2,2,True,9,0,0.0,-0.04617581206188163,0.1428571428571428,True
2f6411119addffe5,London,cleanliness,2016Q2,2016Q1,0.41666666666666663,6,2,3,9,True,True,2,2,True,9,1,0.1111111111111111,-0.050425498036163065,0.3151515151515152,True
2f6411119addffe5,London,location,2016Q1,2015Q4,0.16666666666666674,14,14,2,9,True,True,2,2,True,9,0,0.0,-0.030413850754880963,0.14202898550724652,True
2f6411119addffe5,London,room,2016Q2,2016Q1,0.282258064516129,22,21,3,9,True,True,2,2,True,9,1,0.1111111111111111,0.03679981145629089,0.23251231527093608,True
2f6411119addffe5,London,service,2016Q2,2016Q1,0.1523809523809525,18,20,3,9,True,True,2,2,True,9,2,0.2222222222222222,-0.006961725760680536,0.17500000000000004,True
2f8232788e0a8903,Barcelona,cleanliness,2016Q2,2016Q1,0.7222222222222222,26,8,3,9,True,True,2,2,True,10,1,0.1,-0.004093052850711354,0.24269005847953218,True
2f8232788e0a8903,Barcelona,noise,2016Q1,2015Q4,0.2666666666666667,5,8,2,9,True,True,2,2,True,10,3,0.3,0.03155504626092862,0.18181818181818177,True
2f8232788e0a8903,Barcelona,noise,2016Q3,2016Q2,0.31746031746031744,17,18,4,9,True,True,2,2,True,10,2,0.2,-0.007506871086992795,0.16666666666666663,True
2f8232788e0a8903,Barcelona,room,2016Q2,2016Q1,0.16471734892787526,98,28,3,9,True,True,2,2,True,10,2,0.2,-0.010995239971934568,0.17361111111111116,True
2f8232788e0a8903,Barcelona,room,2017Q1,2016Q4,0.16825396825396832,35,60,6,9,True,True,2,2,True,10,0,0.0,-0.043429802902725856,0.09725490196078423,True
2f8232788e0a8903,Barcelona,service,2016Q4,2016Q3,0.22189866045428053,24,91,5,9,True,True,2,2,True,10,1,0.1,-0.03596083611832797,0.47328767123287685,True
2f8232788e0a8903,Barcelona,value,2017Q1,2016Q4,0.30117647058823527,7,15,6,9,True,True,2,2,True,10,1,0.1,0.01875069375069375,0.25,True
2fb4217921b8ab19,London,breakfast,2016Q4,2016Q3,0.16410256410256407,5,3,5,9,True,True,2,2,True,10,1,0.1,-0.12960615656868835,0.31264367816091965,True
2fb4217921b8ab19,London,breakfast,2017Q1,2016Q4,0.19166666666666665,6,5,6,9,True,True,2,2,True,10,3,0.3,0.06394017079896161,0.44264507422402166,True
2fb4217921b8ab19,London,cleanliness,2016Q1,2015Q4,0.19999999999999996,5,2,2,9,True,True,2,2,True,10,1,0.1,-0.03993830178653286,0.25032092426187424,True
2fb4217921b8ab19,London,service,2016Q4,2016Q3,0.329192546583851,18,13,5,9,True,True,2,2,True,10,2,0.2,0.08233012514423836,0.22857142857142865,True
2fd476aeb3a08365,Paris,breakfast,2016Q3,2016Q2,0.16374269005847952,9,8,4,7,True,True,2,2,True,9,3,0.3333333333333333,0.08089194755861423,0.3626373626373627,True
2fd476aeb3a08365,Paris,location,2017Q1,2016Q4,0.21169354838709675,22,21,6,7,True,True,2,2,True,9,3,0.3333333333333333,0.07428173821362678,0.3208556149732622,True
2fd476aeb3a08365,Paris,room,2016Q3,2016Q2,0.2989214175654855,49,34,4,7,True,True,2,2,True,9,2,0.2222222222222222,-0.10027245753052202,0.2857142857142858,True
2fd476aeb3a08365,Paris,value,2016Q3,2016Q2,0.2941176470588236,7,8,4,7,True,True,2,2,True,9,3,0.3333333333333333,0.018363118363118363,0.2435897435897436,True
2febd3170d1de7ce,Barcelona,breakfast,2016Q1,2015Q4,0.4545454545454546,23,14,2,9,True,True,2,2,True,9,2,0.2222222222222222,-0.0622121506965463,0.5747126436781609,True
2febd3170d1de7ce,Barcelona,breakfast,2016Q3,2016Q2,0.3142857142857143,30,25,4,9,True,True,2,2,True,9,5,0.5555555555555556,0.14599947487522,0.4134366925064601,True
2febd3170d1de7ce,Barcelona,room,2016Q1,2015Q4,0.16193682860349523,71,67,2,9,True,True,2,2,True,9,3,0.3333333333333333,0.1091398341130129,0.4242424242424242,True
2febd3170d1de7ce,Barcelona,room,2016Q4,2016Q3,0.3078730904817861,64,128,5,9,True,True,2,2,True,10,1,0.1,-0.031456674216667424,0.26455026455026465,True
2febd3170d1de7ce,Barcelona,service,2016Q4,2016Q3,0.2857142857142856,53,95,5,9,True,True,2,2,True,10,0,0.0,-0.05903888650392034,0.04582763337893292,True
2febd3170d1de7ce,Barcelona,value,2016Q1,2015Q4,0.26315789473684215,12,9,2,9,True,True,2,2,True,9,4,0.4444444444444444,0.10136207293070038,0.2941176470588235,True
2febd3170d1de7ce,Barcelona,value,2017Q1,2016Q4,0.3203661327231121,9,13,6,9,True,True,2,2,True,10,2,0.2,0.02680210140736459,0.33333333333333337,True
303b2eec9c790940,Vienna,room,2016Q4,2016Q3,0.3977272727272727,12,6,5,9,True,True,2,2,True,10,1,0.1,-0.02646301052777893,0.44444444444444453,True
303b2eec9c790940,Vienna,service,2016Q4,2016Q3,0.2058823529411764,14,7,5,9,True,True,2,2,True,10,0,0.0,-0.06344995690583925,0.12745098039215685,True
3049f6062044bac9,Paris,cleanliness,2016Q2,2016Q1,0.4571428571428573,20,4,3,8,True,True,2,2,True,9,4,0.4444444444444444,0.1456179441473559,0.5249999999999999,True
3049f6062044bac9,Paris,noise,2016Q3,2016Q2,0.25,6,4,4,8,True,True,2,2,True,9,1,0.1111111111111111,-0.05375832744253797,0.24291497975708487,True
3049f6062044bac9,Paris,room,2016Q3,2016Q2,0.26439482961222094,27,36,4,8,True,True,2,2,True,9,1,0.1111111111111111,-0.07301532771342202,0.23131903833658218,True
3049f6062044bac9,Paris,service,2016Q2,2016Q1,0.3410852713178296,33,8,3,8,True,True,2,2,True,9,3,0.3333333333333333,0.10985804423240356,0.2431372549019608,True
3049f6062044bac9,Paris,value,2016Q3,2016Q2,0.30147058823529416,6,7,4,8,True,True,2,2,True,9,2,0.2222222222222222,-0.07642731842938241,0.16666666666666663,True
30696ea3a154024f,London,cleanliness,2016Q1,2015Q4,0.2333333333333334,10,5,2,9,True,True,2,2,True,9,1,0.1111111111111111,-0.03643512208915278,0.27450980392156876,True
30696ea3a154024f,London,cleanliness,2016Q2,2016Q1,0.24545454545454537,12,10,3,9,True,True,2,2,True,9,2,0.2222222222222222,0.023970568022483072,0.30000000000000004,True
30696ea3a154024f,London,location,2017Q1,2016Q4,0.24038461538461542,16,6,6,9,True,True,2,2,True,10,0,0.0,0.0062415625546184735,0.11681887366818855,True
30696ea3a154024f,London,room,2016Q1,2015Q4,0.22666666666666657,65,32,2,9,True,True,2,2,True,9,2,0.2222222222222222,0.04917023694811805,0.2296015180265656,True
30696ea3a154024f,London,room,2016Q4,2016Q3,0.2379248658318427,16,33,5,9,True,True,2,2,True,10,0,0.0,-0.02006594584026794,0.13806818181818192,True
30696ea3a154024f,London,service,2017Q1,2016Q4,0.23636363636363655,23,10,6,9,True,True,2,2,True,10,1,0.1,0.010493428518397806,0.17194570135746612,True
3070a80759a11388,Paris,location,2016Q2,2016Q1,0.16923076923076907,10,3,3,9,True,True,2,2,True,9,4,0.4444444444444444,0.046211105524831,0.20833333333333326,True
3070a80759a11388,Paris,room,2016Q3,2016Q2,0.25396825396825407,8,4,4,9,True,True,2,2,True,10,1,0.1,-0.0119614795828886,0.19047619047619047,True
3070a80759a11388,Paris,service,2016Q2,2016Q1,0.15714285714285725,10,4,3,9,True,True,2,2,True,9,0,0.0,-0.10395772089320479,0.12307692307692308,True
307d13097f262efe,Amsterdam,breakfast,2016Q1,2015Q4,0.6956521739130433,13,13,2,9,True,True,2,2,True,10,4,0.4,0.1364593922875657,0.3434343434343434,True
307d13097f262efe,Amsterdam,breakfast,2016Q3,2016Q2,0.48953301127214177,13,17,4,9,True,True,2,2,True,10,1,0.1,-0.07048797227971501,0.18300653594771243,True
307d13097f262efe,Amsterdam,cleanliness,2016Q4,2016Q3,0.31428571428571417,18,10,5,9,True,True,2,2,True,10,4,0.4,0.12109662925006204,0.28526645768025083,True
307d13097f262efe,Amsterdam,service,2016Q3,2016Q2,0.22166666666666668,38,40,4,9,True,True,2,2,True,10,1,0.1,-0.04890884466208674,0.22557172557172556,True
307d13097f262efe,Amsterdam,service,2017Q1,2016Q4,0.3947750362844702,43,29,6,9,True,True,2,2,True,10,3,0.3,-0.02239730878670885,0.21323529411764697,True
307d13097f262efe,Amsterdam,value,2016Q1,2015Q4,0.19696969696969702,14,12,2,9,True,True,2,2,True,10,1,0.1,0.0473958699725963,0.34498834498834496,True
307d13097f262efe,Amsterdam,value,2016Q3,2016Q2,0.33867276887871844,9,13,4,9,True,True,2,2,True,10,3,0.3,0.06804782983367372,0.34285714285714286,True
30f78c91fa3203d0,London,breakfast,2016Q1,2015Q4,0.41666666666666663,30,20,2,9,True,True,2,2,True,9,0,0.0,0.06790246790246787,0.1428571428571428,True
30f78c91fa3203d0,London,breakfast,2016Q4,2016Q3,0.20662768031189094,17,9,5,9,True,True,2,2,True,10,2,0.2,0.018971861471861484,0.16666666666666674,True
30f78c91fa3203d0,London,cleanliness,2017Q1,2016Q4,0.2700228832951944,9,13,6,9,True,True,2,2,True,10,2,0.2,-0.05593158475511413,0.23076923076923084,True
30f78c91fa3203d0,London,noise,2016Q3,2016Q2,0.2962962962962963,5,17,4,9,True,True,2,2,True,10,0,0.0,-0.035501165501165485,0.09090909090909083,True
30f78c91fa3203d0,London,service,2016Q4,2016Q3,0.21818181818181825,67,45,5,9,True,True,2,2,True,10,3,0.3,0.10588477967657858,0.375,True
30f78c91fa3203d0,London,value,2016Q1,2015Q4,0.45117845117845123,23,17,2,9,True,True,2,2,True,9,1,0.1111111111111111,-0.06355218855218855,0.18181818181818177,True
3117cacbda28544c,London,breakfast,2016Q4,2016Q3,0.21739130434782616,13,8,5,9,True,True,2,2,True,10,4,0.4,0.014544001361113945,0.4530075187969924,True
3117cacbda28544c,London,cleanliness,2017Q1,2016Q4,0.15019762845849804,12,13,6,9,True,True,2,2,True,10,2,0.2,0.005351411578965748,0.2016806722689075,True
3117cacbda28544c,London,location,2016Q3,2016Q2,0.19363395225464197,19,16,4,9,True,True,2,2,True,9,0,0.0,-0.029399716641648914,0.09351432880844635,True
3117cacbda28544c,London,service,2016Q4,2016Q3,0.15396952686447474,33,19,5,9,True,True,2,2,True,10,0,0.0,-0.04773836780579797,0.13025780189959302,True
311a1c0700dfc144,Milan,location,2016Q2,2016Q1,0.1795665634674921,9,7,3,9,True,True,2,2,True,9,1,0.1111111111111111,0.029674793075329657,0.2727272727272727,True
311a1c0700dfc144,Milan,room,2016Q3,2016Q2,0.2666666666666666,5,5,4,9,True,True,2,2,True,10,1,0.1,0.060681453596672555,0.17794486215538852,True
312cb161f5115764,Barcelona,location,2016Q2,2016Q1,0.21367521367521358,8,3,3,9,True,True,2,2,True,10,0,0.0,-0.026412779878092894,0.08000000000000007,True
312cb161f5115764,Barcelona,room,2016Q1,2015Q4,0.16410256410256407,5,3,2,9,True,True,2,2,True,10,2,0.2,-0.0694879404966943,0.2406417112299466,True
31414672bbc25afd,Paris,service,2017Q1,2016Q4,0.17500000000000004,6,5,6,9,True,True,2,2,True,10,0,0.0,-0.07638241789170588,0.06593406593406592,True
31bd6ec22df35861,London,cleanliness,2016Q1,2015Q4,0.1594202898550725,36,44,2,9,True,True,2,2,True,9,0,0.0,-0.042123871813162274,0.12962962962962954,True
31bd6ec22df35861,London,cleanliness,2017Q1,2016Q4,0.4758454106280192,36,26,6,9,True,True,2,2,True,10,3,0.3,0.001689160191973371,0.3928571428571428,True
31bd6ec22df35861,London,noise,2016Q2,2016Q1,0.1724137931034483,10,19,3,9,True,True,2,2,True,9,4,0.4444444444444444,0.11922853793944561,0.3928571428571428,True
31bd6ec22df35861,London,room,2016Q1,2015Q4,0.19047619047619047,110,158,2,9,True,True,2,2,True,9,3,0.3333333333333333,0.11244611714247935,0.1777777777777777,True
31bd6ec22df35861,London,room,2017Q1,2016Q4,0.19474969474969472,107,74,6,9,True,True,2,2,True,10,2,0.2,0.06906558761068363,0.3865079365079366,True
31bd6ec22df35861,London,service,2016Q1,2015Q4,0.16165413533834583,66,102,2,9,True,True,2,2,True,9,1,0.1111111111111111,-0.04739513554662879,0.1841432225063937,True
31bd6ec22df35861,London,service,2017Q1,2016Q4,0.26767330130404954,52,37,6,9,True,True,2,2,True,10,2,0.2,0.013589589243426414,0.4292929292929293,True
31bd6ec22df35861,London,value,2016Q2,2016Q1,0.30263157894736836,9,22,3,9,True,True,2,2,True,9,2,0.2222222222222222,0.04445141931444511,0.339527027027027,True
31bd6ec22df35861,London,value,2017Q1,2016Q4,0.3824884792626727,21,18,6,9,True,True,2,2,True,10,7,0.7,0.22064677737961733,0.40882694541231124,True
31c04d5e58864658,London,breakfast,2016Q1,2015Q4,0.5126050420168067,7,18,2,9,True,True,2,2,True,10,4,0.4,0.0898442684766214,0.32499999999999996,True
31c04d5e58864658,London,cleanliness,2016Q2,2016Q1,0.2666666666666666,20,10,3,9,True,True,2,2,True,10,4,0.4,0.08414016782437839,0.2857142857142858,True
31c04d5e58864658,London,noise,2016Q1,2015Q4,0.16666666666666674,14,20,2,9,True,True,2,2,True,10,0,0.0,-0.05060229244439772,0.13333333333333341,True
31c04d5e58864658,London,noise,2016Q3,2016Q2,0.24242424242424232,12,23,4,9,True,True,2,2,True,10,2,0.2,-0.009831880377528602,0.3290043290043291,True
31c04d5e58864658,London,service,2016Q1,2015Q4,0.23903508771929816,47,86,2,9,True,True,2,2,True,10,1,0.1,-0.026660132278600136,0.3116883116883118,True
31c04d5e58864658,London,value,2016Q1,2015Q4,0.2265795206971677,17,24,2,9,True,True,2,2,True,10,2,0.2,0.02967405401615928,0.5986842105263158,True
31c0e1d199c95137,Paris,cleanliness,2016Q2,2016Q1,0.21590909090909094,6,1,3,9,True,True,2,2,True,9,0,0.0,-0.10509859842771664,0.0714285714285714,True
31c0e1d199c95137,Paris,location,2016Q2,2016Q1,0.2914979757085021,9,3,3,9,True,True,2,2,True,9,2,0.2222222222222222,0.037537567631367966,0.40476190476190466,True
31c0e1d199c95137,Paris,room,2016Q2,2016Q1,0.26315789473684204,9,2,3,9,True,True,2,2,True,9,2,0.2222222222222222,-0.005511354238354015,0.2633228840125391,True
31e7ee406b7628d7,London,service,2016Q4,2016Q3,0.15454545454545454,12,10,5,9,True,True,2,2,True,10,4,0.4,0.09875977168943259,0.42773207990599305,True
32168f5a4c50561d,Paris,breakfast,2016Q2,2016Q1,0.17307692307692313,6,3,3,9,True,True,2,2,True,9,0,0.0,-0.004169904169904186,0.09090909090909094,True
32168f5a4c50561d,Paris,breakfast,2016Q4,2016Q3,0.2222222222222221,5,8,5,9,True,True,2,2,True,10,2,0.2,-0.0025991655403419965,0.23076923076923073,True
32168f5a4c50561d,Paris,location,2016Q2,2016Q1,0.16883116883116878,12,4,3,9,True,True,2,2,True,9,3,0.3333333333333333,0.12641874789965607,0.2857142857142858,True
32168f5a4c50561d,Paris,location,2017Q1,2016Q4,0.19780219780219777,11,3,6,9,True,True,2,2,True,10,2,0.2,-0.057045410729621236,0.28409090909090917,True
32168f5a4c50561d,Paris,room,2016Q2,2016Q1,0.18518518518518512,17,8,3,9,True,True,2,2,True,9,3,0.3333333333333333,0.06471305446156253,0.4347826086956521,True
321c08039a3ce2bb,Amsterdam,breakfast,2016Q1,2015Q4,0.2583333333333333,22,20,2,9,True,True,2,2,True,10,5,0.5,0.22073120375025534,0.6956521739130433,True
321c08039a3ce2bb,Amsterdam,cleanliness,2016Q3,2016Q2,0.1962864721485411,29,19,4,9,True,True,2,2,True,10,2,0.2,-0.05105082506705223,0.25757575757575746,True
321c08039a3ce2bb,Amsterdam,location,2017Q1,2016Q4,0.21500721500721487,122,116,6,9,True,True,2,2,True,10,1,0.1,0.0212461604733458,0.26964769647696474,True
321c08039a3ce2bb,Amsterdam,noise,2016Q2,2016Q1,0.2962962962962963,17,17,3,9,True,True,2,2,True,10,4,0.4,0.06716048399484933,0.2857142857142857,True
321c08039a3ce2bb,Amsterdam,noise,2017Q1,2016Q4,0.19285714285714295,18,30,6,9,True,True,2,2,True,10,1,0.1,-0.06532442271687125,0.16666666666666663,True
321c08039a3ce2bb,Amsterdam,service,2016Q1,2015Q4,0.16041979010494756,82,77,2,9,True,True,2,2,True,10,4,0.4,0.06597550853763763,0.28965517241379324,True
321c08039a3ce2bb,Amsterdam,value,2016Q1,2015Q4,0.34498834498834496,16,23,2,9,True,True,2,2,True,10,2,0.2,0.07491746815276228,0.21904761904761905,True
32c66202fd9a80e3,Vienna,breakfast,2016Q4,2016Q3,0.15053763440860224,21,17,5,9,True,True,2,2,True,10,1,0.1,-0.07545494586415781,0.16483516483516492,True
32c66202fd9a80e3,Vienna,breakfast,2017Q1,2016Q4,0.1631878557874762,24,21,6,9,True,True,2,2,True,10,4,0.4,0.09374744987648216,0.3333333333333335,True
32c66202fd9a80e3,Vienna,noise,2016Q2,2016Q1,0.2255639097744362,9,4,3,9,True,True,2,2,True,10,1,0.1,-0.012452912584491493,0.16666666666666674,True
32c66202fd9a80e3,Vienna,noise,2016Q4,2016Q3,0.17500000000000004,6,5,5,9,True,True,2,2,True,10,0,0.0,-0.10158026139517592,0.09090909090909083,True
32c66202fd9a80e3,Vienna,value,2017Q1,2016Q4,0.41025641025641013,5,3,6,9,True,True,2,2,True,10,5,0.5,0.1235066876707744,0.25396825396825407,True
331515d0b5d97153,Paris,cleanliness,2016Q2,2016Q1,0.23076923076923062,16,3,3,9,True,True,2,2,True,10,2,0.2,0.08757908757908757,0.3216783216783218,True
331515d0b5d97153,Paris,room,2016Q2,2016Q1,0.15250965250965254,27,18,3,9,True,True,2,2,True,10,0,0.0,-0.054800162170131214,0.13647058823529412,True
331515d0b5d97153,Paris,service,2016Q2,2016Q1,0.1509009009009008,27,14,3,9,True,True,2,2,True,10,5,0.5,0.05922610069668892,0.2930402930402929,True
331515d0b5d97153,Paris,value,2016Q4,2016Q3,0.5333333333333333,5,5,5,9,True,True,2,2,True,10,0,0.0,-0.010984848484848486,0.09090909090909094,True
33283afeefbd4d6f,Paris,location,2016Q4,2016Q3,0.21367521367521358,8,3,5,9,True,True,2,2,True,9,3,0.3333333333333333,0.014498827711983915,0.26797385620915026,True
33283afeefbd4d6f,Paris,room,2016Q2,2016Q1,0.16117216117216127,11,3,3,9,True,True,2,2,True,9,1,0.1111111111111111,0.02334661444905084,0.1678321678321678,True
33283afeefbd4d6f,Paris,room,2017Q1,2016Q4,0.2807017543859649,14,9,6,9,True,True,2,2,True,9,2,0.2222222222222222,0.006134831771205872,0.26315789473684215,True
33283afeefbd4d6f,Paris,value,2017Q1,2016Q4,0.23333333333333328,5,2,6,9,True,True,2,2,True,9,0,0.0,-0.05027195027195027,0.09090909090909094,True
336c421c329e9de1,London,breakfast,2016Q3,2016Q2,0.2055555555555555,62,30,4,9,True,True,2,2,True,10,4,0.4,0.06900854763047298,0.43529411764705883,True
336c421c329e9de1,London,breakfast,2017Q1,2016Q4,0.1572192513368984,56,75,6,9,True,True,2,2,True,9,1,0.1111111111111111,0.05149953384961639,0.7460317460317459,True
336c421c329e9de1,London,cleanliness,2016Q2,2016Q1,0.2342857142857142,15,18,3,9,True,True,2,2,True,10,1,0.1,-0.01199399333127551,0.15053763440860224,True
336c421c329e9de1,London,location,2016Q4,2016Q3,0.19547543301519976,72,59,5,9,True,True,2,2,True,9,0,0.0,-0.0571006244891779,0.05496828752642724,True
336c421c329e9de1,London,noise,2016Q3,2016Q2,0.30000000000000004,10,15,4,9,True,True,2,2,True,10,4,0.4,0.02286643621008947,0.2901960784313725,True
336c421c329e9de1,London,value,2016Q2,2016Q1,0.15053763440860213,14,21,3,9,True,True,2,2,True,10,0,0.0,-0.15262198761375198,0.1054421768707483,True
336c421c329e9de1,London,value,2017Q1,2016Q4,0.2596153846153846,22,29,6,9,True,True,2,2,True,9,3,0.3333333333333333,0.03285061389808672,0.2222222222222222,True
337447ecda00ecfe,Vienna,breakfast,2016Q3,2016Q2,0.20952380952380967,25,17,4,9,True,True,2,2,True,10,3,0.3,0.04092452007312693,0.41176470588235303,True
337447ecda00ecfe,Vienna,cleanliness,2016Q3,2016Q2,0.20833333333333326,6,2,4,9,True,True,2,2,True,10,4,0.4,0.08821989414094675,0.23376623376623373,True
337447ecda00ecfe,Vienna,location,2016Q3,2016Q2,0.2492753623188404,36,20,4,9,True,True,2,2,True,10,3,0.3,0.06252769376403906,0.3571428571428572,True
337447ecda00ecfe,Vienna,noise,2016Q2,2016Q1,0.28409090909090917,6,1,3,9,True,True,2,2,True,10,2,0.2,0.02054029304029307,0.16666666666666674,True
337b73e81602c596,London,breakfast,2016Q1,2015Q4,0.2673796791443851,7,1,2,9,True,True,2,2,True,10,3,0.3,0.0552465906672492,0.3068688670829617,True
337b73e81602c596,London,room,2016Q1,2015Q4,0.26489028213166144,34,19,2,9,True,True,2,2,True,10,1,0.1,0.03596688247963968,0.33333333333333337,True
337b73e81602c596,London,service,2016Q1,2015Q4,0.2142857142857142,22,18,2,9,True,True,2,2,True,10,4,0.4,0.04426398645467611,0.2255639097744362,True
337b73e81602c596,London,service,2016Q4,2016Q3,0.39393939393939403,23,16,5,9,True,True,2,2,True,10,5,0.5,0.10434178171873612,0.42773207990599305,True
34343e6e5670ef74,Paris,cleanliness,2016Q4,2016Q3,0.1568627450980391,8,7,5,9,True,True,2,2,True,8,5,0.625,0.134383080155139,0.30952380952380965,True
34343e6e5670ef74,Paris,location,2016Q1,2015Q4,0.3736842105263156,9,10,2,9,True,True,2,2,True,6,1,0.16666666666666666,-0.06959583503741762,0.2450980392156863,True
34343e6e5670ef74,Paris,room,2016Q4,2016Q3,0.41666666666666663,14,14,5,9,True,True,2,2,True,8,2,0.25,0.0460688099839065,0.38043478260869557,True
34343e6e5670ef74,Paris,service,2016Q1,2015Q4,0.19780219780219777,11,3,2,9,True,True,2,2,True,6,0,0.0,-0.08413158192569951,0.0798319327731094,True
343f143ee8b98fd9,London,breakfast,2016Q2,2016Q1,0.19548872180451127,9,4,3,9,True,True,2,2,True,9,2,0.2222222222222222,0.020198054009986064,0.26388888888888884,True
343f143ee8b98fd9,London,breakfast,2016Q3,2016Q2,0.24736842105263168,10,9,4,9,True,True,2,2,True,9,1,0.1111111111111111,-0.015667509148093475,0.15176715176715172,True
343f143ee8b98fd9,London,location,2016Q2,2016Q1,0.28205128205128216,16,5,3,9,True,True,2,2,True,9,2,0.2222222222222222,0.06779558293422333,0.18803418803418803,True
343f143ee8b98fd9,London,noise,2016Q2,2016Q1,0.23333333333333328,5,2,3,9,True,True,2,2,True,9,3,0.3333333333333333,0.11620212762724841,0.4444444444444444,True
343f143ee8b98fd9,London,service,2016Q2,2016Q1,0.23167848699763582,37,17,3,9,True,True,2,2,True,9,2,0.2222222222222222,0.004651482714707623,0.2906976744186047,True
348f955edceadb77,Milan,breakfast,2016Q2,2016Q1,0.27368421052631575,9,5,3,9,True,True,2,2,True,9,3,0.3333333333333333,0.006402508179531437,0.34736842105263155,True
348f955edceadb77,Milan,location,2016Q2,2016Q1,0.1736694677871149,24,11,3,9,True,True,2,2,True,9,2,0.2222222222222222,0.06824963541715462,0.2767857142857142,True
348f955edceadb77,Milan,room,2016Q1,2015Q4,0.33333333333333326,8,10,2,9,True,True,2,2,True,9,2,0.2222222222222222,0.05506005694600455,0.4950980392156864,True
348f955edceadb77,Milan,service,2016Q1,2015Q4,0.6065162907268171,9,11,2,9,True,True,2,2,True,9,3,0.3333333333333333,-0.05691426845042565,0.3090909090909091,True
348f955edceadb77,Milan,service,2017Q1,2016Q4,0.43817204301075263,21,14,6,9,True,True,2,2,True,9,2,0.2222222222222222,0.09427563294667668,0.47426470588235303,True
348f955edceadb77,Milan,value,2016Q1,2015Q4,0.20952380952380956,5,4,2,9,True,True,2,2,True,9,3,0.3333333333333333,0.056205508695930155,0.2886334610472542,True
34c7ea6e7a0cdd65,London,breakfast,2016Q1,2015Q4,0.3529411764705883,24,24,2,9,True,True,2,2,True,8,0,0.0,-0.08074102458000096,0.1428571428571428,True
34c7ea6e7a0cdd65,London,breakfast,2016Q3,2016Q2,0.19580419580419584,45,29,4,9,True,True,2,2,True,8,2,0.25,-0.03182191310973259,0.3736263736263735,True
34c7ea6e7a0cdd65,London,cleanliness,2016Q2,2016Q1,0.6551724137931034,19,12,3,9,True,True,2,2,True,8,0,0.0,-0.12847323043850006,-0.013958125623130702,True
34c7ea6e7a0cdd65,London,cleanliness,2016Q4,2016Q3,0.18181818181818166,17,23,5,9,True,True,2,2,True,9,1,0.1111111111111111,-0.003036423585624738,0.29767441860465116,True
34c7ea6e7a0cdd65,London,cleanliness,2017Q1,2016Q4,0.16666666666666674,18,17,6,9,True,True,2,2,True,9,3,0.3333333333333333,0.012418437816203332,0.2016806722689075,True
34c7ea6e7a0cdd65,London,service,2016Q1,2015Q4,0.25032594524119967,42,49,2,9,True,True,2,2,True,8,1,0.125,0.05509858480524693,0.2520325203252034,True
34c7ea6e7a0cdd65,London,value,2017Q1,2016Q4,0.5708061002178649,7,17,6,9,True,True,2,2,True,9,2,0.2222222222222222,0.03053251251960012,0.25369458128078815,True
34ce2e5a07dd00c2,Barcelona,location,2017Q1,2016Q4,0.18382352941176472,6,7,6,7,True,True,2,2,True,9,3,0.3333333333333333,-0.07689693061210086,0.2321428571428572,True
34ce2e5a07dd00c2,Barcelona,room,2016Q3,2016Q2,0.23938223938223935,18,27,4,7,True,True,2,2,True,10,2,0.2,0.06322353546667621,0.5026737967914437,True
3547af4c56c7bf9e,London,breakfast,2016Q1,2015Q4,0.3293727549046699,67,37,2,9,True,True,2,2,True,9,0,0.0,-0.09981002256544054,0.125,True
3547af4c56c7bf9e,London,noise,2016Q1,2015Q4,0.18925831202046028,36,24,2,9,True,True,2,2,True,9,0,0.0,-0.1136148692495442,0.033333333333333326,True
3547af4c56c7bf9e,London,noise,2016Q3,2016Q2,0.22222222222222232,35,30,4,9,True,True,2,2,True,9,2,0.2222222222222222,-0.011796245772853974,0.2255639097744362,True
3547af4c56c7bf9e,London,noise,2017Q1,2016Q4,0.2142857142857142,18,16,6,9,True,True,2,2,True,10,1,0.1,-0.022641363467450427,0.19480519480519498,True
3547af4c56c7bf9e,London,room,2016Q1,2015Q4,0.1611304877373636,314,213,2,9,True,True,2,2,True,9,3,0.3333333333333333,0.046125001777200164,0.34084880636604775,True
3547af4c56c7bf9e,London,service,2016Q1,2015Q4,0.28131459280694515,226,154,2,9,True,True,2,2,True,9,1,0.1111111111111111,-0.027711617749923527,0.19528619528619529,True
3547af4c56c7bf9e,London,value,2016Q1,2015Q4,0.3430120015485868,53,31,2,9,True,True,2,2,True,9,1,0.1111111111111111,-0.009783792059333822,0.4396284829721362,True
3547af4c56c7bf9e,London,value,2016Q3,2016Q2,0.1656862745098039,30,41,4,9,True,True,2,2,True,9,4,0.4444444444444444,0.13377811131434317,0.33333333333333337,True
35c377b6e95f0cc2,Paris,location,2016Q2,2016Q1,0.20833333333333326,6,2,3,9,True,True,2,2,True,9,2,0.2222222222222222,0.06590485618398606,0.4242424242424242,True
35c377b6e95f0cc2,Paris,location,2016Q4,2016Q3,0.3999999999999999,10,2,5,9,True,True,2,2,True,9,0,0.0,-0.03969004889541523,0.11999999999999988,True
35c377b6e95f0cc2,Paris,service,2016Q4,2016Q3,0.3015873015873016,8,4,5,9,True,True,2,2,True,9,0,0.0,-0.19232760349774894,0.125,True
35f3e15097c7e70a,Paris,location,2016Q2,2016Q1,0.20833333333333326,6,2,3,9,True,True,2,2,True,10,4,0.4,0.1274085959507954,0.3535353535353536,True
35f3e15097c7e70a,Paris,room,2016Q2,2016Q1,0.16666666666666663,10,2,3,9,True,True,2,2,True,10,1,0.1,-0.026850715085347764,0.28352490421455945,True
35f3e15097c7e70a,Paris,service,2016Q2,2016Q1,0.31313131313131326,8,1,3,9,True,True,2,2,True,10,1,0.1,-0.030921549807393256,0.15384615384615397,True
36027c950fb3a82e,Barcelona,breakfast,2016Q2,2016Q1,0.21590909090909094,6,1,3,9,True,True,2,2,True,9,3,0.3333333333333333,-0.05672162114786704,0.40245775729646693,True
36027c950fb3a82e,Barcelona,cleanliness,2017Q1,2016Q4,0.46590909090909094,6,1,6,9,True,True,2,2,True,10,1,0.1,-0.001668025877171264,0.3216783216783218,True
36027c950fb3a82e,Barcelona,location,2017Q1,2016Q4,0.31499999999999995,15,6,6,9,True,True,2,2,True,10,0,0.0,-0.03208507135611731,0.12684989429175464,True
36027c950fb3a82e,Barcelona,room,2016Q1,2015Q4,0.17647058823529416,6,7,2,9,True,True,2,2,True,9,5,0.5555555555555556,0.03982993349935471,0.36296296296296293,True
36027c950fb3a82e,Barcelona,room,2016Q2,2016Q1,0.19999999999999996,15,6,3,9,True,True,2,2,True,9,1,0.1111111111111111,-0.05843158925186779,0.32692307692307687,True
36027c950fb3a82e,Barcelona,service,2016Q2,2016Q1,0.24827586206896557,19,5,3,9,True,True,2,2,True,9,0,0.0,-0.03996956584014685,0.10256410256410242,True
361b926ba3e6c43b,London,cleanliness,2017Q1,2016Q4,0.18222222222222229,8,15,6,9,True,True,2,2,True,10,1,0.1,0.012124599607210563,0.26028921023359286,True
361b926ba3e6c43b,London,location,2016Q1,2015Q4,0.19047619047619047,32,32,2,9,True,True,2,2,True,10,0,0.0,-0.05186907303041588,0.12037037037037046,True
361b926ba3e6c43b,London,location,2016Q3,2016Q2,0.34171808258187,39,33,4,9,True,True,2,2,True,10,0,0.0,0.0044009058746819155,0.12121212121212133,True
361b926ba3e6c43b,London,noise,2016Q3,2016Q2,0.20879120879120883,16,18,4,9,True,True,2,2,True,10,0,0.0,-0.10653978247821802,0.1398601398601398,True
3635cd22af3c1a5d,Amsterdam,breakfast,2017Q1,2016Q4,0.30117647058823527,7,15,6,9,True,True,2,2,True,10,2,0.2,-0.02573939380835929,0.5,True
3635cd22af3c1a5d,Amsterdam,cleanliness,2016Q3,2016Q2,0.21090909090909105,15,12,4,9,True,True,2,2,True,10,1,0.1,-0.03455382969397247,0.16410256410256419,True
3635cd22af3c1a5d,Amsterdam,location,2016Q4,2016Q3,0.18952062430323302,59,42,5,9,True,True,2,2,True,10,2,0.2,-0.024055773052453256,0.16842105263157903,True
3635cd22af3c1a5d,Amsterdam,noise,2016Q4,2016Q3,0.1962864721485411,16,19,5,9,True,True,2,2,True,10,2,0.2,-0.0011881280652312643,0.3216783216783218,True
3635cd22af3c1a5d,Amsterdam,room,2016Q1,2015Q4,0.320754716981132,43,36,2,9,True,True,2,2,True,9,2,0.2222222222222222,0.046257375366454516,0.17460317460317454,True
3635cd22af3c1a5d,Amsterdam,room,2016Q3,2016Q2,0.23118279569892464,52,50,4,9,True,True,2,2,True,10,2,0.2,0.04394703005016047,0.4047619047619049,True
3635cd22af3c1a5d,Amsterdam,value,2016Q3,2016Q2,0.18137254901960775,24,14,4,9,True,True,2,2,True,10,5,0.5,0.13351172835655206,0.4,True
365726ae14ee7e6a,Milan,room,2017Q1,2016Q4,0.39869281045751637,7,8,6,9,True,True,2,2,True,9,2,0.2222222222222222,0.004294456205445478,0.493927125506073,True
369077c44cbb25cd,Barcelona,breakfast,2016Q2,2016Q1,0.29166666666666674,14,6,3,9,True,True,2,2,True,8,4,0.5,0.07091832638465764,0.23333333333333328,True
369077c44cbb25cd,Barcelona,room,2016Q4,2016Q3,0.2682387619749448,36,49,5,9,True,True,2,2,True,10,0,0.0,-0.11293920884462846,0.11397058823529416,True
369077c44cbb25cd,Barcelona,service,2016Q2,2016Q1,0.21832358674463936,17,9,3,9,True,True,2,2,True,8,0,0.0,-0.03973556720278151,0.13750323080899451,True
369077c44cbb25cd,Barcelona,value,2016Q3,2016Q2,0.1578947368421053,9,4,4,9,True,True,2,2,True,9,2,0.2222222222222222,0.0035609101566834844,0.20948616600790515,True
36c3e51bd45c044d,Barcelona,breakfast,2016Q2,2016Q1,0.33484162895927616,7,3,3,9,True,True,2,2,True,9,1,0.1111111111111111,0.004157616262879434,0.2333333333333334,True
36c3e51bd45c044d,Barcelona,service,2016Q1,2015Q4,0.2564102564102564,5,3,2,9,True,True,2,2,True,8,0,0.0,-0.08887726387960004,-0.011904761904761862,True
36c98c8cba93e2f9,London,room,2016Q2,2016Q1,0.22222222222222232,8,16,3,9,True,True,2,2,True,10,0,0.0,-0.055427892838391016,0.14198782961460454,True
36c98c8cba93e2f9,London,room,2016Q4,2016Q3,0.41666666666666674,14,8,5,9,True,True,2,2,True,10,0,0.0,0.006071424813869475,0.13518518518518519,True
36c98c8cba93e2f9,London,service,2017Q1,2016Q4,0.16289592760181004,24,16,6,9,True,True,2,2,True,10,2,0.2,0.05530677870632894,0.2727272727272727,True
36cd5862c2d1fafd,Milan,cleanliness,2017Q1,2016Q4,0.1578947368421053,9,4,6,8,True,True,2,2,True,10,3,0.3,-0.020105485688538614,0.36257309941520455,True
36cd5862c2d1fafd,Milan,location,2017Q1,2016Q4,0.3058823529411765,15,7,6,8,True,True,2,2,True,10,0,0.0,-0.06289302106571823,0.1333333333333333,True
36cd5862c2d1fafd,Milan,service,2016Q3,2016Q2,0.26497277676951003,9,19,4,8,True,True,2,2,True,10,3,0.3,0.032845407649085834,0.2282608695652173,True
3728272126c92bb9,Vienna,cleanliness,2016Q3,2016Q2,0.33333333333333326,5,0,4,9,True,True,2,2,True,8,1,0.125,0.06652214922689062,0.18181818181818177,True
3728272126c92bb9,Vienna,location,2017Q1,2016Q4,0.21590909090909094,6,1,6,9,True,True,2,2,True,8,2,0.25,-0.06437467882068164,0.25757575757575746,True
3728272126c92bb9,Vienna,service,2016Q3,2016Q2,0.29807692307692313,6,3,4,9,True,True,2,2,True,8,2,0.25,-0.018735544562980475,0.20897615708274886,True
3731f2d232194aeb,Paris,breakfast,2016Q2,2016Q1,0.42245989304812825,12,7,3,9,True,True,2,2,True,8,2,0.25,0.03862626747888839,0.368421052631579,True
3731f2d232194aeb,Paris,breakfast,2016Q4,2016Q3,0.33333333333333326,8,10,5,9,True,True,2,2,True,9,3,0.3333333333333333,0.058758549767321706,0.4631578947368421,True
3731f2d232194aeb,Paris,cleanliness,2016Q2,2016Q1,0.27450980392156854,5,7,3,9,True,True,2,2,True,8,4,0.5,0.16308715794009912,0.5249999999999999,True
3731f2d232194aeb,Paris,room,2016Q2,2016Q1,0.305468258956631,33,27,3,9,True,True,2,2,True,8,1,0.125,-0.05527687107707131,0.390909090909091,True
3731f2d232194aeb,Paris,value,2016Q4,2016Q3,0.5403508771929825,5,9,5,9,True,True,2,2,True,9,3,0.3333333333333333,0.0300936536230654,0.31932773109243695,True
373dba71bd6c3719,London,breakfast,2016Q2,2016Q1,0.2666666666666666,11,5,3,9,True,True,2,2,True,9,2,0.2222222222222222,0.02379362257968111,0.38315789473684203,True
373dba71bd6c3719,London,cleanliness,2016Q2,2016Q1,0.20320855614973277,7,1,3,9,True,True,2,2,True,9,0,0.0,-0.03875731522375175,0.12380952380952381,True
373dba71bd6c3719,London,location,2016Q2,2016Q1,0.375,6,6,3,9,True,True,2,2,True,9,0,0.0,-0.010707251140640354,0.12745098039215685,True
373dba71bd6c3719,London,service,2016Q2,2016Q1,0.15454545454545454,12,10,3,9,True,True,2,2,True,9,0,0.0,-0.03288633281850132,0.14861111111111103,True
373dba71bd6c3719,London,value,2017Q1,2016Q4,0.171945701357466,7,3,6,9,True,True,2,2,True,10,3,0.3,0.0797413623583603,0.24736842105263168,True
37737fc7e255a82f,Milan,room,2017Q1,2016Q4,0.24848484848484853,12,5,6,9,True,True,2,2,True,10,0,0.0,-0.07405914925284654,0.11904761904761907,True
37b750bae938d82a,Paris,room,2016Q3,2016Q2,0.26315789473684215,6,9,4,9,True,True,2,2,True,10,4,0.4,-0.0037453827624192694,0.27586206896551735,True
37bdad970d57b156,Milan,cleanliness,2016Q4,2016Q3,0.35,6,10,5,9,True,True,2,2,True,10,1,0.1,-0.02845124449586923,0.16995073891625623,True
37bdad970d57b156,Milan,location,2017Q1,2016Q4,0.17234848484848486,22,23,6,9,True,True,2,2,True,10,0,0.0,-0.01703694647778644,0.11111111111111116,True
37bdad970d57b156,Milan,room,2017Q1,2016Q4,0.217741935483871,21,14,6,9,True,True,2,2,True,10,3,0.3,0.004836705170354494,0.18181818181818177,True
37bdad970d57b156,Milan,service,2016Q1,2015Q4,0.2272727272727273,18,12,2,9,True,True,2,2,True,9,0,0.0,-0.01274751029652991,0.1272727272727272,True
37bdad970d57b156,Milan,service,2016Q4,2016Q3,0.21904761904761916,18,20,5,9,True,True,2,2,True,10,4,0.4,0.05642383092411333,0.46666666666666656,True
37c3898c34c7a9e6,Paris,breakfast,2016Q2,2016Q1,0.17127371273712733,35,31,3,9,True,True,2,2,True,9,1,0.1111111111111111,-0.02608313220267676,0.24242424242424243,True
37c3898c34c7a9e6,Paris,noise,2016Q4,2016Q3,0.2857142857142858,11,11,5,9,True,True,2,2,True,9,0,0.0,-0.118737296156651,0.09090909090909094,True
37c3898c34c7a9e6,Paris,room,2016Q1,2015Q4,0.19307359307359317,100,116,2,9,True,True,2,2,True,7,2,0.2857142857142857,0.03093529509105573,0.17647058823529416,True
37c3898c34c7a9e6,Paris,service,2016Q1,2015Q4,0.41395432476173344,57,73,2,9,True,True,2,2,True,7,2,0.2857142857142857,-0.04765094196285553,0.19047619047619047,True
37c3898c34c7a9e6,Paris,value,2016Q4,2016Q3,0.2142857142857142,11,18,5,9,True,True,2,2,True,9,1,0.1111111111111111,0.02391556763649785,0.2727272727272727,True
37f2882a0007f323,Amsterdam,noise,2016Q1,2015Q4,0.36904761904761907,14,11,2,9,True,True,2,2,True,8,3,0.375,0.09951796214583937,0.47619047619047616,True
37f2882a0007f323,Amsterdam,room,2016Q1,2015Q4,0.16506410256410264,107,86,2,9,True,True,2,2,True,8,3,0.375,0.09120362254295403,0.2717391304347826,True
381abf072f6d1d8b,London,breakfast,2017Q1,2016Q4,0.17647058823529416,7,8,6,9,True,True,2,2,True,10,3,0.3,-0.02717586202538993,0.2930756843800322,True
381abf072f6d1d8b,London,cleanliness,2016Q1,2015Q4,0.21491228070175428,14,9,2,9,True,True,2,2,True,9,1,0.1111111111111111,-0.01630623131747972,0.1777777777777778,True
381abf072f6d1d8b,London,location,2016Q4,2016Q3,0.15724137931034465,19,15,5,9,True,True,2,2,True,10,1,0.1,-0.02861559590739702,0.1553113553113552,True
381abf072f6d1d8b,London,noise,2017Q1,2016Q4,0.23529411764705888,7,7,6,9,True,True,2,2,True,10,4,0.4,0.048663152844894475,0.49282296650717694,True
381abf072f6d1d8b,London,service,2017Q1,2016Q4,0.21839080459770122,32,19,6,9,True,True,2,2,True,10,1,0.1,0.09317568249403545,0.3653250773993808,True
381abf072f6d1d8b,London,value,2016Q3,2016Q2,0.25396825396825407,8,4,4,9,True,True,2,2,True,9,3,0.3333333333333333,0.05413409350395685,0.2089314194577352,True
381abf072f6d1d8b,London,value,2017Q1,2016Q4,0.354066985645933,9,1,6,9,True,True,2,2,True,10,5,0.5,0.08488982507238084,0.31601731601731586,True
382507af54e69ca2,Milan,room,2017Q1,2016Q4,0.20952380952380956,5,4,6,9,True,True,2,2,True,10,2,0.2,-0.01819956879804797,0.2727272727272727,True
386fedd969e33f79,Vienna,breakfast,2016Q2,2016Q1,0.23809523809523814,11,2,3,9,True,True,2,2,True,9,1,0.1111111111111111,-0.08014129692078148,0.22580645161290325,True
386fedd969e33f79,Vienna,breakfast,2017Q1,2016Q4,0.2597402597402596,12,18,6,9,True,True,2,2,True,9,1,0.1111111111111111,-0.028748731679588233,0.39682539682539675,True
386fedd969e33f79,Vienna,cleanliness,2016Q3,2016Q2,0.41176470588235303,24,8,4,9,True,True,2,2,True,9,1,0.1111111111111111,-0.046669466157995804,0.2148148148148148,True
386fedd969e33f79,Vienna,location,2016Q3,2016Q2,0.18418604651162784,40,33,4,9,True,True,2,2,True,9,4,0.4444444444444444,0.11430507811505902,0.3076923076923077,True
386fedd969e33f79,Vienna,noise,2016Q2,2016Q1,0.2941176470588236,7,0,3,9,True,True,2,2,True,9,1,0.1111111111111111,-0.059783502817558544,0.16666666666666663,True
386fedd969e33f79,Vienna,room,2016Q2,2016Q1,0.2256410256410255,29,5,3,9,True,True,2,2,True,9,0,0.0,-0.03984600151151101,0.11680911680911676,True
386fedd969e33f79,Vienna,room,2016Q3,2016Q2,0.1743589743589744,40,29,4,9,True,True,2,2,True,9,4,0.4444444444444444,0.08213145557458582,0.23756708407871197,True
386fedd969e33f79,Vienna,service,2016Q4,2016Q3,0.2304409672830725,28,27,5,9,True,True,2,2,True,9,2,0.2222222222222222,-0.012213103752180408,0.2333333333333334,True
386fedd969e33f79,Vienna,value,2016Q4,2016Q3,0.16190476190476188,11,10,5,9,True,True,2,2,True,9,1,0.1111111111111111,-0.059616643600797534,0.2666666666666667,True
389a18e5d76b5875,Barcelona,breakfast,2016Q3,2016Q2,0.46823956442831216,9,19,4,9,True,True,2,2,True,10,2,0.2,-0.02977465201923406,0.25,True
389a18e5d76b5875,Barcelona,cleanliness,2016Q3,2016Q2,0.22307692307692317,10,16,4,9,True,True,2,2,True,10,2,0.2,-0.055057860096559774,0.19480519480519498,True
389a18e5d76b5875,Barcelona,cleanliness,2017Q1,2016Q4,0.21719457013574672,7,3,6,9,True,True,2,2,True,10,0,0.0,-0.015918146720071292,0.1234963913392142,True
389a18e5d76b5875,Barcelona,location,2017Q1,2016Q4,0.15356820234869017,31,17,6,9,True,True,2,2,True,10,1,0.1,-0.0031143237236594735,0.2666666666666666,True
389a18e5d76b5875,Barcelona,noise,2017Q1,2016Q4,0.33333333333333337,6,5,6,9,True,True,2,2,True,10,3,0.3,0.00850906174435585,0.19999999999999996,True
389a18e5d76b5875,Barcelona,service,2016Q3,2016Q2,0.26009852216748763,19,25,4,9,True,True,2,2,True,10,2,0.2,0.027621304194803797,0.22152560083594586,True
389a18e5d76b5875,Barcelona,service,2017Q1,2016Q4,0.18666666666666676,15,11,6,9,True,True,2,2,True,10,1,0.1,-0.02374747866602105,0.19565217391304346,True
389a18e5d76b5875,Barcelona,value,2016Q1,2015Q4,0.19999999999999996,8,5,2,9,True,True,2,2,True,9,2,0.2222222222222222,0.036337553055819316,0.23076923076923073,True
38a88334f9ee7a1c,Amsterdam,breakfast,2016Q3,2016Q2,0.15508021390374327,12,24,4,9,True,True,2,2,True,9,0,0.0,-0.049732914525110576,0.10784313725490202,True
38a88334f9ee7a1c,Amsterdam,cleanliness,2016Q3,2016Q2,0.18367346938775508,39,30,4,9,True,True,2,2,True,9,1,0.1111111111111111,-0.08565688800751098,0.20863787375415277,True
38a88334f9ee7a1c,Amsterdam,location,2017Q1,2016Q4,0.3175027870680045,55,59,6,9,True,True,2,2,True,9,2,0.2222222222222222,-0.03730667302690106,0.22525991528686928,True
38a88334f9ee7a1c,Amsterdam,room,2017Q1,2016Q4,0.16799999999999993,115,88,6,9,True,True,2,2,True,9,0,0.0,-0.07794541138012887,0.1362903225806451,True
38a88334f9ee7a1c,Amsterdam,service,2017Q1,2016Q4,0.26190476190476186,60,50,6,9,True,True,2,2,True,9,4,0.4444444444444444,0.1014930927278516,0.24019607843137258,True
38a88334f9ee7a1c,Amsterdam,value,2016Q3,2016Q2,0.2698412698412699,26,18,4,9,True,True,2,2,True,9,2,0.2222222222222222,-0.0012267518382733655,0.23071852340145027,True
38a88334f9ee7a1c,Amsterdam,value,2017Q1,2016Q4,0.24122807017543868,28,14,6,9,True,True,2,2,True,9,2,0.2222222222222222,-0.03057503552194856,0.26028921023359286,True
38bb68af0db6c5ec,Barcelona,room,2016Q3,2016Q2,0.3445378151260504,7,4,4,9,True,True,2,2,True,9,1,0.1111111111111111,0.019329360265032774,0.39393939393939403,True
38bb68af0db6c5ec,Barcelona,room,2016Q4,2016Q3,0.1633986928104576,8,7,5,9,True,True,2,2,True,9,1,0.1111111111111111,-0.01783272447298101,0.16666666666666674,True
38beefc05895499f,Paris,breakfast,2016Q1,2015Q4,0.18181818181818188,12,2,2,9,True,True,2,2,True,8,1,0.125,0.033728662405133,0.2407407407407407,True
38beefc05895499f,Paris,breakfast,2016Q4,2016Q3,0.17647058823529416,7,2,5,9,True,True,2,2,True,10,1,0.1,-0.03375690099374305,0.2575757575757577,True
38beefc05895499f,Paris,cleanliness,2016Q1,2015Q4,0.24242424242424243,11,1,2,9,True,True,2,2,True,8,0,0.0,-0.008305236430236451,0.09090909090909083,True
38beefc05895499f,Paris,location,2017Q1,2016Q4,0.32380952380952377,11,10,6,9,True,True,2,2,True,10,2,0.2,0.05070203475332835,0.2777777777777777,True
38beefc05895499f,Paris,room,2017Q1,2016Q4,0.5320197044334976,18,19,6,9,True,True,2,2,True,10,3,0.3,0.09910346252837426,0.2909090909090908,True
38beefc05895499f,Paris,service,2016Q1,2015Q4,0.22764227642276436,31,8,2,9,True,True,2,2,True,8,0,0.0,-0.021448501282597426,0.1428571428571428,True
38beefc05895499f,Paris,service,2017Q1,2016Q4,0.20833333333333326,14,22,6,9,True,True,2,2,True,10,3,0.3,0.01565155797451414,0.3529411764705883,True
390b04e08b2bccab,Barcelona,breakfast,2016Q2,2016Q1,0.1578947368421053,9,4,3,9,True,True,2,2,True,10,4,0.4,0.031138760620184745,0.26315789473684204,True
390b04e08b2bccab,Barcelona,breakfast,2016Q3,2016Q2,0.30364372469635614,16,9,4,9,True,True,2,2,True,10,4,0.4,0.1352598407784166,0.44999999999999996,True
390b04e08b2bccab,Barcelona,cleanliness,2016Q1,2015Q4,0.16842105263157903,9,5,2,9,True,True,2,2,True,9,3,0.3333333333333333,0.08696136547013739,0.5213675213675213,True
390b04e08b2bccab,Barcelona,cleanliness,2017Q1,2016Q4,0.4307692307692307,5,3,6,9,True,True,2,2,True,10,3,0.3,0.05182200152788384,0.19047619047619047,True
390b04e08b2bccab,Barcelona,room,2017Q1,2016Q4,0.21590909090909083,12,6,6,9,True,True,2,2,True,10,0,0.0,0.003054592937495193,0.125,True
390b04e08b2bccab,Barcelona,service,2016Q2,2016Q1,0.1777777777777776,10,8,3,9,True,True,2,2,True,10,5,0.5,0.08375085721509286,0.5462365591397849,True
390b04e08b2bccab,Barcelona,service,2017Q1,2016Q4,0.625,10,6,6,9,True,True,2,2,True,10,1,0.1,-0.061107262190853516,0.16666666666666652,True
39137be41efbe6c1,Barcelona,breakfast,2016Q2,2016Q1,0.17647058823529416,8,7,3,9,True,True,2,2,True,8,2,0.25,0.06405611758055366,0.2870370370370371,True
39137be41efbe6c1,Barcelona,breakfast,2016Q4,2016Q3,0.1578947368421053,10,9,5,9,True,True,2,2,True,9,2,0.2222222222222222,0.07145100154160142,0.3470522803114573,True
39137be41efbe6c1,Barcelona,cleanliness,2016Q1,2015Q4,0.2807017543859649,8,9,2,9,True,True,2,2,True,8,3,0.375,0.011803147832559549,0.19999999999999996,True
39137be41efbe6c1,Barcelona,cleanliness,2016Q3,2016Q2,0.27751196172248815,9,1,4,9,True,True,2,2,True,9,2,0.2222222222222222,-0.014570093744500369,0.2897435897435896,True
39137be41efbe6c1,Barcelona,cleanliness,2017Q1,2016Q4,0.26388888888888884,6,8,6,9,True,True,2,2,True,9,0,0.0,-0.08889971139971137,0.09090909090909094,True
39137be41efbe6c1,Barcelona,noise,2016Q3,2016Q2,0.18803418803418803,8,3,4,9,True,True,2,2,True,9,4,0.4444444444444444,0.09917685672759634,0.44232804232804235,True
39137be41efbe6c1,Barcelona,room,2016Q1,2015Q4,0.20955315870570101,23,49,2,9,True,True,2,2,True,8,3,0.375,0.05869266793108234,0.3137254901960784,True
39137be41efbe6c1,Barcelona,service,2016Q1,2015Q4,0.28616852146263905,24,27,2,9,True,True,2,2,True,8,0,0.0,-0.004210340133424778,0.1333333333333333,True
39137be41efbe6c1,Barcelona,value,2016Q1,2015Q4,0.40701754385964917,5,9,2,9,True,True,2,2,True,8,2,0.25,0.03175895741685213,0.219298245614035,True
39137be41efbe6c1,Barcelona,value,2016Q3,2016Q2,0.2421052631578947,9,10,4,9,True,True,2,2,True,9,1,0.1111111111111111,-0.050228932599370175,0.2407407407407408,True
39182d14c3f8907e,Vienna,room,2017Q1,2016Q4,0.20192307692307687,6,3,6,9,True,True,2,2,True,10,3,0.3,0.006874459248556897,0.20943762120232723,True
39349c419fbfedae,Paris,location,2016Q1,2015Q4,0.2450980392156863,7,2,2,9,True,True,2,2,True,9,0,0.0,-0.0793268990401607,0.08791208791208804,True
39349c419fbfedae,Paris,room,2016Q1,2015Q4,0.2666666666666666,11,5,2,9,True,True,2,2,True,9,4,0.4444444444444444,0.07416100219910818,0.3670033670033669,True
39349c419fbfedae,Paris,service,2016Q1,2015Q4,0.16742081447963786,16,7,2,9,True,True,2,2,True,9,1,0.1111111111111111,0.01884152225115475,0.36752136752136755,True
393c1b80bfe8d937,Amsterdam,cleanliness,2016Q2,2016Q1,0.30833333333333335,6,5,3,9,True,True,2,2,True,10,2,0.2,0.029132499055037918,0.37528604118993136,True
393c1b80bfe8d937,Amsterdam,location,2016Q2,2016Q1,0.3212669683257918,16,7,3,9,True,True,2,2,True,10,3,0.3,-0.019120926287896012,0.23076923076923084,True
393c1b80bfe8d937,Amsterdam,noise,2016Q2,2016Q1,0.25874125874125875,12,3,3,9,True,True,2,2,True,10,2,0.2,0.021436171671465765,0.3697478991596639,True
393c1b80bfe8d937,Amsterdam,noise,2017Q1,2016Q4,0.15500000000000003,6,15,6,9,True,True,2,2,True,10,0,0.0,-0.11587160603414473,0.07692307692307687,True
393c1b80bfe8d937,Amsterdam,room,2016Q2,2016Q1,0.17361111111111116,26,22,3,9,True,True,2,2,True,10,2,0.2,0.048845267299836494,0.26363636363636367,True
39776581bfb7ed4d,Paris,location,2017Q1,2016Q4,0.24242424242424243,5,1,6,9,True,True,2,2,True,9,0,0.0,0.004203614105574867,0.13986013986014,True
39fd5416adb53c55,Paris,location,2016Q3,2016Q2,0.375,6,0,4,8,True,True,2,2,True,8,1,0.125,-0.0005058486680340479,0.16666666666666674,True
3a1759f94c307a4b,London,breakfast,2016Q1,2015Q4,0.49386845039018956,68,59,2,9,True,True,2,2,True,8,3,0.375,0.16166155504639612,0.5839243498817966,True
3a1759f94c307a4b,London,breakfast,2016Q3,2016Q2,0.2427158513766372,77,76,4,9,True,True,2,2,True,8,1,0.125,-0.06940423112215041,0.23481781376518218,True
3a1759f94c307a4b,London,noise,2016Q1,2015Q4,0.1515151515151515,24,23,2,9,True,True,2,2,True,8,1,0.125,-0.01499103888876993,0.1525600835945663,True
3a1759f94c307a4b,London,service,2016Q1,2015Q4,0.16496451445386895,99,96,2,9,True,True,2,2,True,8,3,0.375,0.04580539747146553,0.27419354838709675,True
3a1759f94c307a4b,London,value,2016Q1,2015Q4,0.4112554112554112,34,11,2,9,True,True,2,2,True,8,4,0.5,0.11688702295409288,0.4307692307692308,True
3a1759f94c307a4b,London,value,2016Q3,2016Q2,0.2777777777777778,30,26,4,9,True,True,2,2,True,8,1,0.125,0.006061506739699865,0.4607843137254902,True
3a22e437c8ab8d1b,London,breakfast,2016Q2,2016Q1,0.17142857142857149,30,25,3,8,True,True,2,2,True,9,1,0.1111111111111111,-0.025239046670585987,0.1751152073732719,True
3a22e437c8ab8d1b,London,breakfast,2016Q3,2016Q2,0.16969696969696968,23,30,4,8,True,True,2,2,True,9,5,0.5555555555555556,0.15455583776809662,0.37950664136622403,True
3a22e437c8ab8d1b,London,breakfast,2017Q1,2016Q4,0.1751152073732719,21,18,6,8,True,True,2,2,True,9,3,0.3333333333333333,0.017995152995153,0.29807692307692313,True
3a22e437c8ab8d1b,London,cleanliness,2016Q4,2016Q3,0.2710505212510024,33,19,5,8,True,True,2,2,True,9,2,0.2222222222222222,0.08249785641089988,0.3850931677018634,True
3a22e437c8ab8d1b,London,noise,2016Q3,2016Q2,0.375,20,22,4,8,True,True,2,2,True,9,4,0.4444444444444444,0.1062309489632593,0.29807692307692313,True
3a22e437c8ab8d1b,London,noise,2017Q1,2016Q4,0.19047619047619047,25,20,6,8,True,True,2,2,True,9,1,0.1111111111111111,-0.04356950239303176,0.16666666666666674,True
3a2c96b7921de1d6,Barcelona,cleanliness,2016Q2,2016Q1,0.19047619047619047,8,4,3,9,True,True,2,2,True,9,2,0.2222222222222222,0.03105353252412075,0.19999999999999996,True
3a2c96b7921de1d6,Barcelona,room,2016Q3,2016Q2,0.39393939393939403,23,24,4,9,True,True,2,2,True,9,2,0.2222222222222222,0.05880506542787245,0.32000000000000006,True
3a2c96b7921de1d6,Barcelona,service,2016Q1,2015Q4,0.33333333333333326,22,14,2,9,True,True,2,2,True,9,2,0.2222222222222222,-0.04083940284283094,0.23076923076923084,True
3a9e18b2a0519f45,Barcelona,breakfast,2016Q2,2016Q1,0.2870370370370371,22,17,3,9,True,True,2,2,True,9,2,0.2222222222222222,0.0012981513819932216,0.17989417989417988,True
3a9e18b2a0519f45,Barcelona,breakfast,2016Q4,2016Q3,0.3470522803114573,19,21,5,9,True,True,2,2,True,10,1,0.1,-0.012470094569735534,0.1578947368421053,True
3a9e18b2a0519f45,Barcelona,noise,2016Q2,2016Q1,0.3935926773455377,9,13,3,9,True,True,2,2,True,9,2,0.2222222222222222,-0.06428559622050595,0.20879120879120883,True
3a9e18b2a0519f45,Barcelona,room,2016Q1,2015Q4,0.3137254901960784,41,41,2,9,True,True,2,2,True,8,2,0.25,0.04163783759307521,0.21739130434782605,True
3a9e18b2a0519f45,Barcelona,service,2017Q1,2016Q4,0.16778115501519775,25,37,6,9,True,True,2,2,True,10,3,0.3,0.05456813905677969,0.3588516746411483,True
3a9e18b2a0519f45,Barcelona,value,2016Q2,2016Q1,0.16959064327485374,9,8,3,9,True,True,2,2,True,9,0,0.0,-0.21433100369288882,0.1398601398601398,True
3aab64253445c23b,Paris,cleanliness,2017Q1,2016Q4,0.28409090909090917,6,1,6,9,True,True,2,2,True,9,2,0.2222222222222222,0.048073360659173,0.2700228832951944,True
3aab64253445c23b,Paris,room,2016Q2,2016Q1,0.23764853033145728,31,29,3,9,True,True,2,2,True,10,1,0.1,-0.09391866858840368,0.23076923076923084,True
3aab64253445c23b,Paris,service,2016Q1,2015Q4,0.3076923076923077,29,29,2,9,True,True,2,2,True,10,1,0.1,-0.0031477890361944817,0.26923076923076916,True
3aab64253445c23b,Paris,service,2017Q1,2016Q4,0.1875,22,22,6,9,True,True,2,2,True,9,2,0.2222222222222222,-0.02527559717102205,0.41176470588235303,True
3ad0790fcf7a79d0,Milan,room,2017Q1,2016Q4,0.17989417989417988,17,11,6,5,True,True,2,2,True,9,2,0.2222222222222222,0.0319909185424307,0.493927125506073,True
3ad22d41fcb22877,Amsterdam,location,2016Q4,2016Q3,0.16842105263157903,9,5,5,7,True,True,2,2,True,10,2,0.2,-0.04173191214197236,0.18952062430323302,True
3ad22d41fcb22877,Amsterdam,room,2016Q4,2016Q3,0.3247126436781609,14,19,5,7,True,True,2,2,True,10,0,0.0,-0.08066056068838172,0.08749999999999991,True
3b0571b550ead9e0,Vienna,breakfast,2016Q1,2015Q4,0.19487179487179485,16,20,2,9,True,True,2,2,True,10,0,0.0,-0.06449127583941942,0.07619047619047636,True
3b0571b550ead9e0,Vienna,breakfast,2016Q3,2016Q2,0.36956521739130443,30,13,4,9,True,True,2,2,True,10,3,0.3,0.09357731267760437,0.5021645021645023,True
3b0571b550ead9e0,Vienna,cleanliness,2017Q1,2016Q4,0.1866028708133971,9,12,6,9,True,True,2,2,True,10,2,0.2,0.027111868807521013,0.25396825396825407,True
3b0571b550ead9e0,Vienna,location,2016Q3,2016Q2,0.17547568710359407,33,12,4,9,True,True,2,2,True,10,1,0.1,0.051606277299955795,0.25,True
3b0571b550ead9e0,Vienna,service,2016Q3,2016Q2,0.3374999999999999,22,10,4,9,True,True,2,2,True,10,3,0.3,0.04979092727243641,0.29333333333333345,True
3b0571b550ead9e0,Vienna,service,2017Q1,2016Q4,0.34583333333333344,20,22,6,9,True,True,2,2,True,10,2,0.2,-0.03881756406262353,0.31493506493506507,True
3b1f4e2ecdd1b8e7,London,breakfast,2016Q2,2016Q1,0.20192307692307687,6,3,3,9,True,True,2,2,True,10,2,0.2,0.05685555206069289,0.2272727272727273,True
3b1f4e2ecdd1b8e7,London,breakfast,2017Q1,2016Q4,0.4764705882352942,7,10,6,9,True,True,2,2,True,10,3,0.3,-0.023436948793877366,0.44264507422402166,True
3b1f4e2ecdd1b8e7,London,room,2017Q1,2016Q4,0.20324324324324317,27,40,6,9,True,True,2,2,True,10,1,0.1,0.072638611247795,0.2211764705882353,True
3b1f4e2ecdd1b8e7,London,value,2016Q1,2015Q4,0.25,6,6,2,9,True,True,2,2,True,10,2,0.2,0.06636896690317348,0.46185997910135845,True
3b1f4e2ecdd1b8e7,London,value,2016Q4,2016Q3,0.1607142857142857,6,4,5,9,True,True,2,2,True,10,2,0.2,0.007572723541567683,0.2909090909090909,True
3b3ee3af176e445e,Amsterdam,breakfast,2016Q2,2016Q1,0.35540069686411146,32,31,3,9,True,True,2,2,True,9,2,0.2222222222222222,-0.08537384926912,0.2666666666666666,True
3b3ee3af176e445e,Amsterdam,breakfast,2016Q4,2016Q3,0.19190140845070425,38,61,5,9,True,True,2,2,True,10,1,0.1,-0.08677295864447718,0.24242424242424243,True
3b3ee3af176e445e,Amsterdam,cleanliness,2016Q3,2016Q2,0.17194570135746612,16,7,4,9,True,True,2,2,True,10,2,0.2,0.027947271079067925,0.303030303030303,True
3b3ee3af176e445e,Amsterdam,location,2016Q3,2016Q2,0.2114035087719297,70,47,4,9,True,True,2,2,True,10,2,0.2,0.07656008891341237,0.30255839822024466,True
3b3ee3af176e445e,Amsterdam,noise,2016Q3,2016Q2,0.36363636363636365,18,12,4,9,True,True,2,2,True,10,4,0.4,0.0934880767368316,0.4999999999999999,True
3b3ee3af176e445e,Amsterdam,room,2016Q2,2016Q1,0.1865079365079365,44,46,3,9,True,True,2,2,True,9,1,0.1111111111111111,-0.09268025972173992,0.19999999999999996,True
3b3ee3af176e445e,Amsterdam,value,2016Q2,2016Q1,0.4117647058823529,12,7,3,9,True,True,2,2,True,9,0,0.0,-0.19333322671833106,-0.03338632750397452,True
3b4dc693e181c041,Barcelona,breakfast,2016Q3,2016Q2,0.2222222222222221,8,8,4,9,True,True,2,2,True,9,1,0.1111111111111111,-0.155797914771083,0.25757575757575746,True
3b4dc693e181c041,Barcelona,room,2016Q2,2016Q1,0.25,14,12,3,9,True,True,2,2,True,9,2,0.2222222222222222,-0.01830495697134551,0.24242424242424243,True
3b4dc693e181c041,Barcelona,room,2017Q1,2016Q4,0.20387096774193547,21,15,6,9,True,True,2,2,True,10,2,0.2,0.028017973305511958,0.16666666666666663,True
3b4dc693e181c041,Barcelona,service,2016Q3,2016Q2,0.18131868131868134,18,16,4,9,True,True,2,2,True,9,2,0.2222222222222222,0.09199104754513948,0.2614015572858732,True
3b5b890677b3168f,Paris,breakfast,2017Q1,2016Q4,0.22222222222222232,8,0,6,8,True,True,2,2,True,9,2,0.2222222222222222,0.08568177608425288,0.5112781954887219,True
3b5b890677b3168f,Paris,location,2017Q1,2016Q4,0.16256157635467972,19,4,6,8,True,True,2,2,True,9,4,0.4444444444444444,-0.014524676103623438,0.19480519480519498,True
3b5b890677b3168f,Paris,room,2017Q1,2016Q4,0.3529411764705883,24,8,6,8,True,True,2,2,True,9,1,0.1111111111111111,-0.025359123033701643,0.23376623376623373,True
3b5b890677b3168f,Paris,service,2016Q3,2016Q2,0.22380952380952368,11,10,4,8,True,True,2,2,True,9,3,0.3333333333333333,0.050682388875057285,0.24705882352941178,True
3b5b890677b3168f,Paris,service,2017Q1,2016Q4,0.16363636363636358,12,5,6,8,True,True,2,2,True,9,3,0.3333333333333333,0.09913567429000888,0.33333333333333326,True
3c5fcafeea9402f1,Vienna,cleanliness,2016Q3,2016Q2,0.3208556149732622,7,1,4,9,True,True,2,2,True,10,1,0.1,-0.0546509209744504,0.23529411764705888,True
3c5fcafeea9402f1,Vienna,location,2016Q3,2016Q2,0.29065040650406493,31,14,4,9,True,True,2,2,True,10,2,0.2,0.05246685475099835,0.288888888888889,True
3c5fcafeea9402f1,Vienna,service,2016Q3,2016Q2,0.16734143049932526,29,9,4,9,True,True,2,2,True,10,3,0.3,0.06361417652671844,0.2142857142857142,True
3c89d62ed98df3f3,London,cleanliness,2016Q1,2015Q4,0.17307692307692313,6,3,2,9,True,True,2,2,True,10,4,0.4,0.06896129256030362,0.33333333333333326,True
3c89d62ed98df3f3,London,location,2016Q1,2015Q4,0.24505928853754955,23,13,2,9,True,True,2,2,True,10,2,0.2,0.038063481594018886,0.40973630831643004,True
3c89d62ed98df3f3,London,location,2016Q3,2016Q2,0.24,25,15,4,9,True,True,2,2,True,10,0,0.0,-0.025194821657150656,0.09776934029425721,True
3c89d62ed98df3f3,London,noise,2016Q1,2015Q4,0.18803418803418803,8,3,2,9,True,True,2,2,True,10,4,0.4,0.031391472096119775,0.20879120879120883,True
3c89d62ed98df3f3,London,noise,2017Q1,2016Q4,0.2666666666666666,5,5,6,9,True,True,2,2,True,9,2,0.2222222222222222,-0.05756044099430459,0.30147058823529416,True
3c89d62ed98df3f3,London,service,2016Q4,2016Q3,0.15151515151515138,11,12,5,9,True,True,2,2,True,9,0,0.0,-0.04857848570504873,0.12023460410557196,True
3c89d62ed98df3f3,London,value,2016Q1,2015Q4,0.25,8,6,2,9,True,True,2,2,True,10,3,0.3,0.05656621941819049,0.3697478991596639,True
3d302dc62fa27a5d,London,breakfast,2016Q2,2016Q1,0.25339366515837103,16,24,3,9,True,True,2,2,True,10,1,0.1,0.0037297656154365753,0.2435897435897436,True
3d302dc62fa27a5d,London,breakfast,2016Q4,2016Q3,0.4532839962997226,37,13,5,9,True,True,2,2,True,10,1,0.1,-0.09604633308414816,0.1633986928104576,True
3d302dc62fa27a5d,London,breakfast,2017Q1,2016Q4,0.15541165587419048,36,37,6,9,True,True,2,2,True,10,2,0.2,0.09714882220887343,0.45791245791245794,True
3d302dc62fa27a5d,London,cleanliness,2016Q1,2015Q4,0.373015873015873,25,26,2,9,True,True,2,2,True,10,0,0.0,-0.04127624774423775,0.1499999999999999,True
3d302dc62fa27a5d,London,cleanliness,2017Q1,2016Q4,0.17931034482758634,19,25,6,9,True,True,2,2,True,10,0,0.0,-0.027501617039576386,0.14347826086956528,True
3d302dc62fa27a5d,London,noise,2016Q4,2016Q3,0.2666666666666666,8,5,5,9,True,True,2,2,True,10,3,0.3,0.0686980314147497,0.41025641025641024,True
3d302dc62fa27a5d,London,room,2016Q1,2015Q4,0.2840206185567009,110,87,2,9,True,True,2,2,True,10,3,0.3,0.08080454376482168,0.34285714285714275,True
3d302dc62fa27a5d,London,value,2016Q2,2016Q1,0.16666666666666674,14,20,3,9,True,True,2,2,True,10,0,0.0,-0.13244407046638282,0.03208556149732622,True
3d302dc62fa27a5d,London,value,2016Q4,2016Q3,0.30000000000000004,15,10,5,9,True,True,2,2,True,10,4,0.4,0.060578163666398954,0.31666666666666665,True
3d30ef2d8c74f0d2,Milan,breakfast,2016Q1,2015Q4,0.1938461538461539,15,16,2,9,True,True,2,2,True,10,2,0.2,-0.005225470338877258,0.23076923076923084,True
3d30ef2d8c74f0d2,Milan,location,2016Q2,2016Q1,0.15032679738562083,58,26,3,9,True,True,2,2,True,10,2,0.2,0.06564252790608531,0.21505376344086025,True
3d30ef2d8c74f0d2,Milan,noise,2016Q2,2016Q1,0.17307692307692313,6,3,3,9,True,True,2,2,True,10,1,0.1,-0.04564663406768665,0.3827751196172249,True
3d30ef2d8c74f0d2,Milan,room,2016Q3,2016Q2,0.1660561660561659,81,53,4,9,True,True,2,2,True,10,1,0.1,0.02715434565870899,0.22549019607843146,True
3d30ef2d8c74f0d2,Milan,value,2016Q3,2016Q2,0.23809523809523814,11,6,4,9,True,True,2,2,True,10,1,0.1,-0.0575496014321802,0.17647058823529416,True
3d45112dee7bbb03,Paris,breakfast,2016Q3,2016Q2,0.17543859649122795,14,9,4,9,True,True,2,2,True,9,3,0.3333333333333333,0.08663614163614158,0.42500000000000004,True
3d45112dee7bbb03,Paris,cleanliness,2016Q2,2016Q1,0.2777777777777777,8,2,3,9,True,True,2,2,True,7,1,0.14285714285714285,0.0032183969158759507,0.15909090909090917,True
3d45112dee7bbb03,Paris,location,2016Q2,2016Q1,0.18823529411764706,20,7,3,9,True,True,2,2,True,7,1,0.14285714285714285,-0.031434291922304194,0.47430830039525707,True
3d45112dee7bbb03,Paris,room,2016Q4,2016Q3,0.2581280788177339,25,19,5,9,True,True,2,2,True,10,2,0.2,-0.06265245915339436,0.19117647058823528,True
3d45112dee7bbb03,Paris,service,2016Q2,2016Q1,0.2843822843822843,23,3,3,9,True,True,2,2,True,7,2,0.2857142857142857,-0.022147027721737426,0.36638655462184877,True
3d45112dee7bbb03,Paris,service,2016Q4,2016Q3,0.2142857142857142,18,18,5,9,True,True,2,2,True,10,3,0.3,0.0006710477237107604,0.38888888888888884,True
3d8704e44291e163,Milan,cleanliness,2016Q3,2016Q2,0.3697478991596639,7,11,4,9,True,True,2,2,True,10,3,0.3,0.05945525063172121,0.23376623376623373,True
3d8704e44291e163,Milan,location,2016Q2,2016Q1,0.3733333333333333,17,15,3,9,True,True,2,2,True,8,2,0.25,0.011239418476260532,0.2909090909090909,True
3d8704e44291e163,Milan,room,2016Q1,2015Q4,0.4277320799059928,13,27,2,9,True,True,2,2,True,8,0,0.0,0.06334513383746121,0.14358974358974352,True
3d8704e44291e163,Milan,room,2016Q3,2016Q2,0.16686251468860158,13,27,4,9,True,True,2,2,True,10,3,0.3,-0.006712653139969671,0.4227886056971515,True
3dce46505dc61dc6,Vienna,breakfast,2016Q4,2016Q3,0.24444444444444446,8,10,5,9,True,True,2,2,True,10,1,0.1,-0.03366586647631724,0.16464237516869096,True
3dce46505dc61dc6,Vienna,cleanliness,2016Q3,2016Q2,0.19999999999999996,5,4,4,9,True,True,2,2,True,10,0,0.0,-0.04930157533098708,0.09523809523809534,True
3dce46505dc61dc6,Vienna,cleanliness,2017Q1,2016Q4,0.19999999999999996,5,0,6,9,True,True,2,2,True,9,2,0.2222222222222222,-0.02469135802469137,0.2769230769230768,True
3dce46505dc61dc6,Vienna,location,2017Q1,2016Q4,0.33333333333333326,14,6,6,9,True,True,2,2,True,9,5,0.5555555555555556,0.04441578288132152,0.25,True
3dce46505dc61dc6,Vienna,room,2016Q3,2016Q2,0.5416666666666667,14,6,4,9,True,True,2,2,True,10,3,0.3,-0.02196286958411321,0.25,True
3dce46505dc61dc6,Vienna,service,2016Q1,2015Q4,0.1795665634674921,9,7,2,9,True,True,2,2,True,10,2,0.2,0.061976707631069494,0.45238095238095244,True
3dce46505dc61dc6,Vienna,service,2017Q1,2016Q4,0.3055555555555556,14,8,6,9,True,True,2,2,True,9,0,0.0,-0.054989062836361374,0.10924369747899165,True
3dd8e0650b6e2167,Barcelona,breakfast,2016Q2,2016Q1,0.22689075630252098,7,4,3,9,True,True,2,2,True,8,2,0.25,-0.03525086025086026,0.2666666666666666,True
3dd8e0650b6e2167,Barcelona,cleanliness,2016Q1,2015Q4,0.368421052631579,9,6,2,9,True,True,2,2,True,8,2,0.25,0.04267249196091705,0.23076923076923084,True
3dd8e0650b6e2167,Barcelona,noise,2016Q3,2016Q2,0.375,8,6,4,9,True,True,2,2,True,8,2,0.25,0.030936563436563452,0.29333333333333333,True
3dd8e0650b6e2167,Barcelona,service,2016Q1,2015Q4,0.47058823529411775,7,7,2,9,True,True,2,2,True,8,0,0.0,-0.08897151093428413,0.11904761904761907,True
3dd8e0650b6e2167,Barcelona,value,2016Q3,2016Q2,0.3766233766233765,12,4,4,9,True,True,2,2,True,8,2,0.25,0.0475580383668619,0.33333333333333337,True
3e2f70fb86c45cb8,Barcelona,cleanliness,2017Q1,2016Q4,0.2236842105263157,9,6,6,9,True,True,2,2,True,9,3,0.3333333333333333,0.047876814543481236,0.33333333333333337,True
3e2f70fb86c45cb8,Barcelona,room,2016Q1,2015Q4,0.21052631578947367,28,28,2,9,True,True,2,2,True,7,1,0.14285714285714285,-0.0347384209445052,0.2549019607843137,True
3e2f70fb86c45cb8,Barcelona,value,2016Q3,2016Q2,0.375,8,6,4,9,True,True,2,2,True,9,0,0.0,-0.1380737091521405,0.06162464985994398,True
3e321d9525370616,London,breakfast,2016Q3,2016Q2,0.21671826625387003,9,7,4,9,True,True,2,2,True,10,3,0.3,0.06403457166792934,0.33333333333333326,True
3e321d9525370616,London,breakfast,2016Q4,2016Q3,0.20574162679425823,12,9,5,9,True,True,2,2,True,10,1,0.1,-0.06125365215989796,0.23076923076923073,True
3e321d9525370616,London,location,2016Q3,2016Q2,0.23913043478260865,36,18,4,9,True,True,2,2,True,10,3,0.3,0.08102218737829407,0.37962962962962954,True
3e321d9525370616,London,room,2016Q3,2016Q2,0.22580645161290325,52,30,4,9,True,True,2,2,True,10,2,0.2,-0.023236824808867695,0.2657004830917875,True
3e321d9525370616,London,service,2016Q2,2016Q1,0.25274725274725274,29,32,3,9,True,True,2,2,True,9,1,0.1111111111111111,-0.051229295391135105,0.2068181818181818,True
3e600131aa15e1f1,London,breakfast,2016Q1,2015Q4,0.31932773109243706,7,11,2,9,True,True,2,2,True,10,0,0.0,-0.022656799092041525,0.1159420289855071,True
3e600131aa15e1f1,London,breakfast,2016Q4,2016Q3,0.3027375201288245,13,17,5,9,True,True,2,2,True,10,4,0.4,0.04044458310866979,0.22307692307692317,True
3e600131aa15e1f1,London,room,2016Q2,2016Q1,0.31746031746031744,18,17,3,9,True,True,2,2,True,10,0,0.0,-0.04834479404620706,0.11498836822864733,True
3e600131aa15e1f1,London,room,2016Q4,2016Q3,0.2386473429951692,36,35,5,9,True,True,2,2,True,10,0,0.0,-0.021446492695620278,0.13535353535353534,True
3e600131aa15e1f1,London,service,2016Q4,2016Q3,0.4932432432432432,27,30,5,9,True,True,2,2,True,10,2,0.2,0.03647089718991111,0.3235747303543913,True
3e600131aa15e1f1,London,value,2016Q3,2016Q2,0.1607142857142857,6,4,4,9,True,True,2,2,True,10,2,0.2,-0.04411537017944341,0.2435897435897435,True
3eb90de8f9b55d91,Barcelona,breakfast,2016Q3,2016Q2,0.4134366925064601,33,26,4,9,True,True,2,2,True,9,5,0.5555555555555556,0.14768111221577204,0.37,True
3eb90de8f9b55d91,Barcelona,cleanliness,2016Q1,2015Q4,0.20192307692307687,6,16,2,9,True,True,2,2,True,8,1,0.125,0.04638759088556246,0.1615384615384614,True
3eb90de8f9b55d91,Barcelona,cleanliness,2016Q2,2016Q1,0.1875,22,6,3,9,True,True,2,2,True,9,0,0.0,-0.09455088733410096,0.13986013986014,True
3eb90de8f9b55d91,Barcelona,location,2016Q2,2016Q1,0.1974683544303797,69,25,3,9,True,True,2,2,True,9,1,0.1111111111111111,-0.008343004854288762,0.20833333333333326,True
3eb90de8f9b55d91,Barcelona,noise,2016Q1,2015Q4,0.2706766917293233,9,11,2,9,True,True,2,2,True,8,1,0.125,-0.030978606633640965,0.25,True
3eb90de8f9b55d91,Barcelona,room,2016Q1,2015Q4,0.4242424242424242,23,35,2,9,True,True,2,2,True,8,3,0.375,0.07676660069476016,0.1844242713807931,True
3eb90de8f9b55d91,Barcelona,service,2016Q2,2016Q1,0.19393939393939386,45,23,3,9,True,True,2,2,True,9,3,0.3333333333333333,0.0030956702208214055,0.21656534954407314,True
3eb90de8f9b55d91,Barcelona,value,2016Q3,2016Q2,0.4405594405594405,16,12,4,9,True,True,2,2,True,9,2,0.2222222222222222,0.0012997962172368346,0.30000000000000004,True
3eb90de8f9b55d91,Barcelona,value,2017Q1,2016Q4,0.33333333333333337,5,10,6,9,True,True,2,2,True,10,3,0.3,0.056808800149761265,0.3203661327231121,True
3ec76141c6c3805f,Paris,breakfast,2016Q2,2016Q1,0.2909090909090909,5,1,3,9,True,True,2,2,True,10,1,0.1,-0.08004099517791202,0.1512605042016808,True
3ec76141c6c3805f,Paris,cleanliness,2016Q2,2016Q1,0.17307692307692313,6,3,3,9,True,True,2,2,True,10,1,0.1,0.07868575868575872,0.38888888888888906,True
3ec76141c6c3805f,Paris,room,2016Q2,2016Q1,0.16315789473684217,10,9,3,9,True,True,2,2,True,10,5,0.5,0.10060740381275321,0.20983606557377055,True
3ec76141c6c3805f,Paris,service,2016Q1,2015Q4,0.2538699690402477,7,9,2,9,True,True,2,2,True,9,1,0.1111111111111111,-0.06628559890775529,0.19195046439628483,True
3efcf19efe38a02b,Milan,breakfast,2016Q3,2016Q2,0.23076923076923084,16,3,4,9,True,True,2,2,True,10,0,0.0,-0.007545787545787575,0.1333333333333333,True
3efcf19efe38a02b,Milan,cleanliness,2016Q3,2016Q2,0.17647058823529416,7,0,4,9,True,True,2,2,True,10,3,0.3,0.09558774558774559,0.23376623376623373,True
3efcf19efe38a02b,Milan,location,2016Q3,2016Q2,0.4013377926421404,13,3,4,9,True,True,2,2,True,10,3,0.3,0.0671502620186831,0.28409090909090917,True
3efcf19efe38a02b,Milan,room,2016Q3,2016Q2,0.22844827586206895,19,6,4,9,True,True,2,2,True,10,4,0.4,0.11454722945573108,0.4369747899159665,True
3efcf19efe38a02b,Milan,service,2016Q3,2016Q2,0.3500000000000001,14,5,4,9,True,True,2,2,True,10,3,0.3,-0.007178213942919831,0.18181818181818177,True
3f045697bab0839f,Vienna,location,2016Q3,2016Q2,0.3856209150326797,8,7,4,9,True,True,2,2,True,10,2,0.2,0.06028243260944879,0.24537815126050422,True
3f045697bab0839f,Vienna,room,2016Q4,2016Q3,0.21739130434782616,13,12,5,9,True,True,2,2,True,10,5,0.5,0.06594327265944705,0.38978015448603676,True
3f045697bab0839f,Vienna,service,2016Q1,2015Q4,0.17500000000000004,10,6,2,9,True,True,2,2,True,10,3,0.3,0.020983315787907554,0.30260869565217385,True
3f045697bab0839f,Vienna,value,2016Q2,2016Q1,0.21590909090909094,6,1,3,9,True,True,2,2,True,10,3,0.3,-0.012272255714205049,0.2941176470588236,True
3f0d81e40b8a31da,Paris,location,2016Q4,2016Q3,0.2058823529411764,10,7,5,9,True,True,2,2,True,8,2,0.25,0.028980124344748448,0.23333333333333317,True
3f0d81e40b8a31da,Paris,service,2016Q3,2016Q2,0.19444444444444442,8,6,4,9,True,True,2,2,True,7,0,0.0,-0.025880430814761515,0.06477732793522284,True
3f4d6854221f8735,London,breakfast,2016Q1,2015Q4,0.17748917748917736,45,32,2,9,True,True,2,2,True,10,3,0.3,-0.010021712149138107,0.3851851851851851,True
3f4d6854221f8735,London,location,2016Q3,2016Q2,0.1579818031430935,52,68,4,9,True,True,2,2,True,10,1,0.1,0.027604039861721753,0.1763157894736842,True
3f4d6854221f8735,London,noise,2016Q2,2016Q1,0.16129032258064513,16,21,3,9,True,True,2,2,True,10,2,0.2,0.007632655888276119,0.1678321678321678,True
3f4d6854221f8735,London,service,2016Q2,2016Q1,0.15424252834077645,72,61,3,9,True,True,2,2,True,10,3,0.3,0.05065540866179483,0.1748602274918063,True
3f4d6854221f8735,London,value,2017Q1,2016Q4,0.37514934289127844,17,21,6,9,True,True,2,2,True,10,5,0.5,0.18517016037184103,0.4999999999999999,True
3f634b936abfde6b,Paris,room,2016Q2,2016Q1,0.33333333333333326,8,8,3,9,True,True,2,2,True,9,1,0.1111111111111111,0.032696549570154346,0.2101382488479262,True
3f634b936abfde6b,Paris,service,2017Q1,2016Q4,0.15909090909090917,6,1,6,9,True,True,2,2,True,9,3,0.3333333333333333,0.05022579465363234,0.2807017543859649,True
3fd1964fc91858da,London,breakfast,2016Q2,2016Q1,0.39347826086956517,13,30,3,9,True,True,2,2,True,8,0,0.0,-0.03411219956072359,0.1435406698564593,True
3fd1964fc91858da,London,location,2016Q2,2016Q1,0.17817817817817816,17,27,3,9,True,True,2,2,True,8,0,0.0,-0.0006092993217134968,0.09583333333333344,True
3fd1964fc91858da,London,room,2016Q4,2016Q3,0.16219119226638012,88,85,5,9,True,True,2,2,True,9,0,0.0,-0.007827916183855513,0.1271495570609691,True
40043710a32d0cf2,Vienna,breakfast,2017Q1,2016Q4,0.3410714285714286,22,25,6,9,True,True,2,2,True,10,1,0.1,-0.010901387063671497,0.2857142857142856,True
40043710a32d0cf2,Vienna,cleanliness,2016Q2,2016Q1,0.19444444444444442,8,14,3,9,True,True,2,2,True,10,2,0.2,0.030373029809120034,0.6914765906362546,True
40043710a32d0cf2,Vienna,noise,2016Q4,2016Q3,0.1809954751131222,7,3,5,9,True,True,2,2,True,10,3,0.3,-0.005552233824870712,0.2898550724637682,True
40043710a32d0cf2,Vienna,room,2016Q3,2016Q2,0.16891891891891886,30,27,4,9,True,True,2,2,True,10,3,0.3,-0.031777431847185275,0.29729729729729737,True
40043710a32d0cf2,Vienna,service,2016Q1,2015Q4,0.30260869565217385,15,13,2,9,True,True,2,2,True,10,2,0.2,-0.03724893224404433,0.23232323232323226,True
40043710a32d0cf2,Vienna,value,2016Q2,2016Q1,0.2941176470588236,7,6,3,9,True,True,2,2,True,10,3,0.3,-0.025319463923951967,0.21590909090909094,True
405d55e6a228bde1,Vienna,breakfast,2016Q3,2016Q2,0.26890756302521024,7,4,4,9,True,True,2,2,True,10,3,0.3,0.05807545860768937,0.3529411764705883,True
405d55e6a228bde1,Vienna,location,2016Q2,2016Q1,0.16666666666666674,10,8,3,9,True,True,2,2,True,10,1,0.1,-0.0026277623554511243,0.1541501976284585,True
4068d9528ad6b124,Barcelona,service,2017Q1,2016Q4,0.17352941176470593,30,24,6,7,True,True,2,2,True,10,1,0.1,0.06826411774447386,0.16778115501519775,True
4068d9528ad6b124,Barcelona,value,2016Q4,2016Q3,0.15204678362573099,8,9,5,7,True,True,2,2,True,10,4,0.4,0.07530321875822726,0.47619047619047616,True
4068d9528ad6b124,Barcelona,value,2017Q1,2016Q4,0.23611111111111116,6,8,6,7,True,True,2,2,True,10,2,0.2,0.033600698961479956,0.33333333333333337,True
40cf3c3da0989ca8,Vienna,cleanliness,2016Q1,2015Q4,0.36866359447004604,11,21,2,9,True,True,2,2,True,9,1,0.1111111111111111,-0.0070443347120333994,0.24444444444444424,True
40cf3c3da0989ca8,Vienna,noise,2016Q2,2016Q1,0.16666666666666652,8,2,3,9,True,True,2,2,True,9,3,0.3333333333333333,0.0024923694583137454,0.20999999999999996,True
40cf3c3da0989ca8,Vienna,room,2016Q1,2015Q4,0.2272727272727273,28,34,2,9,True,True,2,2,True,9,3,0.3333333333333333,0.05965895107726428,0.3999999999999999,True
40cf3c3da0989ca8,Vienna,room,2016Q2,2016Q1,0.15384615384615374,42,28,3,9,True,True,2,2,True,9,1,0.1111111111111111,-0.04288547260017683,0.18827838827838828,True
40cf3c3da0989ca8,Vienna,room,2016Q4,2016Q3,0.1507863089731729,36,37,5,9,True,True,2,2,True,10,1,0.1,-0.09915386568484273,0.23181818181818192,True
40cf3c3da0989ca8,Vienna,service,2016Q1,2015Q4,0.23232323232323226,23,26,2,9,True,True,2,2,True,9,1,0.1111111111111111,-0.04435869852196076,0.1875,True
40cf3c3da0989ca8,Vienna,service,2016Q4,2016Q3,0.20643939393939403,23,22,5,9,True,True,2,2,True,10,2,0.2,0.02223708345805253,0.2333333333333334,True
40cf3c3da0989ca8,Vienna,value,2017Q1,2016Q4,0.19047619047619047,5,4,6,9,True,True,2,2,True,10,2,0.2,0.007577792005036587,0.3076923076923077,True
4118d622c9691f3c,Barcelona,cleanliness,2016Q3,2016Q2,0.3308270676691729,9,4,4,9,True,True,2,2,True,8,4,0.5,0.05786907308646441,0.27826086956521734,True
4118d622c9691f3c,Barcelona,room,2016Q2,2016Q1,0.16888888888888887,15,17,3,9,True,True,2,2,True,8,0,0.0,-0.049195716122726774,0.09090909090909094,True
4118d622c9691f3c,Barcelona,service,2016Q3,2016Q2,0.28260869565217384,26,13,4,9,True,True,2,2,True,8,3,0.375,0.09885876281534303,0.4814814814814814,True
4118d622c9691f3c,Barcelona,service,2017Q1,2016Q4,0.22077922077922074,12,4,6,9,True,True,2,2,True,10,4,0.4,0.061999822134827264,0.22312373225152116,True
41514dd596a344af,Barcelona,breakfast,2016Q2,2016Q1,0.30959752321981426,9,7,3,9,True,True,2,2,True,9,2,0.2222222222222222,0.08909040528734924,0.48571428571428565,True
41514dd596a344af,Barcelona,location,2016Q2,2016Q1,0.20000000000000018,15,10,3,9,True,True,2,2,True,9,1,0.1111111111111111,0.08860470692635622,0.6345811051693406,True
41592bf2895d61c3,London,breakfast,2016Q2,2016Q1,0.59846547314578,13,7,3,9,True,True,2,2,True,6,0,0.0,-0.11404199496548097,0.0,True
41592bf2895d61c3,London,cleanliness,2016Q1,2015Q4,0.19166666666666665,6,5,2,9,True,True,2,2,True,6,1,0.16666666666666666,-0.04983063414435964,0.17037037037037028,True
41592bf2895d61c3,London,location,2016Q4,2016Q3,0.32380952380952377,11,10,5,9,True,True,2,2,True,8,3,0.375,-0.006442911753782449,0.23544973544973535,True
41592bf2895d61c3,London,noise,2017Q1,2016Q4,0.3161764705882353,7,6,6,9,True,True,2,2,True,8,2,0.25,-0.045475010908412605,0.21212121212121215,True
41592bf2895d61c3,London,service,2016Q2,2016Q1,0.22260869565217378,15,13,3,9,True,True,2,2,True,6,0,0.0,-0.030040338641958948,0.10727272727272719,True
4184d9dfb9ee0ee4,London,cleanliness,2016Q4,2016Q3,0.2727272727272727,12,4,5,9,True,True,2,2,True,10,4,0.4,0.07228608906109911,0.43999999999999995,True
4184d9dfb9ee0ee4,London,location,2016Q4,2016Q3,0.3137254901960784,24,11,5,9,True,True,2,2,True,10,2,0.2,-0.08930980974717351,0.16883116883116878,True
4184d9dfb9ee0ee4,London,room,2016Q2,2016Q1,0.27529855436832196,33,27,3,9,True,True,2,2,True,10,1,0.1,-0.04817642890486447,0.16746411483253576,True
4184d9dfb9ee0ee4,London,room,2016Q4,2016Q3,0.15007215007215002,53,23,5,9,True,True,2,2,True,10,3,0.3,0.07734127177780543,0.2807017543859649,True
41f7d262ed192ba9,Barcelona,cleanliness,2016Q1,2015Q4,0.17647058823529416,7,2,2,9,True,True,2,2,True,9,2,0.2222222222222222,-0.08098163160082668,0.23076923076923084,True
41f7d262ed192ba9,Barcelona,room,2016Q3,2016Q2,0.19047619047619058,11,4,4,9,True,True,2,2,True,9,3,0.3333333333333333,0.01182654403918779,0.39393939393939403,True
41f7d262ed192ba9,Barcelona,service,2016Q3,2016Q2,0.2941176470588236,7,2,4,9,True,True,2,2,True,9,4,0.4444444444444444,0.05872688081710074,0.3763440860215055,True
424a7f56f30e82b9,Milan,breakfast,2016Q2,2016Q1,0.17931034482758634,19,15,3,9,True,True,2,2,True,10,1,0.1,-0.07675488402605109,0.23333333333333328,True
424a7f56f30e82b9,Milan,breakfast,2016Q3,2016Q2,0.19761273209549057,42,19,4,9,True,True,2,2,True,10,4,0.4,0.0570206461160772,0.30631741140215707,True
424a7f56f30e82b9,Milan,cleanliness,2016Q2,2016Q1,0.36363636363636376,12,12,3,9,True,True,2,2,True,10,1,0.1,-0.0463471719199273,0.16666666666666674,True
424a7f56f30e82b9,Milan,location,2016Q3,2016Q2,0.310931174089069,55,28,4,9,True,True,2,2,True,10,4,0.4,0.018825482805485662,0.3362068965517242,True
424a7f56f30e82b9,Milan,noise,2016Q3,2016Q2,0.1568627450980392,7,8,4,9,True,True,2,2,True,10,1,0.1,0.024998041174511765,0.33333333333333337,True
424a7f56f30e82b9,Milan,room,2016Q1,2015Q4,0.18888888888888888,40,26,2,9,True,True,2,2,True,10,4,0.4,0.03882409207985958,0.3303030303030302,True
424a7f56f30e82b9,Milan,room,2016Q3,2016Q2,0.26854514088556636,64,37,4,9,True,True,2,2,True,10,6,0.6,0.1661932039315989,0.42784552845528445,True
424a7f56f30e82b9,Milan,service,2016Q3,2016Q2,0.18855218855218858,71,23,4,9,True,True,2,2,True,10,4,0.4,0.07714424011061267,0.27368421052631575,True
424a7f56f30e82b9,Milan,value,2016Q1,2015Q4,0.4072398190045249,7,3,2,9,True,True,2,2,True,10,2,0.2,0.05923742923742925,0.23076923076923084,True
424a7f56f30e82b9,Milan,value,2016Q3,2016Q2,0.18181818181818188,12,8,4,9,True,True,2,2,True,10,4,0.4,0.08125550919668566,0.21978021978021978,True
424a7f56f30e82b9,Milan,value,2017Q1,2016Q4,0.30147058823529416,7,6,6,9,True,True,2,2,True,10,2,0.2,-0.0040225113051200355,0.18181818181818177,True
42566608bd534075,Paris,cleanliness,2016Q2,2016Q1,0.28409090909090917,6,1,3,9,True,True,2,2,True,5,1,0.2,0.09230769230769238,0.3216783216783218,True
42566608bd534075,Paris,location,2016Q2,2016Q1,0.15966386554621836,18,7,3,9,True,True,2,2,True,5,1,0.2,0.09950314391490864,0.22857142857142865,True
42566608bd534075,Paris,room,2016Q3,2016Q2,0.27142857142857135,10,18,4,9,True,True,2,2,True,5,1,0.2,0.043996354522670325,0.19617224880382766,True
42566608bd534075,Paris,room,2017Q1,2016Q4,0.23809523809523814,8,11,6,9,True,True,2,2,True,8,1,0.125,-0.09072469065175014,0.19548872180451127,True
42566608bd534075,Paris,service,2016Q2,2016Q1,0.18518518518518512,17,8,3,9,True,True,2,2,True,5,0,0.0,0.08236334603611488,0.14423076923076916,True
425dd74dbf72decd,London,breakfast,2016Q2,2016Q1,0.2834008097165991,9,3,3,9,True,True,2,2,True,9,1,0.1111111111111111,-0.03040559658206712,0.3999999999999999,True
425dd74dbf72decd,London,cleanliness,2016Q2,2016Q1,0.35238095238095235,5,4,3,9,True,True,2,2,True,9,1,0.1111111111111111,-0.05353749564275883,0.1575757575757576,True
425dd74dbf72decd,London,cleanliness,2016Q3,2016Q2,0.35268817204301084,21,5,4,9,True,True,2,2,True,10,2,0.2,0.08770256059729745,0.33333333333333326,True
425dd74dbf72decd,London,location,2016Q3,2016Q2,0.22443438914027158,55,41,4,9,True,True,2,2,True,10,1,0.1,0.014438301766579342,0.21505376344086025,True
425dd74dbf72decd,London,noise,2016Q1,2015Q4,0.1964912280701755,5,9,2,9,True,True,2,2,True,9,2,0.2222222222222222,0.06381766381766381,0.16666666666666663,True
425dd74dbf72decd,London,room,2016Q2,2016Q1,0.16666666666666674,50,30,3,9,True,True,2,2,True,9,1,0.1111111111111111,0.0037268701906970994,0.15263157894736856,True
425dd74dbf72decd,London,room,2016Q3,2016Q2,0.1821138211382114,72,50,4,9,True,True,2,2,True,10,2,0.2,0.005905062588174548,0.2222222222222222,True
425dd74dbf72decd,London,service,2016Q1,2015Q4,0.24242424242424243,23,26,2,9,True,True,2,2,True,9,1,0.1111111111111111,-0.012436450813643763,0.22672064777327927,True
425dd74dbf72decd,London,value,2016Q1,2015Q4,0.3088235294117647,7,6,2,9,True,True,2,2,True,9,2,0.2222222222222222,-0.010531135531135518,0.16666666666666663,True
425dd74dbf72decd,London,value,2016Q3,2016Q2,0.34173669467787127,7,11,4,9,True,True,2,2,True,10,1,0.1,-0.028321678321678322,0.2857142857142857,True
42d8985340a961d4,Vienna,breakfast,2016Q2,2016Q1,0.2514619883040934,9,8,3,9,True,True,2,2,True,10,2,0.2,0.06530888768946058,0.35403726708074523,True
42d8985340a961d4,Vienna,room,2016Q4,2016Q3,0.36956521739130443,14,13,5,9,True,True,2,2,True,10,3,0.3,-0.0355137923454818,0.26315789473684204,True
436e37dd59f9a22d,London,breakfast,2016Q3,2016Q2,0.264957264957265,8,16,4,9,True,True,2,2,True,10,3,0.3,0.043384094441662455,0.26,True
436e37dd59f9a22d,London,breakfast,2016Q4,2016Q3,0.2222222222222221,14,8,5,9,True,True,2,2,True,10,1,0.1,0.0028054522433080377,0.29239766081871355,True
436e37dd59f9a22d,London,room,2016Q4,2016Q3,0.373109243697479,25,24,5,9,True,True,2,2,True,10,0,0.0,-0.08609652100032186,0.03952569169960474,True
436e37dd59f9a22d,London,service,2016Q2,2016Q1,0.15146051208077904,84,49,3,9,True,True,2,2,True,10,1,0.1,-0.00996426788840583,0.2055335968379446,True
436e37dd59f9a22d,London,value,2016Q2,2016Q1,0.19580419580419584,16,12,3,9,True,True,2,2,True,10,1,0.1,-0.07332000919617018,0.16666666666666674,True
436e37dd59f9a22d,London,value,2017Q1,2016Q4,0.16410256410256407,5,3,6,9,True,True,2,2,True,10,3,0.3,0.08425386388709291,0.5428571428571428,True
43955c78a5e51a55,Milan,cleanliness,2016Q4,2016Q3,0.2769230769230768,5,3,5,9,True,True,2,2,True,10,1,0.1,-0.1478641670220617,0.15384615384615397,True
43955c78a5e51a55,Milan,location,2016Q4,2016Q3,0.31176470588235294,7,10,5,9,True,True,2,2,True,10,1,0.1,0.020184091246574654,0.35576923076923084,True
43955c78a5e51a55,Milan,service,2016Q4,2016Q3,0.21078431372549034,7,14,5,9,True,True,2,2,True,10,2,0.2,-0.006639495519692629,0.25357142857142856,True
43acb8108fdd96cc,London,cleanliness,2017Q1,2016Q4,0.22352941176470575,10,7,6,9,True,True,2,2,True,10,4,0.4,0.0830601491542303,0.5309090909090909,True
43acb8108fdd96cc,London,location,2016Q3,2016Q2,0.18947368421052624,47,35,4,9,True,True,2,2,True,10,1,0.1,0.002556037604772521,0.15850815850815847,True
43acb8108fdd96cc,London,noise,2016Q1,2015Q4,0.2492753623188404,20,13,2,9,True,True,2,2,True,10,2,0.2,-0.04369595331631878,0.19318181818181823,True
43acb8108fdd96cc,London,noise,2016Q3,2016Q2,0.4303030303030302,12,5,4,9,True,True,2,2,True,10,3,0.3,0.02637556457989896,0.38095238095238104,True
43acb8108fdd96cc,London,noise,2017Q1,2016Q4,0.1512605042016808,7,4,6,9,True,True,2,2,True,10,1,0.1,-0.07911455699474232,0.1909090909090908,True
43acb8108fdd96cc,London,service,2016Q3,2016Q2,0.18492753623188407,65,36,4,9,True,True,2,2,True,10,2,0.2,-0.0065835120874065955,0.27601809954751144,True
43acb8108fdd96cc,London,value,2016Q3,2016Q2,0.368421052631579,12,9,4,9,True,True,2,2,True,10,3,0.3,0.03072994669540898,0.6083916083916083,True
43acb8108fdd96cc,London,value,2017Q1,2016Q4,0.3069053708439897,13,7,6,9,True,True,2,2,True,10,4,0.4,0.09046511205550105,0.33333333333333326,True
43f0b9c19bca8c93,Milan,breakfast,2016Q2,2016Q1,0.19999999999999996,10,10,3,9,True,True,2,2,True,9,4,0.4444444444444444,0.04506754000805705,0.34736842105263155,True
43f0b9c19bca8c93,Milan,cleanliness,2017Q1,2016Q4,0.41025641025641013,8,3,6,9,True,True,2,2,True,9,0,0.0,-0.1405592003969286,0.05494505494505497,True
44828c96327c02f9,Paris,cleanliness,2016Q3,2016Q2,0.16666666666666652,5,2,4,9,True,True,2,2,True,10,0,0.0,-0.0932997557997558,0.1428571428571429,True
44828c96327c02f9,Paris,room,2016Q2,2016Q1,0.15000000000000002,5,14,3,9,True,True,2,2,True,10,1,0.1,-0.030815311656272736,0.4011379800853485,True
44828c96327c02f9,Paris,service,2016Q1,2015Q4,0.2016806722689075,11,7,2,9,True,True,2,2,True,10,1,0.1,0.014470914741313257,0.39572192513368987,True
449c09a7ad8e8dc3,London,breakfast,2016Q4,2016Q3,0.2089093701996929,21,32,5,9,True,True,2,2,True,8,3,0.375,-0.06509007922950369,0.248447204968944,True
449c09a7ad8e8dc3,London,location,2017Q1,2016Q4,0.3050239234449761,78,47,6,9,True,True,2,2,True,9,1,0.1111111111111111,-0.01992237251600273,0.18181818181818166,True
449c09a7ad8e8dc3,London,noise,2016Q4,2016Q3,0.16330645161290325,22,21,5,9,True,True,2,2,True,8,3,0.375,0.042532645754571385,0.416267942583732,True
449c09a7ad8e8dc3,London,service,2017Q1,2016Q4,0.1581011351909185,143,85,6,9,True,True,2,2,True,9,1,0.1111111111111111,0.003734405962411073,0.26602564102564097,True
44daf773e97abf4b,Barcelona,location,2017Q1,2016Q4,0.1809954751131222,7,3,6,9,True,True,2,2,True,10,0,0.0,-0.12635801124278984,0.05853658536585349,True
44daf773e97abf4b,Barcelona,service,2016Q2,2016Q1,0.2777777777777777,8,2,3,9,True,True,2,2,True,9,1,0.1111111111111111,0.04748144915283503,0.37142857142857144,True
44daf773e97abf4b,Barcelona,service,2017Q1,2016Q4,0.2564102564102564,8,3,6,9,True,True,2,2,True,10,1,0.1,-0.028026687003758433,0.21553884711779436,True
456cecccb1484144,Milan,breakfast,2016Q2,2016Q1,0.24242424242424243,5,1,3,9,True,True,2,2,True,9,3,0.3333333333333333,0.09134982555298052,0.37662337662337675,True
456cecccb1484144,Milan,location,2016Q2,2016Q1,0.2564102564102564,5,3,3,9,True,True,2,2,True,9,2,0.2222222222222222,0.07223994023510934,0.2769230769230768,True
456cecccb1484144,Milan,room,2016Q2,2016Q1,0.23333333333333328,5,2,3,9,True,True,2,2,True,9,1,0.1111111111111111,0.03335863444677608,0.29431438127090304,True
45e7ddc52bdbcc74,Paris,location,2017Q1,2016Q4,0.16666666666666652,5,2,6,9,True,True,2,2,True,10,0,0.0,-0.06473699024984532,0.11764705882352944,True
45e7ddc52bdbcc74,Paris,room,2016Q3,2016Q2,0.22222222222222232,8,4,4,9,True,True,2,2,True,10,3,0.3,-0.03715342867449476,0.4722222222222223,True
4629d540e64e47bc,Barcelona,location,2016Q2,2016Q1,0.3015873015873016,8,4,3,9,True,True,2,2,True,8,4,0.5,0.08649650637460232,0.49242424242424243,True
4629d540e64e47bc,Barcelona,room,2016Q1,2015Q4,0.21671826625387003,7,9,2,9,True,True,2,2,True,7,3,0.42857142857142855,0.0863829835842989,0.2647058823529411,True
4629d540e64e47bc,Barcelona,room,2016Q3,2016Q2,0.15652173913043477,13,15,4,9,True,True,2,2,True,8,1,0.125,0.05295449891897226,0.4566666666666668,True
4629d540e64e47bc,Barcelona,service,2017Q1,2016Q4,0.6032608695652173,13,6,6,9,True,True,2,2,True,9,2,0.2222222222222222,-0.03856174442292458,0.19047619047619047,True
466ea58c8df37fa4,Paris,breakfast,2016Q4,2016Q3,0.30434782608695654,13,10,5,9,True,True,2,2,True,9,1,0.1111111111111111,-0.02786102786102782,0.2974358974358975,True
466ea58c8df37fa4,Paris,cleanliness,2016Q4,2016Q3,0.26388888888888884,6,8,5,9,True,True,2,2,True,9,1,0.1111111111111111,-0.02307104660045843,0.16666666666666663,True
466ea58c8df37fa4,Paris,location,2016Q3,2016Q2,0.17119565217391308,22,13,4,9,True,True,2,2,True,9,3,0.3333333333333333,0.06222235943186871,0.40701754385964906,True
466ea58c8df37fa4,Paris,noise,2017Q1,2016Q4,0.23076923076923073,6,3,6,9,True,True,2,2,True,9,1,0.1111111111111111,0.005883005883005881,0.2575757575757577,True
466ea58c8df37fa4,Paris,room,2017Q1,2016Q4,0.44812554489973844,27,21,6,9,True,True,2,2,True,9,3,0.3333333333333333,0.06393463109149386,0.3484848484848485,True
466ea58c8df37fa4,Paris,service,2016Q1,2015Q4,0.17826086956521725,13,10,2,9,True,True,2,2,True,9,1,0.1111111111111111,-0.07845518678852012,0.15909090909090917,True
466ea58c8df37fa4,Paris,service,2016Q3,2016Q2,0.26409017713365524,17,13,4,9,True,True,2,2,True,9,3,0.3333333333333333,0.02096509352834746,0.27368421052631575,True
46713edc2e417f0f,Milan,breakfast,2016Q2,2016Q1,0.25,14,4,3,9,True,True,2,2,True,10,6,0.6,0.15482064817082086,0.4266666666666665,True
46713edc2e417f0f,Milan,breakfast,2016Q4,2016Q3,0.3565217391304347,10,13,5,9,True,True,2,2,True,10,2,0.2,0.06846378012641549,0.3208395802098951,True
46713edc2e417f0f,Milan,cleanliness,2016Q2,2016Q1,0.32692307692307687,6,3,3,9,True,True,2,2,True,10,3,0.3,0.03527002670650583,0.3846153846153846,True
46713edc2e417f0f,Milan,location,2016Q2,2016Q1,0.2773109243697478,18,7,3,9,True,True,2,2,True,10,2,0.2,0.05611205360688778,0.3675675675675676,True
46713edc2e417f0f,Milan,room,2016Q2,2016Q1,0.2598039215686274,14,7,3,9,True,True,2,2,True,10,1,0.1,-0.024079297260711497,0.23076923076923084,True
46713edc2e417f0f,Milan,service,2016Q1,2015Q4,0.3284313725490198,7,14,2,9,True,True,2,2,True,10,0,0.0,-0.08569534618228332,0.03571428571428581,True
46713edc2e417f0f,Milan,value,2016Q3,2016Q2,0.32499999999999996,6,5,4,9,True,True,2,2,True,10,0,0.0,-0.048798404149198095,0.13986013986014,True
46739f2ec366167f,London,breakfast,2016Q1,2015Q4,0.15320910973084878,11,13,2,9,True,True,2,2,True,9,2,0.2222222222222222,-0.02307510568049969,0.16551724137931023,True
46739f2ec366167f,London,breakfast,2016Q2,2016Q1,0.2907268170426065,9,11,3,9,True,True,2,2,True,9,0,0.0,-0.062101483840312936,0.1333333333333333,True
46739f2ec366167f,London,cleanliness,2017Q1,2016Q4,0.4078947368421053,9,6,6,9,True,True,2,2,True,10,2,0.2,0.004519509086790041,0.4758454106280192,True
46739f2ec366167f,London,room,2016Q2,2016Q1,0.1578947368421053,20,28,3,9,True,True,2,2,True,9,0,0.0,-0.01179969997014332,0.09337349397590367,True
46739f2ec366167f,London,service,2016Q3,2016Q2,0.24736842105263168,10,9,4,9,True,True,2,2,True,9,0,0.0,-0.023028971592264295,0.1288537549407116,True
46739f2ec366167f,London,value,2017Q1,2016Q4,0.16666666666666663,6,2,6,9,True,True,2,2,True,10,7,0.7,0.225271406387548,0.40882694541231124,True
4693de915b840933,London,cleanliness,2016Q1,2015Q4,0.18867924528301883,43,43,2,9,True,True,2,2,True,10,5,0.5,0.10576701054961928,0.4806763285024156,True
4693de915b840933,London,cleanliness,2017Q1,2016Q4,0.31666666666666665,30,20,6,9,True,True,2,2,True,10,3,0.3,0.01962066978828032,0.2944297082228118,True
4693de915b840933,London,noise,2016Q3,2016Q2,0.19393939393939408,23,20,4,9,True,True,2,2,True,10,4,0.4,0.06243218769534559,0.4303030303030302,True
4693de915b840933,London,service,2016Q1,2015Q4,0.22497420020639836,104,92,2,9,True,True,2,2,True,10,2,0.2,0.04465553916673186,0.2523148148148149,True
4693de915b840933,London,value,2016Q3,2016Q2,0.6083916083916083,16,12,4,9,True,True,2,2,True,10,3,0.3,-0.012722202192903409,0.39682539682539675,True
4693de915b840933,London,value,2017Q1,2016Q4,0.2142857142857142,18,14,6,9,True,True,2,2,True,10,3,0.3,-0.0013270548438181096,0.33333333333333326,True
469f2d453f7e048d,Milan,breakfast,2016Q3,2016Q2,0.1693121693121693,17,11,4,9,True,True,2,2,True,9,0,0.0,-0.021946959799322065,0.13373860182370834,True
469f2d453f7e048d,Milan,location,2016Q3,2016Q2,0.21935483870967754,21,25,4,9,True,True,2,2,True,9,0,0.0,-0.04455358647021081,0.1333333333333333,True
469f2d453f7e048d,Milan,room,2016Q1,2015Q4,0.4950980392156864,24,14,2,9,True,True,2,2,True,9,3,0.3333333333333333,0.09110464605964735,0.4861660079051384,True
469f2d453f7e048d,Milan,value,2016Q2,2016Q1,0.20952380952380956,5,4,3,9,True,True,2,2,True,9,3,0.3333333333333333,0.05826751551148422,0.25757575757575746,True
46bf793bf071dee5,London,breakfast,2017Q1,2016Q4,0.16666666666666663,6,2,6,9,True,True,2,2,True,9,3,0.3333333333333333,0.08808893423444333,0.3076923076923077,True
46bf793bf071dee5,London,room,2016Q2,2016Q1,0.15652173913043477,13,20,3,9,True,True,2,2,True,9,0,0.0,-0.02697976498925028,0.112672391360916,True
46bf793bf071dee5,London,room,2016Q3,2016Q2,0.22529644268774707,12,13,4,9,True,True,2,2,True,9,1,0.1111111111111111,0.04386125889736397,0.2070512820512822,True
470d258d69282802,London,breakfast,2016Q2,2016Q1,0.20588235294117652,7,18,3,9,True,True,2,2,True,9,1,0.1111111111111111,-0.01713833571055469,0.25,True
470d258d69282802,London,breakfast,2016Q3,2016Q2,0.22745098039215683,5,7,4,9,True,True,2,2,True,9,1,0.1111111111111111,-0.050234123360238546,0.15527950310559002,True
470d258d69282802,London,breakfast,2017Q1,2016Q4,0.2930756843800322,17,13,6,9,True,True,2,2,True,10,3,0.3,-0.03092761373110583,0.2857142857142857,True
470d258d69282802,London,cleanliness,2016Q3,2016Q2,0.1512605042016808,7,11,4,9,True,True,2,2,True,9,1,0.1111111111111111,-0.04023284091245068,0.16899224806201563,True
470d258d69282802,London,cleanliness,2017Q1,2016Q4,0.2016806722689075,11,7,6,9,True,True,2,2,True,10,2,0.2,0.00020310719792480115,0.17565217391304344,True
470d258d69282802,London,location,2016Q4,2016Q3,0.1553113553113552,29,25,5,9,True,True,2,2,True,10,1,0.1,-0.030277075721375012,0.15724137931034465,True
470d258d69282802,London,noise,2016Q2,2016Q1,0.21553884711779447,11,9,3,9,True,True,2,2,True,9,3,0.3333333333333333,0.0961545330874985,0.48461538461538456,True
470d258d69282802,London,noise,2016Q4,2016Q3,0.2666666666666666,5,5,5,9,True,True,2,2,True,10,2,0.2,-0.0926577054989414,0.5984654731457801,True
470d258d69282802,London,service,2017Q1,2016Q4,0.3653250773993808,24,28,6,9,True,True,2,2,True,10,1,0.1,0.10219656256485828,0.21839080459770122,True
470d258d69282802,London,value,2016Q2,2016Q1,0.16190476190476188,11,20,3,9,True,True,2,2,True,9,0,0.0,-0.14019990044026334,0.11594202898550732,True
470d258d69282802,London,value,2016Q3,2016Q2,0.17927170868347342,7,11,4,9,True,True,2,2,True,9,2,0.2222222222222222,0.05195994231019782,0.25396825396825407,True
475cf7116566e27b,Paris,breakfast,2016Q3,2016Q2,0.3308270676691729,9,4,4,9,True,True,2,2,True,9,1,0.1111111111111111,-0.019777709365810026,0.4526315789473684,True
475cf7116566e27b,Paris,room,2016Q3,2016Q2,0.17999999999999994,15,10,4,9,True,True,2,2,True,9,1,0.1111111111111111,-0.10050050800611181,0.17647058823529416,True
478251fd71fceb3b,Amsterdam,breakfast,2016Q1,2015Q4,0.392156862745098,26,24,2,9,True,True,2,2,True,8,2,0.25,0.09277989382478548,0.37362637362637374,True
478251fd71fceb3b,Amsterdam,breakfast,2016Q3,2016Q2,0.32067173130747695,51,31,4,9,True,True,2,2,True,10,6,0.6,0.178891977303742,0.3571428571428572,True
478251fd71fceb3b,Amsterdam,cleanliness,2016Q1,2015Q4,0.15355191256830603,51,50,2,9,True,True,2,2,True,8,1,0.125,-0.06177553537168104,0.2666666666666666,True
478251fd71fceb3b,Amsterdam,cleanliness,2016Q4,2016Q3,0.347008547008547,44,55,5,9,True,True,2,2,True,10,1,0.1,-0.005360797484809587,0.19480519480519498,True
478251fd71fceb3b,Amsterdam,location,2017Q1,2016Q4,0.1628529698149952,69,94,6,9,True,True,2,2,True,10,1,0.1,-0.052836959212043656,0.22312373225152116,True
478251fd71fceb3b,Amsterdam,service,2016Q1,2015Q4,0.1613494682801615,91,71,2,9,True,True,2,2,True,8,2,0.25,0.07082862101113377,0.2272727272727273,True
478251fd71fceb3b,Amsterdam,service,2017Q1,2016Q4,0.1662433618102055,51,61,6,9,True,True,2,2,True,10,2,0.2,0.0009133666230219606,0.36146540027137053,True
478251fd71fceb3b,Amsterdam,value,2016Q4,2016Q3,0.17230769230769227,15,29,5,9,True,True,2,2,True,10,3,0.3,0.15439282431702628,0.39564428312159705,True
478ccfd557f9432a,Vienna,breakfast,2016Q3,2016Q2,0.19999999999999996,6,5,4,9,True,True,2,2,True,10,2,0.2,-0.016014886613585123,0.20952380952380967,True
478ccfd557f9432a,Vienna,room,2016Q2,2016Q1,0.25396825396825395,18,17,3,9,True,True,2,2,True,10,2,0.2,-0.008060962373895164,0.22077922077922074,True
478ccfd557f9432a,Vienna,service,2016Q2,2016Q1,0.15151515151515138,11,12,3,9,True,True,2,2,True,10,1,0.1,0.018756777149019153,0.2666666666666666,True
47929cbc89131f67,London,location,2017Q1,2016Q4,0.29186602870813383,9,12,6,9,True,True,2,2,True,10,1,0.1,-0.01105081300019719,0.19480519480519498,True
47929cbc89131f67,London,room,2016Q1,2015Q4,0.20833333333333337,6,17,2,9,True,True,2,2,True,9,2,0.2222222222222222,-0.021864667944363654,0.1848484848484847,True
47929cbc89131f67,London,room,2016Q2,2016Q1,0.17261904761904767,11,6,3,9,True,True,2,2,True,9,5,0.5555555555555556,0.14075184295225926,0.44534412955465585,True
47929cbc89131f67,London,room,2016Q4,2016Q3,0.24363636363636365,15,12,5,9,True,True,2,2,True,10,2,0.2,0.025261472365948133,0.2207965784549587,True
47929cbc89131f67,London,room,2017Q1,2016Q4,0.23111111111111116,17,15,6,9,True,True,2,2,True,10,0,0.0,-0.0301757426276409,0.1333333333333333,True
47929cbc89131f67,London,service,2016Q2,2016Q1,0.3376623376623378,11,12,3,9,True,True,2,2,True,9,2,0.2222222222222222,0.06393640870035286,0.2864848666466888,True
47be0789928a0647,London,location,2016Q3,2016Q2,0.176418439716312,38,37,4,9,True,True,2,2,True,10,1,0.1,0.015034483107652563,0.1704781704781706,True
47be0789928a0647,London,service,2016Q2,2016Q1,0.2055335968379446,36,34,3,9,True,True,2,2,True,10,2,0.2,0.03576997727102575,0.2920892494929006,True
47be0789928a0647,London,service,2016Q4,2016Q3,0.24171539961013644,28,44,5,9,True,True,2,2,True,10,1,0.1,-0.0455803787697777,0.15454545454545454,True
47d1641737451b42,Vienna,breakfast,2016Q3,2016Q2,0.2833333333333332,14,10,4,9,True,True,2,2,True,10,3,0.3,0.06627991982211931,0.41176470588235303,True
47d1641737451b42,Vienna,cleanliness,2016Q4,2016Q3,0.2255639097744362,9,4,5,9,True,True,2,2,True,10,0,0.0,-0.08377502127502126,0.10576923076923084,True
480b968aebb182a7,Paris,cleanliness,2017Q1,2016Q4,0.29807692307692313,6,3,6,9,True,True,2,2,True,10,0,0.0,0.02128205128205126,0.1333333333333333,True
480b968aebb182a7,Paris,location,2016Q2,2016Q1,0.3056653491436101,23,13,3,9,True,True,2,2,True,10,2,0.2,0.06659988831855841,0.2342857142857142,True
480b968aebb182a7,Paris,room,2016Q2,2016Q1,0.22000000000000008,30,15,3,9,True,True,2,2,True,10,2,0.2,0.04527262100456878,0.19999999999999996,True
480b968aebb182a7,Paris,room,2016Q4,2016Q3,0.18039215686274512,25,41,5,9,True,True,2,2,True,10,1,0.1,0.02806161449780754,0.3538461538461538,True
480b968aebb182a7,Paris,service,2016Q2,2016Q1,0.16666666666666674,22,11,3,9,True,True,2,2,True,10,2,0.2,0.004228079666424444,0.3992773261065943,True
480b968aebb182a7,Paris,value,2016Q3,2016Q2,0.22910216718266252,9,7,4,9,True,True,2,2,True,10,2,0.2,0.03324649207002146,0.23333333333333328,True
484ea60e102a55a2,Paris,breakfast,2016Q1,2015Q4,0.2431372549019608,7,5,2,9,True,True,2,2,True,9,2,0.2222222222222222,0.009945233454005406,0.3742690058479532,True
484ea60e102a55a2,Paris,breakfast,2016Q4,2016Q3,0.392156862745098,5,7,5,9,True,True,2,2,True,10,2,0.2,0.03481240869180029,0.3736263736263735,True
484ea60e102a55a2,Paris,room,2016Q1,2015Q4,0.24571428571428577,18,15,2,9,True,True,2,2,True,9,5,0.5555555555555556,0.08485166408855858,0.32692307692307687,True
484ea60e102a55a2,Paris,service,2016Q2,2016Q1,0.34391534391534373,17,18,3,9,True,True,2,2,True,9,3,0.3333333333333333,0.01179223093669098,0.2666666666666666,True
486405101a831846,Paris,room,2016Q1,2015Q4,0.23809523809523814,11,6,2,9,True,True,2,2,True,9,1,0.1111111111111111,-0.014428559820716693,0.15384615384615374,True
486405101a831846,Paris,room,2016Q3,2016Q2,0.22456140350877196,9,20,4,9,True,True,2,2,True,9,1,0.1111111111111111,0.008430438175942948,0.15263157894736834,True
48b35b3a4754d454,Amsterdam,room,2017Q1,2016Q4,0.35497835497835495,11,23,6,9,True,True,2,2,True,10,0,0.0,-0.0340625701780781,0.11225296442687749,True
48b35b3a4754d454,Amsterdam,value,2016Q1,2015Q4,0.21904761904761905,5,4,2,9,True,True,2,2,True,8,1,0.125,0.08303950951009775,0.34498834498834496,True
48cb42045f9f1c39,London,breakfast,2016Q3,2016Q2,0.238213399503722,29,52,4,9,True,True,2,2,True,9,2,0.2222222222222222,0.0013682429339636482,0.4631578947368421,True
48cb42045f9f1c39,London,noise,2016Q4,2016Q3,0.4338235294117647,6,7,5,9,True,True,2,2,True,9,2,0.2222222222222222,-0.01970742804150917,0.375,True
48cb42045f9f1c39,London,service,2016Q4,2016Q3,0.24732620320855614,58,78,5,9,True,True,2,2,True,9,3,0.3333333333333333,0.14406749104771485,0.392156862745098,True
4905f8d3a31578d0,London,breakfast,2016Q1,2015Q4,0.18382352941176472,6,7,2,9,True,True,2,2,True,10,2,0.2,-0.004693826800748524,0.2666666666666667,True
4905f8d3a31578d0,London,breakfast,2016Q3,2016Q2,0.26,10,15,4,9,True,True,2,2,True,10,3,0.3,0.058133671315362755,0.264957264957265,True
4905f8d3a31578d0,London,cleanliness,2016Q4,2016Q3,0.22857142857142854,25,25,5,9,True,True,2,2,True,10,2,0.2,0.021865243917875497,0.2333333333333334,True
4905f8d3a31578d0,London,noise,2016Q2,2016Q1,0.30000000000000004,12,10,3,9,True,True,2,2,True,10,0,0.0,-0.03600345432495533,0.1357466063348416,True
4905f8d3a31578d0,London,noise,2017Q1,2016Q4,0.16666666666666663,8,14,6,9,True,True,2,2,True,10,2,0.2,0.074286659333099,0.36190476190476195,True
4905f8d3a31578d0,London,value,2016Q1,2015Q4,0.48,15,15,2,9,True,True,2,2,True,10,2,0.2,-0.03556079825905437,0.33333333333333337,True
4905f8d3a31578d0,London,value,2016Q3,2016Q2,0.35238095238095235,20,18,4,9,True,True,2,2,True,10,4,0.4,0.0861982507802941,0.37472766884531583,True
4905f8d3a31578d0,London,value,2017Q1,2016Q4,0.3793103448275862,26,19,6,9,True,True,2,2,True,10,2,0.2,0.02266926075076564,0.17647058823529416,True
491445c4608a873a,London,breakfast,2016Q1,2015Q4,0.21925925925925926,15,17,2,9,True,True,2,2,True,9,2,0.2222222222222222,-0.028456772317722652,0.23376623376623373,True
491445c4608a873a,London,breakfast,2016Q2,2016Q1,0.19789473684210535,9,15,3,9,True,True,2,2,True,9,2,0.2222222222222222,0.027499680776201945,0.5341159207630226,True
491445c4608a873a,London,breakfast,2017Q1,2016Q4,0.3443609022556392,28,25,6,9,True,True,2,2,True,9,6,0.6666666666666666,0.19699418003498959,0.5333333333333332,True
491445c4608a873a,London,cleanliness,2016Q4,2016Q3,0.2068965517241379,19,19,5,9,True,True,2,2,True,9,1,0.1111111111111111,-0.08685153792809389,0.19377990430622005,True
491445c4608a873a,London,room,2016Q4,2016Q3,0.2727272727272727,45,50,5,9,True,True,2,2,True,9,0,0.0,-0.019499066199131863,0.08740655549166187,True
491445c4608a873a,London,service,2016Q1,2015Q4,0.2142857142857144,25,18,2,9,True,True,2,2,True,9,1,0.1111111111111111,0.012325690188911005,0.20612244897959164,True
491445c4608a873a,London,service,2017Q1,2016Q4,0.23921568627450984,50,41,6,9,True,True,2,2,True,9,1,0.1111111111111111,0.07295596296251478,0.37111111111111117,True
491445c4608a873a,London,value,2016Q4,2016Q3,0.15555555555555556,5,8,5,9,True,True,2,2,True,9,2,0.2222222222222222,0.013148346041035368,0.1820276497695853,True
49c67f2f9e708fb0,Barcelona,breakfast,2017Q1,2016Q4,0.18300653594771243,7,8,6,9,True,True,2,2,True,10,2,0.2,-0.02249252781289396,0.35,True
49c67f2f9e708fb0,Barcelona,cleanliness,2016Q1,2015Q4,0.21794871794871784,16,2,2,9,True,True,2,2,True,8,0,0.0,-0.05300608250025088,0.036363636363636376,True
49c67f2f9e708fb0,Barcelona,cleanliness,2016Q3,2016Q2,0.19047619047619047,11,11,4,9,True,True,2,2,True,8,1,0.125,0.026726023516754155,0.16666666666666674,True
49c67f2f9e708fb0,Barcelona,location,2016Q3,2016Q2,0.3893214682981089,21,19,4,9,True,True,2,2,True,8,3,0.375,0.08890576664867444,0.5515151515151515,True
49c67f2f9e708fb0,Barcelona,service,2017Q1,2016Q4,0.24019607843137258,14,7,6,9,True,True,2,2,True,10,1,0.1,0.030203045000319718,0.28409090909090917,True
49ed350786cc6026,London,breakfast,2016Q3,2016Q2,0.16747967479674797,50,72,4,9,True,True,2,2,True,10,1,0.1,-0.009078102051250248,0.15555555555555556,True
49ed350786cc6026,London,noise,2016Q1,2015Q4,0.24630541871921174,18,19,2,9,True,True,2,2,True,10,2,0.2,0.012258471930412273,0.18803418803418803,True
49ed350786cc6026,London,value,2017Q1,2016Q4,0.1868743047830923,19,21,6,9,True,True,2,2,True,9,2,0.2222222222222222,0.062130485787774775,0.2078431372549019,True
4a05079bdd0b6269,Amsterdam,cleanliness,2016Q1,2015Q4,0.21739130434782616,13,12,2,9,True,True,2,2,True,10,1,0.1,0.02463591608732273,0.35164835164835173,True
4a05079bdd0b6269,Amsterdam,cleanliness,2016Q4,2016Q3,0.20000000000000007,10,10,5,9,True,True,2,2,True,10,3,0.3,0.06458056549261891,0.31428571428571417,True
4a05079bdd0b6269,Amsterdam,noise,2016Q2,2016Q1,0.3003952569169961,13,12,3,9,True,True,2,2,True,10,4,0.4,0.1032003700347354,0.2962962962962963,True
4a05079bdd0b6269,Amsterdam,noise,2017Q1,2016Q4,0.33333333333333326,5,4,6,9,True,True,2,2,True,10,1,0.1,-0.12374433613678464,0.19285714285714295,True
4a05079bdd0b6269,Amsterdam,value,2016Q3,2016Q2,0.34285714285714286,5,4,4,9,True,True,2,2,True,10,4,0.4,0.09474566797315946,0.33867276887871844,True
4a3b6981515da34e,Paris,breakfast,2016Q4,2016Q3,0.3941176470588236,10,24,5,9,True,True,2,2,True,10,1,0.1,-0.068547181351441,0.19047619047619047,True
4a3b6981515da34e,Paris,cleanliness,2016Q4,2016Q3,0.17647058823529416,7,34,5,9,True,True,2,2,True,10,2,0.2,-0.04802284685586396,0.20872865275142316,True
4a3b6981515da34e,Paris,room,2017Q1,2016Q4,0.157258064516129,22,21,6,9,True,True,2,2,True,10,1,0.1,-0.012098123313879595,0.26315789473684215,True
4a3b6981515da34e,Paris,service,2016Q1,2015Q4,0.16172506738544468,18,43,2,9,True,True,2,2,True,9,2,0.2222222222222222,0.007512783054578747,0.3194444444444444,True
4a3b6981515da34e,Paris,value,2016Q1,2015Q4,0.3578431372549019,7,14,2,9,True,True,2,2,True,9,1,0.1111111111111111,0.0047053652530325805,0.46264367816091945,True
4a532074d82c63f7,Paris,breakfast,2016Q1,2015Q4,0.19999999999999996,5,0,2,9,True,True,2,2,True,9,1,0.1111111111111111,-0.05458281048117705,0.16666666666666663,True
4a532074d82c63f7,Paris,location,2016Q1,2015Q4,0.16666666666666652,5,2,2,9,True,True,2,2,True,9,2,0.2222222222222222,0.0008242359635548535,0.3076923076923077,True
4a532074d82c63f7,Paris,location,2016Q4,2016Q3,0.2058823529411764,10,7,5,9,True,True,2,2,True,10,2,0.2,-0.03742304615423009,0.21212121212121215,True
4a532074d82c63f7,Paris,room,2016Q1,2015Q4,0.2666666666666666,5,5,2,9,True,True,2,2,True,9,4,0.4444444444444444,0.0693925570524036,0.30690537084398983,True
4a532074d82c63f7,Paris,service,2016Q3,2016Q2,0.26797385620915026,8,7,4,9,True,True,2,2,True,10,4,0.4,0.09074793602878523,0.33333333333333326,True
4a5ab28385ffdb8c,Milan,cleanliness,2016Q2,2016Q1,0.18125960061443935,21,11,3,9,True,True,2,2,True,10,2,0.2,-0.024870697929521412,0.22222222222222232,True
4a5ab28385ffdb8c,Milan,room,2016Q1,2015Q4,0.20754064337599454,39,49,2,9,True,True,2,2,True,10,4,0.4,0.08852228512986048,0.34523809523809523,True
4a5ab28385ffdb8c,Milan,room,2016Q3,2016Q2,0.19913419913419905,89,53,4,9,True,True,2,2,True,10,0,0.0,-0.006884758526567558,0.12682926829268293,True
4a5ab28385ffdb8c,Milan,service,2016Q2,2016Q1,0.24098360655737694,51,30,3,9,True,True,2,2,True,10,2,0.2,0.017637282106020356,0.5666666666666667,True
4a69d6275825d030,Paris,cleanliness,2016Q2,2016Q1,0.33333333333333326,5,2,3,9,True,True,2,2,True,9,2,0.2222222222222222,0.04768134915193736,0.19852941176470584,True
4a69d6275825d030,Paris,cleanliness,2016Q4,2016Q3,0.1895424836601307,7,8,5,9,True,True,2,2,True,10,1,0.1,0.03303030303030304,0.18181818181818177,True
4a69d6275825d030,Paris,location,2016Q2,2016Q1,0.15136876006441224,17,13,3,9,True,True,2,2,True,9,2,0.2222222222222222,0.027840141608257526,0.16666666666666674,True
4a69d6275825d030,Paris,location,2016Q4,2016Q3,0.19555555555555548,17,15,5,9,True,True,2,2,True,10,0,0.0,0.04350787622661358,0.13986013986014,True
4a69d6275825d030,Paris,room,2016Q1,2015Q4,0.2857142857142857,14,4,2,9,True,True,2,2,True,10,3,0.3,0.033994226191693386,0.27884615384615385,True
4a69d6275825d030,Paris,service,2016Q2,2016Q1,0.320366132723112,13,9,3,9,True,True,2,2,True,9,2,0.2222222222222222,0.029606812940146308,0.20879120879120894,True
4a71b0081e191716,Vienna,breakfast,2016Q3,2016Q2,0.2398648648648649,22,27,4,9,True,True,2,2,True,10,5,0.5,0.12433555787775737,0.41176470588235303,True
4a71b0081e191716,Vienna,cleanliness,2016Q1,2015Q4,0.2865497076023391,8,9,2,9,True,True,2,2,True,10,4,0.4,0.010179291812418745,0.3090909090909091,True
4a71b0081e191716,Vienna,location,2016Q3,2016Q2,0.16024653312788906,49,45,4,9,True,True,2,2,True,10,3,0.3,0.0374812641318877,0.2597402597402596,True
4a71b0081e191716,Vienna,noise,2017Q1,2016Q4,0.41666666666666663,6,14,6,9,True,True,2,2,True,10,2,0.2,-0.006435965994789494,0.23076923076923084,True
4a71b0081e191716,Vienna,room,2016Q1,2015Q4,0.4285714285714287,32,25,2,9,True,True,2,2,True,10,1,0.1,-0.0014779627740299061,0.2155555555555556,True
4a71b0081e191716,Vienna,value,2016Q3,2016Q2,0.3047619047619048,11,5,4,9,True,True,2,2,True,10,1,0.1,-0.11109116586738069,0.16666666666666674,True
4a8cb2d2019ef562,Vienna,noise,2016Q2,2016Q1,0.19736842105263153,9,6,3,9,True,True,2,2,True,10,4,0.4,0.06215452194863963,0.38502673796791453,True
4a8cb2d2019ef562,Vienna,service,2017Q1,2016Q4,0.16228287841191058,52,55,6,9,True,True,2,2,True,10,3,0.3,0.0033405411149313837,0.34583333333333344,True
4a8cb2d2019ef562,Vienna,value,2017Q1,2016Q4,0.20662768031189083,9,17,6,9,True,True,2,2,True,10,3,0.3,0.12491419399314137,0.6267942583732057,True
4a9485ac06cec896,Vienna,breakfast,2016Q1,2015Q4,0.4073226544622426,13,9,2,9,True,True,2,2,True,10,2,0.2,-0.007143091086194808,0.24,True
4a9485ac06cec896,Vienna,breakfast,2016Q4,2016Q3,0.22956521739130453,15,13,5,9,True,True,2,2,True,10,2,0.2,0.010685996997993285,0.22983870967741926,True
4a9485ac06cec896,Vienna,cleanliness,2016Q1,2015Q4,0.20192307692307687,6,3,2,9,True,True,2,2,True,10,0,0.0,-0.06250188321787484,0.13986013986014,True
4a9485ac06cec896,Vienna,location,2017Q1,2016Q4,0.19191919191919204,17,12,6,9,True,True,2,2,True,10,2,0.2,0.017583724389295185,0.23684210526315796,True
4a9485ac06cec896,Vienna,room,2017Q1,2016Q4,0.2670203359858532,29,19,6,9,True,True,2,2,True,10,1,0.1,0.01692609140222604,0.21366459627329193,True
4a9485ac06cec896,Vienna,service,2016Q4,2016Q3,0.42328042328042326,17,11,5,9,True,True,2,2,True,10,1,0.1,-0.03926980845609842,0.18666666666666676,True
4ada0c26db4b3380,London,breakfast,2016Q3,2016Q2,0.4631578947368421,10,9,4,9,True,True,2,2,True,8,0,0.0,-0.025297328950416045,0.1272727272727272,True
4ada0c26db4b3380,London,cleanliness,2016Q1,2015Q4,0.4285714285714286,11,8,2,9,True,True,2,2,True,8,1,0.125,-0.001959851545773883,0.21999999999999997,True
4ada0c26db4b3380,London,cleanliness,2016Q3,2016Q2,0.19927536231884058,14,13,4,9,True,True,2,2,True,8,1,0.125,-0.020501854533543196,0.2606516290726817,True
4ada0c26db4b3380,London,location,2017Q1,2016Q4,0.2944297082228118,19,16,6,9,True,True,2,2,True,9,0,0.0,-0.04102055571553276,0.08097165991902844,True
4ada0c26db4b3380,London,noise,2016Q1,2015Q4,0.33333333333333337,5,10,2,9,True,True,2,2,True,8,4,0.5,0.13356968588350673,0.3913043478260869,True
4ada0c26db4b3380,London,noise,2017Q1,2016Q4,0.17647058823529416,7,4,6,9,True,True,2,2,True,9,2,0.2222222222222222,-0.07330450701597688,0.2727272727272727,True
4ada0c26db4b3380,London,room,2016Q2,2016Q1,0.27564102564102566,46,29,3,9,True,True,2,2,True,8,0,0.0,-0.011441494736801533,0.04384699299714945,True
4ada0c26db4b3380,London,value,2016Q2,2016Q1,0.1742424242424242,14,1,3,9,True,True,2,2,True,8,1,0.125,-0.16885841828496878,0.23376623376623373,True
4ada0c26db4b3380,London,value,2016Q4,2016Q3,0.45789473684210535,10,9,5,9,True,True,2,2,True,8,3,0.375,0.030526684542957552,0.2900805779383162,True
4aea431c0de9d173,Barcelona,location,2016Q1,2015Q4,0.17500000000000004,6,5,2,9,True,True,2,2,True,7,1,0.14285714285714285,-0.027966582203217412,0.2321428571428572,True
4aea431c0de9d173,Barcelona,room,2016Q1,2015Q4,0.1578947368421053,9,10,2,9,True,True,2,2,True,7,2,0.2857142857142857,0.022433840921235904,0.38502673796791453,True
4af7b06dc7a26ec8,London,cleanliness,2016Q2,2016Q1,0.33669354838709675,21,22,3,9,True,True,2,2,True,10,2,0.2,0.026898469272176106,0.3095238095238094,True
4af7b06dc7a26ec8,London,cleanliness,2016Q3,2016Q2,0.16458196181698492,39,21,4,9,True,True,2,2,True,10,1,0.1,0.01196295147082358,0.23111111111111127,True
4af7b06dc7a26ec8,London,service,2016Q2,2016Q1,0.3094224924012159,60,37,3,9,True,True,2,2,True,10,1,0.1,0.027341131479580727,0.18128654970760238,True
4af7b06dc7a26ec8,London,value,2016Q4,2016Q3,0.28785607196401797,19,13,5,9,True,True,2,2,True,10,1,0.1,0.01171895771740975,0.1607142857142857,True
4afe0e798095c178,Milan,location,2016Q2,2016Q1,0.20833333333333326,6,2,3,9,True,True,2,2,True,9,4,0.4444444444444444,0.09304486869704265,0.3675675675675676,True
4afe0e798095c178,Milan,room,2016Q3,2016Q2,0.1777777777777778,8,5,4,9,True,True,2,2,True,10,1,0.1,-0.021210162585852434,0.19999999999999996,True
4afe0e798095c178,Milan,room,2017Q1,2016Q4,0.30263157894736836,9,6,6,9,True,True,2,2,True,9,3,0.3333333333333333,0.06306805111152937,0.2666666666666667,True
4b04b6b18f0fcd76,Paris,breakfast,2017Q1,2016Q4,0.19999999999999996,5,4,6,9,True,True,2,2,True,10,1,0.1,-0.03129351212942538,0.20879120879120894,True
4b04b6b18f0fcd76,Paris,room,2016Q3,2016Q2,0.22222222222222232,8,6,4,9,True,True,2,2,True,10,2,0.2,0.06639532022894523,0.3205128205128205,True
4b04b6b18f0fcd76,Paris,service,2016Q3,2016Q2,0.24444444444444446,8,5,4,9,True,True,2,2,True,10,3,0.3,0.08780058417640539,0.498960498960499,True
4b04b6b18f0fcd76,Paris,service,2017Q1,2016Q4,0.17703349282296643,12,9,6,9,True,True,2,2,True,10,0,0.0,-0.01487898257349064,0.1333333333333333,True
4b1e50868a5ca414,London,breakfast,2016Q4,2016Q3,0.19047619047619047,11,8,5,9,True,True,2,2,True,10,2,0.2,0.013373159109328191,0.22307692307692317,True
4b1e50868a5ca414,London,noise,2016Q4,2016Q3,0.33867276887871844,9,13,5,9,True,True,2,2,True,10,1,0.1,-0.018723688143865824,0.2575757575757577,True
4b1e50868a5ca414,London,room,2016Q1,2015Q4,0.1578947368421053,85,56,2,9,True,True,2,2,True,10,4,0.4,0.09219323660291194,0.4520123839009288,True
4b1e50868a5ca414,London,service,2016Q4,2016Q3,0.3235747303543913,56,49,5,9,True,True,2,2,True,10,4,0.4,0.09987299965913947,0.28740740740740733,True
4b1e50868a5ca414,London,value,2016Q1,2015Q4,0.24675324675324684,12,11,2,9,True,True,2,2,True,10,4,0.4,0.02051257823703644,0.34901960784313724,True
4b1fa3b404b0e27b,Paris,location,2016Q2,2016Q1,0.26190476190476186,11,2,3,9,True,True,2,2,True,9,4,0.4444444444444444,0.10099264380347525,0.47430830039525707,True
4b1fa3b404b0e27b,Paris,service,2016Q2,2016Q1,0.3376623376623378,11,1,3,9,True,True,2,2,True,9,1,0.1111111111111111,-0.02078754773271147,0.36638655462184877,True
4b1fa3b404b0e27b,Paris,service,2016Q4,2016Q3,0.21176470588235308,7,10,5,9,True,True,2,2,True,10,1,0.1,0.0009474153297682642,0.24242424242424243,True
4b2369a15c4dd346,Paris,noise,2016Q4,2016Q3,0.375,6,0,5,9,True,True,2,2,True,9,0,0.0,-0.13988788988788986,0.0,True
4b2369a15c4dd346,Paris,room,2016Q3,2016Q2,0.4176470588235295,10,24,4,9,True,True,2,2,True,10,1,0.1,-0.06569887601063198,0.26296296296296295,True
4b2fd0f37b859309,London,cleanliness,2016Q2,2016Q1,0.1633986928104576,8,7,3,9,True,True,2,2,True,9,1,0.1111111111111111,-0.018507458282288343,0.20350877192982453,True
4b2fd0f37b859309,London,location,2016Q2,2016Q1,0.19780219780219777,11,3,3,9,True,True,2,2,True,9,0,0.0,-0.05486833596605156,0.0837359098228665,True
4b2fd0f37b859309,London,location,2017Q1,2016Q4,0.20833333333333326,8,6,6,9,True,True,2,2,True,10,0,0.0,-0.015849560024160693,0.11681887366818855,True
4b2fd0f37b859309,London,service,2016Q3,2016Q2,0.18181818181818188,12,6,4,9,True,True,2,2,True,10,0,0.0,-0.06423847796847418,0.14035087719298245,True
4b2fd0f37b859309,London,service,2017Q1,2016Q4,0.2564102564102564,5,3,6,9,True,True,2,2,True,10,1,0.1,-0.013798999596427742,0.17194570135746612,True
4b4985d919f7f4bb,London,location,2016Q1,2015Q4,0.45299145299145305,16,8,2,9,True,True,2,2,True,8,0,0.0,-0.04735891236934439,0.14202898550724652,True
4b4985d919f7f4bb,London,noise,2016Q3,2016Q2,0.41025641025641013,5,3,4,9,True,True,2,2,True,8,2,0.25,-0.004126339406070864,0.36263736263736257,True
4b4985d919f7f4bb,London,noise,2017Q1,2016Q4,0.17647058823529416,7,4,6,9,True,True,2,2,True,10,5,0.5,0.09246447814298737,0.4396284829721363,True
4b4985d919f7f4bb,London,room,2016Q1,2015Q4,0.15032679738562083,26,24,2,9,True,True,2,2,True,8,2,0.25,0.07547708598468912,0.2911025145067698,True
4b4985d919f7f4bb,London,value,2016Q2,2016Q1,0.16374269005847963,8,9,3,9,True,True,2,2,True,8,2,0.25,-0.07748254391318576,0.2321428571428572,True
4b60065d00dd8317,London,breakfast,2016Q4,2016Q3,0.31264367816091965,19,20,5,9,True,True,2,2,True,10,3,0.3,0.0008199639267750692,0.6339869281045752,True
4b60065d00dd8317,London,cleanliness,2016Q3,2016Q2,0.30179028132992314,13,24,4,9,True,True,2,2,True,10,0,0.0,-0.1233159655048693,0.09523809523809512,True
4b60065d00dd8317,London,noise,2016Q1,2015Q4,0.2333333333333334,10,11,2,9,True,True,2,2,True,10,3,0.3,-0.028549119725590322,0.2222222222222221,True
4b8c4f10522ace0e,Paris,cleanliness,2016Q3,2016Q2,0.23333333333333317,10,2,4,9,True,True,2,2,True,9,0,0.0,-0.0077513445160503685,0.08974358974358987,True
4b8c4f10522ace0e,Paris,location,2016Q3,2016Q2,0.21666666666666679,14,5,4,9,True,True,2,2,True,9,2,0.2222222222222222,0.06598366774837358,0.22222222222222232,True
4b8c4f10522ace0e,Paris,room,2016Q3,2016Q2,0.1548387096774193,21,5,4,9,True,True,2,2,True,9,1,0.1111111111111111,0.029391215579320132,0.16551724137931034,True
4b8c4f10522ace0e,Paris,service,2016Q3,2016Q2,0.23809523809523814,11,6,4,9,True,True,2,2,True,9,2,0.2222222222222222,0.03210408753887009,0.20634920634920628,True
4b942e7e6c024782,London,breakfast,2016Q3,2016Q2,0.25,6,4,4,9,True,True,2,2,True,9,3,0.3333333333333333,0.06403367749443939,0.2588235294117647,True
4b942e7e6c024782,London,breakfast,2017Q1,2016Q4,0.29807692307692313,6,3,6,9,True,True,2,2,True,9,3,0.3333333333333333,0.04340998098113845,0.2435897435897435,True
4b942e7e6c024782,London,location,2017Q1,2016Q4,0.2450980392156863,7,2,6,9,True,True,2,2,True,9,1,0.1111111111111111,-0.028406065247939673,0.1568627450980391,True
4b942e7e6c024782,London,service,2017Q1,2016Q4,0.21212121212121215,12,5,6,9,True,True,2,2,True,9,1,0.1111111111111111,0.01570465423201591,0.22670807453416164,True
4bb352406ea3983f,London,breakfast,2016Q2,2016Q1,0.3125,22,6,3,9,True,True,2,2,True,10,0,0.0,-0.07126896418228865,0.07692307692307687,True
4bb352406ea3983f,London,location,2016Q4,2016Q3,0.26086956521739135,13,13,5,9,True,True,2,2,True,10,1,0.1,-0.025082778323010358,0.20420420420420426,True
4bb352406ea3983f,London,noise,2016Q1,2015Q4,0.30833333333333335,6,5,2,9,True,True,2,2,True,10,1,0.1,-0.05291089702134492,0.5238095238095238,True
4bb352406ea3983f,London,room,2016Q4,2016Q3,0.20677361853832443,23,24,5,9,True,True,2,2,True,10,2,0.2,-0.006854069406777086,0.29890109890109895,True
4bb5dc3f74d5a58d,London,location,2016Q4,2016Q3,0.16666666666666652,5,2,5,9,True,True,2,2,True,10,2,0.2,0.056971398072419424,0.2374193548387098,True
4bb5dc3f74d5a58d,London,room,2016Q2,2016Q1,0.15999999999999992,15,5,3,9,True,True,2,2,True,10,2,0.2,0.07700199495097677,0.2857142857142858,True
4bb5dc3f74d5a58d,London,service,2016Q1,2015Q4,0.3571428571428572,14,4,2,9,True,True,2,2,True,10,0,0.0,0.026268044010842394,0.12466081908247606,True
4bb5dc3f74d5a58d,London,service,2016Q4,2016Q3,0.1736694677871149,7,11,5,9,True,True,2,2,True,10,0,0.0,-0.05632960112247516,0.1340629274965799,True
4bcdf839d1dcf4de,London,breakfast,2016Q2,2016Q1,0.38370118845500856,28,21,3,9,True,True,2,2,True,9,2,0.2222222222222222,-0.036542205475654024,0.2834008097165991,True
4bcdf839d1dcf4de,London,cleanliness,2016Q1,2015Q4,0.34995112414467244,23,21,2,9,True,True,2,2,True,9,1,0.1111111111111111,-0.07269590284017317,0.18893387314439947,True
4bcdf839d1dcf4de,London,cleanliness,2016Q4,2016Q3,0.28148148148148144,17,15,5,9,True,True,2,2,True,10,2,0.2,-0.061340947642407904,0.25555555555555554,True
4bcdf839d1dcf4de,London,noise,2016Q1,2015Q4,0.36078431372549025,7,5,2,9,True,True,2,2,True,9,1,0.1111111111111111,0.05594930175692428,0.1964912280701755,True
4bcdf839d1dcf4de,London,noise,2017Q1,2016Q4,0.3529411764705883,7,7,6,9,True,True,2,2,True,10,2,0.2,0.003718280171840538,0.3850267379679143,True
4bcdf839d1dcf4de,London,service,2016Q3,2016Q2,0.21360544217687072,39,50,4,9,True,True,2,2,True,10,1,0.1,-0.0062158307997175035,0.19298245614035103,True
4bcdf839d1dcf4de,London,value,2016Q1,2015Q4,0.34901960784313724,24,20,2,9,True,True,2,2,True,9,4,0.4444444444444444,0.15019939927060671,0.5194805194805194,True
4bcdf839d1dcf4de,London,value,2017Q1,2016Q4,0.19444444444444442,14,17,6,9,True,True,2,2,True,10,1,0.1,-0.024898047247407316,0.19461697722567295,True
4c14cf38d2d88351,Milan,breakfast,2017Q1,2016Q4,0.6103448275862069,10,19,6,9,True,True,2,2,True,9,2,0.2222222222222222,-0.015593768371546147,0.21350762527233125,True
4c14cf38d2d88351,Milan,cleanliness,2016Q2,2016Q1,0.174825174825175,16,12,3,9,True,True,2,2,True,9,4,0.4444444444444444,0.10377557733879576,0.2777777777777777,True
4c14cf38d2d88351,Milan,location,2016Q1,2015Q4,0.16380952380952363,32,15,2,9,True,True,2,2,True,9,1,0.1111111111111111,0.002614919131610469,0.17337461300309598,True
4c14cf38d2d88351,Milan,location,2016Q2,2016Q1,0.25396825396825395,53,32,3,9,True,True,2,2,True,9,2,0.2222222222222222,0.06871026411307743,0.2767857142857142,True
4c14cf38d2d88351,Milan,noise,2016Q3,2016Q2,0.19999999999999996,5,8,4,9,True,True,2,2,True,9,1,0.1111111111111111,-0.041841491841491836,0.1678321678321678,True
4c14cf38d2d88351,Milan,noise,2017Q1,2016Q4,0.19999999999999996,6,5,6,9,True,True,2,2,True,9,0,0.0,-0.051271876271876286,0.09090909090909083,True
4c14cf38d2d88351,Milan,service,2016Q2,2016Q1,0.22800844475721327,39,19,3,9,True,True,2,2,True,9,2,0.2222222222222222,0.007638929364755557,0.33999999999999986,True
4c14cf38d2d88351,Milan,service,2017Q1,2016Q4,0.33143939393939403,23,22,6,9,True,True,2,2,True,9,3,0.3333333333333333,0.1267725437111069,0.47426470588235303,True
4c82e9eb246629dd,London,breakfast,2016Q4,2016Q3,0.15909090909090917,6,1,5,9,True,True,2,2,True,10,2,0.2,0.04610649097491204,0.20662768031189094,True
4c82e9eb246629dd,London,service,2016Q4,2016Q3,0.1570827489481066,21,13,5,9,True,True,2,2,True,10,3,0.3,0.09977334272643198,0.375,True
4cacd7bc671eeb46,London,breakfast,2016Q2,2016Q1,0.16490486257928116,34,33,3,9,True,True,2,2,True,9,3,0.3333333333333333,0.051392092101011526,0.2666666666666666,True
4cacd7bc671eeb46,London,breakfast,2016Q3,2016Q2,0.21090909090909105,40,34,4,9,True,True,2,2,True,9,0,0.0,-0.13071348833480667,0.10172413793103452,True
4cacd7bc671eeb46,London,cleanliness,2016Q1,2015Q4,0.17272727272727262,12,10,2,9,True,True,2,2,True,9,2,0.2222222222222222,0.018501137454289163,0.18867924528301883,True
4cacd7bc671eeb46,London,cleanliness,2016Q3,2016Q2,0.31034482758620685,18,19,4,9,True,True,2,2,True,9,2,0.2222222222222222,0.061005766041688836,0.3650793650793652,True
4cacd7bc671eeb46,London,noise,2016Q3,2016Q2,0.1588235294117647,7,10,4,9,True,True,2,2,True,9,3,0.3333333333333333,0.06751232306787863,0.4303030303030302,True
4cacd7bc671eeb46,London,room,2016Q1,2015Q4,0.25751243781094535,57,65,2,9,True,True,2,2,True,9,3,0.3333333333333333,0.06381138273795073,0.19761904761904758,True
4cacd7bc671eeb46,London,room,2016Q4,2016Q3,0.16438127090301013,94,105,5,9,True,True,2,2,True,9,1,0.1111111111111111,-0.08142801940012628,0.2437275985663081,True
4cacd7bc671eeb46,London,service,2016Q1,2015Q4,0.2523148148148149,54,44,2,9,True,True,2,2,True,9,1,0.1111111111111111,0.019194785522839892,0.22497420020639836,True
4cacd7bc671eeb46,London,value,2016Q2,2016Q1,0.21794871794871795,14,16,3,9,True,True,2,2,True,9,2,0.2222222222222222,-0.05558593814429021,0.2628571428571428,True
4d1aedb541ee47ac,London,breakfast,2016Q4,2016Q3,0.18181818181818188,12,10,5,9,True,True,2,2,True,8,3,0.375,-0.06130966294886349,0.2222222222222222,True
4d1aedb541ee47ac,London,cleanliness,2016Q1,2015Q4,0.23529411764705865,24,7,2,9,True,True,2,2,True,8,1,0.125,-0.07638351218307964,0.27368421052631575,True
4d1aedb541ee47ac,London,noise,2017Q1,2016Q4,0.3111111111111111,8,5,6,9,True,True,2,2,True,9,2,0.2222222222222222,0.02516150032132415,0.49282296650717694,True
4d1aedb541ee47ac,London,room,2016Q1,2015Q4,0.17632850241545905,62,36,2,9,True,True,2,2,True,8,2,0.25,-0.01854004107368558,0.2431372549019608,True
4d1aedb541ee47ac,London,room,2016Q4,2016Q3,0.21722560975609762,31,54,5,9,True,True,2,2,True,8,0,0.0,0.009822748747042767,0.1271495570609691,True
4d1aedb541ee47ac,London,value,2016Q2,2016Q1,0.19047619047619047,11,11,3,9,True,True,2,2,True,8,0,0.0,-0.13190155911745,0.04807692307692313,True
4d1fa033cebf6037,Vienna,breakfast,2016Q3,2016Q2,0.2250000000000001,10,6,4,9,True,True,2,2,True,10,1,0.1,-0.042588836300803866,0.19259259259259265,True
4d1fa033cebf6037,Vienna,location,2016Q2,2016Q1,0.20606060606060606,12,5,3,9,True,True,2,2,True,10,3,0.3,0.10301398797896613,0.3030303030303032,True
4d1fa033cebf6037,Vienna,location,2016Q3,2016Q2,0.3401759530791788,21,12,4,9,True,True,2,2,True,10,2,0.2,-0.03399454835167911,0.27920227920227925,True
4d1fa033cebf6037,Vienna,room,2016Q2,2016Q1,0.16666666666666674,10,5,3,9,True,True,2,2,True,10,1,0.1,-0.04858353449680784,0.3999999999999999,True
4d1fa033cebf6037,Vienna,service,2017Q1,2016Q4,0.19999999999999996,10,15,6,9,True,True,2,2,True,10,4,0.4,0.09251220814993452,0.43666666666666676,True
4d1fa033cebf6037,Vienna,value,2016Q4,2016Q3,0.2333333333333334,5,10,5,9,True,True,2,2,True,10,0,0.0,-0.07423098494810702,0.14973262032085555,True
4d20d4729e8b7cb2,Amsterdam,breakfast,2016Q2,2016Q1,0.1652542372881356,62,49,3,9,True,True,2,2,True,10,2,0.2,-0.04550497895277402,0.2666666666666666,True
4d20d4729e8b7cb2,Amsterdam,noise,2016Q2,2016Q1,0.17317487266553488,21,28,3,9,True,True,2,2,True,10,3,0.3,0.011892434757039194,0.3697478991596639,True
4d20d4729e8b7cb2,Amsterdam,noise,2017Q1,2016Q4,0.25672877846790887,11,13,6,9,True,True,2,2,True,10,1,0.1,-0.08212947269448817,0.2575757575757577,True
4d20d4729e8b7cb2,Amsterdam,room,2016Q3,2016Q2,0.2220235053653552,93,142,4,9,True,True,2,2,True,10,0,0.0,-0.048353647340448024,0.14788949368388615,True
4d421dab63beec31,Amsterdam,cleanliness,2016Q1,2015Q4,0.2666666666666666,5,5,2,9,True,True,2,2,True,9,1,0.1111111111111111,-0.05455392356027019,0.15355191256830603,True
4d421dab63beec31,Amsterdam,location,2017Q1,2016Q4,0.22312373225152116,19,7,6,9,True,True,2,2,True,10,1,0.1,-0.05923739298501707,0.1628529698149952,True
4d421dab63beec31,Amsterdam,service,2016Q1,2015Q4,0.2272727272727273,14,12,2,9,True,True,2,2,True,9,2,0.2222222222222222,0.05602428773984057,0.18131868131868134,True
4d421dab63beec31,Amsterdam,service,2016Q3,2016Q2,0.17368421052631566,9,10,4,9,True,True,2,2,True,10,1,0.1,-0.001551171397844675,0.2911051212938005,True
4d545c6325aa0f26,Milan,location,2016Q4,2016Q3,0.2450980392156863,7,2,5,9,True,True,2,2,True,9,1,0.1111111111111111,-0.08443667432876384,0.15384615384615397,True
4d545c6325aa0f26,Milan,room,2016Q2,2016Q1,0.31666666666666665,6,5,3,9,True,True,2,2,True,9,2,0.2222222222222222,-0.011940705206959064,0.368421052631579,True
4d545c6325aa0f26,Milan,room,2016Q4,2016Q3,0.1578947368421053,9,2,5,9,True,True,2,2,True,9,2,0.2222222222222222,0.025692217156044084,0.25,True
4d576a48b5adc360,London,breakfast,2016Q2,2016Q1,0.16835016835016836,12,17,3,8,True,True,2,2,True,10,3,0.3,-0.009541704415846074,0.304516129032258,True
4d576a48b5adc360,London,value,2017Q1,2016Q4,0.1588235294117648,10,7,6,8,True,True,2,2,True,10,3,0.3,0.0837010342170268,0.41159420289855075,True
4d5d6e97c0d60450,Paris,location,2016Q3,2016Q2,0.3208556149732622,7,1,4,9,True,True,2,2,True,10,1,0.1,-0.016529148764071654,0.33484162895927616,True
4d5d6e97c0d60450,Paris,location,2017Q1,2016Q4,0.16666666666666652,5,2,6,9,True,True,2,2,True,10,1,0.1,-0.06566493447273801,0.16666666666666663,True
4d5d6e97c0d60450,Paris,service,2016Q3,2016Q2,0.3208556149732622,7,1,4,9,True,True,2,2,True,10,1,0.1,-0.07864088964737173,0.375,True
4db6c06bc2264062,Paris,location,2016Q3,2016Q2,0.19999999999999996,10,2,4,9,True,True,2,2,True,9,2,0.2222222222222222,0.04048982970551599,0.2857142857142858,True
4db6c06bc2264062,Paris,room,2016Q3,2016Q2,0.3400809716599189,9,3,4,9,True,True,2,2,True,9,3,0.3333333333333333,-0.054942797315678665,0.2989214175654855,True
4dbbd923ef8d4b9e,Amsterdam,cleanliness,2016Q1,2015Q4,0.2666666666666666,8,5,2,9,True,True,2,2,True,9,1,0.1111111111111111,0.04006657830187246,0.21176470588235308,True
4dbbd923ef8d4b9e,Amsterdam,cleanliness,2017Q1,2016Q4,0.2222222222222222,8,8,6,9,True,True,2,2,True,10,3,0.3,0.06346568483328627,0.5213675213675213,True
4dbbd923ef8d4b9e,Amsterdam,location,2016Q3,2016Q2,0.16083916083916083,12,16,4,9,True,True,2,2,True,10,2,0.2,0.01847492104424836,0.24242424242424243,True
4dbbd923ef8d4b9e,Amsterdam,room,2016Q1,2015Q4,0.2492063492063492,25,26,2,9,True,True,2,2,True,9,3,0.3333333333333333,0.06269412117717013,0.320754716981132,True
4dbbd923ef8d4b9e,Amsterdam,service,2016Q4,2016Q3,0.15555555555555556,8,20,5,9,True,True,2,2,True,10,0,0.0,-0.06177804267146529,0.12903225806451601,True
4dbbd923ef8d4b9e,Amsterdam,service,2017Q1,2016Q4,0.4444444444444444,8,8,6,9,True,True,2,2,True,10,1,0.1,-0.028553287435445718,0.20557491289198593,True
4dbf5edc88604e67,Paris,breakfast,2016Q1,2015Q4,0.15909090909090917,6,1,2,9,True,True,2,2,True,9,1,0.1111111111111111,0.05293138234314706,0.2705882352941178,True
4dbf5edc88604e67,Paris,room,2016Q3,2016Q2,0.17647058823529416,7,18,4,9,True,True,2,2,True,8,2,0.25,0.06620133554748724,0.27984595635430054,True
4dbf5edc88604e67,Paris,service,2016Q1,2015Q4,0.2334096109839816,13,9,2,9,True,True,2,2,True,9,4,0.4444444444444444,0.09137361346663676,0.47001223990208074,True
4dc934a74b9ef558,Barcelona,breakfast,2016Q1,2015Q4,0.18803418803418803,16,8,2,9,True,True,2,2,True,10,3,0.3,-0.013893883893883885,0.3999999999999999,True
4dc934a74b9ef558,Barcelona,breakfast,2016Q2,2016Q1,0.22742474916387967,13,16,3,9,True,True,2,2,True,10,4,0.4,0.05583199314256143,0.33333333333333326,True
4dc934a74b9ef558,Barcelona,cleanliness,2016Q1,2015Q4,0.35151515151515156,20,12,2,9,True,True,2,2,True,10,2,0.2,-0.0014663838576882138,0.33333333333333326,True
4dc934a74b9ef558,Barcelona,noise,2016Q2,2016Q1,0.30956521739130427,13,15,3,9,True,True,2,2,True,10,4,0.4,0.0554906204906205,0.2857142857142857,True
4dc934a74b9ef558,Barcelona,noise,2017Q1,2016Q4,0.33818181818181825,12,15,6,9,True,True,2,2,True,10,2,0.2,-0.02791910703675412,0.25757575757575746,True
4dc934a74b9ef558,Barcelona,room,2016Q2,2016Q1,0.4223722275795565,51,41,3,9,True,True,2,2,True,10,3,0.3,0.037992200797045426,0.20952380952380945,True
4dc934a74b9ef558,Barcelona,value,2017Q1,2016Q4,0.32499999999999996,5,6,6,9,True,True,2,2,True,10,2,0.2,0.04674175239964713,0.340080971659919,True
4e2dc7fb4e1525e7,Barcelona,location,2016Q2,2016Q1,0.1841432225063937,13,7,3,9,True,True,2,2,True,9,6,0.6666666666666666,0.15330855629101245,0.3015873015873016,True
4e2dc7fb4e1525e7,Barcelona,room,2016Q2,2016Q1,0.28132992327365725,13,7,3,9,True,True,2,2,True,9,2,0.2222222222222222,-0.0020529433913104083,0.248868778280543,True
4e2dc7fb4e1525e7,Barcelona,room,2016Q4,2016Q3,0.3018181818181819,15,12,5,9,True,True,2,2,True,10,1,0.1,-0.04726625527011992,0.19999999999999996,True
4e2dc7fb4e1525e7,Barcelona,service,2016Q2,2016Q1,0.2333333333333334,10,5,3,9,True,True,2,2,True,9,2,0.2222222222222222,0.022413577325858025,0.3146853146853146,True
4e2dc7fb4e1525e7,Barcelona,service,2017Q1,2016Q4,0.24736842105263168,10,9,6,9,True,True,2,2,True,10,5,0.5,0.0667331214270353,0.6032608695652173,True
4e6a319e088ae768,London,location,2016Q1,2015Q4,0.20833333333333326,6,2,2,9,True,True,2,2,True,9,1,0.1111111111111111,0.00047245515190320734,0.2084367245657568,True
4e6a319e088ae768,London,room,2016Q3,2016Q2,0.2213438735177865,13,12,4,9,True,True,2,2,True,9,2,0.2222222222222222,-0.06066236509440922,0.22414741474147415,True
4e6a319e088ae768,London,room,2017Q1,2016Q4,0.2533333333333333,20,15,6,9,True,True,2,2,True,9,2,0.2222222222222222,0.06046576142924271,0.3620218579234974,True
4e6a319e088ae768,London,service,2016Q3,2016Q2,0.2055335968379446,13,12,4,9,True,True,2,2,True,9,1,0.1111111111111111,0.03641410057198042,0.20779220779220786,True
4e6a319e088ae768,London,service,2017Q1,2016Q4,0.22670807453416164,18,13,6,9,True,True,2,2,True,9,2,0.2222222222222222,0.06887203711673455,0.3232323232323231,True
4ee5243560d56abe,Paris,room,2016Q3,2016Q2,0.16315789473684195,9,10,4,9,True,True,2,2,True,9,1,0.1111111111111111,-0.017961481283902576,0.4976076555023924,True
4ef90b1ccc6a985e,Vienna,room,2017Q1,2016Q4,0.18300653594771243,7,17,6,9,True,True,2,2,True,10,2,0.2,-0.016668795544966464,0.3031578947368422,True
4ef90b1ccc6a985e,Vienna,service,2016Q3,2016Q2,0.19490254872563728,19,13,4,9,True,True,2,2,True,10,3,0.3,0.06577361989076758,0.4201680672268906,True
4f104366c5a4e3c1,Amsterdam,cleanliness,2016Q3,2016Q2,0.2322394518571944,49,37,4,7,True,True,2,2,True,10,4,0.4,0.054861898003779094,0.3450980392156864,True
4f104366c5a4e3c1,Amsterdam,value,2016Q4,2016Q3,0.35064935064935066,34,32,5,7,True,True,2,2,True,10,1,0.1,0.01230869130869131,0.17230769230769227,True
4fc14924d108f319,Amsterdam,breakfast,2016Q1,2015Q4,0.3434343434343434,12,8,2,9,True,True,2,2,True,10,5,0.5,0.21443095429211115,0.6956521739130433,True
4fc14924d108f319,Amsterdam,cleanliness,2016Q2,2016Q1,0.3007246376811593,14,13,3,9,True,True,2,2,True,10,2,0.2,-0.02516063613215037,0.29000000000000004,True
4fc14924d108f319,Amsterdam,location,2017Q1,2016Q4,0.26964769647696474,31,26,6,9,True,True,2,2,True,10,1,0.1,-0.004777902079144436,0.21500721500721487,True
4fc14924d108f319,Amsterdam,service,2016Q1,2015Q4,0.19393939393939408,23,15,2,9,True,True,2,2,True,10,4,0.4,0.06907316578802111,0.28965517241379324,True
4fc14924d108f319,Amsterdam,service,2016Q4,2016Q3,0.3484848484848484,23,38,5,9,True,True,2,2,True,10,1,0.1,-0.07819484283993672,0.21880877742946714,True
4fc7a64d77ebedac,Vienna,breakfast,2017Q1,2016Q4,0.1578947368421053,9,6,6,9,True,True,2,2,True,10,1,0.1,0.006502179386069662,0.4369747899159663,True
4fc7a64d77ebedac,Vienna,location,2016Q4,2016Q3,0.18623481781376516,9,3,5,9,True,True,2,2,True,10,2,0.2,-0.015235318282253529,0.2822966507177034,True
4fc7a64d77ebedac,Vienna,location,2017Q1,2016Q4,0.23684210526315796,14,9,6,9,True,True,2,2,True,10,2,0.2,-0.023070077091431274,0.21098772647574515,True
4fc7a64d77ebedac,Vienna,room,2016Q1,2015Q4,0.20833333333333326,14,6,2,9,True,True,2,2,True,10,0,0.0,-0.02113633294660352,0.11999999999999988,True
4fea2de4ee4db3c5,Vienna,cleanliness,2016Q3,2016Q2,0.15909090909090917,6,1,4,9,True,True,2,2,True,10,3,0.3,0.04305899156648783,0.375,True
4fea2de4ee4db3c5,Vienna,location,2017Q1,2016Q4,0.19047619047619047,8,4,6,9,True,True,2,2,True,10,2,0.2,-0.015582005405168187,0.33333333333333326,True
4fea2de4ee4db3c5,Vienna,room,2016Q3,2016Q2,0.45882352941176463,10,7,4,9,True,True,2,2,True,10,3,0.3,0.10042365886659517,0.5416666666666667,True
4fea2de4ee4db3c5,Vienna,service,2016Q3,2016Q2,0.2564102564102564,11,3,4,9,True,True,2,2,True,10,3,0.3,0.012905052602470945,0.35483870967741926,True
5002a415cb128aef,London,breakfast,2016Q1,2015Q4,0.3939393939393939,23,12,2,9,True,True,2,2,True,9,1,0.1111111111111111,-0.08030506610348832,0.16666666666666674,True
5002a415cb128aef,London,breakfast,2017Q1,2016Q4,0.2657004830917875,8,13,6,9,True,True,2,2,True,10,3,0.3,0.04974518129756755,0.45483870967741946,True
5002a415cb128aef,London,service,2017Q1,2016Q4,0.26602564102564097,38,42,6,9,True,True,2,2,True,10,2,0.2,-0.009942476215443818,0.3158861340679524,True
5002a415cb128aef,London,value,2017Q1,2016Q4,0.2666666666666667,5,14,6,9,True,True,2,2,True,10,3,0.3,0.06846267974055043,0.3301096067053514,True
50037bd7efd4dba2,Milan,cleanliness,2016Q1,2015Q4,0.2941176470588236,7,0,2,9,True,True,2,2,True,9,0,0.0,-0.06989306989306993,0.13986013986014,True
50037bd7efd4dba2,Milan,location,2016Q3,2016Q2,0.24242424242424243,8,1,4,9,True,True,2,2,True,10,3,0.3,0.04057284020327499,0.4013377926421404,True
507b10fb5d02b3fd,London,breakfast,2017Q1,2016Q4,0.2578947368421054,10,9,6,9,True,True,2,2,True,10,3,0.3,-0.03989004572168875,0.2666666666666666,True
507b10fb5d02b3fd,London,noise,2017Q1,2016Q4,0.15909090909090906,12,14,6,9,True,True,2,2,True,10,1,0.1,-0.043439795498619024,0.25,True
507b10fb5d02b3fd,London,service,2017Q1,2016Q4,0.2614718614718614,23,25,6,9,True,True,2,2,True,10,1,0.1,-0.08384870774460992,0.2222222222222221,True
509bdb04b0cb84b5,Paris,room,2016Q4,2016Q3,0.17595307917888559,21,12,5,9,True,True,2,2,True,9,4,0.4444444444444444,0.05079079382589646,0.3051851851851851,True
509bdb04b0cb84b5,Paris,service,2016Q1,2015Q4,0.15909090909090917,6,12,2,9,True,True,2,2,True,10,1,0.1,-0.028705697130066897,0.20833333333333326,True
509bdb04b0cb84b5,Paris,service,2016Q4,2016Q3,0.15151515151515138,17,12,5,9,True,True,2,2,True,9,0,0.0,-0.062052973442425774,0.09411764705882364,True
509bdb04b0cb84b5,Paris,value,2017Q1,2016Q4,0.2666666666666666,5,5,6,9,True,True,2,2,True,9,3,0.3333333333333333,0.01939911939911941,0.2435897435897435,True
50e4c1ff158bc8ec,London,breakfast,2016Q1,2015Q4,0.2899005756148614,88,68,2,9,True,True,2,2,True,10,3,0.3,-0.0030122065333388903,0.22362637362637372,True
50e4c1ff158bc8ec,London,cleanliness,2016Q1,2015Q4,0.19397363465160078,108,80,2,9,True,True,2,2,True,10,1,0.1,-0.0025655744022008544,0.33333333333333326,True
50e4c1ff158bc8ec,London,cleanliness,2017Q1,2016Q4,0.17752773870917316,69,71,6,9,True,True,2,2,True,10,1,0.1,-0.05546069115024018,0.18599791013584122,True
50e4c1ff158bc8ec,London,noise,2016Q2,2016Q1,0.16000000000000003,26,40,3,9,True,True,2,2,True,10,2,0.2,0.025439015878696812,0.3928571428571428,True
50e4c1ff158bc8ec,London,service,2016Q2,2016Q1,0.1748602274918063,185,256,3,9,True,True,2,2,True,10,2,0.2,0.002249471599640507,0.20276497695852536,True
50e4c1ff158bc8ec,London,value,2016Q1,2015Q4,0.5164835164835165,68,46,2,9,True,True,2,2,True,10,5,0.5,0.13966689463118037,0.5694444444444444,True
5128e972eaf847a6,London,breakfast,2016Q3,2016Q2,0.4450549450549449,18,16,4,9,True,True,2,2,True,8,1,0.125,0.003432203009408885,0.536764705882353,True
5128e972eaf847a6,London,breakfast,2017Q1,2016Q4,0.45483870967741946,10,21,6,9,True,True,2,2,True,9,3,0.3333333333333333,0.06657987357020115,0.3500000000000001,True
5128e972eaf847a6,London,cleanliness,2016Q2,2016Q1,0.2450980392156863,24,2,3,9,True,True,2,2,True,8,1,0.125,-0.09266158694591947,0.15151515151515138,True
5128e972eaf847a6,London,cleanliness,2016Q3,2016Q2,0.19693094629156005,36,24,4,9,True,True,2,2,True,8,1,0.125,-0.020478959801210422,0.2769230769230768,True
5128e972eaf847a6,London,room,2016Q1,2015Q4,0.2431372549019608,24,20,2,9,True,True,2,2,True,8,2,0.25,0.04214203929335322,0.17632850241545905,True
5128e972eaf847a6,London,room,2016Q3,2016Q2,0.20798909803253562,189,108,4,9,True,True,2,2,True,8,0,0.0,-0.09905157093944683,0.11052631578947358,True
5128e972eaf847a6,London,service,2016Q2,2016Q1,0.36003445305770887,76,17,3,9,True,True,2,2,True,8,1,0.125,-0.03720695499297688,0.1696969696969699,True
5128e972eaf847a6,London,value,2016Q3,2016Q2,0.40766550522648093,31,18,4,9,True,True,2,2,True,8,1,0.125,-0.006283509669398932,0.20952380952380956,True
5131ee57d63f089d,Paris,location,2016Q4,2016Q3,0.19047619047619047,11,11,5,9,True,True,2,2,True,10,0,0.0,-0.044615601200967046,0.10909090909090913,True
5131ee57d63f089d,Paris,room,2016Q2,2016Q1,0.26249999999999996,22,10,3,9,True,True,2,2,True,9,0,0.0,-0.09968939919920315,0.125,True
5131ee57d63f089d,Paris,service,2016Q1,2015Q4,0.16541353383458657,11,9,2,9,True,True,2,2,True,9,3,0.3333333333333333,0.007079112172490786,0.29807692307692313,True
513c22124ae9c7a9,Vienna,breakfast,2016Q4,2016Q3,0.4814814814814814,17,8,5,9,True,True,2,2,True,10,2,0.2,0.04214928469581554,0.22983870967741926,True
513c22124ae9c7a9,Vienna,cleanliness,2016Q4,2016Q3,0.1633986928104576,8,7,5,9,True,True,2,2,True,10,1,0.1,0.0032636106010718647,0.5584415584415584,True
513c22124ae9c7a9,Vienna,room,2016Q2,2016Q1,0.3999999999999999,15,10,3,9,True,True,2,2,True,10,2,0.2,0.0143651072273018,0.25396825396825395,True
51bd8e602c730b26,Barcelona,cleanliness,2016Q1,2015Q4,0.19999999999999996,5,4,2,9,True,True,2,2,True,8,4,0.5,0.08157416789866477,0.2807017543859649,True
51bd8e602c730b26,Barcelona,room,2017Q1,2016Q4,0.17391304347826086,13,13,6,9,True,True,2,2,True,9,2,0.2222222222222222,0.005410384661993654,0.3999999999999999,True
51bd8e602c730b26,Barcelona,service,2017Q1,2016Q4,0.24285714285714288,20,18,6,9,True,True,2,2,True,9,3,0.3333333333333333,0.01249082064191086,0.22596153846153855,True
51cc9dd8710286f5,London,noise,2016Q1,2015Q4,0.18390804597701138,17,19,2,9,True,True,2,2,True,10,2,0.2,0.03871817999681778,0.22307692307692317,True
51cc9dd8710286f5,London,noise,2016Q2,2016Q1,0.16666666666666674,14,17,3,9,True,True,2,2,True,10,2,0.2,0.030214126259017905,0.3076923076923077,True
51cc9dd8710286f5,London,room,2016Q1,2015Q4,0.22368920695194972,157,195,2,9,True,True,2,2,True,10,4,0.4,0.12636114853629624,0.34285714285714275,True
51cc9dd8710286f5,London,service,2016Q1,2015Q4,0.19413048750909545,123,145,2,9,True,True,2,2,True,10,2,0.2,0.07980968572353993,0.3116883116883118,True
51cc9dd8710286f5,London,value,2016Q1,2015Q4,0.16463414634146345,30,31,2,9,True,True,2,2,True,10,6,0.6,0.1203803114631429,0.5333333333333332,True
51cc9dd8710286f5,London,value,2017Q1,2016Q4,0.19159663865546228,24,25,6,9,True,True,2,2,True,10,1,0.1,-0.047958166726708926,0.26890756302521,True
51d2da9c0f86639c,London,breakfast,2016Q1,2015Q4,0.5839243498817966,37,26,2,9,True,True,2,2,True,8,3,0.375,0.012092003412824903,0.22988505747126442,True
51d2da9c0f86639c,London,noise,2016Q2,2016Q1,0.3166023166023165,18,27,3,9,True,True,2,2,True,8,3,0.375,0.06367023357650606,0.25652173913043486,True
51d2da9c0f86639c,London,noise,2016Q3,2016Q2,0.23963133640552992,21,18,4,9,True,True,2,2,True,8,1,0.125,-6.545269055897862e-05,0.29666500746640123,True
51d2da9c0f86639c,London,room,2016Q1,2015Q4,0.20697379227954904,226,217,2,9,True,True,2,2,True,8,2,0.25,0.11329768053728184,0.3556443556443557,True
51d2da9c0f86639c,London,service,2016Q1,2015Q4,0.2555344718532575,114,92,2,9,True,True,2,2,True,8,0,0.0,-0.024122708362836837,0.1269296740994854,True
51d2da9c0f86639c,London,service,2016Q2,2016Q1,0.15586373228821215,97,114,3,9,True,True,2,2,True,8,1,0.125,0.02481287438512314,0.4571428571428573,True
51d2da9c0f86639c,London,value,2016Q1,2015Q4,0.36585365853658536,34,31,2,9,True,True,2,2,True,8,5,0.625,0.1259881755145093,0.2607407407407407,True
51d2da9c0f86639c,London,value,2017Q1,2016Q4,0.18021978021978025,29,25,6,9,True,True,2,2,True,10,4,0.4,0.08000522113744193,0.40882694541231124,True
51d55c59364a9509,London,breakfast,2017Q1,2016Q4,0.18627450980392146,41,26,6,9,True,True,2,2,True,9,1,0.1111111111111111,-0.029728304483656487,0.5710144927536233,True
51d55c59364a9509,London,noise,2016Q2,2016Q1,0.24342105263157898,9,6,3,9,True,True,2,2,True,8,1,0.125,0.03307535472783149,0.430622009569378,True
51d55c59364a9509,London,room,2016Q1,2015Q4,0.20438683948155534,49,24,2,9,True,True,2,2,True,8,2,0.25,0.08815788481691902,0.26046511627906965,True
52050ad4f709395e,Milan,breakfast,2016Q2,2016Q1,0.32692307692307687,6,3,3,9,True,True,2,2,True,10,4,0.4,0.044606578417320145,0.2268907563025211,True
52050ad4f709395e,Milan,location,2016Q2,2016Q1,0.2909090909090909,10,1,3,9,True,True,2,2,True,10,0,0.0,0.008843838274616277,0.09523809523809534,True
52050ad4f709395e,Milan,room,2016Q4,2016Q3,0.19999999999999996,5,2,5,9,True,True,2,2,True,10,1,0.1,-0.13369378991257902,0.18181818181818177,True
52385d133f1317ed,Barcelona,breakfast,2016Q3,2016Q2,0.3235867446393761,17,28,4,9,True,True,2,2,True,8,2,0.25,0.029659024618756913,0.19999999999999996,True
52385d133f1317ed,Barcelona,breakfast,2017Q1,2016Q4,0.31746031746031744,17,11,6,9,True,True,2,2,True,8,2,0.25,0.048627159402607784,0.17391304347826098,True
52385d133f1317ed,Barcelona,noise,2016Q2,2016Q1,0.38383838383838387,8,12,3,9,True,True,2,2,True,7,0,0.0,-0.10676814282176574,0.0954907161803713,True
52385d133f1317ed,Barcelona,room,2016Q1,2015Q4,0.3090425531914893,70,37,2,9,True,True,2,2,True,6,0,0.0,-0.03235339684256092,0.11960784313725503,True
52385d133f1317ed,Barcelona,room,2017Q1,2016Q4,0.2586580086580087,46,23,6,9,True,True,2,2,True,8,2,0.25,-0.009271759479077282,0.2020202020202021,True
5238613fa14c99a0,London,room,2017Q1,2016Q4,0.288888888888889,8,5,6,9,True,True,2,2,True,10,3,0.3,0.032012151454440085,0.22979797979797967,True
5238613fa14c99a0,London,service,2017Q1,2016Q4,0.18999999999999995,15,6,6,9,True,True,2,2,True,10,3,0.3,0.07697036284614589,0.463157894736842,True
52910ad79ca6bbab,London,breakfast,2016Q4,2016Q3,0.21978021978021967,25,29,5,9,True,True,2,2,True,10,1,0.1,-0.02636365775640852,0.20952380952380956,True
52910ad79ca6bbab,London,cleanliness,2016Q2,2016Q1,0.30000000000000004,10,15,3,9,True,True,2,2,True,9,2,0.2222222222222222,-0.021287394626783925,0.24545454545454537,True
52910ad79ca6bbab,London,noise,2016Q3,2016Q2,0.2255639097744362,9,4,4,9,True,True,2,2,True,9,3,0.3333333333333333,0.0003358781136558865,0.2582417582417582,True
52910ad79ca6bbab,London,room,2016Q2,2016Q1,0.22910216718266263,41,66,3,9,True,True,2,2,True,9,0,0.0,-0.07294758546489494,0.04795597484276737,True
5292306d6ac3f590,London,breakfast,2016Q2,2016Q1,0.25108225108225124,23,18,3,9,True,True,2,2,True,10,1,0.1,0.022224025033765783,0.2857142857142858,True
5292306d6ac3f590,London,cleanliness,2017Q1,2016Q4,0.3513043478260869,13,15,6,9,True,True,2,2,True,10,1,0.1,-0.037949177126569866,0.21590909090909094,True
5292306d6ac3f590,London,location,2017Q1,2016Q4,0.2057971014492752,20,36,6,9,True,True,2,2,True,10,2,0.2,0.008350703702113526,0.24038461538461542,True
5292306d6ac3f590,London,noise,2016Q2,2016Q1,0.375,6,6,3,9,True,True,2,2,True,10,2,0.2,0.06966446516446514,0.531986531986532,True
5292306d6ac3f590,London,room,2017Q1,2016Q4,0.1706349206349207,46,53,6,9,True,True,2,2,True,10,0,0.0,-0.019025234990101093,0.10638982778046036,True
5292306d6ac3f590,London,value,2016Q3,2016Q2,0.18596491228070178,20,9,4,9,True,True,2,2,True,10,1,0.1,-0.007564015505192001,0.2678571428571428,True
5292306d6ac3f590,London,value,2017Q1,2016Q4,0.22943722943722944,11,12,6,9,True,True,2,2,True,10,2,0.2,0.05052996619748538,0.3083003952569169,True
52cd492f5b96bb7a,Milan,breakfast,2016Q2,2016Q1,0.4260536398467434,19,35,3,9,True,True,2,2,True,10,2,0.2,0.049415632573103344,0.3076923076923077,True
52cd492f5b96bb7a,Milan,cleanliness,2016Q4,2016Q3,0.16995073891625623,19,18,5,9,True,True,2,2,True,10,2,0.2,-0.009297819670346253,0.35,True
52cd492f5b96bb7a,Milan,noise,2016Q2,2016Q1,0.17647058823529416,6,7,3,9,True,True,2,2,True,10,1,0.1,0.0008226963954518051,0.18181818181818177,True
52cd492f5b96bb7a,Milan,room,2016Q4,2016Q3,0.17733990147783263,48,74,5,9,True,True,2,2,True,10,2,0.2,-0.05788156925916817,0.24848484848484842,True
52cd492f5b96bb7a,Milan,service,2016Q4,2016Q3,0.27623066104078764,35,69,5,9,True,True,2,2,True,10,3,0.3,0.035499823705672715,0.46666666666666656,True
52cd492f5b96bb7a,Milan,service,2017Q1,2016Q4,0.18479532163742673,28,35,6,9,True,True,2,2,True,10,1,0.1,0.003245205586027111,0.2523809523809524,True
52cd492f5b96bb7a,Milan,value,2016Q2,2016Q1,0.27450980392156865,7,11,3,9,True,True,2,2,True,10,2,0.2,0.02478402144810816,0.28104575163398704,True
52e45bda63c179d8,London,breakfast,2016Q2,2016Q1,0.19239578561612458,49,27,3,9,True,True,2,2,True,9,2,0.2222222222222222,0.04975094432588187,0.38315789473684203,True
52e45bda63c179d8,London,cleanliness,2017Q1,2016Q4,0.15396825396825387,35,46,6,9,True,True,2,2,True,10,1,0.1,-0.046222231757006974,0.16117216117216127,True
52e45bda63c179d8,London,room,2016Q1,2015Q4,0.17626648160999303,121,89,2,9,True,True,2,2,True,9,0,0.0,0.03578788701243543,0.14942528735632188,True
52e45bda63c179d8,London,value,2016Q1,2015Q4,0.24458874458874458,23,18,2,9,True,True,2,2,True,9,1,0.1111111111111111,-0.06178301514820561,0.3027375201288245,True
52e45bda63c179d8,London,value,2016Q2,2016Q1,0.27581941867656146,39,23,3,9,True,True,2,2,True,9,4,0.4444444444444444,0.06099307119258958,0.34444444444444433,True
52f7a53d9d52f8c8,Paris,breakfast,2016Q1,2015Q4,0.35238095238095235,5,4,2,9,True,True,2,2,True,9,3,0.3333333333333333,0.017792040929295833,0.29166666666666674,True
52f7a53d9d52f8c8,Paris,breakfast,2016Q3,2016Q2,0.16410256410256407,5,3,4,9,True,True,2,2,True,10,2,0.2,-0.015705113599850485,0.17543859649122795,True
52f7a53d9d52f8c8,Paris,cleanliness,2016Q2,2016Q1,0.17647058823529416,7,0,3,9,True,True,2,2,True,9,2,0.2222222222222222,0.026385680978044217,0.2777777777777777,True
52f7a53d9d52f8c8,Paris,location,2016Q2,2016Q1,0.22312373225152116,19,7,3,9,True,True,2,2,True,9,1,0.1111111111111111,-0.10019415638076895,0.18823529411764706,True
52f7a53d9d52f8c8,Paris,room,2016Q3,2016Q2,0.25219941348973596,23,21,4,9,True,True,2,2,True,10,4,0.4,0.08704491490004809,0.20168067226890762,True
52f7a53d9d52f8c8,Paris,room,2017Q1,2016Q4,0.15873015873015883,8,11,6,9,True,True,2,2,True,10,3,0.3,-0.03291478700721947,0.21994884910485935,True
52f7a53d9d52f8c8,Paris,service,2016Q1,2015Q4,0.19047619047619047,8,4,2,9,True,True,2,2,True,9,2,0.2222222222222222,0.0234513315394186,0.40740740740740744,True
530d1194a1ea1132,Barcelona,breakfast,2016Q2,2016Q1,0.18074074074074065,15,17,3,9,True,True,2,2,True,10,5,0.5,0.11552054533111367,0.33333333333333326,True
530d1194a1ea1132,Barcelona,location,2016Q1,2015Q4,0.16190476190476177,32,40,2,9,True,True,2,2,True,10,2,0.2,0.03641484102600501,0.8500000000000001,True
530d1194a1ea1132,Barcelona,noise,2016Q2,2016Q1,0.46031746031746035,11,8,3,9,True,True,2,2,True,10,3,0.3,0.011165756948365668,0.30956521739130427,True
530d1194a1ea1132,Barcelona,value,2016Q3,2016Q2,0.1863354037267081,13,4,4,9,True,True,2,2,True,10,2,0.2,0.04491601965286175,0.416267942583732,True
530d1194a1ea1132,Barcelona,value,2017Q1,2016Q4,0.17647058823529416,6,7,6,9,True,True,2,2,True,10,3,0.3,-0.008267745326568886,0.32499999999999996,True
5311313ac5f2834c,Vienna,location,2016Q2,2016Q1,0.37142857142857144,18,5,3,9,True,True,2,2,True,10,1,0.1,-0.03354165298656164,0.15073529411764697,True
5311313ac5f2834c,Vienna,room,2016Q2,2016Q1,0.32567049808429116,19,8,3,9,True,True,2,2,True,10,1,0.1,-0.06190748454883831,0.30263157894736836,True
53132845af8c63ac,London,breakfast,2016Q4,2016Q3,0.43088803088803096,27,25,5,9,True,True,2,2,True,10,4,0.4,0.001226198831984293,0.2934782608695652,True
53132845af8c63ac,London,cleanliness,2016Q1,2015Q4,0.23259259259259246,40,44,2,9,True,True,2,2,True,9,1,0.1111111111111111,-0.00673720052031521,0.2101806239737274,True
53132845af8c63ac,London,noise,2016Q1,2015Q4,0.1525600835945663,19,23,2,9,True,True,2,2,True,9,2,0.2222222222222222,-0.0035287310649629745,0.17307692307692313,True
53132845af8c63ac,London,noise,2016Q4,2016Q3,0.17982456140350878,14,9,5,9,True,True,2,2,True,10,2,0.2,0.08686029627206096,0.3264033264033265,True
53132845af8c63ac,London,room,2016Q1,2015Q4,0.21079365079365076,140,116,2,9,True,True,2,2,True,9,3,0.3333333333333333,0.08415746540274606,0.3556443556443557,True
539591b44d8dcfd2,Paris,cleanliness,2016Q2,2016Q1,0.19852941176470584,6,7,3,9,True,True,2,2,True,9,2,0.2222222222222222,0.00555000555000551,0.33333333333333326,True
53b227ef8bddb87b,London,cleanliness,2016Q4,2016Q3,0.5296296296296295,17,10,5,9,True,True,2,2,True,10,1,0.1,0.014594172836964481,0.49230769230769234,True
53b227ef8bddb87b,London,room,2016Q1,2015Q4,0.1777777777777777,35,50,2,9,True,True,2,2,True,9,3,0.3333333333333333,0.10291775192442376,0.20697379227954904,True
53b227ef8bddb87b,London,room,2017Q1,2016Q4,0.3865079365079366,46,35,6,9,True,True,2,2,True,10,3,0.3,0.061481817385600566,0.36298773690078034,True
53b227ef8bddb87b,London,service,2017Q1,2016Q4,0.4292929292929293,26,12,6,9,True,True,2,2,True,10,2,0.2,0.04142980095413344,0.26767330130404954,True
53b227ef8bddb87b,London,value,2016Q1,2015Q4,0.19999999999999996,6,10,2,9,True,True,2,2,True,9,3,0.3333333333333333,-0.008298193652963791,0.36585365853658536,True
53b45433b2454f52,London,breakfast,2016Q1,2015Q4,0.2102272727272727,22,23,2,9,True,True,2,2,True,10,3,0.3,0.02603487952771536,0.2958053952908155,True
53b45433b2454f52,London,breakfast,2016Q4,2016Q3,0.25963488843813387,19,7,5,9,True,True,2,2,True,10,2,0.2,-0.025987870616237176,0.6339869281045752,True
53b45433b2454f52,London,cleanliness,2016Q4,2016Q3,0.3220720720720722,27,14,5,9,True,True,2,2,True,10,4,0.4,0.041327023479281924,0.23076923076923084,True
53b45433b2454f52,London,noise,2016Q1,2015Q4,0.18888888888888888,8,10,2,9,True,True,2,2,True,10,2,0.2,-0.027684223737722714,0.2450980392156863,True
53b45433b2454f52,London,noise,2016Q2,2016Q1,0.26900584795321647,9,8,3,9,True,True,2,2,True,10,4,0.4,0.11225566744916589,0.3076923076923077,True
53b45433b2454f52,London,room,2016Q2,2016Q1,0.157026325546904,114,77,3,9,True,True,2,2,True,10,2,0.2,0.07685062029592454,0.2857142857142858,True
53b45433b2454f52,London,room,2016Q4,2016Q3,0.3026315789473685,78,47,5,9,True,True,2,2,True,10,0,0.0,-0.07019874369160575,0.09559437097800727,True
53b45433b2454f52,London,value,2016Q3,2016Q2,0.303030303030303,11,23,4,9,True,True,2,2,True,10,6,0.6,0.08905247733322397,0.33333333333333326,True
53b45433b2454f52,London,value,2017Q1,2016Q4,0.15245009074410154,9,19,6,9,True,True,2,2,True,10,1,0.1,-0.02496593389590516,0.29729729729729726,True
53df1b791ef22a39,London,cleanliness,2016Q1,2015Q4,0.1777777777777778,35,11,2,9,True,True,2,2,True,9,2,0.2222222222222222,0.06252621096327177,0.4940577249575553,True
53df1b791ef22a39,London,location,2017Q1,2016Q4,0.18764302059496574,28,36,6,9,True,True,2,2,True,10,1,0.1,-0.011692473658079816,0.21666666666666679,True
53df1b791ef22a39,London,noise,2017Q1,2016Q4,0.23611111111111116,8,6,6,9,True,True,2,2,True,10,3,0.3,0.025692461743311402,0.4396284829721363,True
53df1b791ef22a39,London,service,2016Q1,2015Q4,0.3106741573033709,79,30,2,9,True,True,2,2,True,9,1,0.1111111111111111,-0.005653678509117293,0.2520325203252034,True
53df1b791ef22a39,London,value,2017Q1,2016Q4,0.2857142857142857,25,18,6,9,True,True,2,2,True,10,5,0.5,0.10197838787202987,0.3999999999999999,True
545343709425f474,London,breakfast,2016Q2,2016Q1,0.21527777777777768,22,26,3,9,True,True,2,2,True,9,3,0.3333333333333333,0.08698448002668947,0.38315789473684203,True
545343709425f474,London,cleanliness,2016Q1,2015Q4,0.4942857142857142,18,15,2,9,True,True,2,2,True,9,2,0.2222222222222222,-0.03008891319565701,0.27450980392156876,True
545343709425f474,London,noise,2016Q1,2015Q4,0.15053763440860213,11,21,2,9,True,True,2,2,True,9,2,0.2222222222222222,-0.05223409774493368,0.28104575163398693,True
545343709425f474,London,value,2016Q2,2016Q1,0.20320855614973254,23,24,3,9,True,True,2,2,True,9,2,0.2222222222222222,-0.12819014597272782,0.1678321678321678,True
545343709425f474,London,value,2017Q1,2016Q4,0.19130434782608696,10,13,6,9,True,True,2,2,True,10,4,0.4,0.026492751800330238,0.3083003952569169,True
5464849576e5d4f9,Amsterdam,breakfast,2016Q2,2016Q1,0.2680538555691555,33,28,3,9,True,True,2,2,True,10,2,0.2,0.03431150821350457,0.21978021978021967,True
5464849576e5d4f9,Amsterdam,noise,2016Q1,2015Q4,0.4396284829721362,9,7,2,9,True,True,2,2,True,9,2,0.2222222222222222,0.05647039960765453,0.40476190476190477,True
5464849576e5d4f9,Amsterdam,noise,2016Q3,2016Q2,0.3999999999999999,20,14,4,9,True,True,2,2,True,10,2,0.2,-0.031044006880987806,0.2142857142857142,True
5464849576e5d4f9,Amsterdam,value,2017Q1,2016Q4,0.2291128337639965,17,33,6,9,True,True,2,2,True,10,3,0.3,0.03992001935113391,0.5506072874493927,True
54af653478caa8b7,Barcelona,breakfast,2016Q2,2016Q1,0.2592592592592593,17,12,3,9,True,True,2,2,True,10,1,0.1,-0.07208095387297861,0.2525252525252524,True
54af653478caa8b7,Barcelona,cleanliness,2016Q2,2016Q1,0.26515151515151514,23,14,3,9,True,True,2,2,True,10,2,0.2,0.0069205129869813085,0.36190476190476195,True
54af653478caa8b7,Barcelona,cleanliness,2016Q4,2016Q3,0.15079365079365092,8,18,5,9,True,True,2,2,True,10,0,0.0,-0.05041026666231509,0.10581395348837219,True
54af653478caa8b7,Barcelona,value,2016Q1,2015Q4,0.17543859649122806,9,11,2,9,True,True,2,2,True,10,3,0.3,0.02541634835752482,0.23076923076923073,True
54b45e7b1674ec84,Milan,breakfast,2016Q1,2015Q4,0.3988603988603987,17,3,2,9,True,True,2,2,True,8,0,0.0,-0.07359749625374629,0.1398601398601398,True
54b45e7b1674ec84,Milan,location,2017Q1,2016Q4,0.15476190476190466,14,11,6,9,True,True,2,2,True,10,0,0.0,-0.020464725582749234,0.11111111111111116,True
54b45e7b1674ec84,Milan,room,2016Q2,2016Q1,0.1661661661661662,27,17,3,9,True,True,2,2,True,9,1,0.1111111111111111,-0.03929247080285855,0.22580645161290325,True
54b45e7b1674ec84,Milan,service,2016Q1,2015Q4,0.1875,22,10,2,9,True,True,2,2,True,8,0,0.0,-0.0413381408281788,0.1272727272727272,True
54b45e7b1674ec84,Milan,service,2016Q3,2016Q2,0.18947368421052624,47,35,4,9,True,True,2,2,True,10,3,0.3,0.07239336580317682,0.32380952380952377,True
54cfcb5273954f80,London,breakfast,2016Q1,2015Q4,0.49411764705882355,7,5,2,9,True,True,2,2,True,9,1,0.1111111111111111,-0.044558200632369434,0.24615384615384617,True
54cfcb5273954f80,London,breakfast,2016Q3,2016Q2,0.18382352941176472,7,6,4,9,True,True,2,2,True,9,2,0.2222222222222222,0.021555863085678657,0.25,True
54cfcb5273954f80,London,breakfast,2017Q1,2016Q4,0.23076923076923073,6,3,6,9,True,True,2,2,True,9,4,0.4444444444444444,0.08325927216096186,0.4,True
54cfcb5273954f80,London,noise,2016Q3,2016Q2,0.25,6,6,4,9,True,True,2,2,True,9,3,0.3333333333333333,0.12667889245041852,0.7450980392156864,True
54cfcb5273954f80,London,room,2016Q3,2016Q2,0.18181818181818188,34,23,4,9,True,True,2,2,True,9,1,0.1111111111111111,-0.0270655348771311,0.2213438735177865,True
54e318eeadcf2506,Paris,location,2017Q1,2016Q4,0.3208556149732622,7,1,6,9,True,True,2,2,True,10,3,0.3,0.05825326127044224,0.21169354838709675,True
54e318eeadcf2506,Paris,room,2016Q1,2015Q4,0.19195046439628483,9,7,2,9,True,True,2,2,True,9,2,0.2222222222222222,-0.030681836930067333,0.2852664576802507,True
54e318eeadcf2506,Paris,room,2016Q3,2016Q2,0.2564102564102564,5,3,4,9,True,True,2,2,True,10,3,0.3,-0.03333868041519763,0.2989214175654855,True
54e318eeadcf2506,Paris,service,2017Q1,2016Q4,0.26923076923076916,14,3,6,9,True,True,2,2,True,10,0,0.0,-0.08781533825651473,-0.011363636363636465,True
569d26f94c25e4af,London,breakfast,2016Q1,2015Q4,0.22153209109730865,36,32,2,9,True,True,2,2,True,10,1,0.1,0.03127401232643943,0.43999999999999995,True
569d26f94c25e4af,London,breakfast,2017Q1,2016Q4,0.21969696969696972,14,23,6,9,True,True,2,2,True,10,3,0.3,0.09791636925796805,0.45791245791245794,True
569d26f94c25e4af,London,cleanliness,2016Q2,2016Q1,0.17391304347826086,13,13,3,9,True,True,2,2,True,10,1,0.1,-0.06343001634252139,0.16666666666666674,True
569d26f94c25e4af,London,service,2016Q4,2016Q3,0.21176470588235308,58,70,5,9,True,True,2,2,True,10,2,0.2,0.041025467299115714,0.2644787644787645,True
569d26f94c25e4af,London,value,2016Q1,2015Q4,0.15000000000000002,14,20,2,9,True,True,2,2,True,10,7,0.7,0.19772014401944404,0.5986842105263158,True
569d26f94c25e4af,London,value,2016Q4,2016Q3,0.27472527472527475,16,18,5,9,True,True,2,2,True,10,5,0.5,0.09588759108108953,0.3421052631578947,True
56c5bb7d28d0aa06,London,noise,2016Q2,2016Q1,0.18181818181818188,23,32,3,9,True,True,2,2,True,10,5,0.5,0.12605312042408773,0.3928571428571428,True
56c5bb7d28d0aa06,London,room,2016Q1,2015Q4,0.16253462136053498,121,103,2,9,True,True,2,2,True,10,3,0.3,0.10641680954743866,0.19047619047619047,True
56c5bb7d28d0aa06,London,value,2016Q1,2015Q4,0.18803418803418803,16,17,2,9,True,True,2,2,True,10,2,0.2,-0.01897468212109147,0.20740740740740737,True
56c5bb7d28d0aa06,London,value,2016Q3,2016Q2,0.2657004830917875,8,13,4,9,True,True,2,2,True,10,1,0.1,-0.0886820531422463,0.15742793791574272,True
56c5bb7d28d0aa06,London,value,2017Q1,2016Q4,0.24736842105263157,9,10,6,9,True,True,2,2,True,10,7,0.7,0.21130360604203874,0.40882694541231124,True
56eb3beb416f9ef2,Amsterdam,breakfast,2016Q2,2016Q1,0.3152709359605911,18,19,3,9,True,True,2,2,True,9,2,0.2222222222222222,0.04155961695223461,0.2706766917293233,True
56eb3beb416f9ef2,Amsterdam,breakfast,2016Q4,2016Q3,0.32795698924731187,21,14,5,9,True,True,2,2,True,9,2,0.2222222222222222,0.03885096115606247,0.27819548872180455,True
56eb3beb416f9ef2,Amsterdam,cleanliness,2016Q2,2016Q1,0.41414141414141414,23,26,3,9,True,True,2,2,True,9,2,0.2222222222222222,-0.044002924080158316,0.23394185260311007,True
56eb3beb416f9ef2,Amsterdam,location,2017Q1,2016Q4,0.22525991528686928,88,43,6,9,True,True,2,2,True,9,2,0.2222222222222222,-0.027057465051219372,0.3175027870680045,True
56eb3beb416f9ef2,Amsterdam,noise,2016Q1,2015Q4,0.21553884711779436,9,11,2,9,True,True,2,2,True,8,1,0.125,0.011300140852402274,0.2142857142857142,True
56eb3beb416f9ef2,Amsterdam,service,2017Q1,2016Q4,0.17142857142857149,74,30,6,9,True,True,2,2,True,9,4,0.4444444444444444,0.11154600278076164,0.26190476190476186,True
56eb3beb416f9ef2,Amsterdam,value,2016Q4,2016Q3,0.2222222222222222,17,8,5,9,True,True,2,2,True,9,3,0.3333333333333333,0.036288955159862156,0.4242424242424242,True
571e69f1d44b7bed,Amsterdam,breakfast,2016Q3,2016Q2,0.22181818181818191,12,15,4,9,True,True,2,2,True,10,2,0.2,0.05654546488918314,0.6578947368421053,True
571e69f1d44b7bed,Amsterdam,cleanliness,2016Q2,2016Q1,0.2142857142857144,14,11,3,9,True,True,2,2,True,10,4,0.4,0.04939464243860806,0.37777777777777777,True
571e69f1d44b7bed,Amsterdam,room,2016Q1,2015Q4,0.25098039215686274,24,20,2,9,True,True,2,2,True,9,3,0.3333333333333333,0.019397218984173473,0.2492063492063492,True
571e69f1d44b7bed,Amsterdam,value,2016Q3,2016Q2,0.30000000000000004,8,10,4,9,True,True,2,2,True,10,2,0.2,-0.014989821830378069,0.2842242503259452,True
572188f9033b5899,London,breakfast,2016Q3,2016Q2,0.40096038415366153,39,24,4,9,True,True,2,2,True,10,4,0.4,0.03621874470507051,0.375,True
572188f9033b5899,London,cleanliness,2017Q1,2016Q4,0.2097560975609758,31,30,6,9,True,True,2,2,True,10,1,0.1,-0.016631731020008998,0.2941176470588236,True
572188f9033b5899,London,noise,2016Q1,2015Q4,0.44720496894409945,13,4,2,9,True,True,2,2,True,9,1,0.1111111111111111,-0.002360555434111511,0.2799999999999998,True
572188f9033b5899,London,service,2016Q1,2015Q4,0.2454095016030311,63,37,2,9,True,True,2,2,True,9,2,0.2222222222222222,0.053216770498810385,0.290909090909091,True
572188f9033b5899,London,service,2016Q4,2016Q3,0.152276295133438,81,88,5,9,True,True,2,2,True,10,0,0.0,-0.002833984454879479,0.1458128078817733,True
572188f9033b5899,London,value,2016Q3,2016Q2,0.15508021390374327,24,23,4,9,True,True,2,2,True,10,0,0.0,-0.053210590401259764,0.09090909090909094,True
572188f9033b5899,London,value,2017Q1,2016Q4,0.27403846153846156,22,16,6,9,True,True,2,2,True,10,3,0.3,-0.0008009392568216311,0.2666666666666666,True
573aaedcd3eac57f,Vienna,breakfast,2016Q1,2015Q4,0.20779220779220786,23,18,2,9,True,True,2,2,True,10,1,0.1,0.00023827685154921286,0.21052631578947367,True
573aaedcd3eac57f,Vienna,breakfast,2016Q3,2016Q2,0.1611111111111112,30,26,4,9,True,True,2,2,True,10,2,0.2,-0.024539675221910695,0.5021645021645023,True
573aaedcd3eac57f,Vienna,cleanliness,2016Q4,2016Q3,0.24848484848484853,12,20,5,9,True,True,2,2,True,10,3,0.3,0.03558272349693503,0.23076923076923084,True
573aaedcd3eac57f,Vienna,location,2016Q3,2016Q2,0.16470588235294104,20,24,4,9,True,True,2,2,True,10,3,0.3,0.09798267934946465,0.3076923076923077,True
573aaedcd3eac57f,Vienna,location,2017Q1,2016Q4,0.26936026936026924,17,23,6,9,True,True,2,2,True,9,2,0.2222222222222222,0.05651242256274412,0.31534391534391526,True
573aaedcd3eac57f,Vienna,service,2016Q4,2016Q3,0.15873015873015883,25,35,5,9,True,True,2,2,True,10,2,0.2,-0.04858675520920972,0.23763955342902698,True
573aaedcd3eac57f,Vienna,service,2017Q1,2016Q4,0.2857142857142858,20,25,6,9,True,True,2,2,True,9,3,0.3333333333333333,0.08550736550554183,0.31493506493506507,True
573aaedcd3eac57f,Vienna,value,2016Q2,2016Q1,0.2222222222222221,11,8,3,9,True,True,2,2,True,10,1,0.1,-0.03096996141113787,0.23076923076923084,True
573aaedcd3eac57f,Vienna,value,2017Q1,2016Q4,0.33333333333333326,11,6,6,9,True,True,2,2,True,9,7,0.7777777777777778,0.26399254395216165,0.6267942583732057,True
57521e2998c099e6,London,breakfast,2016Q2,2016Q1,0.38315789473684203,9,15,3,9,True,True,2,2,True,9,3,0.3333333333333333,0.06530177964769601,0.21527777777777768,True
57521e2998c099e6,London,breakfast,2017Q1,2016Q4,0.25263157894736843,10,9,6,9,True,True,2,2,True,10,2,0.2,0.06706149073378703,0.4285714285714285,True
57521e2998c099e6,London,cleanliness,2017Q1,2016Q4,0.16117216117216127,11,3,6,9,True,True,2,2,True,10,2,0.2,0.012153697868922642,0.3701298701298701,True
57521e2998c099e6,London,noise,2016Q1,2015Q4,0.28104575163398693,7,8,2,9,True,True,2,2,True,9,1,0.1111111111111111,-0.09858783012028624,0.15053763440860213,True
57521e2998c099e6,London,room,2016Q2,2016Q1,0.22756410256410242,38,42,3,9,True,True,2,2,True,9,0,0.0,-0.05617056739157051,0.13308925390856918,True
57521e2998c099e6,London,room,2016Q4,2016Q3,0.31034482758620685,19,26,5,9,True,True,2,2,True,10,0,0.0,-0.0519052280820919,0.13101604278074874,True
57521e2998c099e6,London,service,2016Q4,2016Q3,0.20148148148148137,17,15,5,9,True,True,2,2,True,10,0,0.0,-0.03809714114444196,0.12220403709765404,True
57521e2998c099e6,London,value,2017Q1,2016Q4,0.22222222222222232,8,0,6,9,True,True,2,2,True,10,4,0.4,0.11439543624247858,0.23111111111111127,True
57887f3eb2de06cb,London,room,2016Q4,2016Q3,0.2974358974358975,16,20,5,6,True,True,2,2,True,10,2,0.2,-0.017536650878107164,0.28211284513805523,True
57887f3eb2de06cb,London,value,2017Q1,2016Q4,0.2666666666666666,5,5,6,6,True,True,2,2,True,10,2,0.2,0.05639977643061134,0.2666666666666667,True
57e37f5d7dddce62,Paris,cleanliness,2016Q2,2016Q1,0.2564102564102564,5,3,3,9,True,True,2,2,True,10,0,0.0,-0.04025214981097336,0.07692307692307687,True
57e37f5d7dddce62,Paris,location,2016Q2,2016Q1,0.18681318681318682,16,11,3,9,True,True,2,2,True,10,1,0.1,-0.008935899242850187,0.21212121212121215,True
57e37f5d7dddce62,Paris,noise,2016Q3,2016Q2,0.20192307692307687,6,3,4,9,True,True,2,2,True,10,4,0.4,0.05200603318250378,0.23076923076923084,True
57e37f5d7dddce62,Paris,room,2016Q1,2015Q4,0.18333333333333335,6,5,2,9,True,True,2,2,True,10,4,0.4,0.05138260630260544,0.24571428571428577,True
57e37f5d7dddce62,Paris,room,2016Q3,2016Q2,0.27586206896551735,19,19,4,9,True,True,2,2,True,10,5,0.5,0.029846581879156942,0.26315789473684215,True
57e37f5d7dddce62,Paris,service,2016Q2,2016Q1,0.2315789473684211,15,9,3,9,True,True,2,2,True,10,2,0.2,0.0015144117385334165,0.34391534391534373,True
57e37f5d7dddce62,Paris,value,2016Q3,2016Q2,0.34090909090909094,6,1,4,9,True,True,2,2,True,10,1,0.1,0.00940672073025014,0.33333333333333337,True
5830ed37e84758d4,Paris,room,2016Q1,2015Q4,0.18333333333333335,6,5,2,9,True,True,2,2,True,6,1,0.16666666666666666,0.010779537469704373,0.17361111111111116,True
589590dc42b0cf56,Paris,service,2016Q4,2016Q3,0.19437340153452687,7,13,5,9,True,True,2,2,True,9,2,0.2222222222222222,0.00674320560334079,0.38888888888888884,True
58ccc4d0f0d6a393,Paris,location,2016Q3,2016Q2,0.16521739130434798,13,10,4,9,True,True,2,2,True,9,1,0.1111111111111111,0.02505945308099442,0.4444444444444444,True
58ccc4d0f0d6a393,Paris,room,2016Q2,2016Q1,0.18546365914786977,11,9,3,9,True,True,2,2,True,9,3,0.3333333333333333,0.02326784591776882,0.38043478260869557,True
58ccc4d0f0d6a393,Paris,service,2016Q2,2016Q1,0.16666666666666674,10,8,3,9,True,True,2,2,True,9,2,0.2222222222222222,0.029348221207585637,0.2175066312997347,True
594f70397bb4e64b,Vienna,cleanliness,2017Q1,2016Q4,0.15151515151515138,12,23,6,9,True,True,2,2,True,10,1,0.1,-0.06274881980764334,0.27450980392156854,True
594f70397bb4e64b,Vienna,location,2016Q2,2016Q1,0.25555555555555576,20,26,3,9,True,True,2,2,True,9,1,0.1111111111111111,0.03620861406180041,0.16666666666666674,True
594f70397bb4e64b,Vienna,room,2016Q4,2016Q3,0.28084752804320723,48,73,5,9,True,True,2,2,True,10,0,0.0,-0.09531322412082559,0.09610983981693366,True
594f70397bb4e64b,Vienna,service,2016Q1,2015Q4,0.26344086021505386,26,21,2,9,True,True,2,2,True,9,4,0.4444444444444444,0.09684777515987159,0.285204991087344,True
594f70397bb4e64b,Vienna,value,2016Q1,2015Q4,0.42285714285714293,15,11,2,9,True,True,2,2,True,9,1,0.1111111111111111,0.00118565644881436,0.5,True
5995c3279ab92a30,Paris,room,2016Q3,2016Q2,0.2909090909090908,12,20,4,9,True,True,2,2,True,10,2,0.2,0.015052992872760329,0.25396825396825407,True
5995c3279ab92a30,Paris,service,2016Q2,2016Q1,0.23863636363636354,12,6,3,9,True,True,2,2,True,9,1,0.1111111111111111,-0.03972010665559053,0.15714285714285725,True
5999911a09a8b6d8,Paris,cleanliness,2017Q1,2016Q4,0.19999999999999996,5,0,6,9,True,True,2,2,True,9,3,0.3333333333333333,0.07746354952237305,0.3764705882352941,True
5999911a09a8b6d8,Paris,location,2017Q1,2016Q4,0.15538847117794474,11,9,6,9,True,True,2,2,True,9,4,0.4444444444444444,0.002297976608321465,0.19480519480519498,True
5999911a09a8b6d8,Paris,room,2016Q3,2016Q2,0.32000000000000006,15,10,4,9,True,True,2,2,True,9,0,0.0,-0.03834524031656645,0.11481481481481493,True
5999911a09a8b6d8,Paris,service,2017Q1,2016Q4,0.33333333333333326,14,6,6,9,True,True,2,2,True,9,3,0.3333333333333333,0.10949290964724427,0.30065359477124187,True
5a3f36be499a9c17,London,breakfast,2016Q1,2015Q4,0.5098039215686274,44,24,2,9,True,True,2,2,True,9,3,0.3333333333333333,0.061124223815404194,0.3205619412515963,True
5a3f36be499a9c17,London,breakfast,2016Q3,2016Q2,0.3137254901960784,47,41,4,9,True,True,2,2,True,10,1,0.1,-0.0399517166495784,0.27542372881355925,True
5a3f36be499a9c17,London,cleanliness,2016Q2,2016Q1,0.1671087533156499,48,29,3,9,True,True,2,2,True,9,0,0.0,-0.021022627863898177,0.10322580645161294,True
5a3f36be499a9c17,London,cleanliness,2016Q4,2016Q3,0.25555555555555554,22,35,5,9,True,True,2,2,True,10,1,0.1,-0.05881124616109355,0.2678571428571428,True
5a3f36be499a9c17,London,location,2016Q3,2016Q2,0.1661290322580644,83,110,4,9,True,True,2,2,True,10,1,0.1,0.04003663187151798,0.4068627450980391,True
5a3f36be499a9c17,London,location,2017Q1,2016Q4,0.1591772859378493,61,53,6,9,True,True,2,2,True,10,1,0.1,-0.0442837480046782,0.16666666666666674,True
5a3f36be499a9c17,London,noise,2017Q1,2016Q4,0.2578947368421054,10,9,6,9,True,True,2,2,True,10,0,0.0,0.012167048637636868,0.10000000000000009,True
5a3f36be499a9c17,London,service,2016Q1,2015Q4,0.16248474162484738,91,63,2,9,True,True,2,2,True,9,2,0.2222222222222222,-0.0018603245246889709,0.29537712895377144,True
5a3f36be499a9c17,London,value,2016Q1,2015Q4,0.5151515151515151,14,23,2,9,True,True,2,2,True,9,2,0.2222222222222222,0.06653875483143777,0.5194805194805194,True
5a3f36be499a9c17,London,value,2016Q4,2016Q3,0.22344322344322343,11,16,5,9,True,True,2,2,True,10,3,0.3,0.01685467444834734,0.2016806722689075,True
5a3f36be499a9c17,London,value,2017Q1,2016Q4,0.19461697722567295,13,11,6,9,True,True,2,2,True,10,1,0.1,0.060842899448916944,0.41159420289855075,True
5a42f2f77a4ec2ea,London,breakfast,2017Q1,2016Q4,0.42000000000000004,10,15,6,9,True,True,2,2,True,10,3,0.3,-0.0396451880978157,0.24137931034482762,True
5a42f2f77a4ec2ea,London,cleanliness,2016Q4,2016Q3,0.18300653594771243,7,8,5,9,True,True,2,2,True,10,2,0.2,-0.017140454593692667,0.19565217391304346,True
5a42f2f77a4ec2ea,London,location,2017Q1,2016Q4,0.16666666666666674,10,14,6,9,True,True,2,2,True,10,1,0.1,-5.0822433948916056e-05,0.15109890109890123,True
5a42f2f77a4ec2ea,London,room,2016Q2,2016Q1,0.31428571428571417,25,18,3,9,True,True,2,2,True,9,0,0.0,-0.08177666537746862,0.11517027863777085,True
5a42f2f77a4ec2ea,London,room,2016Q4,2016Q3,0.18010752688172038,21,14,5,9,True,True,2,2,True,10,1,0.1,0.012458850537468702,0.23285486443381187,True
5a42f2f77a4ec2ea,London,service,2016Q3,2016Q2,0.21568627450980382,17,24,4,9,True,True,2,2,True,9,0,0.0,-0.0683351960424976,0.050000000000000044,True
5a4483853e2214f5,London,breakfast,2017Q1,2016Q4,0.6617647058823529,6,7,6,9,True,True,2,2,True,10,3,0.3,0.015974757512476612,0.1868173258003767,True
5a4483853e2214f5,London,location,2016Q2,2016Q1,0.3571428571428572,10,4,3,9,True,True,2,2,True,8,1,0.125,0.02597333920525155,0.16859946476360377,True
5a4483853e2214f5,London,service,2016Q2,2016Q1,0.4571428571428573,15,4,3,9,True,True,2,2,True,8,1,0.125,-0.03391140558582084,0.15586373228821215,True
5a4483853e2214f5,London,service,2017Q1,2016Q4,0.2828282828282829,17,12,6,9,True,True,2,2,True,10,3,0.3,0.07985772374413284,0.4292929292929293,True
5a4efbdc904e6072,Amsterdam,breakfast,2016Q4,2016Q3,0.16000000000000014,40,40,5,6,True,True,2,2,True,9,2,0.2222222222222222,-0.029876212760463223,0.27142857142857135,True
5a4efbdc904e6072,Amsterdam,noise,2017Q1,2016Q4,0.21078431372549034,7,14,6,6,True,True,2,2,True,9,1,0.1111111111111111,-0.11651131213424369,0.1578947368421053,True
5a4efbdc904e6072,Amsterdam,value,2016Q4,2016Q3,0.24347826086956514,13,5,5,6,True,True,2,2,True,9,2,0.2222222222222222,0.07211215112838856,0.25116279069767444,True
5ad0225950c979eb,Amsterdam,cleanliness,2016Q3,2016Q2,0.18623481781376516,9,3,4,9,True,True,2,2,True,9,3,0.3333333333333333,0.010838310857057628,0.303030303030303,True
5ad0225950c979eb,Amsterdam,location,2017Q1,2016Q4,0.26909090909090927,15,12,6,9,True,True,2,2,True,10,1,0.1,-0.04546548048966921,0.16923076923076907,True
5ad0225950c979eb,Amsterdam,room,2016Q2,2016Q1,0.21052631578947367,9,9,3,9,True,True,2,2,True,8,1,0.125,-0.04691576792580958,0.1865079365079365,True
5ad0225950c979eb,Amsterdam,room,2016Q3,2016Q2,0.15619694397283546,21,9,4,9,True,True,2,2,True,9,0,0.0,0.006067028435900889,0.07717569786535283,True
5b4f34e759743410,Paris,breakfast,2016Q2,2016Q1,0.19999999999999996,5,2,3,9,True,True,2,2,True,9,0,0.0,0.02745466034939719,0.1497975708502024,True
5b4f34e759743410,Paris,breakfast,2017Q1,2016Q4,0.2678571428571429,6,4,6,9,True,True,2,2,True,9,2,0.2222222222222222,0.03328153328153327,0.18181818181818177,True
5b4f34e759743410,Paris,cleanliness,2017Q1,2016Q4,0.3450980392156864,7,5,6,9,True,True,2,2,True,9,2,0.2222222222222222,0.0025445143092202274,0.16666666666666674,True
5b4f34e759743410,Paris,room,2016Q1,2015Q4,0.16747181964573266,13,17,2,9,True,True,2,2,True,10,4,0.4,0.06248513946521537,0.2857142857142857,True
5b5c3f9f7a84f013,Barcelona,cleanliness,2016Q1,2015Q4,0.18333333333333335,22,5,2,9,True,True,2,2,True,8,1,0.125,-0.10953202241514932,0.23076923076923084,True
5b5c3f9f7a84f013,Barcelona,cleanliness,2016Q3,2016Q2,0.19323671497584538,13,8,4,9,True,True,2,2,True,8,3,0.375,0.1077507994484539,0.3308270676691729,True
5b5c3f9f7a84f013,Barcelona,room,2016Q1,2015Q4,0.15952537903757413,31,27,2,9,True,True,2,2,True,8,1,0.125,-0.08706749622681516,0.22715501294857554,True
5b5c3f9f7a84f013,Barcelona,room,2017Q1,2016Q4,0.1959052589321557,37,43,6,9,True,True,2,2,True,10,1,0.1,-0.027243176698754555,0.3068181818181819,True
5b5c3f9f7a84f013,Barcelona,service,2016Q4,2016Q3,0.18837209302325575,33,30,5,9,True,True,2,2,True,9,2,0.2222222222222222,-0.07772546145852083,0.37593984962406024,True
5b5c3f9f7a84f013,Barcelona,service,2017Q1,2016Q4,0.18604651162790709,33,33,6,9,True,True,2,2,True,10,4,0.4,0.06911154094537246,0.22312373225152116,True
5b5c3f9f7a84f013,Barcelona,value,2016Q3,2016Q2,0.24347826086956514,13,5,4,9,True,True,2,2,True,8,2,0.25,0.003101976283090835,0.16666666666666663,True
5bd1979b6211fe3e,Vienna,breakfast,2016Q3,2016Q2,0.21414728682170536,33,38,4,9,True,True,2,2,True,10,4,0.4,0.11713640529105425,0.45128205128205123,True
5bd1979b6211fe3e,Vienna,cleanliness,2016Q2,2016Q1,0.6914765906362546,39,7,3,9,True,True,2,2,True,10,2,0.2,-0.0018257708350587487,0.19444444444444442,True
5bd1979b6211fe3e,Vienna,cleanliness,2016Q4,2016Q3,0.15660919540229878,19,38,5,9,True,True,2,2,True,10,0,0.0,-0.051721722365617895,0.1447811447811449,True
5bd1979b6211fe3e,Vienna,location,2016Q2,2016Q1,0.16439119531903046,87,27,3,9,True,True,2,2,True,10,1,0.1,-0.025139305249339116,0.19047619047619047,True
5bd1979b6211fe3e,Vienna,noise,2016Q2,2016Q1,0.20999999999999996,15,6,3,9,True,True,2,2,True,10,3,0.3,0.007215073256263194,0.19480519480519498,True
5bd1979b6211fe3e,Vienna,room,2016Q2,2016Q1,0.18827838827838828,81,20,3,9,True,True,2,2,True,10,1,0.1,-0.029141894203630593,0.15384615384615374,True
5bd1979b6211fe3e,Vienna,service,2016Q4,2016Q3,0.18595317725752492,36,55,5,9,True,True,2,2,True,10,1,0.1,-0.01901660324964378,0.20643939393939403,True
5bd1979b6211fe3e,Vienna,value,2016Q1,2015Q4,0.19999999999999996,10,4,2,9,True,True,2,2,True,10,2,0.2,0.009517461793676619,0.2857142857142857,True
5bd46553a7aeeabe,Barcelona,breakfast,2016Q3,2016Q2,0.1890909090909092,15,12,4,9,True,True,2,2,True,10,1,0.1,-0.07063529597194022,0.242857142857143,True
5bd46553a7aeeabe,Barcelona,cleanliness,2016Q3,2016Q2,0.16190476190476177,10,11,4,9,True,True,2,2,True,10,1,0.1,-0.058055279259580414,0.16666666666666674,True
5bd46553a7aeeabe,Barcelona,location,2016Q2,2016Q1,0.24451410658307204,19,12,3,9,True,True,2,2,True,10,2,0.2,0.03395133344903174,0.27956989247311825,True
5bd46553a7aeeabe,Barcelona,location,2016Q4,2016Q3,0.16878402903811263,19,28,5,9,True,True,2,2,True,10,1,0.1,-0.09734860972154025,0.2493345164152616,True
5bd46553a7aeeabe,Barcelona,room,2016Q4,2016Q3,0.22955523672883782,31,41,5,9,True,True,2,2,True,10,1,0.1,0.03666737994667506,0.2761578044596913,True
5bd46553a7aeeabe,Barcelona,service,2016Q1,2015Q4,0.2980030721966205,11,21,2,9,True,True,2,2,True,10,2,0.2,0.025115115502081654,0.30959752321981426,True
5bd46553a7aeeabe,Barcelona,service,2017Q1,2016Q4,0.2542542542542543,27,17,6,9,True,True,2,2,True,10,1,0.1,-0.046897626801877236,0.22380952380952368,True
5bd46553a7aeeabe,Barcelona,value,2016Q4,2016Q3,0.22943722943722944,11,12,5,9,True,True,2,2,True,10,3,0.3,0.063022040198336,0.2941176470588235,True
5c2f2b0209b22b12,Barcelona,breakfast,2016Q1,2015Q4,0.5747126436781609,20,19,2,9,True,True,2,2,True,9,2,0.2222222222222222,-0.046188809406903654,0.2941176470588236,True
5c2f2b0209b22b12,Barcelona,cleanliness,2017Q1,2016Q4,0.15151515151515138,12,23,6,9,True,True,2,2,True,10,1,0.1,-0.0012314024648120813,0.375,True
5c2f2b0209b22b12,Barcelona,service,2016Q2,2016Q1,0.21656534954407314,46,37,3,9,True,True,2,2,True,10,4,0.4,0.005168155047673673,0.20445344129554655,True
5c6ac8c9cfcc8083,London,breakfast,2016Q2,2016Q1,0.15384615384615397,16,16,3,9,True,True,2,2,True,9,2,0.2222222222222222,0.04582869367571342,0.26388888888888884,True
5c6ac8c9cfcc8083,London,breakfast,2016Q3,2016Q2,0.15176715176715172,27,16,4,9,True,True,2,2,True,9,1,0.1111111111111111,-0.00742449494016696,0.24736842105263168,True
5c6ac8c9cfcc8083,London,breakfast,2017Q1,2016Q4,0.22813238770685573,37,26,6,9,True,True,2,2,True,10,2,0.2,-0.07894380058376003,0.42000000000000004,True
5c6ac8c9cfcc8083,London,cleanliness,2016Q1,2015Q4,0.3913043478260869,13,2,2,9,True,True,2,2,True,9,0,0.0,-0.16830100215938001,0.05119880119880116,True
5c6ac8c9cfcc8083,London,location,2016Q2,2016Q1,0.17521367521367526,26,29,3,9,True,True,2,2,True,9,2,0.2222222222222222,0.06058674239204947,0.28205128205128216,True
5c6ac8c9cfcc8083,London,location,2017Q1,2016Q4,0.15109890109890123,46,29,6,9,True,True,2,2,True,10,1,0.1,0.030374336751789643,0.16666666666666674,True
5c6ac8c9cfcc8083,London,room,2016Q1,2015Q4,0.34084880636604775,42,19,2,9,True,True,2,2,True,9,2,0.2222222222222222,-0.007403068484374751,0.2296015180265656,True
5c6ac8c9cfcc8083,London,room,2016Q4,2016Q3,0.23285486443381187,56,66,5,9,True,True,2,2,True,10,1,0.1,0.014328940335505714,0.18010752688172038,True
5c6ac8c9cfcc8083,London,service,2016Q2,2016Q1,0.2906976744186047,34,33,3,9,True,True,2,2,True,9,2,0.2222222222222222,-0.013415226099638522,0.288888888888889,True
5c9c3ab6de8b8636,London,breakfast,2016Q4,2016Q3,0.1633986928104576,26,24,5,9,True,True,2,2,True,10,2,0.2,-0.04752412004364426,0.4532839962997226,True
5c9c3ab6de8b8636,London,location,2016Q2,2016Q1,0.16000000000000014,15,15,3,9,True,True,2,2,True,10,2,0.2,0.027340618415314356,0.4242424242424242,True
5c9c3ab6de8b8636,London,location,2016Q4,2016Q3,0.15714285714285725,25,26,5,9,True,True,2,2,True,10,1,0.1,0.048680623580837336,0.16883116883116878,True
5c9c3ab6de8b8636,London,noise,2016Q4,2016Q3,0.3445378151260504,7,4,5,9,True,True,2,2,True,10,3,0.3,0.05065450631240105,0.3076923076923076,True
5c9c3ab6de8b8636,London,room,2016Q4,2016Q3,0.22213500784929363,42,39,5,9,True,True,2,2,True,10,1,0.1,-0.04484677668768426,0.24390243902439035,True
5c9c3ab6de8b8636,London,value,2016Q1,2015Q4,0.5333333333333332,5,5,2,9,True,True,2,2,True,10,6,0.6,0.08351039276395592,0.24552429667519182,True
5c9c3ab6de8b8636,London,value,2016Q4,2016Q3,0.31666666666666665,6,5,5,9,True,True,2,2,True,10,4,0.4,0.07836851057439294,0.30000000000000004,True
5c9d61a06f32fe92,Barcelona,location,2016Q4,2016Q3,0.24242424242424243,5,12,5,9,True,True,2,2,True,9,0,0.0,-0.022929033843597554,0.11063829787234059,True
5c9d61a06f32fe92,Barcelona,room,2017Q1,2016Q4,0.20952380952380956,5,4,6,9,True,True,2,2,True,10,1,0.1,0.027471809923340296,0.20879120879120894,True
5c9d61a06f32fe92,Barcelona,service,2016Q3,2016Q2,0.22077922077922074,12,4,4,9,True,True,2,2,True,9,2,0.2222222222222222,0.054341092005461666,0.22777777777777763,True
5ca449caf0cf472b,Milan,breakfast,2016Q3,2016Q2,0.3038793103448276,48,22,4,8,True,True,2,2,True,10,2,0.2,0.09012600879660773,0.34090909090909094,True
5ca449caf0cf472b,Milan,breakfast,2016Q4,2016Q3,0.21316614420062696,34,48,5,8,True,True,2,2,True,10,1,0.1,-0.09753966793440476,0.16666666666666674,True
5ca449caf0cf472b,Milan,cleanliness,2016Q2,2016Q1,0.6285714285714286,11,5,3,8,True,True,2,2,True,9,2,0.2222222222222222,-0.09394069982305274,0.23076923076923084,True
5ca449caf0cf472b,Milan,cleanliness,2016Q4,2016Q3,0.4520123839009289,24,28,5,8,True,True,2,2,True,10,0,0.0,-0.045452684570331636,0.1071428571428572,True
5ca449caf0cf472b,Milan,room,2016Q2,2016Q1,0.4607843137254902,24,14,3,8,True,True,2,2,True,9,0,0.0,-0.09885359636896407,0.1357466063348416,True
5ca449caf0cf472b,Milan,room,2017Q1,2016Q4,0.29539951573849876,53,49,6,8,True,True,2,2,True,10,0,0.0,-0.020521978021978016,0.1473684210526316,True
5ca449caf0cf472b,Milan,service,2016Q2,2016Q1,0.44821731748726656,21,9,3,8,True,True,2,2,True,9,1,0.1111111111111111,-0.005624818937512408,0.19480519480519498,True
5ca449caf0cf472b,Milan,value,2016Q2,2016Q1,0.2727272727272727,12,4,3,8,True,True,2,2,True,9,0,0.0,-0.00846067512734182,0.07692307692307687,True
5ce486c0c376f49f,London,breakfast,2017Q1,2016Q4,0.1868173258003767,35,49,6,9,True,True,2,2,True,10,1,0.1,-0.04660005131208626,0.1607142857142858,True
5ce486c0c376f49f,London,cleanliness,2016Q2,2016Q1,0.2406947890818858,21,16,3,9,True,True,2,2,True,9,2,0.2222222222222222,0.05962394855288676,0.42285714285714293,True
5ce486c0c376f49f,London,cleanliness,2017Q1,2016Q4,0.1523809523809525,25,35,6,9,True,True,2,2,True,10,3,0.3,0.05622528868730645,0.4758454106280192,True
5ce486c0c376f49f,London,location,2016Q2,2016Q1,0.16859946476360377,49,28,3,9,True,True,2,2,True,9,1,0.1111111111111111,0.0033865709185572574,0.357142857142857,True
5ce486c0c376f49f,London,room,2016Q1,2015Q4,0.15564820329561246,59,63,2,9,True,True,2,2,True,9,3,0.3333333333333333,0.09033186290658313,0.19047619047619047,True
5ce486c0c376f49f,London,service,2016Q1,2015Q4,0.1841432225063937,36,41,2,9,True,True,2,2,True,9,1,0.1111111111111111,-0.030995669220957964,0.16165413533834583,True
5ce486c0c376f49f,London,value,2016Q4,2016Q3,0.32571428571428584,18,15,5,9,True,True,2,2,True,10,2,0.2,-0.10880319085226675,0.21739130434782605,True
5cfb30c41b2e70d9,Milan,breakfast,2016Q2,2016Q1,0.2051282051282053,16,5,3,9,True,True,2,2,True,9,3,0.3333333333333333,0.09818743239058733,0.37662337662337675,True
5cfb30c41b2e70d9,Milan,cleanliness,2016Q2,2016Q1,0.28409090909090917,6,1,3,9,True,True,2,2,True,9,1,0.1111111111111111,0.07046731046731043,0.2114285714285713,True
5cfb30c41b2e70d9,Milan,location,2016Q4,2016Q3,0.21333333333333315,14,15,5,9,True,True,2,2,True,10,2,0.2,0.02022497110732404,0.33333333333333326,True
5cfb30c41b2e70d9,Milan,room,2016Q3,2016Q2,0.22222222222222232,17,17,4,9,True,True,2,2,True,9,2,0.2222222222222222,0.05553195026342071,0.3216783216783218,True
5cfb30c41b2e70d9,Milan,service,2016Q2,2016Q1,0.4526315789473684,20,9,3,9,True,True,2,2,True,9,2,0.2222222222222222,0.060603440383773535,0.33333333333333326,True
5cfb30c41b2e70d9,Milan,service,2016Q3,2016Q2,0.18823529411764706,24,20,4,9,True,True,2,2,True,9,2,0.2222222222222222,0.05351894249256249,0.43434343434343425,True
5cfb30c41b2e70d9,Milan,value,2016Q4,2016Q3,0.16666666666666663,8,2,5,9,True,True,2,2,True,10,2,0.2,0.07210982000455683,0.33333333333333337,True
5cfe1a4ece73362b,Barcelona,cleanliness,2016Q2,2016Q1,0.25,6,2,3,9,True,True,2,2,True,10,4,0.4,0.02432553848251522,0.4285714285714286,True
5cfe1a4ece73362b,Barcelona,location,2016Q3,2016Q2,0.2175824175824177,25,16,4,9,True,True,2,2,True,10,2,0.2,0.0016740993280603077,0.2162318840579709,True
5cfe1a4ece73362b,Barcelona,room,2016Q4,2016Q3,0.2705882352941177,15,24,5,9,True,True,2,2,True,10,3,0.3,0.05654033427917112,0.32236842105263164,True
5cfe1a4ece73362b,Barcelona,service,2016Q2,2016Q1,0.25,14,8,3,9,True,True,2,2,True,10,3,0.3,-0.021025692771837946,0.3999999999999999,True
5d2b1224b4c09c13,London,cleanliness,2016Q2,2016Q1,0.3999999999999999,5,5,3,9,True,True,2,2,True,10,0,0.0,-0.21069831046743226,0.005681818181818121,True
5d2b1224b4c09c13,London,location,2017Q1,2016Q4,0.28148148148148144,17,10,6,9,True,True,2,2,True,10,1,0.1,0.013505399772116311,0.18382352941176472,True
5d2b1224b4c09c13,London,room,2016Q1,2015Q4,0.157258064516129,22,21,2,9,True,True,2,2,True,10,2,0.2,0.023344429177236357,0.2990134075385783,True
5d2b1224b4c09c13,London,room,2016Q2,2016Q1,0.31499999999999995,15,22,3,9,True,True,2,2,True,10,1,0.1,-0.010401032903981988,0.28289782506649974,True
5d2b1224b4c09c13,London,room,2017Q1,2016Q4,0.26086956521739135,36,28,6,9,True,True,2,2,True,10,1,0.1,-0.03469466337029189,0.15909090909090917,True
5d2b1224b4c09c13,London,service,2016Q2,2016Q1,0.16034271725826188,33,28,3,9,True,True,2,2,True,10,1,0.1,-0.04704500804181466,0.24143835616438358,True
5d2b1224b4c09c13,London,value,2016Q2,2016Q1,0.20168067226890762,7,4,3,9,True,True,2,2,True,10,2,0.2,-0.06607377205734996,0.2628571428571428,True
5d4943233f3a3d39,London,breakfast,2016Q1,2015Q4,0.3425559947299077,36,23,2,9,True,True,2,2,True,9,4,0.4444444444444444,0.0900422619517729,0.5357142857142857,True
5d4943233f3a3d39,London,breakfast,2016Q4,2016Q3,0.3548387096774194,18,21,5,9,True,True,2,2,True,9,2,0.2222222222222222,-0.024011135138473947,0.2727272727272727,True
5d4943233f3a3d39,London,cleanliness,2016Q3,2016Q2,0.3026315789473685,22,9,4,9,True,True,2,2,True,9,2,0.2222222222222222,-0.05027809996962418,0.23529411764705888,True
5d4943233f3a3d39,London,noise,2016Q3,2016Q2,0.1777777777777778,8,5,4,9,True,True,2,2,True,9,2,0.2222222222222222,-0.033476158347159383,0.4072398190045249,True
5d4943233f3a3d39,London,room,2017Q1,2016Q4,0.22857142857142865,60,64,6,9,True,True,2,2,True,9,1,0.1111111111111111,0.032054951777522205,0.24879227053140096,True
5d7d451afa816ac3,Vienna,breakfast,2016Q3,2016Q2,0.17813765182186225,9,3,4,9,True,True,2,2,True,10,2,0.2,0.02903842845681117,0.21666666666666679,True
5d7d451afa816ac3,Vienna,breakfast,2017Q1,2016Q4,0.18181818181818177,6,12,6,9,True,True,2,2,True,10,2,0.2,0.041345703576803186,0.3333333333333335,True
5d7d451afa816ac3,Vienna,room,2016Q3,2016Q2,0.16923076923076907,20,16,4,9,True,True,2,2,True,10,0,0.0,-0.02405311656640984,0.1333333333333333,True
5d7d451afa816ac3,Vienna,service,2016Q3,2016Q2,0.1570827489481066,21,13,4,9,True,True,2,2,True,10,2,0.2,0.04416012401216636,0.16734143049932526,True
5e04ef33a2ef4ce4,London,breakfast,2016Q1,2015Q4,0.2497354497354497,17,25,2,9,True,True,2,2,True,9,3,0.3333333333333333,0.05884161432600448,0.5357142857142857,True
5e04ef33a2ef4ce4,London,breakfast,2016Q3,2016Q2,0.26006191950464397,28,24,4,9,True,True,2,2,True,9,3,0.3333333333333333,0.0010724971637620711,0.37950664136622403,True
5e04ef33a2ef4ce4,London,breakfast,2017Q1,2016Q4,0.19047619047619047,32,11,6,9,True,True,2,2,True,9,2,0.2222222222222222,-0.049723402170119994,0.23809523809523814,True
5e04ef33a2ef4ce4,London,noise,2016Q2,2016Q1,0.4812554489973846,27,21,3,9,True,True,2,2,True,9,3,0.3333333333333333,0.04844075009193692,0.16993464052287588,True
5e04ef33a2ef4ce4,London,noise,2017Q1,2016Q4,0.19151515151515164,23,15,6,9,True,True,2,2,True,9,0,0.0,-0.06346051609209503,0.13986013986014,True
5e04ef33a2ef4ce4,London,room,2016Q2,2016Q1,0.20162271805273835,135,160,3,9,True,True,2,2,True,9,0,0.0,-0.06434352087888723,0.12693417256753214,True
5e04ef33a2ef4ce4,London,value,2016Q1,2015Q4,0.20008267879288966,31,49,2,9,True,True,2,2,True,9,0,0.0,-0.018963987508879177,0.10526315789473684,True
5e04ef33a2ef4ce4,London,value,2016Q3,2016Q2,0.31547619047619047,46,38,4,9,True,True,2,2,True,9,1,0.1111111111111111,-0.051751089326264585,0.18534482758620685,True
5e04ef33a2ef4ce4,London,value,2017Q1,2016Q4,0.44444444444444453,53,26,6,9,True,True,2,2,True,9,3,0.3333333333333333,0.07829975659801718,0.6561264822134387,True
5e25c2c969c6bd2b,Milan,breakfast,2016Q4,2016Q3,0.18382352941176472,7,6,5,9,True,True,2,2,True,10,3,0.3,0.028856062844912534,0.48076923076923084,True
5e25c2c969c6bd2b,Milan,room,2016Q3,2016Q2,0.16761904761904767,11,15,4,9,True,True,2,2,True,10,5,0.5,0.15980582549949063,0.42784552845528445,True
5e25c2c969c6bd2b,Milan,service,2016Q2,2016Q1,0.1841432225063937,13,7,3,9,True,True,2,2,True,10,1,0.1,-0.05707224155884749,0.19999999999999996,True
5e61720f2da469af,Barcelona,breakfast,2016Q3,2016Q2,0.21052631578947367,28,28,4,9,True,True,2,2,True,10,4,0.4,0.07435747607819575,0.4134366925064601,True
5e61720f2da469af,Barcelona,breakfast,2017Q1,2016Q4,0.38888888888888884,14,17,6,9,True,True,2,2,True,10,0,0.0,-0.05495116516817703,0.1455108359133126,True
5e61720f2da469af,Barcelona,cleanliness,2016Q1,2015Q4,0.1615384615384614,16,10,2,9,True,True,2,2,True,8,2,0.25,0.035648432168462585,0.20192307692307687,True
5e61720f2da469af,Barcelona,value,2016Q4,2016Q3,0.368421052631579,6,9,5,9,True,True,2,2,True,10,2,0.2,0.011539664148290186,0.18181818181818177,True
5e6bf0076adb3faa,Vienna,breakfast,2016Q3,2016Q2,0.3916666666666666,20,6,4,9,True,True,2,2,True,10,2,0.2,-0.022440145122700917,0.2250000000000001,True
5e6bf0076adb3faa,Vienna,breakfast,2017Q1,2016Q4,0.2684210526315789,9,10,6,9,True,True,2,2,True,8,2,0.25,-0.0012161781642028302,0.45641025641025657,True
5e6bf0076adb3faa,Vienna,cleanliness,2016Q2,2016Q1,0.564102564102564,5,3,3,9,True,True,2,2,True,10,4,0.4,0.11419852268250438,0.33333333333333326,True
5e6bf0076adb3faa,Vienna,cleanliness,2017Q1,2016Q4,0.1587301587301586,8,4,6,9,True,True,2,2,True,8,2,0.25,0.0411284928951338,0.35913312693498467,True
5e6bf0076adb3faa,Vienna,location,2016Q1,2015Q4,0.33333333333333326,14,6,2,9,True,True,2,2,True,10,1,0.1,-0.044178373333717505,0.2865497076023391,True
5e6bf0076adb3faa,Vienna,room,2016Q2,2016Q1,0.3097643097643098,12,17,3,9,True,True,2,2,True,10,2,0.2,-0.022863768329471325,0.22010582010582014,True
5e6bf0076adb3faa,Vienna,room,2016Q4,2016Q3,0.16835016835016847,17,23,5,9,True,True,2,2,True,9,3,0.3333333333333333,-0.058976002432877296,0.33333333333333337,True
5e7f187a34f33f24,Paris,location,2016Q2,2016Q1,0.16666666666666652,5,2,3,9,True,True,2,2,True,9,2,0.2222222222222222,0.03687555717554653,0.1809954751131222,True
5e7f187a34f33f24,Paris,room,2016Q2,2016Q1,0.30147058823529416,6,7,3,9,True,True,2,2,True,9,1,0.1111111111111111,0.02870237260677635,0.1512605042016808,True
5e7f187a34f33f24,Paris,service,2017Q1,2016Q4,0.15909090909090917,6,1,6,9,True,True,2,2,True,9,3,0.3333333333333333,0.0718629470172816,0.33333333333333326,True
5ea36c577666c85b,London,breakfast,2016Q4,2016Q3,0.1588235294117648,10,7,5,9,True,True,2,2,True,10,3,0.3,0.043678722659632394,0.22307692307692317,True
5ea36c577666c85b,London,room,2016Q1,2015Q4,0.2880952380952382,11,30,2,9,True,True,2,2,True,10,2,0.2,0.053569388969326656,0.4520123839009288,True
5ea36c577666c85b,London,service,2016Q4,2016Q3,0.28740740740740733,17,15,5,9,True,True,2,2,True,10,2,0.2,0.042315434393666015,0.3235747303543913,True
5ebc34e30b66c865,Milan,breakfast,2016Q4,2016Q3,0.19999999999999996,5,6,5,9,True,True,2,2,True,10,1,0.1,-0.09740294060411593,0.23333333333333317,True
5ecbc122a06dbd98,Paris,service,2016Q3,2016Q2,0.1568627450980391,5,7,4,9,True,True,2,2,True,8,1,0.125,0.04188023067791863,0.2315789473684211,True
5ed601791e1bfa87,Barcelona,breakfast,2016Q1,2015Q4,0.2775862068965518,30,19,2,9,True,True,2,2,True,10,2,0.2,0.08745478375341073,0.4999999999999999,True
5ed601791e1bfa87,Barcelona,breakfast,2016Q3,2016Q2,0.2426739926739927,46,29,4,9,True,True,2,2,True,10,2,0.2,-0.04339709897067774,0.368421052631579,True
5ed601791e1bfa87,Barcelona,breakfast,2017Q1,2016Q4,0.2153846153846155,45,29,6,9,True,True,2,2,True,10,0,0.0,-0.06846661617559455,0.12307692307692308,True
5ed601791e1bfa87,Barcelona,noise,2016Q3,2016Q2,0.19047619047619047,17,11,4,9,True,True,2,2,True,10,3,0.3,0.02340832482820312,0.31746031746031744,True
5ed601791e1bfa87,Barcelona,value,2016Q3,2016Q2,0.5610859728506787,16,7,4,9,True,True,2,2,True,10,1,0.1,0.0504907929000488,0.19166666666666665,True
5ee84f1b44420fe4,Barcelona,breakfast,2016Q2,2016Q1,0.2649572649572649,16,8,3,9,True,True,2,2,True,9,2,0.2222222222222222,-0.07534302668117598,0.19166666666666665,True
5ee84f1b44420fe4,Barcelona,breakfast,2016Q3,2016Q2,0.3095684803001877,31,16,4,9,True,True,2,2,True,9,5,0.5555555555555556,0.1533870266011096,0.4134366925064601,True
5ee84f1b44420fe4,Barcelona,cleanliness,2016Q3,2016Q2,0.2784380305602717,21,9,4,9,True,True,2,2,True,9,2,0.2222222222222222,0.04178033877871437,0.35526315789473695,True
5ee84f1b44420fe4,Barcelona,cleanliness,2016Q4,2016Q3,0.18595825426944979,7,21,5,9,True,True,2,2,True,10,0,0.0,-0.0782873523058392,0.125,True
5ee84f1b44420fe4,Barcelona,noise,2016Q1,2015Q4,0.25,10,6,2,9,True,True,2,2,True,8,1,0.125,0.023318886808589318,0.2706766917293233,True
5ee84f1b44420fe4,Barcelona,room,2016Q4,2016Q3,0.26455026455026465,17,60,5,9,True,True,2,2,True,10,1,0.1,-0.0706538716021485,0.3078730904817861,True
5ee84f1b44420fe4,Barcelona,value,2016Q1,2015Q4,0.1607142857142857,6,4,2,9,True,True,2,2,True,8,4,0.5,0.12474681858389287,0.2941176470588235,True
5ee84f1b44420fe4,Barcelona,value,2016Q3,2016Q2,0.30000000000000004,12,10,4,9,True,True,2,2,True,9,2,0.2222222222222222,0.010126147946401876,0.4405594405594405,True
5f47e8da1f477e4a,Milan,breakfast,2016Q1,2015Q4,0.16541353383458646,9,11,2,9,True,True,2,2,True,10,2,0.2,-0.02227163513383662,0.2218181818181818,True
5f47e8da1f477e4a,Milan,breakfast,2016Q2,2016Q1,0.36315789473684223,10,9,3,9,True,True,2,2,True,10,6,0.6,0.14350485869713664,0.4266666666666665,True
5f47e8da1f477e4a,Milan,room,2016Q3,2016Q2,0.19999999999999996,28,15,4,9,True,True,2,2,True,10,1,0.1,-0.02453498083037674,0.17794486215538852,True
5f47e8da1f477e4a,Milan,service,2016Q2,2016Q1,0.18803418803418803,16,8,3,9,True,True,2,2,True,10,2,0.2,-0.027388099333672478,0.24761904761904763,True
5f47e8da1f477e4a,Milan,service,2016Q3,2016Q2,0.18974358974358974,20,16,4,9,True,True,2,2,True,10,3,0.3,0.009198317390077482,0.1941923774954628,True
5f6227a02f0adb59,Milan,breakfast,2016Q2,2016Q1,0.25,46,14,3,9,True,True,2,2,True,10,4,0.4,0.05825269764986174,0.34736842105263155,True
5f6227a02f0adb59,Milan,breakfast,2016Q4,2016Q3,0.19537815126050417,24,46,5,9,True,True,2,2,True,10,1,0.1,-0.07917376893878002,0.2857142857142858,True
5f6227a02f0adb59,Milan,cleanliness,2016Q2,2016Q1,0.37142857142857144,18,5,3,9,True,True,2,2,True,10,3,0.3,0.08014207805734255,0.24696356275303644,True
5f6227a02f0adb59,Milan,noise,2016Q2,2016Q1,0.3827751196172249,9,1,3,9,True,True,2,2,True,10,1,0.1,-0.05844087643858807,0.17307692307692313,True
5f6227a02f0adb59,Milan,service,2016Q1,2015Q4,0.3799999999999999,10,15,2,9,True,True,2,2,True,10,2,0.2,-0.04879145884676104,0.2236842105263157,True
5f6227a02f0adb59,Milan,service,2016Q3,2016Q2,0.15363881401617263,60,43,4,9,True,True,2,2,True,10,3,0.3,0.0670616824872285,0.2282608695652173,True
5f6227a02f0adb59,Milan,value,2016Q1,2015Q4,0.4242424242424242,5,1,2,9,True,True,2,2,True,10,4,0.4,0.08404431924235489,0.3110047846889952,True
5f72d291fe9e46b0,London,breakfast,2016Q1,2015Q4,0.3851851851851851,17,5,2,9,True,True,2,2,True,10,4,0.4,0.03740465777723182,0.2899005756148614,True
5f72d291fe9e46b0,London,breakfast,2016Q4,2016Q3,0.17948717948717952,18,29,5,9,True,True,2,2,True,10,1,0.1,0.01875954489562002,0.463157894736842,True
5f72d291fe9e46b0,London,cleanliness,2016Q3,2016Q2,0.3265866209262436,45,43,4,9,True,True,2,2,True,10,0,0.0,-0.03015208144986159,0.14166666666666683,True
5f72d291fe9e46b0,London,location,2017Q1,2016Q4,0.24566357402178296,64,57,6,9,True,True,2,2,True,10,1,0.1,0.01905637065378918,0.4283121597096189,True
5f72d291fe9e46b0,London,noise,2016Q3,2016Q2,0.2494802494802495,27,29,4,9,True,True,2,2,True,10,2,0.2,0.02503716599304835,0.23076923076923073,True
5f72d291fe9e46b0,London,noise,2016Q4,2016Q3,0.30180180180180183,14,27,5,9,True,True,2,2,True,10,1,0.1,-0.09343689205531311,0.2941176470588235,True
5f72d291fe9e46b0,London,service,2016Q1,2015Q4,0.2127659574468086,84,37,2,9,True,True,2,2,True,10,2,0.2,0.026123137577068113,0.39811912225705315,True
5f72d291fe9e46b0,London,service,2017Q1,2016Q4,0.29351121892055776,87,58,6,9,True,True,2,2,True,10,0,0.0,0.0016394954308315834,0.11964956195244048,True
5f72d291fe9e46b0,London,value,2016Q2,2016Q1,0.152258064516129,21,15,3,9,True,True,2,2,True,10,0,0.0,-0.17513817303034238,0.0,True
5f72d291fe9e46b0,London,value,2017Q1,2016Q4,0.4999999999999999,14,14,6,9,True,True,2,2,True,10,6,0.6,0.18713607505312574,0.37514934289127844,True
5f9deb22e62c3ff8,London,cleanliness,2016Q1,2015Q4,0.23558897243107757,9,11,2,9,True,True,2,2,True,10,1,0.1,0.07716259541225598,0.8103448275862069,True
5f9deb22e62c3ff8,London,noise,2016Q1,2015Q4,0.2799999999999998,10,15,2,9,True,True,2,2,True,10,2,0.2,0.03414832723129381,0.3734115347018573,True
5f9deb22e62c3ff8,London,noise,2016Q4,2016Q3,0.21052631578947367,9,9,5,9,True,True,2,2,True,10,2,0.2,-0.03744529813475835,0.4807017543859651,True
5f9deb22e62c3ff8,London,room,2016Q3,2016Q2,0.18449800589561305,69,63,4,9,True,True,2,2,True,10,0,0.0,-0.04638063116766124,0.13199665831244778,True
5f9deb22e62c3ff8,London,service,2016Q1,2015Q4,0.290909090909091,40,45,2,9,True,True,2,2,True,10,3,0.3,0.07385918782194259,0.2812742812742812,True
5f9deb22e62c3ff8,London,service,2017Q1,2016Q4,0.20634920634920628,32,26,6,9,True,True,2,2,True,10,2,0.2,-0.018208364325787575,0.29494949494949496,True
5fb67263bc063e60,Paris,breakfast,2016Q3,2016Q2,0.18803418803418803,8,3,4,9,True,True,2,2,True,9,1,0.1111111111111111,-0.06421109754443086,0.23076923076923073,True
5fb67263bc063e60,Paris,cleanliness,2016Q3,2016Q2,0.19130434782608696,13,5,4,9,True,True,2,2,True,9,2,0.2222222222222222,0.03415658415658415,0.17307692307692313,True
5fb67263bc063e60,Paris,room,2016Q3,2016Q2,0.27984595635430054,31,9,4,9,True,True,2,2,True,9,1,0.1111111111111111,0.08191906153105885,0.3600000000000001,True
5fb67263bc063e60,Paris,service,2016Q3,2016Q2,0.37575757575757573,23,5,4,9,True,True,2,2,True,9,5,0.5555555555555556,0.12399906983498313,0.4817927170868346,True
5fb67263bc063e60,Paris,service,2017Q1,2016Q4,0.2333333333333334,10,5,6,9,True,True,2,2,True,9,1,0.1111111111111111,-0.07941131413783636,0.468864468864469,True
5fd3ec54b61ce79d,Paris,cleanliness,2017Q1,2016Q4,0.2941176470588236,7,0,6,9,True,True,2,2,True,9,1,0.1111111111111111,-0.08582403435344615,0.23076923076923084,True
5fd3ec54b61ce79d,Paris,location,2016Q3,2016Q2,0.26666666666666683,20,10,4,9,True,True,2,2,True,8,2,0.25,0.07045886876617793,0.3308270676691729,True
5fd3ec54b61ce79d,Paris,room,2017Q1,2016Q4,0.3851851851851851,17,10,6,9,True,True,2,2,True,9,0,0.0,0.019161005308542516,0.1428571428571429,True
5fd3ec54b61ce79d,Paris,service,2017Q1,2016Q4,0.2597402597402596,12,4,6,9,True,True,2,2,True,9,0,0.0,-0.025068221538809807,0.13986013986014,True
5ff3a0dadd5afd53,Paris,breakfast,2016Q2,2016Q1,0.315018315018315,11,3,3,9,True,True,2,2,True,10,1,0.1,-0.07389213727449025,0.1512605042016808,True
5ff3a0dadd5afd53,Paris,cleanliness,2016Q1,2015Q4,0.29807692307692313,6,3,2,9,True,True,2,2,True,10,0,0.0,-0.10044870162517221,0.10924369747899165,True
5ff3a0dadd5afd53,Paris,cleanliness,2016Q3,2016Q2,0.18333333333333335,14,20,4,9,True,True,2,2,True,10,1,0.1,-0.011317545543551688,0.16666666666666674,True
5ff3a0dadd5afd53,Paris,room,2016Q1,2015Q4,0.3095238095238094,18,26,2,9,True,True,2,2,True,10,0,0.0,-0.12003059798967727,0.1068376068376069,True
5ff3a0dadd5afd53,Paris,room,2016Q3,2016Q2,0.20870234886407402,39,43,4,9,True,True,2,2,True,10,0,0.0,-0.03677482005975261,0.13986013986014,True
600683b837e9fa2c,Paris,breakfast,2016Q3,2016Q2,0.5579710144927535,13,2,4,9,True,True,2,2,True,9,2,0.2222222222222222,-0.0793398609188083,0.23076923076923073,True
600683b837e9fa2c,Paris,cleanliness,2016Q1,2015Q4,0.31666666666666665,6,5,2,9,True,True,2,2,True,10,2,0.2,0.003477443609022568,0.31904761904761925,True
600683b837e9fa2c,Paris,location,2016Q3,2016Q2,0.19736842105263164,22,9,4,9,True,True,2,2,True,9,3,0.3333333333333333,0.042407611438586144,0.20879120879120894,True
600683b837e9fa2c,Paris,noise,2016Q3,2016Q2,0.47619047619047616,5,4,4,9,True,True,2,2,True,9,2,0.2222222222222222,-0.0786237727414198,0.19480519480519498,True
600683b837e9fa2c,Paris,room,2016Q1,2015Q4,0.2526315789473683,9,25,2,9,True,True,2,2,True,10,0,0.0,0.016403768491869187,0.1471861471861473,True
600683b837e9fa2c,Paris,room,2016Q3,2016Q2,0.28959276018099545,24,16,4,9,True,True,2,2,True,9,3,0.3333333333333333,0.08909209568879733,0.3600000000000001,True
600683b837e9fa2c,Paris,service,2016Q3,2016Q2,0.2923076923076924,25,16,4,9,True,True,2,2,True,9,4,0.4444444444444444,0.03874788634361032,0.3421052631578947,True
600683b837e9fa2c,Paris,value,2016Q3,2016Q2,0.2666666666666666,5,5,4,9,True,True,2,2,True,9,0,0.0,-0.07660270013211189,0.09090909090909094,True
608744238003af03,Paris,room,2016Q3,2016Q2,0.31932773109243706,7,4,4,9,True,True,2,2,True,9,1,0.1111111111111111,-0.06153032468233996,0.18623481781376516,True
608744238003af03,Paris,service,2016Q3,2016Q2,0.375,6,6,4,9,True,True,2,2,True,9,0,0.0,-0.08726438049967461,0.05714285714285716,True
609bb02ea0939ff8,London,breakfast,2016Q1,2015Q4,0.22362637362637372,94,60,2,9,True,True,2,2,True,10,4,0.4,0.011596148637242842,0.2899005756148614,True
609bb02ea0939ff8,London,value,2016Q1,2015Q4,0.4285714285714286,18,14,2,9,True,True,2,2,True,10,5,0.5,0.15006094872834633,0.5694444444444444,True
609bb02ea0939ff8,London,value,2017Q1,2016Q4,0.20333333333333348,15,14,6,9,True,True,2,2,True,10,6,0.6,0.19676926061800007,0.38117647058823523,True
60e1d40094f4caad,Amsterdam,breakfast,2016Q4,2016Q3,0.24242424242424243,32,45,5,6,True,True,2,2,True,10,1,0.1,-0.11558994792418394,0.19190140845070425,True
60e1d40094f4caad,Amsterdam,cleanliness,2016Q4,2016Q3,0.15038314176245215,48,62,5,6,True,True,2,2,True,10,1,0.1,-0.033427058026597636,0.24148606811145523,True
60e1d40094f4caad,Amsterdam,value,2016Q4,2016Q3,0.25116279069767444,33,45,5,6,True,True,2,2,True,10,1,0.1,-0.05208110148562513,0.1604278074866311,True
60fc41fe4c1308cc,London,breakfast,2016Q1,2015Q4,0.24682203389830515,49,22,2,9,True,True,2,2,True,10,4,0.4,0.06888179717608203,0.2909090909090908,True
60fc41fe4c1308cc,London,breakfast,2016Q4,2016Q3,0.3893214682981089,21,19,5,9,True,True,2,2,True,10,2,0.2,-0.06771156599024382,0.29239766081871355,True
60fc41fe4c1308cc,London,cleanliness,2016Q2,2016Q1,0.2522522522522521,14,27,3,9,True,True,2,2,True,10,1,0.1,-0.042459129612559224,0.21590909090909094,True
60fc41fe4c1308cc,London,cleanliness,2016Q4,2016Q3,0.15873015873015883,11,17,5,9,True,True,2,2,True,10,1,0.1,-0.10462197680649021,0.23750000000000004,True
60fc41fe4c1308cc,London,value,2016Q4,2016Q3,0.15320910973084878,11,13,5,9,True,True,2,2,True,10,0,0.0,-0.1525547095910072,-0.013986013986013957,True
610631c2563b0435,Paris,location,2016Q2,2016Q1,0.368421052631579,9,2,3,9,True,True,2,2,True,9,1,0.1111111111111111,-0.043053414219107765,0.23232323232323226,True
610631c2563b0435,Paris,room,2016Q1,2015Q4,0.16666666666666663,6,14,2,9,True,True,2,2,True,9,2,0.2222222222222222,0.0516001444659138,0.25,True
615126f32fa11e16,London,breakfast,2016Q2,2016Q1,0.2857142857142858,11,4,3,9,True,True,2,2,True,10,5,0.5,0.09547213212156822,0.3153988868274583,True
615126f32fa11e16,London,location,2016Q2,2016Q1,0.38596491228070173,5,9,3,9,True,True,2,2,True,10,2,0.2,0.042422327863925455,0.3123732251521296,True
61943ca5291c8714,London,location,2016Q3,2016Q2,0.21505376344086025,21,5,4,9,True,True,2,2,True,10,1,0.1,0.05186759240669592,0.22443438914027158,True
61943ca5291c8714,London,noise,2016Q3,2016Q2,0.22222222222222232,8,0,4,9,True,True,2,2,True,10,0,0.0,-0.028918245153539312,0.10222222222222221,True
61943ca5291c8714,London,service,2016Q3,2016Q2,0.19298245614035103,28,8,4,9,True,True,2,2,True,10,0,0.0,-0.14577756863203176,0.022556390977443774,True
61a28cbaed2b2dfc,Vienna,breakfast,2016Q4,2016Q3,0.19376026272577995,19,11,5,9,True,True,2,2,True,10,1,0.1,-0.015487413989583865,0.2564102564102564,True
61a28cbaed2b2dfc,Vienna,cleanliness,2016Q1,2015Q4,0.1941176470588235,7,10,2,9,True,True,2,2,True,10,2,0.2,-0.0344941006705712,0.33333333333333326,True
61a28cbaed2b2dfc,Vienna,cleanliness,2016Q3,2016Q2,0.18128654970760238,8,9,4,9,True,True,2,2,True,10,2,0.2,0.0007787857987598068,0.430622009569378,True
61a28cbaed2b2dfc,Vienna,room,2016Q3,2016Q2,0.21052631578947367,34,28,4,9,True,True,2,2,True,10,1,0.1,-0.001954390458467503,0.16363636363636358,True
61a28cbaed2b2dfc,Vienna,service,2016Q4,2016Q3,0.23763955342902698,28,23,5,9,True,True,2,2,True,10,0,0.0,-0.10737972680920257,0.12827586206896546,True
61c3d7a2294da93e,Barcelona,breakfast,2016Q1,2015Q4,0.4999999999999999,10,10,2,9,True,True,2,2,True,10,1,0.1,0.016691102989729978,0.17391304347826098,True
61c3d7a2294da93e,Barcelona,cleanliness,2016Q4,2016Q3,0.24649859943977592,7,11,5,9,True,True,2,2,True,10,2,0.2,-0.025017539964908398,0.25,True
61c3d7a2294da93e,Barcelona,location,2016Q2,2016Q1,0.17346938775510212,39,18,3,9,True,True,2,2,True,10,1,0.1,-0.024978104610041817,0.32307692307692304,True
61c60e2184b19cda,Paris,breakfast,2016Q3,2016Q2,0.20833333333333326,6,2,4,9,True,True,2,2,True,10,3,0.3,0.04503623422767763,0.18874773139745926,True
61c60e2184b19cda,Paris,location,2016Q2,2016Q1,0.17500000000000004,6,5,3,9,True,True,2,2,True,8,2,0.25,-0.024607666158122515,0.2450980392156863,True
61c60e2184b19cda,Paris,room,2016Q1,2015Q4,0.23529411764705888,7,7,2,9,True,True,2,2,True,7,4,0.5714285714285714,0.12047352274243031,0.2666666666666666,True
61c60e2184b19cda,Paris,service,2016Q4,2016Q3,0.3030303030303032,23,14,5,9,True,True,2,2,True,10,1,0.1,-0.10458867738703514,0.23076923076923084,True
61d6a018bec3dae8,London,breakfast,2016Q1,2015Q4,0.25357142857142856,46,70,2,9,True,True,2,2,True,9,5,0.5555555555555556,0.14430949710920707,0.5098039215686274,True
61d6a018bec3dae8,London,location,2016Q2,2016Q1,0.1766709237973605,71,48,3,9,True,True,2,2,True,9,0,0.0,-0.0031864753933159573,0.10553410553410547,True
61d6a018bec3dae8,London,noise,2016Q2,2016Q1,0.26442307692307687,22,16,3,9,True,True,2,2,True,9,3,0.3333333333333333,0.0014103094593112602,0.2857142857142858,True
61d6a018bec3dae8,London,value,2016Q2,2016Q1,0.19789473684210535,15,9,3,9,True,True,2,2,True,9,1,0.1111111111111111,-0.2003006802061996,0.18888888888888888,True
61d837f21ede63cf,Barcelona,cleanliness,2017Q1,2016Q4,0.2321428571428572,6,4,6,5,True,True,2,2,True,9,0,0.0,-0.10233840233840236,0.13076923076923075,True
61f2d9e7cd22714e,Amsterdam,location,2016Q4,2016Q3,0.3333333333333335,20,11,5,8,True,True,2,2,True,10,0,0.0,-0.04847453928555423,0.09130434782608687,True
61f2d9e7cd22714e,Amsterdam,room,2016Q4,2016Q3,0.19692307692307687,42,15,5,8,True,True,2,2,True,10,1,0.1,0.01795796673200949,0.28142857142857136,True
61f2d9e7cd22714e,Amsterdam,service,2016Q2,2016Q1,0.3650793650793652,8,4,3,8,True,True,2,2,True,10,0,0.0,-0.05291030412333766,0.11309523809523814,True
6226418e5cc789f1,London,breakfast,2016Q3,2016Q2,0.1636363636363637,10,12,4,9,True,True,2,2,True,10,5,0.5,0.10980694983198358,0.43529411764705883,True
6226418e5cc789f1,London,cleanliness,2016Q3,2016Q2,0.21052631578947367,9,9,4,9,True,True,2,2,True,10,0,0.0,-0.048998703311072825,0.07499999999999996,True
6226418e5cc789f1,London,location,2017Q1,2016Q4,0.2299898682877406,32,37,6,9,True,True,2,2,True,10,0,0.0,-0.009108634007126692,0.1377506538796862,True
6226418e5cc789f1,London,noise,2016Q1,2015Q4,0.21978021978021978,16,11,2,9,True,True,2,2,True,10,2,0.2,-0.0031211937926070576,0.19480519480519476,True
6226418e5cc789f1,London,noise,2017Q1,2016Q4,0.2588235294117647,7,15,6,9,True,True,2,2,True,10,2,0.2,0.05236770993515798,0.36190476190476195,True
6226418e5cc789f1,London,service,2016Q3,2016Q2,0.4005847953216375,26,28,4,9,True,True,2,2,True,10,1,0.1,0.01903723178301442,0.20779220779220786,True
62ec1d0558f5b3e7,Paris,breakfast,2016Q4,2016Q3,0.19047619047619047,5,4,5,9,True,True,2,2,True,10,1,0.1,-0.04283544211028998,0.3941176470588236,True
62ec1d0558f5b3e7,Paris,location,2016Q2,2016Q1,0.2683982683982684,23,18,3,9,True,True,2,2,True,10,2,0.2,0.10084576285427675,0.30701754385964897,True
62ec1d0558f5b3e7,Paris,noise,2017Q1,2016Q4,0.19999999999999996,5,0,6,9,True,True,2,2,True,10,2,0.2,0.001165501165501126,0.24242424242424243,True
62ec1d0558f5b3e7,Paris,room,2017Q1,2016Q4,0.26315789473684215,16,9,6,9,True,True,2,2,True,10,1,0.1,-0.03427347218960945,0.157258064516129,True
6303db29040967f2,Paris,service,2016Q3,2016Q2,0.375,6,2,4,9,True,True,2,2,True,10,1,0.1,-0.021712429700988013,0.2435897435897436,True
633069ad00e0a6b5,Milan,location,2016Q2,2016Q1,0.19254658385093149,13,4,3,9,True,True,2,2,True,9,2,0.2222222222222222,-0.006517513054851376,0.24145299145299148,True
633069ad00e0a6b5,Milan,service,2016Q3,2016Q2,0.3650793650793652,8,11,4,9,True,True,2,2,True,9,1,0.1111111111111111,-0.03919808321797951,0.21510297482837526,True
633069ad00e0a6b5,Milan,service,2017Q1,2016Q4,0.18623481781376516,9,3,6,9,True,True,2,2,True,9,3,0.3333333333333333,-0.029372908621274656,0.32167832167832155,True
6334cfffc8d791c9,London,breakfast,2016Q2,2016Q1,0.4145658263305323,11,7,3,9,True,True,2,2,True,6,1,0.16666666666666666,-0.014683557879046572,0.25,True
6334cfffc8d791c9,London,breakfast,2016Q4,2016Q3,0.31932773109243695,11,7,5,9,True,True,2,2,True,7,1,0.14285714285714285,-0.023301774191867044,0.2222222222222222,True
6334cfffc8d791c9,London,cleanliness,2016Q3,2016Q2,0.41025641025641013,5,3,4,9,True,True,2,2,True,6,2,0.3333333333333333,0.06627323293989962,0.33333333333333326,True
6334cfffc8d791c9,London,location,2016Q4,2016Q3,0.15636363636363648,15,12,5,9,True,True,2,2,True,7,1,0.14285714285714285,-0.0653542629102106,0.1856763925729441,True
6334cfffc8d791c9,London,service,2016Q2,2016Q1,0.2058823529411764,24,22,3,9,True,True,2,2,True,6,2,0.3333333333333333,-0.013867597544068078,0.17500000000000004,True
639c5d459b4f5dcc,Vienna,breakfast,2016Q2,2016Q1,0.36363636363636365,12,12,3,9,True,True,2,2,True,10,2,0.2,0.018999072234054427,0.2857142857142858,True
639c5d459b4f5dcc,Vienna,breakfast,2017Q1,2016Q4,0.2564102564102564,11,16,6,9,True,True,2,2,True,10,2,0.2,-0.018557428811298828,0.41025641025641013,True
639c5d459b4f5dcc,Vienna,cleanliness,2016Q3,2016Q2,0.17500000000000004,6,5,4,9,True,True,2,2,True,10,1,0.1,-0.06828049401578815,0.17647058823529416,True
639c5d459b4f5dcc,Vienna,location,2016Q2,2016Q1,0.1541501976284585,12,13,3,9,True,True,2,2,True,10,2,0.2,0.042832801684486,0.32692307692307687,True
639c5d459b4f5dcc,Vienna,room,2016Q3,2016Q2,0.2592592592592593,17,18,4,9,True,True,2,2,True,10,2,0.2,-0.04672643588992288,0.18768328445747795,True
639c5d459b4f5dcc,Vienna,service,2016Q1,2015Q4,0.24102564102564106,16,5,2,9,True,True,2,2,True,10,2,0.2,0.04605035782482279,0.22857142857142865,True
639c5d459b4f5dcc,Vienna,service,2017Q1,2016Q4,0.20329670329670346,18,16,6,9,True,True,2,2,True,10,1,0.1,-0.06873558959897023,0.16190476190476177,True
63adf3090c4272d7,Paris,breakfast,2016Q1,2015Q4,0.33333333333333326,10,5,2,9,True,True,2,2,True,8,1,0.125,-0.021972539655466528,0.2666666666666666,True
63adf3090c4272d7,Paris,cleanliness,2016Q3,2016Q2,0.3208556149732622,7,1,4,9,True,True,2,2,True,8,1,0.125,-0.006209631133814772,0.23369565217391308,True
63adf3090c4272d7,Paris,location,2016Q2,2016Q1,0.44736842105263164,18,9,3,9,True,True,2,2,True,8,0,0.0,0.024162283974538817,0.13986013986014,True
63adf3090c4272d7,Paris,noise,2016Q2,2016Q1,0.29166666666666663,6,2,3,9,True,True,2,2,True,8,1,0.125,0.02359856327247628,0.515151515151515,True
63adf3090c4272d7,Paris,room,2016Q2,2016Q1,0.25963488843813387,24,19,3,9,True,True,2,2,True,8,1,0.125,-0.020221200440630763,0.16666666666666663,True
63c48c86df0b5b90,Paris,service,2016Q3,2016Q2,0.19999999999999996,5,0,4,9,True,True,2,2,True,10,6,0.6,0.14641637773990718,0.3333333333333335,True
63ce94f8a1cf41e2,Amsterdam,location,2016Q2,2016Q1,0.1576354679802956,19,11,3,9,True,True,2,2,True,10,3,0.3,-0.004935118338303268,0.32269503546099276,True
63ded13afb034709,London,cleanliness,2017Q1,2016Q4,0.24137931034482762,19,24,6,9,True,True,2,2,True,9,3,0.3333333333333333,-0.0028949254826447935,0.38787878787878793,True
63ded13afb034709,London,noise,2016Q1,2015Q4,0.2250000000000001,10,6,2,9,True,True,2,2,True,8,4,0.5,0.1738679496831671,0.3913043478260869,True
63ded13afb034709,London,noise,2016Q3,2016Q2,0.2107843137254901,14,7,4,9,True,True,2,2,True,8,2,0.25,0.0020121241087924374,0.3216783216783218,True
63ded13afb034709,London,value,2016Q3,2016Q2,0.19786096256684493,12,24,4,9,True,True,2,2,True,8,3,0.375,0.10128600205771239,0.4825396825396826,True
63ded13afb034709,London,value,2016Q4,2016Q3,0.2727272727272727,10,12,5,9,True,True,2,2,True,8,1,0.125,-0.09254862569491054,0.45789473684210535,True
63df1ece3ee3ee24,London,breakfast,2016Q2,2016Q1,0.2272727272727273,40,34,3,9,True,True,2,2,True,10,1,0.1,-0.01764988146111267,0.1523809523809525,True
63df1ece3ee3ee24,London,breakfast,2017Q1,2016Q4,0.44264507422402166,29,47,6,9,True,True,2,2,True,10,3,0.3,0.031625216377836586,0.24137931034482762,True
63df1ece3ee3ee24,London,cleanliness,2016Q4,2016Q3,0.28857858933046887,39,47,5,9,True,True,2,2,True,10,0,0.0,-0.08995522006757359,0.12745098039215685,True
63df1ece3ee3ee24,London,cleanliness,2017Q1,2016Q4,0.26530612244897966,18,39,6,9,True,True,2,2,True,10,4,0.4,0.08846362603788996,0.3911111111111112,True
63df1ece3ee3ee24,London,noise,2016Q4,2016Q3,0.16679536679536666,25,27,5,9,True,True,2,2,True,10,1,0.1,-0.04746276283708225,0.2575757575757577,True
63df1ece3ee3ee24,London,service,2016Q1,2015Q4,0.21212121212121215,89,34,2,9,True,True,2,2,True,10,0,0.0,0.042041364962694616,0.12612612612612617,True
63df1ece3ee3ee24,London,service,2016Q4,2016Q3,0.18687745003534473,123,107,5,9,True,True,2,2,True,10,3,0.3,0.11858399840039997,0.329192546583851,True
63df1ece3ee3ee24,London,value,2016Q3,2016Q2,0.17931034482758623,20,19,4,9,True,True,2,2,True,10,3,0.3,0.012090730408895235,0.2590866728797764,True
64291d6139625a91,London,breakfast,2016Q3,2016Q2,0.3445378151260504,7,4,4,9,True,True,2,2,True,10,2,0.2,-0.03769227597560752,0.34018264840182644,True
64291d6139625a91,London,location,2016Q2,2016Q1,0.20000000000000018,20,8,3,9,True,True,2,2,True,10,0,0.0,-0.02416863163430778,0.0581896551724137,True
64291d6139625a91,London,location,2017Q1,2016Q4,0.4283121597096189,19,9,6,9,True,True,2,2,True,10,1,0.1,-0.0046628876902987445,0.24566357402178296,True
64291d6139625a91,London,room,2016Q1,2015Q4,0.42481203007518786,18,28,2,9,True,True,2,2,True,10,4,0.4,0.1348954992952402,0.3250327653997378,True
6479d0a18e8d0565,Paris,noise,2016Q3,2016Q2,0.375,6,0,4,9,True,True,2,2,True,9,2,0.2222222222222222,-0.0012742341173713756,0.23376623376623373,True
6479d0a18e8d0565,Paris,room,2016Q3,2016Q2,0.23703703703703694,17,5,4,9,True,True,2,2,True,9,1,0.1111111111111111,0.04024992584696322,0.21929824561403521,True
6479d0a18e8d0565,Paris,service,2016Q3,2016Q2,0.15714285714285725,10,4,4,9,True,True,2,2,True,9,1,0.1111111111111111,-0.011895700450642957,0.20833333333333326,True
647c41496f97a28e,Paris,location,2016Q1,2015Q4,0.2450980392156863,7,2,2,9,True,True,2,2,True,7,0,0.0,-0.1338477633859266,-0.0641025641025641,True
647c41496f97a28e,Paris,location,2016Q3,2016Q2,0.3308270676691729,9,4,4,9,True,True,2,2,True,8,2,0.25,0.062438818640864674,0.2795031055900621,True
647c41496f97a28e,Paris,room,2016Q4,2016Q3,0.38043478260869557,13,6,5,9,True,True,2,2,True,9,1,0.1111111111111111,-0.026745954165309005,0.2807017543859649,True
647c41496f97a28e,Paris,service,2016Q3,2016Q2,0.23076923076923062,16,3,4,9,True,True,2,2,True,8,1,0.125,0.058321776929394054,0.3386243386243386,True
648ecea194206a90,Milan,breakfast,2016Q2,2016Q1,0.16366612111292955,37,29,3,9,True,True,2,2,True,10,6,0.6,0.16666085553409588,0.4285714285714287,True
648ecea194206a90,Milan,cleanliness,2016Q2,2016Q1,0.3846153846153846,16,12,3,9,True,True,2,2,True,10,6,0.6,0.12365331008978923,0.3666666666666667,True
648ecea194206a90,Milan,location,2016Q3,2016Q2,0.23219086021505375,83,54,4,9,True,True,2,2,True,10,0,0.0,-0.022279037864029672,0.11631139944392954,True
648ecea194206a90,Milan,noise,2016Q3,2016Q2,0.36363636363636365,12,12,4,9,True,True,2,2,True,10,3,0.3,0.07312037635567051,0.5833333333333333,True
648ecea194206a90,Milan,service,2016Q3,2016Q2,0.19130434782608696,59,45,4,9,True,True,2,2,True,10,3,0.3,0.07574624231925149,0.1941923774954628,True
648ecea194206a90,Milan,value,2016Q4,2016Q3,0.21403508771929824,9,20,5,9,True,True,2,2,True,10,2,0.2,-0.0884496333310375,0.19166666666666665,True
649de95e4e9c9ee7,Vienna,breakfast,2016Q2,2016Q1,0.19047619047619047,8,4,3,9,True,True,2,2,True,9,2,0.2222222222222222,0.005948521553529885,0.24085365853658547,True
649de95e4e9c9ee7,Vienna,location,2016Q2,2016Q1,0.1809954751131222,7,3,3,9,True,True,2,2,True,9,1,0.1111111111111111,-0.04829527447604251,0.19047619047619047,True
649de95e4e9c9ee7,Vienna,noise,2016Q3,2016Q2,0.19999999999999996,5,0,4,9,True,True,2,2,True,10,2,0.2,0.043173493173493185,0.2666666666666666,True
649de95e4e9c9ee7,Vienna,room,2016Q3,2016Q2,0.4940711462450592,13,12,4,9,True,True,2,2,True,10,0,0.0,-0.05503340414722905,0.0934959349593496,True
649de95e4e9c9ee7,Vienna,service,2016Q2,2016Q1,0.375,6,2,3,9,True,True,2,2,True,9,2,0.2222222222222222,0.04985523344987894,0.2666666666666666,True
64a496f6db2a558c,Milan,location,2016Q3,2016Q2,0.1879699248120299,9,4,4,9,True,True,2,2,True,9,1,0.1111111111111111,-0.08107839266652439,0.16666666666666652,True
64a496f6db2a558c,Milan,room,2016Q3,2016Q2,0.17647058823529416,7,2,4,9,True,True,2,2,True,9,1,0.1111111111111111,0.01172696590045683,0.20574162679425823,True
64a496f6db2a558c,Milan,service,2016Q3,2016Q2,0.17500000000000004,6,5,4,9,True,True,2,2,True,9,1,0.1111111111111111,-0.05384293922184469,0.28675136116152444,True
64ddba5f26341072,Barcelona,service,2016Q4,2016Q3,0.2941176470588236,7,2,5,9,True,True,2,2,True,10,0,0.0,-0.11626887560324092,0.05714285714285716,True
65555cd0e5c48e58,Barcelona,room,2016Q3,2016Q2,0.23611111111111116,17,6,4,9,True,True,2,2,True,10,0,0.0,-0.11688855659196187,0.06878433245760696,True
65555cd0e5c48e58,Barcelona,service,2016Q1,2015Q4,0.15454545454545454,12,10,2,9,True,True,2,2,True,10,1,0.1,-0.08942491402621966,0.24751066856330017,True
65555cd0e5c48e58,Barcelona,value,2016Q1,2015Q4,0.17647058823529416,7,2,2,9,True,True,2,2,True,10,1,0.1,0.03538400814871401,0.349090909090909,True
658f4d7d2dea712d,London,breakfast,2016Q3,2016Q2,0.28409090909090917,6,12,4,9,True,True,2,2,True,9,4,0.4444444444444444,0.02728640644617565,0.3736263736263735,True
658f4d7d2dea712d,London,breakfast,2017Q1,2016Q4,0.20952380952380945,11,20,6,9,True,True,2,2,True,9,5,0.5555555555555556,0.18256462749866803,0.42307692307692313,True
658f4d7d2dea712d,London,location,2016Q1,2015Q4,0.15833333333333344,20,6,2,9,True,True,2,2,True,9,0,0.0,-0.03491213472765756,0.13899613899613894,True
658f4d7d2dea712d,London,value,2016Q1,2015Q4,0.493421052631579,9,6,2,9,True,True,2,2,True,9,2,0.2222222222222222,0.016103976914013083,0.23611111111111116,True
658f4d7d2dea712d,London,value,2016Q3,2016Q2,0.20000000000000007,5,10,4,9,True,True,2,2,True,9,1,0.1111111111111111,-0.016330539349828383,0.2142857142857143,True
65938422d890568f,London,breakfast,2016Q2,2016Q1,0.20036716496197227,31,83,3,9,True,True,2,2,True,9,1,0.1111111111111111,0.007892702904412796,0.21307256819351528,True
65938422d890568f,London,cleanliness,2016Q1,2015Q4,0.27450980392156876,41,17,2,9,True,True,2,2,True,9,1,0.1111111111111111,-0.07037256303852896,0.2333333333333334,True
65938422d890568f,London,cleanliness,2017Q1,2016Q4,0.23076923076923084,16,16,6,9,True,True,2,2,True,10,2,0.2,0.05771093980662619,0.3701298701298701,True
65938422d890568f,London,noise,2016Q3,2016Q2,0.2582417582417582,16,18,4,9,True,True,2,2,True,9,4,0.4444444444444444,0.059425651762003415,0.31918505942275044,True
65938422d890568f,London,service,2016Q4,2016Q3,0.21386603995299658,36,27,5,9,True,True,2,2,True,10,1,0.1,-0.014306904676452703,0.2952380952380953,True
65938422d890568f,London,value,2016Q1,2015Q4,0.43534482758620685,19,6,2,9,True,True,2,2,True,9,4,0.4444444444444444,0.11845401165809616,0.4396284829721362,True
65938422d890568f,London,value,2017Q1,2016Q4,0.21052631578947378,9,9,6,9,True,True,2,2,True,10,2,0.2,0.04333059985287739,0.463157894736842,True
65c012125a25b33e,Vienna,cleanliness,2016Q1,2015Q4,0.1768421052631579,15,9,2,9,True,True,2,2,True,9,0,0.0,-0.043337982966465925,0.14529914529914545,True
65c012125a25b33e,Vienna,room,2017Q1,2016Q4,0.23529411764705888,7,7,6,9,True,True,2,2,True,9,1,0.1111111111111111,-0.03032783101650622,0.19999999999999996,True
65c012125a25b33e,Vienna,value,2016Q1,2015Q4,0.30175438596491233,9,5,2,9,True,True,2,2,True,9,1,0.1111111111111111,-0.0063087744247164335,0.2222222222222222,True
66305d5a8f0ce4b2,Milan,room,2016Q2,2016Q1,0.30263157894736836,9,6,3,9,True,True,2,2,True,10,2,0.2,0.016696755817833208,0.368421052631579,True
6637d07d5fbf3fdb,Barcelona,location,2016Q2,2016Q1,0.21739130434782616,13,0,3,9,True,True,2,2,True,10,5,0.5,0.12563478276363568,0.32000000000000006,True
6637d07d5fbf3fdb,Barcelona,service,2016Q2,2016Q1,0.16233766233766234,18,1,3,9,True,True,2,2,True,10,4,0.4,0.04452375777761258,0.41025641025641013,True
6650382f63c27183,Amsterdam,breakfast,2016Q1,2015Q4,0.2314496314496315,64,45,2,9,True,True,2,2,True,7,0,0.0,-0.191011501337987,0.03571428571428581,True
6650382f63c27183,Amsterdam,location,2016Q3,2016Q2,0.3291333924874298,137,105,4,9,True,True,2,2,True,8,1,0.125,-0.0008627850858486663,0.17647058823529416,True
6650382f63c27183,Amsterdam,location,2017Q1,2016Q4,0.15667311411992269,155,84,6,9,True,True,2,2,True,9,2,0.2222222222222222,0.010555545358481085,0.3175027870680045,True
6650382f63c27183,Amsterdam,noise,2016Q1,2015Q4,0.2142857142857142,18,8,2,9,True,True,2,2,True,7,1,0.14285714285714285,0.007527602955751326,0.21553884711779436,True
6650382f63c27183,Amsterdam,noise,2016Q3,2016Q2,0.4010217113665391,19,17,4,9,True,True,2,2,True,8,2,0.25,0.05601480394904115,0.25757575757575746,True
6650382f63c27183,Amsterdam,noise,2017Q1,2016Q4,0.43999999999999995,15,20,6,9,True,True,2,2,True,9,1,0.1111111111111111,-0.021329974402457725,0.16117216117216127,True
6650382f63c27183,Amsterdam,value,2016Q4,2016Q3,0.30999999999999994,30,40,5,9,True,True,2,2,True,9,3,0.3333333333333333,0.01091011518332103,0.4242424242424242,True
66a60f0458946592,London,room,2017Q1,2016Q4,0.15909090909090917,6,1,6,9,True,True,2,2,True,10,0,0.0,-0.015052277777536049,0.10499999999999998,True
66c5453e1d4914af,London,breakfast,2016Q2,2016Q1,0.16304347826086962,82,54,3,9,True,True,2,2,True,9,1,0.1111111111111111,-0.06515968879631212,0.22857142857142865,True
66c5453e1d4914af,London,cleanliness,2016Q4,2016Q3,0.24890083048363465,79,82,5,9,True,True,2,2,True,10,3,0.3,0.04999880934795111,0.43999999999999995,True
66c5453e1d4914af,London,noise,2016Q4,2016Q3,0.3264033264033265,27,16,5,9,True,True,2,2,True,10,2,0.2,0.03578507367731375,0.3076923076923076,True
66c5453e1d4914af,London,noise,2017Q1,2016Q4,0.16543816543816536,23,27,6,9,True,True,2,2,True,10,0,0.0,-0.18652508116466923,0.06666666666666665,True
66c5453e1d4914af,London,service,2016Q1,2015Q4,0.23726708074534164,123,220,2,9,True,True,2,2,True,9,3,0.3333333333333333,0.08518456442855118,0.27419354838709675,True
66c5453e1d4914af,London,value,2017Q1,2016Q4,0.2071668533034715,37,66,6,9,True,True,2,2,True,10,2,0.2,0.005420339550370523,0.2584615384615384,True
66cb9e32dd522298,Paris,cleanliness,2016Q4,2016Q3,0.23529411764705888,7,7,5,7,True,True,2,2,True,8,5,0.625,0.12457915858651154,0.30952380952380965,True
674d4b3743d9defa,London,cleanliness,2016Q4,2016Q3,0.2941176470588236,7,10,5,9,True,True,2,2,True,10,3,0.3,0.03631994897212289,0.38888888888888895,True
674d4b3743d9defa,London,room,2016Q4,2016Q3,0.32478632478632474,29,44,5,9,True,True,2,2,True,10,4,0.4,0.08417628651412182,0.2769230769230768,True
674d4b3743d9defa,London,value,2016Q1,2015Q4,0.18181818181818177,8,12,2,9,True,True,2,2,True,10,2,0.2,-0.049128858370237706,0.22988505747126442,True
67d42835042359e7,Paris,cleanliness,2016Q3,2016Q2,0.19999999999999996,5,0,4,9,True,True,2,2,True,9,0,0.0,0.001938250183864238,0.1428571428571428,True
67d42835042359e7,Paris,location,2016Q3,2016Q2,0.4444444444444444,8,2,4,9,True,True,2,2,True,9,1,0.1111111111111111,-0.02711422494666836,0.16521739130434798,True
67d42835042359e7,Paris,room,2016Q1,2015Q4,0.3157894736842105,9,9,2,9,True,True,2,2,True,8,3,0.375,-0.015116524586939323,0.20952380952380956,True
68066230a2e409e1,Milan,breakfast,2017Q1,2016Q4,0.19999999999999996,10,2,6,9,True,True,2,2,True,9,1,0.1111111111111111,-0.05254694470380745,0.1607142857142858,True
68066230a2e409e1,Milan,cleanliness,2016Q1,2015Q4,0.46590909090909094,6,1,2,9,True,True,2,2,True,9,1,0.1111111111111111,0.03342953342953344,0.2575757575757577,True
68066230a2e409e1,Milan,cleanliness,2016Q3,2016Q2,0.20909090909090922,10,1,4,9,True,True,2,2,True,9,2,0.2222222222222222,0.030241493399388135,0.39743589743589747,True
68066230a2e409e1,Milan,location,2016Q3,2016Q2,0.2857142857142857,18,10,4,9,True,True,2,2,True,9,1,0.1111111111111111,-0.05997283303784852,0.23076923076923084,True
68066230a2e409e1,Milan,value,2016Q3,2016Q2,0.20952380952380956,5,4,4,9,True,True,2,2,True,9,0,0.0,0.01577044959397902,0.125,True
68167cb9f40b777d,Paris,location,2016Q3,2016Q2,0.19001610305958128,17,13,4,9,True,True,2,2,True,9,4,0.4444444444444444,0.09661899567505977,0.40701754385964906,True
68167cb9f40b777d,Paris,room,2016Q3,2016Q2,0.23858341099720404,27,19,4,9,True,True,2,2,True,9,3,0.3333333333333333,0.08831953662244399,0.3600000000000001,True
68167cb9f40b777d,Paris,room,2017Q1,2016Q4,0.3484848484848485,12,14,6,9,True,True,2,2,True,9,2,0.2222222222222222,0.05800558953832888,0.44812554489973844,True
68167cb9f40b777d,Paris,service,2016Q3,2016Q2,0.25287356321839094,19,8,4,9,True,True,2,2,True,9,5,0.5555555555555556,0.09727121691794666,0.3421052631578947,True
682a8af378968290,London,breakfast,2017Q1,2016Q4,0.16000000000000014,35,40,6,6,True,True,2,2,True,10,2,0.2,0.003782150228900649,0.33484162895927605,True
68be4b78519cdb99,London,breakfast,2016Q2,2016Q1,0.2666666666666666,5,5,3,9,True,True,2,2,True,9,3,0.3333333333333333,0.007811340304597205,0.23076923076923073,True
68be4b78519cdb99,London,cleanliness,2016Q3,2016Q2,0.3650793650793652,8,4,4,9,True,True,2,2,True,9,3,0.3333333333333333,0.06232082279902443,0.31034482758620685,True
68be4b78519cdb99,London,location,2017Q1,2016Q4,0.265993265993266,17,12,6,9,True,True,2,2,True,9,1,0.1111111111111111,0.031787423712631435,0.28148148148148144,True
68be4b78519cdb99,London,noise,2017Q1,2016Q4,0.21904761904761905,5,4,6,9,True,True,2,2,True,9,0,0.0,-0.07941288146933129,0.10256410256410242,True
68be4b78519cdb99,London,room,2016Q2,2016Q1,0.29494949494949496,23,35,3,9,True,True,2,2,True,9,2,0.2222222222222222,0.006232679405686257,0.31499999999999995,True
68be4b78519cdb99,London,room,2016Q4,2016Q3,0.2437275985663081,21,35,5,9,True,True,2,2,True,9,1,0.1111111111111111,-0.08981137759648118,0.16438127090301013,True
68cc09fca8c8c7a0,London,breakfast,2016Q2,2016Q1,0.24564459930313598,31,18,3,9,True,True,2,2,True,10,1,0.1,-0.006222535103528548,0.1511111111111112,True
68cc09fca8c8c7a0,London,cleanliness,2016Q1,2015Q4,0.33333333333333326,30,26,2,9,True,True,2,2,True,10,1,0.1,0.008961418692588851,0.19397363465160078,True
68cc09fca8c8c7a0,London,noise,2016Q3,2016Q2,0.1703703703703704,20,17,4,9,True,True,2,2,True,10,2,0.2,-0.04000054831569734,0.23076923076923073,True
68cc09fca8c8c7a0,London,noise,2017Q1,2016Q4,0.3243697478991596,25,24,6,9,True,True,2,2,True,10,1,0.1,0.013152799985225649,0.21671826625387003,True
68cc09fca8c8c7a0,London,room,2016Q1,2015Q4,0.3250327653997378,137,99,2,9,True,True,2,2,True,10,3,0.3,0.14375486113229957,0.42481203007518786,True
68cc09fca8c8c7a0,London,service,2016Q1,2015Q4,0.15333333333333332,65,66,2,9,True,True,2,2,True,10,1,0.1,0.011503889914984734,0.39811912225705315,True
68cc09fca8c8c7a0,London,value,2016Q1,2015Q4,0.3217592592592593,22,17,2,9,True,True,2,2,True,10,5,0.5,0.11224754546183117,0.5694444444444444,True
68cc09fca8c8c7a0,London,value,2016Q3,2016Q2,0.1652661064425771,24,11,4,9,True,True,2,2,True,10,0,0.0,-0.1197369875419192,0.07692307692307687,True
68cc09fca8c8c7a0,London,value,2017Q1,2016Q4,0.2833333333333332,14,15,6,9,True,True,2,2,True,10,5,0.5,0.16121650618289274,0.3571428571428571,True
68e79a59e47d94a4,Paris,location,2016Q3,2016Q2,0.24242424242424243,5,1,4,9,True,True,2,2,True,10,0,0.0,-0.0407512541658883,0.10731707317073158,True
68e79a59e47d94a4,Paris,room,2016Q1,2015Q4,0.3333333333333335,8,8,2,9,True,True,2,2,True,9,3,0.3333333333333333,0.09641351659828704,0.4666666666666667,True
68e79a59e47d94a4,Paris,service,2016Q1,2015Q4,0.29807692307692313,6,3,2,9,True,True,2,2,True,9,3,0.3333333333333333,0.030125510218888825,0.2666666666666666,True
68e79a59e47d94a4,Paris,service,2016Q3,2016Q2,0.4444444444444444,8,0,4,9,True,True,2,2,True,10,3,0.3,0.0022921311354084928,0.24444444444444446,True
68f277ffbaa7cc23,Barcelona,breakfast,2016Q3,2016Q2,0.1964912280701755,5,9,4,9,True,True,2,2,True,9,2,0.2222222222222222,0.014738431121300084,0.38095238095238093,True
68f277ffbaa7cc23,Barcelona,breakfast,2016Q4,2016Q3,0.288888888888889,8,5,5,9,True,True,2,2,True,9,2,0.2222222222222222,-0.08196131354026091,0.2857142857142858,True
68f277ffbaa7cc23,Barcelona,location,2016Q2,2016Q1,0.28671328671328666,12,3,3,9,True,True,2,2,True,8,4,0.5,0.06282369886909528,0.33333333333333326,True
68f277ffbaa7cc23,Barcelona,service,2016Q2,2016Q1,0.18181818181818188,12,2,3,9,True,True,2,2,True,8,3,0.375,0.0038105889208830124,0.3146853146853146,True
69159bd4e62bf2c7,Paris,room,2016Q4,2016Q3,0.25,6,6,5,9,True,True,2,2,True,10,4,0.4,-0.017773254087502133,0.2222222222222222,True
69159bd4e62bf2c7,Paris,service,2016Q2,2016Q1,0.15277777777777768,6,8,3,9,True,True,2,2,True,9,1,0.1111111111111111,0.0027091832905818836,0.27956989247311825,True
69159bd4e62bf2c7,Paris,service,2017Q1,2016Q4,0.16666666666666652,8,2,6,9,True,True,2,2,True,10,1,0.1,0.057512263015616405,0.22588235294117642,True
6921d662abc5acc1,London,location,2016Q4,2016Q3,0.20454545454545459,12,6,5,6,True,True,2,2,True,10,1,0.1,0.012790960044936451,0.15714285714285725,True
6921d662abc5acc1,London,service,2017Q1,2016Q4,0.24456521739130443,6,13,6,6,True,True,2,2,True,10,0,0.0,-0.044341848945985626,0.13237639553429026,True
693eb0278f7da676,London,breakfast,2016Q3,2016Q2,0.25263157894736843,10,9,4,9,True,True,2,2,True,10,5,0.5,0.10138032117147747,0.3529411764705883,True
693eb0278f7da676,London,room,2016Q2,2016Q1,0.17293233082706783,28,25,3,9,True,True,2,2,True,10,2,0.2,0.04000864614589036,0.2571428571428571,True
695034ef8ef7263b,London,breakfast,2016Q3,2016Q2,0.17261904761904767,22,32,4,9,True,True,2,2,True,10,0,0.0,-0.07601341609744966,0.1428571428571429,True
695034ef8ef7263b,London,breakfast,2016Q4,2016Q3,0.19414893617021267,37,22,5,9,True,True,2,2,True,10,1,0.1,-0.11368445486092549,0.21978021978021967,True
695034ef8ef7263b,London,noise,2017Q1,2016Q4,0.22009569377990423,9,12,6,9,True,True,2,2,True,10,2,0.2,-0.022601492934310276,0.1722488038277512,True
695034ef8ef7263b,London,room,2016Q1,2015Q4,0.1848484848484847,155,26,2,9,True,True,2,2,True,10,3,0.3,0.010742073850421353,0.28071790151863774,True
695034ef8ef7263b,London,room,2016Q4,2016Q3,0.2207965784549587,77,76,5,9,True,True,2,2,True,10,2,0.2,0.024483536463147836,0.24363636363636365,True
695034ef8ef7263b,London,service,2016Q1,2015Q4,0.19164619164619157,101,23,2,9,True,True,2,2,True,10,1,0.1,-0.06330402562904465,0.18333333333333335,True
695034ef8ef7263b,London,value,2016Q4,2016Q3,0.16685205784204682,21,19,5,9,True,True,2,2,True,10,2,0.2,-0.08330553504466551,0.19480519480519476,True
698288a277317b5a,Barcelona,breakfast,2016Q4,2016Q3,0.24342105263157898,9,6,5,9,True,True,2,2,True,10,0,0.0,-0.038283989831977464,0.1255060728744939,True
698288a277317b5a,Barcelona,cleanliness,2016Q2,2016Q1,0.21367521367521358,8,3,3,9,True,True,2,2,True,10,4,0.4,0.051944503601480355,0.4285714285714286,True
698288a277317b5a,Barcelona,location,2016Q2,2016Q1,0.2948717948717947,16,14,3,9,True,True,2,2,True,10,5,0.5,0.12485558185655758,0.3535353535353536,True
698288a277317b5a,Barcelona,noise,2016Q2,2016Q1,0.29166666666666663,6,2,3,9,True,True,2,2,True,10,0,0.0,-0.07685897435897435,0.05882352941176472,True
698288a277317b5a,Barcelona,room,2016Q3,2016Q2,0.16666666666666674,11,18,4,9,True,True,2,2,True,10,2,0.2,-0.020441075714546265,0.18306636155606404,True
698288a277317b5a,Barcelona,service,2016Q3,2016Q2,0.31159420289855055,13,14,4,9,True,True,2,2,True,10,0,0.0,0.0014619111358241898,0.1428571428571428,True
69b02fe7a01bbcda,Milan,breakfast,2016Q3,2016Q2,0.23106546854942245,31,28,4,9,True,True,2,2,True,9,3,0.3333333333333333,0.038778118037654345,0.3066202090592334,True
69b02fe7a01bbcda,Milan,breakfast,2017Q1,2016Q4,0.15925925925925932,10,17,6,9,True,True,2,2,True,9,1,0.1111111111111111,-0.10168970374613612,0.49411764705882355,True
69b02fe7a01bbcda,Milan,location,2016Q2,2016Q1,0.24145299145299148,62,16,3,9,True,True,2,2,True,9,2,0.2222222222222222,-0.04923854151330528,0.20909090909090922,True
69b02fe7a01bbcda,Milan,room,2016Q1,2015Q4,0.24131274131274116,18,27,2,9,True,True,2,2,True,9,3,0.3333333333333333,0.08192807530353194,0.4190476190476189,True
69b02fe7a01bbcda,Milan,room,2016Q2,2016Q1,0.26806722689075646,75,18,3,9,True,True,2,2,True,9,2,0.2222222222222222,0.032355223530020724,0.2748538011695908,True
69b02fe7a01bbcda,Milan,service,2016Q2,2016Q1,0.33333333333333326,38,12,3,9,True,True,2,2,True,9,1,0.1111111111111111,-0.03228659783350122,0.24444444444444446,True
69b02fe7a01bbcda,Milan,service,2017Q1,2016Q4,0.17647058823529416,7,18,6,9,True,True,2,2,True,9,2,0.2222222222222222,-0.07888171876375144,0.32167832167832155,True
69b02fe7a01bbcda,Milan,value,2016Q4,2016Q3,0.5538461538461538,10,16,5,9,True,True,2,2,True,9,2,0.2222222222222222,0.046096612693251354,0.3921568627450981,True
69dc6ddd2615bb6d,Barcelona,cleanliness,2016Q2,2016Q1,0.19999999999999996,5,0,3,9,True,True,2,2,True,8,1,0.125,-0.001971983965691121,0.16083916083916083,True
69dc6ddd2615bb6d,Barcelona,cleanliness,2016Q3,2016Q2,0.27826086956521734,13,5,4,9,True,True,2,2,True,9,4,0.4444444444444444,0.05853974051520017,0.3308270676691729,True
69dc6ddd2615bb6d,Barcelona,location,2016Q2,2016Q1,0.28409090909090917,6,1,3,9,True,True,2,2,True,8,2,0.25,0.06931188824697956,0.2171428571428573,True
69dc6ddd2615bb6d,Barcelona,service,2016Q3,2016Q2,0.4814814814814814,17,6,4,9,True,True,2,2,True,9,2,0.2222222222222222,0.005168742517747694,0.28260869565217384,True
69e727e11a8049ac,Vienna,cleanliness,2016Q1,2015Q4,0.2828947368421053,9,6,2,9,True,True,2,2,True,8,0,0.0,-0.09675830206390484,0.14358974358974352,True
69e727e11a8049ac,Vienna,cleanliness,2017Q1,2016Q4,0.2171428571428573,15,4,6,9,True,True,2,2,True,9,1,0.1111111111111111,0.002858252858252857,0.23484848484848486,True
69e727e11a8049ac,Vienna,location,2017Q1,2016Q4,0.21666666666666679,30,17,6,9,True,True,2,2,True,9,2,0.2222222222222222,-0.07930414843158952,0.21832358674463936,True
69e727e11a8049ac,Vienna,noise,2016Q3,2016Q2,0.45192307692307687,6,3,4,9,True,True,2,2,True,9,1,0.1111111111111111,-0.004000531632110572,0.16666666666666674,True
69e727e11a8049ac,Vienna,service,2016Q3,2016Q2,0.20897615708274886,36,21,4,9,True,True,2,2,True,9,2,0.2222222222222222,-0.0447675702926902,0.29807692307692313,True
69fa0c03202c3b11,London,breakfast,2016Q3,2016Q2,0.2777777777777778,8,14,4,9,True,True,2,2,True,10,2,0.2,-0.04355360180295975,0.3137254901960784,True
69fa0c03202c3b11,London,breakfast,2017Q1,2016Q4,0.19323671497584538,8,13,6,9,True,True,2,2,True,10,1,0.1,-0.04258611283220014,0.18124536693847304,True
69fa0c03202c3b11,London,noise,2016Q2,2016Q1,0.18881118881118875,16,12,3,9,True,True,2,2,True,10,2,0.2,-0.03913099572310099,0.2813852813852813,True
69fa0c03202c3b11,London,room,2016Q1,2015Q4,0.23201506591337107,49,35,2,9,True,True,2,2,True,10,3,0.3,0.057994269235243465,0.24453781512605044,True
69fa0c03202c3b11,London,service,2016Q2,2016Q1,0.17142857142857149,30,25,3,9,True,True,2,2,True,10,0,0.0,-0.049947820044536684,0.11034746086292468,True
69fa0c03202c3b11,London,service,2016Q4,2016Q3,0.15661103979460833,28,31,5,9,True,True,2,2,True,10,3,0.3,0.07634804353685906,0.40664711632453576,True
69fa0c03202c3b11,London,value,2016Q3,2016Q2,0.2222222222222222,8,8,4,9,True,True,2,2,True,10,1,0.1,-0.032306993592698265,0.18181818181818177,True
6a68f0a2e4cbae69,Paris,cleanliness,2016Q1,2015Q4,0.20320855614973277,7,1,2,9,True,True,2,2,True,8,2,0.25,-0.011429624297271374,0.2090909090909091,True
6a68f0a2e4cbae69,Paris,location,2016Q2,2016Q1,0.26923076923076916,10,3,3,9,True,True,2,2,True,8,1,0.125,-0.06639828654128438,0.1809954751131222,True
6a68f0a2e4cbae69,Paris,room,2016Q3,2016Q2,0.20238095238095255,18,14,4,9,True,True,2,2,True,8,2,0.25,0.046578047246878876,0.18461538461538463,True
6a80eb6db613405c,Amsterdam,breakfast,2016Q2,2016Q1,0.17101449275362324,20,13,3,9,True,True,2,2,True,10,2,0.2,0.008361275807096202,0.35882352941176476,True
6a80eb6db613405c,Amsterdam,cleanliness,2016Q3,2016Q2,0.1786030061892132,29,19,4,9,True,True,2,2,True,10,0,0.0,-0.06825634676012236,0.1477272727272727,True
6a80eb6db613405c,Amsterdam,room,2016Q1,2015Q4,0.25631313131313127,89,38,2,9,True,True,2,2,True,10,1,0.1,-0.05013792628809952,0.23076923076923084,True
6a80eb6db613405c,Amsterdam,service,2016Q1,2015Q4,0.2593350383631714,75,36,2,9,True,True,2,2,True,10,1,0.1,0.035973981768439224,0.2272727272727273,True
6a9b160b9321dc44,Milan,cleanliness,2016Q1,2015Q4,0.2666666666666666,5,5,2,9,True,True,2,2,True,9,1,0.1111111111111111,-0.016034828737301023,0.2666666666666666,True
6a9b160b9321dc44,Milan,service,2016Q3,2016Q2,0.17826086956521725,13,10,4,9,True,True,2,2,True,10,2,0.2,-0.09438649119864126,0.18974358974358974,True
6a9b160b9321dc44,Milan,service,2017Q1,2016Q4,0.1568627450980391,8,7,6,9,True,True,2,2,True,9,1,0.1111111111111111,-0.025777485502885906,0.16666666666666674,True
6a9b160b9321dc44,Milan,value,2017Q1,2016Q4,0.16410256410256407,5,3,6,9,True,True,2,2,True,9,1,0.1111111111111111,-0.05094730977083918,0.19999999999999996,True
6aa0046e22e3f76e,London,breakfast,2016Q4,2016Q3,0.25913621262458475,33,32,5,8,True,True,2,2,True,10,1,0.1,-0.17503323746275462,0.22408963585434183,True
6aa0046e22e3f76e,London,breakfast,2017Q1,2016Q4,0.2911283376399656,44,33,6,8,True,True,2,2,True,10,7,0.7,0.22705808779321365,0.5333333333333332,True
6aa0046e22e3f76e,London,noise,2016Q2,2016Q1,0.2769230769230768,10,16,3,8,True,True,2,2,True,10,1,0.1,-0.014353462623906743,0.27330779054916987,True
6aa0046e22e3f76e,London,noise,2016Q3,2016Q2,0.24444444444444446,8,10,4,8,True,True,2,2,True,10,3,0.3,0.025296041129072,0.368421052631579,True
6aa0046e22e3f76e,London,noise,2017Q1,2016Q4,0.17927170868347342,11,7,6,8,True,True,2,2,True,10,0,0.0,-0.16651411282216239,0.07692307692307687,True
6aa0046e22e3f76e,London,value,2016Q3,2016Q2,0.2142857142857143,18,25,4,8,True,True,2,2,True,10,2,0.2,-0.016496791130848364,0.20000000000000007,True
6aa0046e22e3f76e,London,value,2016Q4,2016Q3,0.1820276497695853,21,18,5,8,True,True,2,2,True,10,3,0.3,0.0008141418676364421,0.20606060606060606,True
6aeb4605b57b38a5,Milan,room,2017Q1,2016Q4,0.33333333333333337,8,8,6,9,True,True,2,2,True,9,2,0.2222222222222222,-0.01824391868251518,0.22297297297297303,True
6aeb4605b57b38a5,Milan,service,2016Q1,2015Q4,0.2321428571428572,6,4,2,9,True,True,2,2,True,9,3,0.3333333333333333,0.038037180684239495,0.2857142857142858,True
6aeb4605b57b38a5,Milan,service,2016Q3,2016Q2,0.1809954751131222,7,3,4,9,True,True,2,2,True,10,4,0.4,0.08199761662037877,0.3500000000000001,True
6b1f1cdac45be7aa,London,breakfast,2016Q1,2015Q4,0.23076923076923073,6,3,2,9,True,True,2,2,True,8,2,0.25,0.04184706447873868,0.3425559947299077,True
6b1f1cdac45be7aa,London,breakfast,2017Q1,2016Q4,0.3162055335968379,13,12,6,9,True,True,2,2,True,9,3,0.3333333333333333,0.04454161287408852,0.22985763143243454,True
6b1f1cdac45be7aa,London,location,2016Q4,2016Q3,0.24291497975708487,28,16,5,9,True,True,2,2,True,8,1,0.125,0.01886039559368141,0.23188405797101463,True
6b1f1cdac45be7aa,London,noise,2016Q4,2016Q3,0.22549019607843135,7,2,5,9,True,True,2,2,True,8,1,0.125,-0.0023568302612419906,0.2431372549019608,True
6b1f1cdac45be7aa,London,room,2016Q1,2015Q4,0.20647773279352222,16,9,2,9,True,True,2,2,True,8,2,0.25,0.0752812754134266,0.2902967121090617,True
6b1f1cdac45be7aa,London,service,2016Q3,2016Q2,0.1607142857142858,22,18,4,9,True,True,2,2,True,8,0,0.0,-0.04863462306175664,0.05483870967741922,True
6b20780eca00e9f5,Paris,noise,2017Q1,2016Q4,0.16666666666666663,6,2,6,6,True,True,2,2,True,10,2,0.2,0.03037452743335096,0.45238095238095244,True
6b882cdcb29662c9,London,breakfast,2016Q4,2016Q3,0.29239766081871355,26,28,5,9,True,True,2,2,True,10,2,0.2,-0.06569550231381924,0.3088235294117647,True
6b882cdcb29662c9,London,cleanliness,2017Q1,2016Q4,0.23717948717948723,29,22,6,9,True,True,2,2,True,10,1,0.1,-0.012658583470940421,0.16666666666666674,True
6b882cdcb29662c9,London,noise,2016Q1,2015Q4,0.16203703703703698,17,6,2,9,True,True,2,2,True,10,2,0.2,0.002653124481711222,0.21978021978021978,True
6b882cdcb29662c9,London,noise,2017Q1,2016Q4,0.36190476190476195,11,5,6,9,True,True,2,2,True,10,2,0.2,0.042059586685858255,0.2588235294117647,True
6b882cdcb29662c9,London,value,2016Q1,2015Q4,0.33333333333333337,22,11,2,9,True,True,2,2,True,10,3,0.3,0.008862733097736164,0.48,True
6b882cdcb29662c9,London,value,2016Q3,2016Q2,0.37472766884531583,17,24,4,9,True,True,2,2,True,10,2,0.2,-0.01791199214728627,0.35238095238095235,True
6b99c157be448e3a,London,breakfast,2016Q1,2015Q4,0.21666666666666667,20,30,2,9,True,True,2,2,True,10,2,0.2,-0.045316115894392404,0.23376623376623373,True
6b99c157be448e3a,London,breakfast,2016Q3,2016Q2,0.27714129841789426,37,29,4,9,True,True,2,2,True,10,3,0.3,0.022575670975051775,0.4,True
6b99c157be448e3a,London,cleanliness,2017Q1,2016Q4,0.4181818181818182,20,12,6,9,True,True,2,2,True,10,3,0.3,0.02121875186318777,0.6829810901001113,True
6b99c157be448e3a,London,location,2016Q2,2016Q1,0.19826086956521727,90,82,3,9,True,True,2,2,True,10,1,0.1,-0.03778216866382458,0.16538461538461546,True
6b99c157be448e3a,London,location,2017Q1,2016Q4,0.18806193806193816,78,81,6,9,True,True,2,2,True,10,1,0.1,0.029046942081958106,0.265993265993266,True
6b99c157be448e3a,London,noise,2016Q3,2016Q2,0.23858341099720404,19,27,4,9,True,True,2,2,True,10,2,0.2,-0.009677125977115297,0.24444444444444446,True
6b99c157be448e3a,London,service,2016Q2,2016Q1,0.1625655046707677,122,123,3,9,True,True,2,2,True,10,0,0.0,-0.026005014743920984,0.11190631099544568,True
6c1402e5bfe52892,London,service,2016Q2,2016Q1,0.20276497695852536,25,21,3,9,True,True,2,2,True,10,0,0.0,-0.029184490322548995,0.12958226768968473,True
6c23d578173bb5c3,Paris,service,2017Q1,2016Q4,0.31159420289855055,13,2,6,7,True,True,2,2,True,10,1,0.1,-0.011954545357425971,0.4444444444444444,True
6c2fdb3032ed33ea,Paris,service,2016Q3,2016Q2,0.3827751196172249,9,1,4,9,True,True,2,2,True,8,0,0.0,-0.06803763366263371,0.07692307692307687,True
6c362afcfd4358c0,Paris,breakfast,2017Q1,2016Q4,0.33333333333333326,5,0,6,9,True,True,2,2,True,9,2,0.2222222222222222,-0.028828710064408014,0.25757575757575746,True
6c362afcfd4358c0,Paris,location,2016Q1,2015Q4,0.16176470588235303,7,6,2,9,True,True,2,2,True,9,1,0.1111111111111111,0.0034505620329195155,0.2450980392156863,True
6c362afcfd4358c0,Paris,location,2016Q3,2016Q2,0.23809523809523792,11,4,4,9,True,True,2,2,True,9,4,0.4444444444444444,0.0758255604275621,0.2450980392156863,True
6c362afcfd4358c0,Paris,location,2017Q1,2016Q4,0.21367521367521358,8,3,6,9,True,True,2,2,True,9,0,0.0,-0.06761984999859097,0.12605042016806722,True
6c362afcfd4358c0,Paris,service,2016Q3,2016Q2,0.16883116883116878,12,4,4,9,True,True,2,2,True,9,1,0.1111111111111111,-0.04463090346225554,0.3216783216783218,True
6c362afcfd4358c0,Paris,service,2017Q1,2016Q4,0.33333333333333326,8,0,6,9,True,True,2,2,True,9,2,0.2222222222222222,-0.030167772896531077,0.41176470588235303,True
6c58fb835be685ab,Amsterdam,cleanliness,2016Q3,2016Q2,0.20863787375415277,25,33,4,9,True,True,2,2,True,9,1,0.1111111111111111,-0.08048912893364427,0.18367346938775508,True
6c58fb835be685ab,Amsterdam,location,2016Q4,2016Q3,0.15652173913043477,50,59,5,9,True,True,2,2,True,9,0,0.0,-0.02478270091683421,0.07541478129713419,True
6c58fb835be685ab,Amsterdam,noise,2016Q2,2016Q1,0.1578947368421053,9,2,3,9,True,True,2,2,True,9,1,0.1111111111111111,-0.043077747651864146,0.18518518518518512,True
6c58fb835be685ab,Amsterdam,noise,2016Q3,2016Q2,0.17543859649122795,8,9,4,9,True,True,2,2,True,9,3,0.3333333333333333,0.135240761454538,0.4285714285714286,True
6c58fb835be685ab,Amsterdam,noise,2017Q1,2016Q4,0.16117216117216127,11,3,6,9,True,True,2,2,True,9,1,0.1111111111111111,0.031296664776996136,0.43999999999999995,True
6c58fb835be685ab,Amsterdam,room,2016Q3,2016Q2,0.16974789915966393,60,75,4,9,True,True,2,2,True,9,0,0.0,0.007580268195748936,0.13993296089385487,True
6c58fb835be685ab,Amsterdam,service,2016Q1,2015Q4,0.2101806239737274,19,11,2,9,True,True,2,2,True,8,0,0.0,-0.0377326961068038,0.03802588996763756,True
6c58fb835be685ab,Amsterdam,service,2017Q1,2016Q4,0.17307692307692313,42,46,6,9,True,True,2,2,True,9,3,0.3333333333333333,0.08853913373808697,0.26190476190476186,True
6c58fb835be685ab,Amsterdam,value,2016Q1,2015Q4,0.23611111111111116,8,6,2,9,True,True,2,2,True,8,1,0.125,0.013512761061931028,0.21437173825772782,True
6c58fb835be685ab,Amsterdam,value,2017Q1,2016Q4,0.26028921023359286,21,19,6,9,True,True,2,2,True,9,3,0.3333333333333333,-0.010065303059503372,0.2945578231292517,True
6c8520970f666b75,London,noise,2016Q1,2015Q4,0.15732758620689657,22,48,2,9,True,True,2,2,True,9,2,0.2222222222222222,0.028634824465316053,0.2857142857142857,True
6c8520970f666b75,London,service,2017Q1,2016Q4,0.3158861340679524,89,111,6,9,True,True,2,2,True,9,2,0.2222222222222222,0.04403365793671362,0.37111111111111117,True
6c8520970f666b75,London,value,2016Q3,2016Q2,0.188997338065661,39,36,4,9,True,True,2,2,True,9,1,0.1111111111111111,-0.004431467830160635,0.2142857142857143,True
6c8520970f666b75,London,value,2017Q1,2016Q4,0.20263157894736838,28,30,6,9,True,True,2,2,True,9,2,0.2222222222222222,0.06844541300918222,0.3301096067053514,True
6d0a807f2ffcd675,Vienna,breakfast,2017Q1,2016Q4,0.2857142857142856,11,11,6,9,True,True,2,2,True,9,1,0.1111111111111111,-0.09789958770350925,0.39682539682539675,True
6d0a807f2ffcd675,Vienna,cleanliness,2016Q1,2015Q4,0.30959752321981426,9,7,2,9,True,True,2,2,True,10,2,0.2,0.08124753024753031,0.33333333333333326,True
6d0a807f2ffcd675,Vienna,cleanliness,2016Q3,2016Q2,0.375,6,2,4,9,True,True,2,2,True,10,2,0.2,0.011181254647520223,0.430622009569378,True
6d0a807f2ffcd675,Vienna,cleanliness,2017Q1,2016Q4,0.2333333333333334,10,5,6,9,True,True,2,2,True,9,1,0.1111111111111111,-0.07522586246506023,0.15757575757575748,True
6d0a807f2ffcd675,Vienna,room,2016Q3,2016Q2,0.29729729729729737,27,14,4,9,True,True,2,2,True,10,1,0.1,-0.02772456156852291,0.16363636363636358,True
6d0a807f2ffcd675,Vienna,room,2017Q1,2016Q4,0.19159335288367552,21,23,6,9,True,True,2,2,True,9,0,0.0,-0.12309097225992861,0.07619047619047614,True
6d0a807f2ffcd675,Vienna,service,2017Q1,2016Q4,0.17391304347826075,13,13,6,9,True,True,2,2,True,9,2,0.2222222222222222,-0.02661602640147683,0.18974358974358974,True
6d0a807f2ffcd675,Vienna,value,2016Q1,2015Q4,0.2857142857142857,6,4,2,9,True,True,2,2,True,10,2,0.2,0.04910501158852214,0.16666666666666674,True
6d0a807f2ffcd675,Vienna,value,2016Q4,2016Q3,0.2666666666666667,5,8,5,9,True,True,2,2,True,10,0,0.0,-0.016566846765056487,0.1428571428571429,True
6d11adc13efe63b9,London,breakfast,2016Q4,2016Q3,0.2259887005649719,49,38,5,9,True,True,2,2,True,9,1,0.1111111111111111,-0.09363166744784308,0.2171428571428573,True
6d11adc13efe63b9,London,cleanliness,2017Q1,2016Q4,0.2402745995423341,36,28,6,9,True,True,2,2,True,9,4,0.4444444444444444,-0.01367952968360083,0.23076923076923084,True
6d11adc13efe63b9,London,service,2017Q1,2016Q4,0.16176470588235303,75,70,6,9,True,True,2,2,True,9,0,0.0,-0.05017636944173091,0.07792207792207773,True
6d11adc13efe63b9,London,value,2016Q3,2016Q2,0.21083743842364533,19,25,4,9,True,True,2,2,True,8,1,0.125,-0.025387837452386666,0.15061475409836067,True
6d68b2bd1b374ae4,Barcelona,cleanliness,2016Q4,2016Q3,0.17500000000000004,6,5,5,9,True,True,2,2,True,10,3,0.3,0.013625236319744305,0.33333333333333326,True
6d68b2bd1b374ae4,Barcelona,location,2016Q4,2016Q3,0.2514619883040934,9,8,5,9,True,True,2,2,True,10,1,0.1,-0.07266920046217443,0.20320855614973277,True
6d68b2bd1b374ae4,Barcelona,room,2016Q2,2016Q1,0.32692307692307687,6,16,3,9,True,True,2,2,True,9,1,0.1111111111111111,-0.05054808549836107,0.19999999999999996,True
6d68b2bd1b374ae4,Barcelona,room,2016Q4,2016Q3,0.5333333333333332,5,10,5,9,True,True,2,2,True,10,1,0.1,-0.03669033899829449,0.2082762400657714,True
6d68b2bd1b374ae4,Barcelona,service,2016Q4,2016Q3,0.37593984962406024,11,9,5,9,True,True,2,2,True,10,2,0.2,-0.05123451234804775,0.19796682718031033,True
6d8d056e67d5abbf,Paris,breakfast,2016Q1,2015Q4,0.47619047619047616,5,4,2,9,True,True,2,2,True,9,2,0.2222222222222222,0.08470509347702332,0.4436090225563911,True
6d8d056e67d5abbf,Paris,location,2016Q3,2016Q2,0.26923076923076916,10,3,4,9,True,True,2,2,True,9,2,0.2222222222222222,0.057805147533988514,0.40701754385964906,True
6d8d056e67d5abbf,Paris,room,2016Q1,2015Q4,0.21739130434782605,8,13,2,9,True,True,2,2,True,9,1,0.1111111111111111,0.007555268307956522,0.22499999999999998,True
6d99f0fe24d66513,Milan,breakfast,2016Q2,2016Q1,0.21719457013574672,7,3,3,9,True,True,2,2,True,10,3,0.3,0.05183104899695777,0.3076923076923077,True
6d99f0fe24d66513,Milan,room,2016Q1,2015Q4,0.3666666666666667,14,20,2,9,True,True,2,2,True,9,3,0.3333333333333333,0.08091975110679374,0.2652152399802079,True
6d99f0fe24d66513,Milan,room,2016Q3,2016Q2,0.17794486215538852,28,32,4,9,True,True,2,2,True,10,1,0.1,0.05453873519767125,0.2666666666666666,True
6e2993f2e9ca030d,Amsterdam,breakfast,2016Q3,2016Q2,0.3431372549019608,24,26,4,9,True,True,2,2,True,10,3,0.3,0.09932844689349132,0.32352941176470584,True
6e2993f2e9ca030d,Amsterdam,cleanliness,2016Q2,2016Q1,0.27450980392156865,7,11,3,9,True,True,2,2,True,9,0,0.0,-0.12348409176730311,0.04047619047619044,True
6e2993f2e9ca030d,Amsterdam,noise,2016Q1,2015Q4,0.2431372549019608,5,7,2,9,True,True,2,2,True,8,2,0.25,0.08977156818891915,0.2857142857142858,True
6e2993f2e9ca030d,Amsterdam,service,2016Q4,2016Q3,0.3283283283283285,27,44,5,9,True,True,2,2,True,10,2,0.2,0.021998582392499876,0.272278664731495,True
6e2993f2e9ca030d,Amsterdam,value,2016Q4,2016Q3,0.1604278074866311,7,12,5,9,True,True,2,2,True,10,1,0.1,-0.02295415189982323,0.25116279069767444,True
6e63ecb851c01c92,Paris,breakfast,2016Q3,2016Q2,0.20952380952380956,5,4,4,9,True,True,2,2,True,8,4,0.5,0.11174912441359806,0.3557692307692307,True
6e63ecb851c01c92,Paris,cleanliness,2016Q2,2016Q1,0.368421052631579,9,2,3,9,True,True,2,2,True,8,1,0.125,-0.0013762457984426435,0.15384615384615374,True
6e63ecb851c01c92,Paris,location,2016Q3,2016Q2,0.160427807486631,12,7,4,9,True,True,2,2,True,8,1,0.125,0.042943849451202415,0.2666666666666666,True
6e63ecb851c01c92,Paris,room,2017Q1,2016Q4,0.34173669467787116,11,7,6,9,True,True,2,2,True,8,0,0.0,-0.10354127589326548,0.09178743961352676,True
6e63ecb851c01c92,Paris,service,2016Q2,2016Q1,0.35164835164835173,11,3,3,9,True,True,2,2,True,8,1,0.125,-0.025916855504621444,0.3787878787878787,True
6e65e4fa02202d3e,Milan,breakfast,2016Q3,2016Q2,0.30631741140215707,49,45,4,9,True,True,2,2,True,10,3,0.3,0.02082880041275844,0.23703703703703705,True
6e65e4fa02202d3e,Milan,breakfast,2017Q1,2016Q4,0.20575482853764293,49,33,6,9,True,True,2,2,True,10,1,0.1,0.0030088996993021698,0.3076923076923077,True
6e65e4fa02202d3e,Milan,location,2016Q3,2016Q2,0.21228118921922756,51,49,4,9,True,True,2,2,True,10,4,0.4,0.039086990587238926,0.3362068965517242,True
6e65e4fa02202d3e,Milan,room,2016Q1,2015Q4,0.3303030303030302,45,38,2,9,True,True,2,2,True,10,3,0.3,-0.004732391391628787,0.30952380952380965,True
6e65e4fa02202d3e,Milan,room,2016Q3,2016Q2,0.21587301587301588,70,53,4,9,True,True,2,2,True,10,6,0.6,0.1595646000842332,0.42784552845528445,True
6e65e4fa02202d3e,Milan,service,2016Q1,2015Q4,0.362002567394095,31,28,2,9,True,True,2,2,True,10,4,0.4,0.06432286820937609,0.3411764705882352,True
6e65e4fa02202d3e,Milan,service,2017Q1,2016Q4,0.27227227227227235,44,27,6,9,True,True,2,2,True,10,0,0.0,-0.017453810537090542,0.12162162162162171,True
6e65e4fa02202d3e,Milan,value,2016Q2,2016Q1,0.19999999999999996,12,5,3,9,True,True,2,2,True,10,0,0.0,-0.09507722669487376,0.09090909090909094,True
6e65e4fa02202d3e,Milan,value,2016Q4,2016Q3,0.19444444444444453,8,14,5,9,True,True,2,2,True,10,2,0.2,-0.02922934472934472,0.18181818181818177,True
6e747220df3fc171,Milan,cleanliness,2016Q4,2016Q3,0.28409090909090917,6,1,5,8,True,True,2,2,True,10,1,0.1,-0.025212630506748167,0.16666666666666674,True
6e747220df3fc171,Milan,room,2016Q4,2016Q3,0.17647058823529416,7,2,5,8,True,True,2,2,True,10,1,0.1,-0.03109712918936791,0.16666666666666674,True
6e747220df3fc171,Milan,service,2016Q4,2016Q3,0.32692307692307687,6,3,5,8,True,True,2,2,True,10,2,0.2,-0.07670393774658224,0.28409090909090917,True
6e972c27877407f9,Barcelona,cleanliness,2016Q1,2015Q4,0.20000000000000018,15,10,2,9,True,True,2,2,True,10,4,0.4,0.053255999022589394,0.35151515151515156,True
6e972c27877407f9,Barcelona,noise,2016Q4,2016Q3,0.23611111111111116,6,8,5,9,True,True,2,2,True,10,1,0.1,-0.051621206107274234,0.17194570135746612,True
6e972c27877407f9,Barcelona,room,2016Q1,2015Q4,0.2983870967741935,21,38,2,9,True,True,2,2,True,10,2,0.2,0.019126945447377607,0.19999999999999996,True
6e972c27877407f9,Barcelona,room,2017Q1,2016Q4,0.23804878048780487,15,31,6,9,True,True,2,2,True,10,1,0.1,0.006603572306480366,0.33333333333333326,True
6e972c27877407f9,Barcelona,service,2016Q4,2016Q3,0.2101806239737274,32,48,5,9,True,True,2,2,True,10,0,0.0,-0.02666696756518605,0.1423728813559324,True
6ee0d583a77d399b,Vienna,breakfast,2016Q4,2016Q3,0.20000000000000018,25,10,5,9,True,True,2,2,True,9,0,0.0,-0.08385513969868079,0.10256410256410264,True
6ee0d583a77d399b,Vienna,cleanliness,2016Q2,2016Q1,0.2795031055900621,13,4,3,9,True,True,2,2,True,9,1,0.1111111111111111,-0.04326239845847692,0.28409090909090917,True
6ee0d583a77d399b,Vienna,cleanliness,2016Q4,2016Q3,0.1964285714285714,18,6,5,9,True,True,2,2,True,9,0,0.0,-0.039452366805307976,0.12299465240641716,True
6ee0d583a77d399b,Vienna,location,2016Q2,2016Q1,0.27450980392156854,14,7,3,9,True,True,2,2,True,9,2,0.2222222222222222,-0.008586563788057703,0.160427807486631,True
6ee0d583a77d399b,Vienna,noise,2016Q2,2016Q1,0.16666666666666652,5,2,3,9,True,True,2,2,True,9,4,0.4444444444444444,0.0854348489487809,0.38502673796791453,True
6ee0d583a77d399b,Vienna,room,2016Q3,2016Q2,0.2417582417582418,16,11,4,9,True,True,2,2,True,9,1,0.1111111111111111,-0.07488318609910377,0.2592592592592593,True
6ee0d583a77d399b,Vienna,service,2016Q4,2016Q3,0.21839080459770122,26,19,5,9,True,True,2,2,True,9,1,0.1111111111111111,-0.10528840916215379,0.22893481717011133,True
6f511143222afdab,Vienna,breakfast,2016Q4,2016Q3,0.2909090909090909,5,1,5,9,True,True,2,2,True,9,1,0.1111111111111111,0.0195149744072026,0.23589743589743595,True
6f511143222afdab,Vienna,location,2016Q4,2016Q3,0.15032679738562083,8,7,5,9,True,True,2,2,True,9,1,0.1111111111111111,-0.05123375793574571,0.2080200501253131,True
6f511143222afdab,Vienna,room,2017Q1,2016Q4,0.20606060606060606,5,12,6,9,True,True,2,2,True,9,3,0.3333333333333333,-0.0002837826698792487,0.24444444444444446,True
6fa995d415a4edbd,Barcelona,location,2017Q1,2016Q4,0.37777777777777777,8,5,6,9,True,True,2,2,True,10,0,0.0,-0.007075667079750247,0.12631578947368438,True
7026378ed89e1ce8,Milan,breakfast,2016Q4,2016Q3,0.24212271973466004,62,124,5,9,True,True,2,2,True,9,5,0.5555555555555556,0.04264746946299082,0.45123152709359604,True
7026378ed89e1ce8,Milan,value,2016Q1,2015Q4,0.24801271860095397,27,24,2,9,True,True,2,2,True,9,2,0.2222222222222222,0.054558839767337,0.2857142857142857,True
7146a11b10f4747c,Paris,breakfast,2016Q4,2016Q3,0.24848484848484853,12,5,5,9,True,True,2,2,True,10,1,0.1,0.014163434604611036,0.32499999999999996,True
7146a11b10f4747c,Paris,breakfast,2017Q1,2016Q4,0.2027972027972027,16,12,6,9,True,True,2,2,True,10,2,0.2,0.008283938283938318,0.3418803418803419,True
7146a11b10f4747c,Paris,cleanliness,2016Q1,2015Q4,0.43999999999999995,15,0,2,9,True,True,2,2,True,9,3,0.3333333333333333,0.05030864197530865,0.28409090909090917,True
7146a11b10f4747c,Paris,location,2016Q1,2015Q4,0.3076923076923077,29,5,2,9,True,True,2,2,True,9,2,0.2222222222222222,-0.039154418566183305,0.24369747899159644,True
7146a11b10f4747c,Paris,location,2016Q4,2016Q3,0.21212121212121215,23,12,5,9,True,True,2,2,True,10,2,0.2,-0.02097733500263661,0.2058823529411764,True
7146a11b10f4747c,Paris,location,2017Q1,2016Q4,0.2054924242424243,54,23,6,9,True,True,2,2,True,10,0,0.0,-0.023325351843689158,0.09566184649610676,True
7146a11b10f4747c,Paris,noise,2016Q1,2015Q4,0.22222222222222232,8,0,2,9,True,True,2,2,True,9,3,0.3333333333333333,0.03063973063973064,0.19999999999999996,True
7146a11b10f4747c,Paris,noise,2017Q1,2016Q4,0.5248868778280543,7,3,6,9,True,True,2,2,True,10,1,0.1,-0.07292707292707291,0.23076923076923084,True
7146a11b10f4747c,Paris,room,2017Q1,2016Q4,0.20512820512820507,55,29,6,9,True,True,2,2,True,10,2,0.2,0.019951564155023593,0.2020202020202021,True
7146a11b10f4747c,Paris,service,2016Q1,2015Q4,0.38655462184873945,24,4,2,9,True,True,2,2,True,9,1,0.1111111111111111,-0.06477837677042,0.2142857142857142,True
7146a11b10f4747c,Paris,service,2016Q4,2016Q3,0.4575163398692811,24,8,5,9,True,True,2,2,True,10,0,0.0,-0.07345930184939471,0.0793650793650793,True
7146a11b10f4747c,Paris,service,2017Q1,2016Q4,0.2549019607843137,41,24,6,9,True,True,2,2,True,10,1,0.1,-0.005662356730131646,0.26797385620915026,True
717539e5d34ed939,Vienna,cleanliness,2016Q3,2016Q2,0.2148148148148148,10,17,4,9,True,True,2,2,True,9,1,0.1111111111111111,0.0007945924171738462,0.41176470588235303,True
717539e5d34ed939,Vienna,location,2016Q4,2016Q3,0.2080200501253131,11,28,5,9,True,True,2,2,True,9,1,0.1111111111111111,-0.03777743632668932,0.15032679738562083,True
717539e5d34ed939,Vienna,room,2016Q3,2016Q2,0.2304761904761905,32,40,4,9,True,True,2,2,True,9,3,0.3333333333333333,-0.00906441711064855,0.23756708407871197,True
717539e5d34ed939,Vienna,service,2016Q1,2015Q4,0.1875,14,22,2,9,True,True,2,2,True,9,3,0.3333333333333333,0.032307715878895235,0.2588235294117647,True
71904f4bcc6e9fe5,Barcelona,location,2016Q1,2015Q4,0.2321428571428572,6,4,2,9,True,True,2,2,True,7,1,0.14285714285714285,-0.03503888480847005,0.17500000000000004,True
71b2e800e0d94722,Milan,breakfast,2016Q2,2016Q1,0.23333333333333328,5,2,3,9,True,True,2,2,True,10,1,0.1,-0.09708392280336568,0.17931034482758634,True
71b2e800e0d94722,Milan,location,2016Q1,2015Q4,0.26890756302521024,7,4,2,9,True,True,2,2,True,10,0,0.0,-0.04506560707393985,0.11111111111111094,True
71b2e800e0d94722,Milan,location,2016Q3,2016Q2,0.17543859649122795,5,9,4,9,True,True,2,2,True,10,4,0.4,0.018234570390616843,0.310931174089069,True
71b2e800e0d94722,Milan,service,2016Q1,2015Q4,0.33333333333333326,5,2,2,9,True,True,2,2,True,10,3,0.3,0.03199889170640147,0.362002567394095,True
7251fcf3aad5ec6a,London,breakfast,2017Q1,2016Q4,0.7460317460317459,11,8,6,9,True,True,2,2,True,9,2,0.2222222222222222,0.022733955869528175,0.44000000000000006,True
7251fcf3aad5ec6a,London,cleanliness,2016Q2,2016Q1,0.15053763440860224,21,14,3,9,True,True,2,2,True,10,1,0.1,0.01277734529666379,0.2342857142857142,True
7251fcf3aad5ec6a,London,cleanliness,2017Q1,2016Q4,0.2941176470588236,7,10,6,9,True,True,2,2,True,9,1,0.1111111111111111,0.00516697504077183,0.41189931350114417,True
7251fcf3aad5ec6a,London,noise,2016Q2,2016Q1,0.3227513227513227,17,18,3,9,True,True,2,2,True,10,2,0.2,-0.010227018718299374,0.36651583710407243,True
7251fcf3aad5ec6a,London,service,2016Q1,2015Q4,0.2812742812742812,89,68,2,9,True,True,2,2,True,10,3,0.3,0.06620113252542106,0.290909090909091,True
7251fcf3aad5ec6a,London,value,2017Q1,2016Q4,0.2222222222222222,6,8,6,9,True,True,2,2,True,9,3,0.3333333333333333,0.015824362928607276,0.2596153846153846,True
72662d1c1bdcfd7b,Vienna,breakfast,2016Q4,2016Q3,0.18181818181818188,12,2,5,9,True,True,2,2,True,10,2,0.2,-0.0034286937692510344,0.2941176470588236,True
72662d1c1bdcfd7b,Vienna,breakfast,2017Q1,2016Q4,0.15151515151515138,8,12,6,9,True,True,2,2,True,10,1,0.1,-0.10685615116998885,0.2684210526315789,True
72662d1c1bdcfd7b,Vienna,cleanliness,2017Q1,2016Q4,0.35913312693498467,7,9,6,9,True,True,2,2,True,10,4,0.4,0.018909077850254342,0.29647058823529415,True
72662d1c1bdcfd7b,Vienna,location,2016Q4,2016Q3,0.2171428571428573,15,4,5,9,True,True,2,2,True,10,1,0.1,-0.05306637387519843,0.1589882565492321,True
72662d1c1bdcfd7b,Vienna,room,2016Q4,2016Q3,0.33333333333333337,17,8,5,9,True,True,2,2,True,10,4,0.4,-0.06001395262513999,0.238213399503722,True
72662d1c1bdcfd7b,Vienna,room,2017Q1,2016Q4,0.2222222222222221,14,17,6,9,True,True,2,2,True,10,3,0.3,0.017735084610242445,0.30092592592592593,True
72662d1c1bdcfd7b,Vienna,service,2016Q1,2015Q4,0.22222222222222232,8,4,2,9,True,True,2,2,True,10,2,0.2,-0.03798792868298273,0.33333333333333326,True
72662d1c1bdcfd7b,Vienna,value,2016Q1,2015Q4,0.1575757575757576,5,1,2,9,True,True,2,2,True,10,3,0.3,-0.02685564435564437,0.20192307692307687,True
7283d7277a1f04af,London,breakfast,2016Q3,2016Q2,0.55,10,14,4,9,True,True,2,2,True,10,3,0.3,0.007007687331441348,0.4444444444444444,True
7283d7277a1f04af,London,breakfast,2017Q1,2016Q4,0.17647058823529416,24,14,6,9,True,True,2,2,True,10,1,0.1,-0.04180182582392354,0.15925058548009363,True
7283d7277a1f04af,London,cleanliness,2016Q4,2016Q3,0.17874396135265713,8,13,5,9,True,True,2,2,True,10,4,0.4,0.05565983455122343,0.3220720720720722,True
7283d7277a1f04af,London,location,2016Q4,2016Q3,0.2374193548387098,21,15,5,9,True,True,2,2,True,10,2,0.2,0.06184104120012705,0.21666666666666679,True
7283d7277a1f04af,London,room,2016Q3,2016Q2,0.16951219512195115,30,31,4,9,True,True,2,2,True,10,0,0.0,-0.07367852639191368,0.047245762711864314,True
7283d7277a1f04af,London,service,2017Q1,2016Q4,0.17428571428571416,18,15,6,9,True,True,2,2,True,10,2,0.2,0.07201802025193163,0.31815768851588766,True
7283d7277a1f04af,London,value,2016Q1,2015Q4,0.5684210526315789,9,5,2,9,True,True,2,2,True,10,2,0.2,0.06373697831583303,0.3781155015197568,True
7283d7277a1f04af,London,value,2016Q3,2016Q2,0.33333333333333326,5,4,4,9,True,True,2,2,True,10,6,0.6,0.08602217430292095,0.303030303030303,True
72a17a75f5578ae9,Paris,breakfast,2016Q4,2016Q3,0.3777173913043479,13,22,5,9,True,True,2,2,True,9,0,0.0,0.009966794280519794,0.09954751131221728,True
72a17a75f5578ae9,Paris,location,2016Q4,2016Q3,0.2097902097902098,23,29,5,9,True,True,2,2,True,9,0,0.0,-0.0856079253003469,0.07878787878787885,True
72a17a75f5578ae9,Paris,room,2016Q3,2016Q2,0.21038961038961046,34,25,4,9,True,True,2,2,True,8,2,0.25,-0.01170921254601158,0.2435897435897436,True
72c4b5f9e83a3602,London,cleanliness,2016Q3,2016Q2,0.17683215130023633,37,35,4,8,True,True,2,2,True,10,4,0.4,0.02196305507131443,0.32236842105263164,True
72c4b5f9e83a3602,London,cleanliness,2016Q4,2016Q3,0.17103109656301152,42,37,5,8,True,True,2,2,True,10,2,0.2,-0.040178111451197776,0.3383458646616543,True
72c4b5f9e83a3602,London,value,2016Q4,2016Q3,0.30000000000000004,10,14,5,8,True,True,2,2,True,10,3,0.3,0.07420941631467949,0.27472527472527475,True
72f5f6dab2828a4b,Paris,room,2016Q2,2016Q1,0.2487684729064038,18,19,3,9,True,True,2,2,True,9,3,0.3333333333333333,0.016233977722376152,0.38043478260869557,True
72f5f6dab2828a4b,Paris,room,2017Q1,2016Q4,0.19999999999999996,12,5,6,9,True,True,2,2,True,9,1,0.1111111111111111,-0.052572477335792275,0.19195046439628483,True
72f5f6dab2828a4b,Paris,service,2016Q1,2015Q4,0.2909090909090909,20,1,2,9,True,True,2,2,True,9,1,0.1111111111111111,-0.0150123136810443,0.23076923076923084,True
738b70a9cd890837,London,breakfast,2016Q2,2016Q1,0.3907834101382488,25,21,3,9,True,True,2,2,True,10,2,0.2,-0.0325664538164538,0.3216783216783218,True
738b70a9cd890837,London,noise,2016Q2,2016Q1,0.2068965517241378,19,19,3,9,True,True,2,2,True,10,3,0.3,0.07210182762921097,0.5416666666666666,True
738b70a9cd890837,London,room,2017Q1,2016Q4,0.1673931996512641,101,114,6,9,True,True,2,2,True,10,1,0.1,-0.062010147970348296,0.2369230769230768,True
738b70a9cd890837,London,service,2016Q2,2016Q1,0.23817663817663814,44,55,3,9,True,True,2,2,True,10,3,0.3,-0.015990342270292602,0.2920892494929006,True
738b70a9cd890837,London,value,2016Q2,2016Q1,0.18306636155606404,9,13,3,9,True,True,2,2,True,10,0,0.0,-0.1065077466393256,0.07575757575757569,True
738b70a9cd890837,London,value,2017Q1,2016Q4,0.25757575757575746,12,14,6,9,True,True,2,2,True,10,1,0.1,-0.05348420241480291,0.2857142857142857,True
7401aa6ea44705fd,Amsterdam,cleanliness,2016Q4,2016Q3,0.21333333333333315,8,15,5,9,True,True,2,2,True,10,0,0.0,-0.04010009973167866,0.11351351351351369,True
7401aa6ea44705fd,Amsterdam,service,2016Q1,2015Q4,0.20196078431372544,30,41,2,9,True,True,2,2,True,9,3,0.3333333333333333,0.0936309260909303,0.27555555555555555,True
7401aa6ea44705fd,Amsterdam,service,2016Q4,2016Q3,0.36190476190476184,8,25,5,9,True,True,2,2,True,10,1,0.1,-0.03411255047983186,0.28717948717948727,True
7401aa6ea44705fd,Amsterdam,value,2016Q1,2015Q4,0.20952380952380945,11,20,2,9,True,True,2,2,True,9,3,0.3333333333333333,-0.025639050864590965,0.4242424242424242,True
7401aa6ea44705fd,Amsterdam,value,2016Q3,2016Q2,0.4226579520697168,7,17,4,9,True,True,2,2,True,9,5,0.5555555555555556,0.15724056982713808,0.30000000000000004,True
741cec4a4f93e8a8,London,breakfast,2016Q2,2016Q1,0.47953216374269014,9,8,3,9,True,True,2,2,True,10,1,0.1,0.01218033553092016,0.15191637630662025,True
741cec4a4f93e8a8,London,location,2016Q4,2016Q3,0.27826086956521734,13,10,5,9,True,True,2,2,True,10,2,0.2,-0.031251993257319664,0.17500000000000004,True
741cec4a4f93e8a8,London,room,2016Q1,2015Q4,0.19946332737030414,42,33,2,9,True,True,2,2,True,10,4,0.4,0.059657534711925295,0.21441441441441433,True
741cec4a4f93e8a8,London,service,2016Q4,2016Q3,0.20779220779220786,18,12,5,9,True,True,2,2,True,10,4,0.4,0.03846157058937605,0.3076923076923077,True
74968eef3004668b,Vienna,location,2016Q2,2016Q1,0.15073529411764697,22,7,3,9,True,True,2,2,True,10,0,0.0,-0.057703606289819256,0.0652173913043479,True
74968eef3004668b,Vienna,location,2016Q4,2016Q3,0.1690821256038646,13,8,5,9,True,True,2,2,True,10,0,0.0,-0.10058975930851204,0.1444229529335912,True
74968eef3004668b,Vienna,room,2016Q3,2016Q2,0.217741935483871,6,21,4,9,True,True,2,2,True,10,0,0.0,0.01527645517803522,0.12903225806451613,True
74968eef3004668b,Vienna,room,2017Q1,2016Q4,0.17874396135265713,8,13,6,9,True,True,2,2,True,10,3,0.3,0.02867982963242851,0.3031578947368422,True
74968eef3004668b,Vienna,service,2016Q4,2016Q3,0.3571428571428572,18,6,5,9,True,True,2,2,True,10,0,0.0,-0.06938493040016729,0.1333333333333333,True
751b1e68958af902,London,location,2016Q3,2016Q2,0.37962962962962954,17,14,4,9,True,True,2,2,True,9,2,0.2222222222222222,0.0618364221951954,0.23913043478260865,True
751b1e68958af902,London,noise,2016Q1,2015Q4,0.16410256410256407,5,3,2,9,True,True,2,2,True,9,0,0.0,0.01562745109992383,0.14027149321266963,True
751b1e68958af902,London,service,2016Q4,2016Q3,0.27920227920227925,16,17,5,9,True,True,2,2,True,9,0,0.0,0.002496333115605351,0.13684210526315788,True
751b1e68958af902,London,value,2016Q3,2016Q2,0.22689075630252098,7,4,4,9,True,True,2,2,True,9,1,0.1111111111111111,-0.060010077977410106,0.18534482758620685,True
756ab938c0f81b7c,Milan,breakfast,2016Q1,2015Q4,0.23333333333333317,8,10,2,9,True,True,2,2,True,9,1,0.1111111111111111,-0.0785532644867683,0.18181818181818177,True
756ab938c0f81b7c,Milan,breakfast,2017Q1,2016Q4,0.3194444444444444,8,6,6,9,True,True,2,2,True,10,1,0.1,-0.08079390517137396,0.23076923076923073,True
756ab938c0f81b7c,Milan,location,2017Q1,2016Q4,0.4396284829721362,9,7,6,9,True,True,2,2,True,10,1,0.1,-0.09015575111163346,0.2575757575757577,True
756ab938c0f81b7c,Milan,room,2016Q3,2016Q2,0.4227886056971515,19,13,4,9,True,True,2,2,True,10,3,0.3,0.014332743381221202,0.5016458196181699,True
756ab938c0f81b7c,Milan,service,2016Q1,2015Q4,0.2749999999999999,6,10,2,9,True,True,2,2,True,9,3,0.3333333333333333,0.04779130455601045,0.2321428571428572,True
756ab938c0f81b7c,Milan,service,2016Q2,2016Q1,0.17045454545454541,12,6,3,9,True,True,2,2,True,10,2,0.2,0.05725306719424363,0.3557692307692307,True
757a0d6f65beacad,Paris,breakfast,2016Q1,2015Q4,0.16911764705882348,6,7,2,9,True,True,2,2,True,8,0,0.0,0.011935980685980702,0.09090909090909094,True
757a0d6f65beacad,Paris,cleanliness,2016Q1,2015Q4,0.33333333333333326,5,4,2,9,True,True,2,2,True,8,0,0.0,-0.06363075330466632,0.05494505494505497,True
757a0d6f65beacad,Paris,room,2016Q1,2015Q4,0.3670033670033669,17,12,2,9,True,True,2,2,True,8,2,0.25,0.08065696453854343,0.2666666666666666,True
757a0d6f65beacad,Paris,room,2016Q4,2016Q3,0.17508417508417506,17,23,5,9,True,True,2,2,True,10,3,0.3,-0.0022119737847292264,0.25,True
75f70ddaa5636939,Barcelona,breakfast,2016Q3,2016Q2,0.4019138755980862,12,9,4,9,True,True,2,2,True,9,1,0.1111111111111111,-0.06531906352992015,0.3142857142857143,True
75f70ddaa5636939,Barcelona,cleanliness,2016Q1,2015Q4,0.2272727272727273,10,12,2,9,True,True,2,2,True,9,2,0.2222222222222222,-0.03375560112402214,0.3216783216783218,True
75f70ddaa5636939,Barcelona,cleanliness,2016Q4,2016Q3,0.21212121212121215,12,8,5,9,True,True,2,2,True,10,3,0.3,0.03559676479127281,0.33333333333333326,True
75f70ddaa5636939,Barcelona,noise,2016Q1,2015Q4,0.17307692307692313,6,3,2,9,True,True,2,2,True,9,3,0.3333333333333333,0.0502470237652182,0.31313131313131304,True
75f70ddaa5636939,Barcelona,room,2016Q1,2015Q4,0.36296296296296293,20,17,2,9,True,True,2,2,True,9,5,0.5555555555555556,0.014975591004978386,0.22715501294857554,True
75f70ddaa5636939,Barcelona,room,2016Q3,2016Q2,0.2857142857142858,32,22,4,9,True,True,2,2,True,9,1,0.1111111111111111,-0.03777075188455449,0.17261904761904767,True
75f70ddaa5636939,Barcelona,value,2016Q3,2016Q2,0.3557692307692307,6,3,4,9,True,True,2,2,True,9,1,0.1111111111111111,-0.06772980581119857,0.24347826086956514,True
764ec02e91fc4043,Paris,location,2016Q4,2016Q3,0.16666666666666652,5,2,5,9,True,True,2,2,True,10,3,0.3,-0.03878602432050711,0.2564102564102564,True
76bbd2036d71d588,Vienna,breakfast,2016Q3,2016Q2,0.25,6,2,4,9,True,True,2,2,True,9,3,0.3333333333333333,0.1048982865649532,0.45128205128205123,True
76bbd2036d71d588,Vienna,location,2016Q3,2016Q2,0.30065359477124187,7,8,4,9,True,True,2,2,True,9,4,0.4444444444444444,0.09214222509051072,0.3090909090909091,True
76bbd2036d71d588,Vienna,service,2016Q3,2016Q2,0.19999999999999996,5,4,4,9,True,True,2,2,True,9,1,0.1111111111111111,-0.05492665282020489,0.2760472610096669,True
76dec225c494067a,Vienna,cleanliness,2016Q1,2015Q4,0.165991902834008,9,16,2,9,True,True,2,2,True,10,3,0.3,0.03759940963429333,0.18233618233618243,True
76dec225c494067a,Vienna,location,2016Q1,2015Q4,0.18487394957983194,39,41,2,9,True,True,2,2,True,10,4,0.4,0.09849904829567939,0.2435897435897436,True
76dec225c494067a,Vienna,noise,2016Q3,2016Q2,0.2142857142857143,11,14,4,9,True,True,2,2,True,10,2,0.2,0.02932820802386017,0.2575757575757577,True
76dec225c494067a,Vienna,noise,2016Q4,2016Q3,0.22510822510822504,12,11,5,9,True,True,2,2,True,10,1,0.1,-0.08213159288775117,0.2898550724637682,True
76dec225c494067a,Vienna,service,2016Q1,2015Q4,0.285204991087344,23,24,2,9,True,True,2,2,True,10,4,0.4,0.06014061632085647,0.45238095238095244,True
76dec225c494067a,Vienna,service,2016Q3,2016Q2,0.17574123989218338,43,25,4,9,True,True,2,2,True,10,2,0.2,-0.02800165278384492,0.3333333333333335,True
76dec225c494067a,Vienna,value,2016Q3,2016Q2,0.19130434782608696,13,5,4,9,True,True,2,2,True,10,0,0.0,-0.024810555336871133,0.13888888888888884,True
772c889c07d946a7,London,breakfast,2017Q1,2016Q4,0.6801346801346801,12,17,6,9,True,True,2,2,True,10,4,0.4,0.02626977690763673,0.33333333333333326,True
772c889c07d946a7,London,cleanliness,2016Q1,2015Q4,0.25,6,8,2,9,True,True,2,2,True,10,3,0.3,0.09812615016562384,0.26315789473684204,True
772c889c07d946a7,London,location,2016Q4,2016Q3,0.3875968992248062,33,26,5,9,True,True,2,2,True,10,1,0.1,0.0031380749528979956,0.18260869565217375,True
772c889c07d946a7,London,noise,2016Q4,2016Q3,0.4784313725490196,20,7,5,9,True,True,2,2,True,10,1,0.1,0.001972952228370184,0.21590909090909083,True
772c889c07d946a7,London,room,2016Q2,2016Q1,0.2222222222222222,26,38,3,9,True,True,2,2,True,10,3,0.3,0.033797054071653135,0.2666666666666666,True
772c889c07d946a7,London,value,2017Q1,2016Q4,0.32352941176470584,7,14,6,9,True,True,2,2,True,10,4,0.4,0.07028048843021453,0.41025641025641024,True
77415cff18df4f6e,Barcelona,breakfast,2016Q2,2016Q1,0.2941176470588236,7,0,3,9,True,True,2,2,True,8,2,0.25,0.08005952380952382,0.38095238095238093,True
77415cff18df4f6e,Barcelona,cleanliness,2016Q3,2016Q2,0.20833333333333326,8,6,4,9,True,True,2,2,True,8,0,0.0,-0.09119365260601132,0.14835164835164827,True
77415cff18df4f6e,Barcelona,room,2016Q3,2016Q2,0.18306636155606404,13,9,4,9,True,True,2,2,True,8,1,0.125,-0.0106637425531287,0.16666666666666674,True
77415cff18df4f6e,Barcelona,service,2016Q2,2016Q1,0.41025641025641013,8,3,3,9,True,True,2,2,True,8,3,0.375,0.0053021086341330514,0.2748538011695908,True
776293d7fa61c336,Paris,breakfast,2016Q4,2016Q3,0.2909090909090909,5,1,5,9,True,True,2,2,True,10,2,0.2,0.022021312021311967,0.2857142857142857,True
776293d7fa61c336,Paris,cleanliness,2016Q2,2016Q1,0.19999999999999996,5,2,3,9,True,True,2,2,True,9,1,0.1111111111111111,-0.018409839978467443,0.23076923076923084,True
776293d7fa61c336,Paris,room,2016Q3,2016Q2,0.17980295566502447,18,19,4,9,True,True,2,2,True,9,3,0.3333333333333333,0.064989697104628,0.20952380952380956,True
776293d7fa61c336,Paris,service,2016Q1,2015Q4,0.2421052631578946,10,9,2,9,True,True,2,2,True,9,0,0.0,-0.038995662933693914,0.11904761904761907,True
776293d7fa61c336,Paris,service,2016Q3,2016Q2,0.29813664596273304,18,13,4,9,True,True,2,2,True,9,1,0.1111111111111111,-0.002166223487172942,0.17543859649122795,True
776dc7a639294694,Vienna,breakfast,2017Q1,2016Q4,0.23011583011583014,25,27,6,9,True,True,2,2,True,10,1,0.1,-0.01713380657720407,0.25,True
776dc7a639294694,Vienna,cleanliness,2016Q2,2016Q1,0.4699872286079183,19,17,3,9,True,True,2,2,True,9,2,0.2222222222222222,-0.0951989137478436,0.4285714285714285,True
776dc7a639294694,Vienna,location,2016Q1,2015Q4,0.22459893048128343,34,58,2,9,True,True,2,2,True,9,4,0.4444444444444444,0.05692664194728178,0.2435897435897436,True
776dc7a639294694,Vienna,noise,2016Q2,2016Q1,0.16176470588235303,7,6,3,9,True,True,2,2,True,9,1,0.1111111111111111,-0.005642505642505655,0.16666666666666663,True
776dc7a639294694,Vienna,noise,2017Q1,2016Q4,0.17543859649122795,5,9,6,9,True,True,2,2,True,10,3,0.3,0.039627039627039604,0.2435897435897436,True
776dc7a639294694,Vienna,room,2016Q2,2016Q1,0.2376868414604265,67,43,3,9,True,True,2,2,True,9,1,0.1111111111111111,-0.049395084193648735,0.22077922077922074,True
776dc7a639294694,Vienna,value,2016Q2,2016Q1,0.16666666666666663,20,14,3,9,True,True,2,2,True,9,0,0.0,-0.11688988399514713,0.042105263157894646,True
779900ba80ed0740,Paris,cleanliness,2016Q2,2016Q1,0.23809523809523814,11,4,3,9,True,True,2,2,True,10,1,0.1,-0.04372294372294373,0.2575757575757577,True
779900ba80ed0740,Paris,location,2016Q1,2015Q4,0.29824561403508776,20,9,2,9,True,True,2,2,True,10,2,0.2,-0.01116437830726429,0.16425120772946866,True
779900ba80ed0740,Paris,noise,2016Q1,2015Q4,0.24242424242424243,5,1,2,9,True,True,2,2,True,10,2,0.2,0.018248418248418264,0.21978021978021978,True
779900ba80ed0740,Paris,room,2016Q4,2016Q3,0.19711538461538458,16,22,5,9,True,True,2,2,True,10,1,0.1,-0.038850201662154846,0.24347826086956514,True
779900ba80ed0740,Paris,service,2016Q2,2016Q1,0.37142857142857144,18,15,3,9,True,True,2,2,True,10,1,0.1,-0.004978983080006105,0.3111111111111111,True
779900ba80ed0740,Paris,service,2016Q4,2016Q3,0.3275862068965518,10,19,5,9,True,True,2,2,True,10,1,0.1,-0.13155165669655713,0.23076923076923084,True
77995221d08c1e57,London,breakfast,2016Q3,2016Q2,0.22745098039215694,7,5,4,9,True,True,2,2,True,10,1,0.1,-0.027257403358579135,0.33333333333333326,True
77995221d08c1e57,London,location,2016Q2,2016Q1,0.16666666666666674,18,8,3,9,True,True,2,2,True,10,3,0.3,0.07394207066897104,0.3030303030303032,True
77995221d08c1e57,London,location,2016Q3,2016Q2,0.2142857142857142,32,18,4,9,True,True,2,2,True,10,0,0.0,-0.01273829510236717,0.14049060210258024,True
77995221d08c1e57,London,service,2017Q1,2016Q4,0.21981424148606798,28,24,6,9,True,True,2,2,True,10,3,0.3,0.04995299668956037,0.2647058823529411,True
77f1d78c14932962,London,breakfast,2016Q1,2015Q4,0.2958053952908155,96,111,2,9,True,True,2,2,True,10,3,0.3,0.006066027704445897,0.2721139430284858,True
77f1d78c14932962,London,breakfast,2016Q3,2016Q2,0.15509059534081104,142,112,4,9,True,True,2,2,True,10,4,0.4,0.0845437915128318,0.55,True
77f1d78c14932962,London,cleanliness,2016Q4,2016Q3,0.21656976744186052,76,86,5,9,True,True,2,2,True,10,3,0.3,-0.014623307473118996,0.3220720720720722,True
77f1d78c14932962,London,noise,2017Q1,2016Q4,0.2005347593582888,56,58,6,9,True,True,2,2,True,10,2,0.2,-0.0279829678998036,0.30000000000000004,True
77f1d78c14932962,London,value,2016Q1,2015Q4,0.3781155015197568,60,84,2,9,True,True,2,2,True,10,2,0.2,0.052288673696237374,0.5684210526315789,True
77f1d78c14932962,London,value,2016Q3,2016Q2,0.27956989247311836,83,83,4,9,True,True,2,2,True,10,4,0.4,0.04878426232200093,0.33333333333333326,True
77f668399e268619,Paris,breakfast,2017Q1,2016Q4,0.2724137931034484,10,19,6,9,True,True,2,2,True,10,2,0.2,0.0110126690504613,0.3023872679045094,True
77f668399e268619,Paris,cleanliness,2016Q1,2015Q4,0.2592592592592593,17,18,2,9,True,True,2,2,True,9,2,0.2222222222222222,0.08163364413364416,0.37662337662337675,True
77f668399e268619,Paris,cleanliness,2016Q4,2016Q3,0.20872865275142316,21,24,5,9,True,True,2,2,True,10,3,0.3,-0.03428486435277609,0.23089983022071303,True
77f668399e268619,Paris,noise,2017Q1,2016Q4,0.24242424242424243,5,1,6,9,True,True,2,2,True,10,1,0.1,0.03977845683728034,0.16666666666666663,True
77f668399e268619,Paris,room,2016Q1,2015Q4,0.3459879206212253,51,66,2,9,True,True,2,2,True,9,4,0.4444444444444444,0.1308006870561053,0.35164835164835173,True
77f668399e268619,Paris,service,2017Q1,2016Q4,0.29748062015503873,33,38,6,9,True,True,2,2,True,10,0,0.0,-0.043532142835813935,0.07407407407407396,True
77f668399e268619,Paris,value,2016Q1,2015Q4,0.46264367816091945,14,19,2,9,True,True,2,2,True,9,3,0.3333333333333333,0.0617583828537175,0.36263736263736257,True
77f668399e268619,Paris,value,2017Q1,2016Q4,0.16541353383458646,9,18,6,9,True,True,2,2,True,10,3,0.3,0.008999903605166726,0.2678571428571429,True
780104af8493f563,Vienna,breakfast,2016Q4,2016Q3,0.43333333333333335,5,10,5,9,True,True,2,2,True,10,1,0.1,-0.0322593464682714,0.17004048582995956,True
780104af8493f563,Vienna,room,2016Q4,2016Q3,0.21407624633431088,12,21,5,9,True,True,2,2,True,10,1,0.1,-0.06006437192796057,0.28352490421455945,True
780104af8493f563,Vienna,service,2016Q3,2016Q2,0.16666666666666652,20,10,4,9,True,True,2,2,True,10,3,0.3,0.10882370963791199,0.37037037037037024,True
780104af8493f563,Vienna,service,2017Q1,2016Q4,0.16190476190476177,10,11,6,9,True,True,2,2,True,10,1,0.1,-0.10559465589375402,0.3110047846889952,True
7835c2d76603a45c,London,location,2016Q4,2016Q3,0.3190283400809717,55,28,5,6,True,True,2,2,True,10,1,0.1,0.06129649449594558,0.19615773508594558,True
7835c2d76603a45c,London,value,2016Q4,2016Q3,0.5314685314685315,12,3,5,6,True,True,2,2,True,10,0,0.0,-0.04561289562256181,0.1428571428571429,True
786c1b6346dd65b8,London,breakfast,2016Q4,2016Q3,0.17791116446578636,88,75,5,9,True,True,2,2,True,8,2,0.25,-0.018902950304125338,0.22712842712842707,True
786c1b6346dd65b8,London,cleanliness,2016Q1,2015Q4,0.22528843889804573,127,145,2,9,True,True,2,2,True,8,3,0.375,0.021802090453406225,0.5476190476190474,True
786c1b6346dd65b8,London,noise,2016Q1,2015Q4,0.1532585342563858,49,61,2,9,True,True,2,2,True,8,2,0.25,0.10425617950323465,0.6651835372636262,True
786c1b6346dd65b8,London,noise,2016Q2,2016Q1,0.20612356478950244,52,49,3,9,True,True,2,2,True,8,1,0.125,-0.09313459018713008,0.45333333333333337,True
786c1b6346dd65b8,London,service,2016Q2,2016Q1,0.1763585038814396,250,208,3,9,True,True,2,2,True,8,1,0.125,-0.028085196772455856,0.19259962049335866,True
786c1b6346dd65b8,London,service,2017Q1,2016Q4,0.1774553571428571,246,214,6,9,True,True,2,2,True,8,1,0.125,0.03139638235512715,0.1600038347234205,True
786c1b6346dd65b8,London,value,2016Q1,2015Q4,0.2055631554947559,119,160,2,9,True,True,2,2,True,8,1,0.125,-0.01470222732272175,0.44444444444444453,True
786c1b6346dd65b8,London,value,2017Q1,2016Q4,0.23284313725490202,143,134,6,9,True,True,2,2,True,8,1,0.125,-0.05722704391476746,0.2077687443541102,True
78892a4e296a8e42,Paris,cleanliness,2016Q2,2016Q1,0.375,6,0,3,9,True,True,2,2,True,10,2,0.2,0.05116133866133867,0.5714285714285715,True
78892a4e296a8e42,Paris,location,2016Q3,2016Q2,0.22857142857142865,25,11,4,9,True,True,2,2,True,10,3,0.3,0.04282814146994296,0.2450980392156863,True
78892a4e296a8e42,Paris,room,2016Q2,2016Q1,0.1969696969696968,12,14,3,9,True,True,2,2,True,10,0,0.0,-0.09701405718150395,0.09090909090909094,True
78892a4e296a8e42,Paris,service,2016Q1,2015Q4,0.2738095238095237,11,6,2,9,True,True,2,2,True,10,1,0.1,0.00899278544308968,0.26923076923076916,True
788d2ae821e0b312,Paris,location,2016Q2,2016Q1,0.2450980392156863,7,2,3,9,True,True,2,2,True,8,2,0.25,-0.02816158772674998,0.17500000000000004,True
788d2ae821e0b312,Paris,service,2016Q2,2016Q1,0.17500000000000004,6,5,3,9,True,True,2,2,True,8,1,0.125,0.014641856466546865,0.2450980392156863,True
78ecd800f75c533e,London,cleanliness,2016Q3,2016Q2,0.17500000000000004,10,6,4,9,True,True,2,2,True,10,1,0.1,-0.06069175226728216,0.29130434782608683,True
78ecd800f75c533e,London,location,2016Q1,2015Q4,0.40973630831643004,19,7,2,9,True,True,2,2,True,10,3,0.3,0.12756468596115092,0.38620689655172424,True
78ecd800f75c533e,London,location,2017Q1,2016Q4,0.15517241379310343,19,22,6,9,True,True,2,2,True,10,1,0.1,-0.010625073161114006,0.19886363636363646,True
78ecd800f75c533e,London,noise,2016Q2,2016Q1,0.20192307692307687,6,3,3,9,True,True,2,2,True,10,2,0.2,-0.032900821301974026,0.19166666666666665,True
78ecd800f75c533e,London,noise,2017Q1,2016Q4,0.30147058823529416,7,6,6,9,True,True,2,2,True,10,1,0.1,-0.060829159743214636,0.2666666666666666,True
78ecd800f75c533e,London,service,2016Q1,2015Q4,0.19999999999999996,20,10,2,9,True,True,2,2,True,10,4,0.4,0.0809594394657932,0.2571428571428571,True
78ecd800f75c533e,London,value,2016Q3,2016Q2,0.2941176470588236,7,4,4,9,True,True,2,2,True,10,2,0.2,-0.023597410435798792,0.2783882783882784,True
796ef4de4c7b4833,Amsterdam,breakfast,2016Q4,2016Q3,0.27819548872180455,28,32,5,7,True,True,2,2,True,9,2,0.2222222222222222,0.044380016770007726,0.32795698924731187,True
796ef4de4c7b4833,Amsterdam,service,2016Q4,2016Q3,0.17217030114226373,97,80,5,7,True,True,2,2,True,9,1,0.1111111111111111,-0.03848674567331534,0.16179337231968804,True
796ef4de4c7b4833,Amsterdam,value,2016Q3,2016Q2,0.23071852340145027,27,31,4,7,True,True,2,2,True,9,2,0.2222222222222222,0.003120219988373258,0.2698412698412699,True
796ef4de4c7b4833,Amsterdam,value,2016Q4,2016Q3,0.32561132561132555,32,27,5,7,True,True,2,2,True,9,3,0.3333333333333333,0.024801277005517337,0.4242424242424242,True
79b78ce7e6f099e0,London,breakfast,2016Q4,2016Q3,0.2142857142857142,11,18,5,9,True,True,2,2,True,10,3,0.3,-0.029908285482477225,0.4530075187969924,True
79b78ce7e6f099e0,London,noise,2016Q1,2015Q4,0.2571428571428571,25,16,2,9,True,True,2,2,True,9,0,0.0,-0.12763102397345324,0.13815789473684204,True
79b78ce7e6f099e0,London,noise,2016Q4,2016Q3,0.2909090909090908,12,10,5,9,True,True,2,2,True,10,2,0.2,-0.08678155266626683,0.5984654731457801,True
79b78ce7e6f099e0,London,value,2016Q3,2016Q2,0.2089314194577352,23,28,4,9,True,True,2,2,True,9,3,0.3333333333333333,0.06102736458711441,0.25396825396825407,True
79b78ce7e6f099e0,London,value,2017Q1,2016Q4,0.25369458128078815,19,18,6,9,True,True,2,2,True,10,5,0.5,0.1349270655088953,0.354066985645933,True
79c50ee1ab69159b,Paris,location,2016Q2,2016Q1,0.37104072398190047,7,3,3,9,True,True,2,2,True,10,0,0.0,-0.11440631135612596,0.08333333333333326,True
79c50ee1ab69159b,Paris,location,2017Q1,2016Q4,0.15909090909090917,6,1,6,9,True,True,2,2,True,10,3,0.3,0.06236969045081005,0.3208556149732622,True
79c50ee1ab69159b,Paris,room,2016Q2,2016Q1,0.25,6,6,3,9,True,True,2,2,True,10,3,0.3,-0.03822829420800737,0.35238095238095246,True
7a28d2b5541e2777,Milan,breakfast,2016Q3,2016Q2,0.3354037267080745,13,4,4,9,True,True,2,2,True,9,3,0.3333333333333333,0.005831088485591934,0.2815437902028699,True
7a28d2b5541e2777,Milan,location,2016Q1,2015Q4,0.3194444444444444,8,6,2,9,True,True,2,2,True,9,3,0.3333333333333333,0.045215625317300466,0.375,True
7a28d2b5541e2777,Milan,location,2016Q3,2016Q2,0.35238095238095224,10,11,4,9,True,True,2,2,True,9,2,0.2222222222222222,-0.02178692007974435,0.19927536231884058,True
7a28d2b5541e2777,Milan,room,2016Q3,2016Q2,0.2222222222222222,14,8,4,9,True,True,2,2,True,9,3,0.3333333333333333,0.02062578316320644,0.2373626373626374,True
7a28d2b5541e2777,Milan,service,2016Q3,2016Q2,0.33333333333333326,14,14,4,9,True,True,2,2,True,9,0,0.0,-0.00032203188837219717,0.12380952380952381,True
7a83b2073b9d0fa2,Barcelona,cleanliness,2016Q4,2016Q3,0.25,6,6,5,9,True,True,2,2,True,10,1,0.1,-0.07651919517244596,0.24649859943977592,True
7a83b2073b9d0fa2,Barcelona,location,2016Q1,2015Q4,0.18128654970760238,8,9,2,9,True,True,2,2,True,10,1,0.1,-0.014082808254547973,0.375,True
7a83b2073b9d0fa2,Barcelona,location,2016Q3,2016Q2,0.35164835164835173,18,3,4,9,True,True,2,2,True,10,2,0.2,0.0102743080573654,0.19999999999999996,True
7a83b2073b9d0fa2,Barcelona,room,2016Q4,2016Q3,0.2532467532467533,12,18,5,9,True,True,2,2,True,10,1,0.1,0.004327683342856237,0.2909090909090908,True
7aae46fe8219345b,Barcelona,breakfast,2016Q2,2016Q1,0.19166666666666665,5,6,3,9,True,True,2,2,True,9,2,0.2222222222222222,-0.06719962687110952,0.2649572649572649,True
7aae46fe8219345b,Barcelona,breakfast,2016Q3,2016Q2,0.36190476190476195,11,5,4,9,True,True,2,2,True,9,5,0.5555555555555556,0.14757188420060136,0.4134366925064601,True
7aae46fe8219345b,Barcelona,cleanliness,2016Q3,2016Q2,0.15833333333333344,20,6,4,9,True,True,2,2,True,9,2,0.2222222222222222,0.05512530513726307,0.35526315789473695,True
7aae46fe8219345b,Barcelona,cleanliness,2017Q1,2016Q4,0.2914979757085021,9,3,6,9,True,True,2,2,True,10,1,0.1,-0.042272708894730726,0.25339366515837103,True
7aae46fe8219345b,Barcelona,location,2016Q3,2016Q2,0.29333333333333345,35,15,4,9,True,True,2,2,True,9,0,0.0,-0.004942349464101683,0.14919354838709675,True
7aae46fe8219345b,Barcelona,room,2017Q1,2016Q4,0.34078711985688737,42,33,6,9,True,True,2,2,True,10,3,0.3,0.020324151776995113,0.21314102564102555,True
7aae46fe8219345b,Barcelona,service,2016Q1,2015Q4,0.39551192145862535,21,13,2,9,True,True,2,2,True,8,0,0.0,-0.028985207507945865,0.134453781512605,True
7aae46fe8219345b,Barcelona,service,2016Q3,2016Q2,0.15594541910331383,17,9,4,9,True,True,2,2,True,9,0,0.0,-0.14945702643397213,-0.02772754671488853,True
7aae46fe8219345b,Barcelona,value,2016Q1,2015Q4,0.19117647058823528,7,6,2,9,True,True,2,2,True,8,4,0.5,0.12093904547464918,0.2941176470588235,True
7aae46fe8219345b,Barcelona,value,2016Q3,2016Q2,0.219298245614035,9,2,4,9,True,True,2,2,True,9,2,0.2222222222222222,0.019093009544842436,0.4405594405594405,True
7b324167d74b437c,Paris,breakfast,2016Q2,2016Q1,0.3431372549019608,7,2,3,9,True,True,2,2,True,9,0,0.0,-0.0069566346965728165,0.1291866028708133,True
7b324167d74b437c,Paris,location,2016Q2,2016Q1,0.16923076923076907,10,3,3,9,True,True,2,2,True,9,1,0.1111111111111111,-0.022467012121794274,0.1809954751131222,True
7b324167d74b437c,Paris,service,2016Q2,2016Q1,0.2666666666666666,5,5,3,9,True,True,2,2,True,9,2,0.2222222222222222,0.016114863037100833,0.34391534391534373,True
7b6a7e7516645d5c,Milan,breakfast,2016Q3,2016Q2,0.36476426799007444,16,21,4,9,True,True,2,2,True,10,1,0.1,-0.03792757267771309,0.3921568627450981,True
7b6a7e7516645d5c,Milan,location,2016Q2,2016Q1,0.15970515970515975,34,27,3,9,True,True,2,2,True,10,3,0.3,0.06196499151109565,0.2727272727272727,True
7b6a7e7516645d5c,Milan,room,2016Q2,2016Q1,0.20833333333333337,38,22,3,9,True,True,2,2,True,10,1,0.1,-0.029874092412751196,0.22580645161290325,True
7b6a7e7516645d5c,Milan,service,2016Q4,2016Q3,0.46666666666666656,20,15,5,9,True,True,2,2,True,10,3,0.3,0.002105345950102355,0.27623066104078764,True
7ba38027ef7f3b06,London,breakfast,2016Q2,2016Q1,0.4098258706467661,57,38,3,9,True,True,2,2,True,10,2,0.2,0.057340173302270724,0.22745098039215683,True
7ba38027ef7f3b06,London,breakfast,2016Q4,2016Q3,0.29047619047619055,25,50,5,9,True,True,2,2,True,10,1,0.1,-0.08355598360286577,0.17204301075268802,True
7ba38027ef7f3b06,London,cleanliness,2016Q1,2015Q4,0.15617715617715633,34,29,2,9,True,True,2,2,True,10,6,0.6,0.15530111150820533,0.4806763285024156,True
7ba38027ef7f3b06,London,noise,2016Q1,2015Q4,0.19318181818181823,12,6,2,9,True,True,2,2,True,10,3,0.3,-0.008321441462173751,0.2492753623188404,True
7ba38027ef7f3b06,London,noise,2016Q2,2016Q1,0.2406417112299465,7,12,3,9,True,True,2,2,True,10,4,0.4,0.053909428354508473,0.5645933014354066,True
7ba38027ef7f3b06,London,service,2016Q1,2015Q4,0.23875092205556925,88,73,2,9,True,True,2,2,True,10,1,0.1,0.06699396528637788,0.16802168021680197,True
7ba38027ef7f3b06,London,value,2017Q1,2016Q4,0.33333333333333326,8,8,6,9,True,True,2,2,True,10,3,0.3,0.09569545543970095,0.3069053708439897,True
7bcd58fd7a4273af,Amsterdam,breakfast,2016Q3,2016Q2,0.22499999999999998,6,10,4,9,True,True,2,2,True,9,2,0.2222222222222222,0.018408549984772038,0.2012987012987013,True
7bcd58fd7a4273af,Amsterdam,cleanliness,2016Q1,2015Q4,0.20833333333333326,5,6,2,9,True,True,2,2,True,8,0,0.0,-0.038016300864598104,0.11408199643493755,True
7bcd58fd7a4273af,Amsterdam,service,2016Q1,2015Q4,0.268217054263566,33,20,2,9,True,True,2,2,True,8,1,0.125,0.005215264662359997,0.3285714285714285,True
7bcd58fd7a4273af,Amsterdam,service,2016Q3,2016Q2,0.15800865800865793,23,18,4,9,True,True,2,2,True,9,1,0.1111111111111111,0.05593644489522872,0.3833333333333333,True
7c1353a2c2cc5de4,Milan,location,2016Q4,2016Q3,0.1883116883116882,12,18,5,9,True,True,2,2,True,10,2,0.2,0.0038452061798917693,0.33333333333333326,True
7c1353a2c2cc5de4,Milan,room,2016Q3,2016Q2,0.3216783216783218,16,12,4,9,True,True,2,2,True,9,2,0.2222222222222222,0.041971704819117286,0.22222222222222232,True
7c1353a2c2cc5de4,Milan,service,2016Q3,2016Q2,0.43434343434343425,12,8,4,9,True,True,2,2,True,9,1,0.1111111111111111,0.006617126653698143,0.18823529411764706,True
7c6859bcf856abc2,Barcelona,breakfast,2016Q2,2016Q1,0.27380952380952395,14,4,3,9,True,True,2,2,True,8,2,0.25,0.04829311352166203,0.18074074074074065,True
7c6859bcf856abc2,Barcelona,breakfast,2017Q1,2016Q4,0.2596153846153846,16,22,6,9,True,True,2,2,True,9,1,0.1111111111111111,-0.040372305206513456,0.23076923076923084,True
7c6859bcf856abc2,Barcelona,cleanliness,2016Q2,2016Q1,0.16256157635467972,19,4,3,9,True,True,2,2,True,8,2,0.25,0.034719980312085605,0.32307692307692304,True
7c6859bcf856abc2,Barcelona,room,2016Q1,2015Q4,0.17142857142857149,20,25,2,9,True,True,2,2,True,8,2,0.25,0.03998890455026406,0.21739130434782605,True
7c6859bcf856abc2,Barcelona,room,2016Q2,2016Q1,0.24444444444444446,44,20,3,9,True,True,2,2,True,8,1,0.125,-0.021406830768013474,0.3733333333333333,True
7c6859bcf856abc2,Barcelona,service,2016Q2,2016Q1,0.3526850507982584,43,16,3,9,True,True,2,2,True,8,0,0.0,-0.055311582112525126,0.14135886912904705,True
7c7b9edcbd941ad0,Milan,cleanliness,2016Q2,2016Q1,0.22222222222222232,8,4,3,9,True,True,2,2,True,10,3,0.3,-0.0013912025145421335,0.3666666666666667,True
7c7b9edcbd941ad0,Milan,location,2016Q2,2016Q1,0.19696969696969702,23,14,3,9,True,True,2,2,True,10,2,0.2,0.035060997903756164,0.2727272727272727,True
7c7b9edcbd941ad0,Milan,room,2016Q1,2015Q4,0.34523809523809523,14,18,2,9,True,True,2,2,True,9,4,0.4444444444444444,0.09639171104850046,0.2652152399802079,True
7c7b9edcbd941ad0,Milan,service,2016Q2,2016Q1,0.5666666666666667,18,5,3,9,True,True,2,2,True,10,3,0.3,0.009392505506856086,0.263235294117647,True
7cb829493eb51e68,Barcelona,location,2016Q2,2016Q1,0.2564102564102564,5,3,3,9,True,True,2,2,True,9,0,0.0,-0.030737832150329252,0.09111111111111114,True
7cb829493eb51e68,Barcelona,location,2016Q3,2016Q2,0.2051282051282053,16,5,4,9,True,True,2,2,True,9,2,0.2222222222222222,0.02768414891188193,0.30050933786078105,True
7cb829493eb51e68,Barcelona,service,2016Q3,2016Q2,0.23423423423423428,27,14,4,9,True,True,2,2,True,9,3,0.3333333333333333,-0.007762007956428575,0.3763440860215055,True
7d352e4731bb85cb,London,breakfast,2016Q2,2016Q1,0.23529411764705876,7,7,3,9,True,True,2,2,True,10,1,0.1,-0.0039035134775094347,0.24564459930313598,True
7d352e4731bb85cb,London,breakfast,2016Q4,2016Q3,0.463157894736842,9,10,5,9,True,True,2,2,True,10,1,0.1,-0.022572346652989784,0.17948717948717952,True
7d352e4731bb85cb,London,location,2016Q3,2016Q2,0.1763157894736842,30,9,4,9,True,True,2,2,True,10,1,0.1,0.03400034282968969,0.1579818031430935,True
7d352e4731bb85cb,London,room,2017Q1,2016Q4,0.3145454545454547,15,34,6,9,True,True,2,2,True,10,0,0.0,0.023855349444402863,0.14621816060664983,True
7d352e4731bb85cb,London,service,2016Q4,2016Q3,0.4413265306122449,22,39,5,9,True,True,2,2,True,10,0,0.0,-0.04024073564097554,0.1333333333333333,True
7d3a597d549f2009,Paris,cleanliness,2016Q3,2016Q2,0.45299145299145305,8,3,4,9,True,True,2,2,True,9,0,0.0,-0.014054464054464026,0.14285714285714302,True
7d3a597d549f2009,Paris,location,2016Q3,2016Q2,0.17500000000000004,6,5,4,9,True,True,2,2,True,9,0,0.0,-0.027899366046940925,0.13986013986014,True
7d3a597d549f2009,Paris,room,2016Q3,2016Q2,0.42222222222222217,15,8,4,9,True,True,2,2,True,9,1,0.1111111111111111,-0.013738513020979651,0.23376623376623373,True
7d896c6d450900d4,London,location,2016Q3,2016Q2,0.20320855614973277,7,1,4,9,True,True,2,2,True,10,1,0.1,-0.025666677779997493,0.34171808258187,True
7d896c6d450900d4,London,room,2016Q2,2016Q1,0.18181818181818188,12,4,3,9,True,True,2,2,True,10,0,0.0,-0.03960923485571044,0.09636363636363643,True
7d896c6d450900d4,London,service,2016Q4,2016Q3,0.392156862745098,11,7,5,9,True,True,2,2,True,10,3,0.3,0.1142098145423162,0.3668447694038244,True
7db34d6fa95bdb24,London,breakfast,2016Q3,2016Q2,0.5421994884910487,7,13,4,9,True,True,2,2,True,10,1,0.1,0.02928232268200114,0.19892473118279574,True
7db34d6fa95bdb24,London,breakfast,2017Q1,2016Q4,0.24137931034482762,19,16,6,9,True,True,2,2,True,10,3,0.3,0.014715512765987126,0.44264507422402166,True
7db34d6fa95bdb24,London,cleanliness,2017Q1,2016Q4,0.1795665634674921,9,7,6,9,True,True,2,2,True,10,2,0.2,0.0008886556988771499,0.26530612244897966,True
7db34d6fa95bdb24,London,location,2016Q4,2016Q3,0.17142857142857149,18,10,5,9,True,True,2,2,True,10,2,0.2,0.021358321314430405,0.17025862068965525,True
7db34d6fa95bdb24,London,noise,2016Q1,2015Q4,0.2222222222222221,5,8,2,9,True,True,2,2,True,10,3,0.3,0.016101526497811325,0.2333333333333334,True
7db34d6fa95bdb24,London,room,2016Q1,2015Q4,0.20000000000000018,46,25,2,9,True,True,2,2,True,10,0,0.0,7.976267407534543e-05,0.12784313725490204,True
7db34d6fa95bdb24,London,room,2016Q3,2016Q2,0.30434782608695654,13,18,4,9,True,True,2,2,True,10,0,0.0,-0.031523504184978936,0.10394736842105268,True
7db34d6fa95bdb24,London,service,2017Q1,2016Q4,0.38662486938349017,23,19,6,9,True,True,2,2,True,10,2,0.2,0.017863716446255486,0.2761904761904763,True
7de99cdce9e34976,London,breakfast,2016Q1,2015Q4,0.3047619047619048,5,11,2,9,True,True,2,2,True,10,2,0.2,0.002311951711200788,0.2673796791443851,True
7de99cdce9e34976,London,cleanliness,2016Q4,2016Q3,0.23333333333333328,5,2,5,9,True,True,2,2,True,10,2,0.2,-0.04163417042727383,0.37438423645320185,True
7de99cdce9e34976,London,service,2016Q1,2015Q4,0.18758620689655192,15,19,2,9,True,True,2,2,True,10,3,0.3,0.008808535792379613,0.2255639097744362,True
7de99cdce9e34976,London,service,2016Q4,2016Q3,0.42773207990599305,27,13,5,9,True,True,2,2,True,10,4,0.4,0.11009289138569833,0.4100529100529101,True
7e1fbfe92ed95a59,Paris,room,2016Q2,2016Q1,0.1633986928104576,8,7,3,8,True,True,2,2,True,9,2,0.2222222222222222,0.0003794433547654494,0.4347826086956521,True
7e526607e3573196,Barcelona,cleanliness,2017Q1,2016Q4,0.18981481481481488,6,17,6,5,True,True,2,2,True,10,2,0.2,0.0716021886610122,0.24242424242424243,True
7e5f1c01e2fa94b0,Paris,cleanliness,2017Q1,2016Q4,0.25,6,6,6,5,True,True,2,2,True,10,2,0.2,-0.022619602619602643,0.25757575757575746,True
7e67ddff0e954f27,Amsterdam,breakfast,2016Q3,2016Q2,0.32352941176470584,30,24,4,9,True,True,2,2,True,9,5,0.5555555555555556,0.14683148291333695,0.4858156028368793,True
7e67ddff0e954f27,Amsterdam,cleanliness,2016Q3,2016Q2,0.303030303030303,23,23,4,9,True,True,2,2,True,9,2,0.2222222222222222,-0.016117826716797377,0.18531073446327673,True
7e67ddff0e954f27,Amsterdam,room,2016Q1,2015Q4,0.18714517437145173,127,134,2,9,True,True,2,2,True,8,2,0.25,0.07950807300179133,0.2717391304347826,True
7e67ddff0e954f27,Amsterdam,service,2016Q3,2016Q2,0.27686703096539156,80,51,4,9,True,True,2,2,True,9,1,0.1111111111111111,0.07270927194364327,0.3833333333333333,True
7e67ddff0e954f27,Amsterdam,service,2017Q1,2016Q4,0.22222222222222232,80,50,6,9,True,True,2,2,True,10,3,0.3,0.061813609554901096,0.28341013824884786,True
7e67ddff0e954f27,Amsterdam,value,2016Q1,2015Q4,0.17327861377108977,33,41,2,9,True,True,2,2,True,8,1,0.125,-0.056960964709183576,0.25306122448979584,True
7eabed9e42ac413f,London,breakfast,2016Q1,2015Q4,0.5357142857142857,14,18,2,9,True,True,2,2,True,10,3,0.3,0.0005500454859966198,0.3445378151260504,True
7eabed9e42ac413f,London,cleanliness,2016Q3,2016Q2,0.23529411764705888,7,7,4,9,True,True,2,2,True,10,2,0.2,-0.04167745615686119,0.3026315789473685,True
7eabed9e42ac413f,London,cleanliness,2017Q1,2016Q4,0.19999999999999996,5,6,6,9,True,True,2,2,True,10,1,0.1,-0.003900285587592078,0.18181818181818188,True
7eabed9e42ac413f,London,location,2016Q1,2015Q4,0.1923076923076923,29,34,2,9,True,True,2,2,True,10,1,0.1,0.0352843058646527,0.24444444444444446,True
7eabed9e42ac413f,London,noise,2016Q3,2016Q2,0.4072398190045249,7,3,4,9,True,True,2,2,True,10,3,0.3,-0.05664617520654673,0.20833333333333326,True
7eabed9e42ac413f,London,service,2016Q1,2015Q4,0.21253071253071254,27,34,2,9,True,True,2,2,True,10,0,0.0,0.00679653703605434,0.1333333333333333,True
7edc228895ec52f0,Paris,service,2016Q3,2016Q2,0.27368421052631575,9,5,4,8,True,True,2,2,True,9,3,0.3333333333333333,0.042223419159925064,0.26409017713365524,True
7f17473552763711,Vienna,breakfast,2016Q1,2015Q4,0.21666666666666679,10,14,2,9,True,True,2,2,True,10,1,0.1,0.07043798021136366,0.4073226544622426,True
7f17473552763711,Vienna,breakfast,2016Q4,2016Q3,0.22983870967741926,21,22,5,9,True,True,2,2,True,10,3,0.3,0.0886702865869837,0.4814814814814814,True
7f17473552763711,Vienna,room,2016Q3,2016Q2,0.2577949212471874,51,41,4,9,True,True,2,2,True,10,2,0.2,-0.020053994905614436,0.24312896405919648,True
7f17473552763711,Vienna,value,2016Q1,2015Q4,0.22352941176470587,7,10,2,9,True,True,2,2,True,10,3,0.3,0.0055543476131711626,0.25,True
7f92d432deac3902,Paris,location,2016Q2,2016Q1,0.28409090909090917,6,1,3,9,True,True,2,2,True,10,2,0.2,0.029853794072396855,0.30000000000000004,True
7f92d432deac3902,Paris,room,2016Q1,2015Q4,0.4444444444444444,5,8,2,9,True,True,2,2,True,10,2,0.2,0.03940172898996429,0.23809523809523814,True
7f92d432deac3902,Paris,service,2016Q3,2016Q2,0.1795665634674921,9,7,4,9,True,True,2,2,True,10,3,0.3,0.05560333862412588,0.3701298701298701,True
7fec8fcb8dfd14b3,Paris,breakfast,2016Q2,2016Q1,0.30833333333333335,6,5,3,9,True,True,2,2,True,9,1,0.1111111111111111,0.0030528220183392665,0.4675324675324676,True
7fec8fcb8dfd14b3,Paris,location,2016Q1,2015Q4,0.1795665634674921,9,7,2,9,True,True,2,2,True,9,1,0.1111111111111111,-0.02309987309987312,0.16666666666666674,True
7fec8fcb8dfd14b3,Paris,room,2016Q2,2016Q1,0.3472222222222222,6,8,3,9,True,True,2,2,True,9,2,0.2222222222222222,0.01443665118528508,0.2575757575757577,True
8029d629692769dc,Paris,room,2016Q1,2015Q4,0.1578947368421053,9,16,2,9,True,True,2,2,True,8,2,0.25,0.04268368895155848,0.19307359307359317,True
8029d629692769dc,Paris,service,2016Q4,2016Q3,0.24444444444444446,8,5,5,9,True,True,2,2,True,9,0,0.0,-0.10020230728283636,0.06068965517241365,True
8042e9a1a00f70cb,Barcelona,location,2016Q3,2016Q2,0.2666666666666666,5,5,4,9,True,True,2,2,True,9,3,0.3333333333333333,0.08335784557146783,0.3630769230769231,True
8042e9a1a00f70cb,Barcelona,room,2016Q4,2016Q3,0.2857142857142857,6,4,5,9,True,True,2,2,True,9,0,0.0,-0.08203037964938292,0.13793103448275867,True
804e77328614bdc1,London,breakfast,2017Q1,2016Q4,0.4,5,11,6,9,True,True,2,2,True,10,3,0.3,0.02635585670647972,0.23076923076923073,True
804e77328614bdc1,London,cleanliness,2016Q3,2016Q2,0.29130434782608683,13,10,4,9,True,True,2,2,True,10,3,0.3,-0.021933031384029578,0.23076923076923084,True
804e77328614bdc1,London,noise,2016Q3,2016Q2,0.7450980392156864,7,5,4,9,True,True,2,2,True,10,2,0.2,-0.09608926919836866,0.25,True
804e77328614bdc1,London,service,2016Q2,2016Q1,0.30645161290322576,52,54,3,9,True,True,2,2,True,10,2,0.2,0.0025136847985372636,0.24705882352941178,True
804e77328614bdc1,London,service,2017Q1,2016Q4,0.2501291989664083,33,35,6,9,True,True,2,2,True,10,4,0.4,0.1022024426007532,0.3551724137931034,True
805dcc4982d6e3e3,Barcelona,breakfast,2017Q1,2016Q4,0.30434782608695654,6,13,6,9,True,True,2,2,True,10,0,0.0,-0.05496780504520445,0.1071428571428572,True
805dcc4982d6e3e3,Barcelona,service,2017Q1,2016Q4,0.34659090909090917,22,23,6,9,True,True,2,2,True,10,0,0.0,-0.09730127445831509,0.10784313725490202,True
806a218a8ffe603b,Vienna,room,2016Q1,2015Q4,0.25,6,6,2,9,True,True,2,2,True,10,1,0.1,-0.008390311622569934,0.17180825818699563,True
80868f552cd15fa6,Barcelona,breakfast,2016Q2,2016Q1,0.18623481781376516,9,3,3,9,True,True,2,2,True,8,1,0.125,0.050410336387316304,0.30959752321981426,True
80868f552cd15fa6,Barcelona,location,2016Q1,2015Q4,0.2538699690402477,7,9,2,9,True,True,2,2,True,7,1,0.14285714285714285,0.022646523731198735,0.16941176470588215,True
80868f552cd15fa6,Barcelona,room,2016Q3,2016Q2,0.17241379310344818,19,14,4,9,True,True,2,2,True,9,2,0.2222222222222222,0.026365706244536144,0.45833333333333326,True
80868f552cd15fa6,Barcelona,room,2017Q1,2016Q4,0.3999999999999999,5,5,6,9,True,True,2,2,True,9,2,0.2222222222222222,-0.01847879784731321,0.17391304347826086,True
80868f552cd15fa6,Barcelona,service,2016Q1,2015Q4,0.18666666666666676,15,8,2,9,True,True,2,2,True,7,1,0.14285714285714285,0.04886739717730241,0.15810276679841917,True
80d7774dad96b78c,Vienna,breakfast,2017Q1,2016Q4,0.2769230769230768,10,3,6,9,True,True,2,2,True,9,1,0.1111111111111111,-0.021656509428137436,0.18181818181818177,True
80d7774dad96b78c,Vienna,cleanliness,2017Q1,2016Q4,0.2769230769230768,5,3,6,9,True,True,2,2,True,9,3,0.3333333333333333,0.02684106017439352,0.2020202020202021,True
80d7774dad96b78c,Vienna,location,2017Q1,2016Q4,0.1731601731601733,23,11,6,9,True,True,2,2,True,9,3,0.3333333333333333,-0.008198680844253348,0.33333333333333326,True
80d7774dad96b78c,Vienna,room,2016Q3,2016Q2,0.2068965517241379,19,19,4,9,True,True,2,2,True,10,3,0.3,0.023220866558040787,0.5416666666666667,True
80d7774dad96b78c,Vienna,room,2017Q1,2016Q4,0.1909090909090908,34,10,6,9,True,True,2,2,True,9,0,0.0,-0.060521460893875285,0.07619047619047614,True
80d7774dad96b78c,Vienna,service,2016Q3,2016Q2,0.3055555555555556,14,8,4,9,True,True,2,2,True,10,5,0.5,0.09347389302420589,0.2142857142857142,True
80d7774dad96b78c,Vienna,value,2017Q1,2016Q4,0.2974358974358974,5,3,6,9,True,True,2,2,True,9,3,0.3333333333333333,0.004595078124489905,0.23076923076923073,True
81111812ebdc7728,London,cleanliness,2016Q4,2016Q3,0.3025641025641026,20,16,5,9,True,True,2,2,True,10,2,0.2,-0.08523471330042973,0.288888888888889,True
81111812ebdc7728,London,room,2016Q3,2016Q2,0.18771929824561406,47,50,4,9,True,True,2,2,True,10,1,0.1,-0.05553388336890404,0.16444885799404174,True
81111812ebdc7728,London,value,2016Q1,2015Q4,0.3027375201288245,17,13,2,9,True,True,2,2,True,9,1,0.1111111111111111,-0.04804197000619429,0.24458874458874458,True
81111812ebdc7728,London,value,2016Q3,2016Q2,0.2941176470588236,7,12,4,9,True,True,2,2,True,10,0,0.0,-0.1448907236178109,0.11536707706338345,True
81111812ebdc7728,London,value,2017Q1,2016Q4,0.2727272727272726,12,12,6,9,True,True,2,2,True,10,5,0.5,0.12625155398094928,0.23111111111111127,True
812a3db7afbcc9db,Barcelona,room,2016Q3,2016Q2,0.26249999999999996,25,22,4,9,True,True,2,2,True,10,0,0.0,-0.08409548744777516,0.05555555555555558,True
812a3db7afbcc9db,Barcelona,service,2016Q3,2016Q2,0.18125960061443935,21,11,4,9,True,True,2,2,True,10,1,0.1,-0.0748533151253304,0.18571428571428572,True
812d8198df1d3e1e,London,cleanliness,2016Q4,2016Q3,0.18181818181818177,10,12,5,9,True,True,2,2,True,10,3,0.3,0.0739594360440285,0.3850931677018634,True
812d8198df1d3e1e,London,cleanliness,2017Q1,2016Q4,0.18181818181818188,12,10,6,9,True,True,2,2,True,10,1,0.1,0.009059898523142818,0.19999999999999996,True
812d8198df1d3e1e,London,noise,2016Q3,2016Q2,0.17647058823529416,7,8,4,9,True,True,2,2,True,10,4,0.4,0.008268354707983183,0.4072398190045249,True
812d8198df1d3e1e,London,service,2017Q1,2016Q4,0.18387096774193545,21,30,6,9,True,True,2,2,True,10,0,0.0,-0.03187927215874999,0.14102564102564097,True
814c18d1c6726a83,Vienna,cleanliness,2016Q2,2016Q1,0.37969924812030076,18,9,3,9,True,True,2,2,True,8,2,0.25,0.020643313658019552,0.19047619047619047,True
814c18d1c6726a83,Vienna,cleanliness,2017Q1,2016Q4,0.26,15,10,6,9,True,True,2,2,True,9,3,0.3333333333333333,-0.04727571788988981,0.19674796747967482,True
814c18d1c6726a83,Vienna,noise,2016Q3,2016Q2,0.19117647058823528,6,7,4,9,True,True,2,2,True,9,2,0.2222222222222222,0.01092464180699473,0.25874125874125864,True
814c18d1c6726a83,Vienna,room,2016Q3,2016Q2,0.21875,54,40,4,9,True,True,2,2,True,9,3,0.3333333333333333,-0.007768818744504536,0.23756708407871197,True
814c18d1c6726a83,Vienna,room,2017Q1,2016Q4,0.24444444444444446,20,35,6,9,True,True,2,2,True,9,3,0.3333333333333333,-0.01396963946861037,0.20943762120232723,True
814c18d1c6726a83,Vienna,service,2016Q2,2016Q1,0.18245614035087732,28,20,3,9,True,True,2,2,True,8,2,0.25,0.05803482028004936,0.28676470588235303,True
814c18d1c6726a83,Vienna,service,2016Q3,2016Q2,0.2760472610096669,39,28,4,9,True,True,2,2,True,9,0,0.0,-0.07463463336472394,0.12587412587412583,True
814c18d1c6726a83,Vienna,value,2016Q3,2016Q2,0.2800417972831766,23,19,4,9,True,True,2,2,True,9,3,0.3333333333333333,0.07800318558383074,0.33333333333333326,True
814c18d1c6726a83,Vienna,value,2017Q1,2016Q4,0.3076923076923077,8,16,6,9,True,True,2,2,True,9,2,0.2222222222222222,0.03301935231759793,0.39743589743589747,True
816e484bdc86ce32,Vienna,cleanliness,2016Q3,2016Q2,0.1806451612903226,25,21,4,9,True,True,2,2,True,10,2,0.2,-0.012285076120989414,0.5238095238095237,True
816e484bdc86ce32,Vienna,location,2016Q3,2016Q2,0.16189989785495418,79,34,4,9,True,True,2,2,True,10,3,0.3,0.04745865492025807,0.42307692307692313,True
816e484bdc86ce32,Vienna,location,2017Q1,2016Q4,0.21098772647574515,49,48,6,9,True,True,2,2,True,10,3,0.3,-0.027910084138134915,0.23684210526315796,True
816e484bdc86ce32,Vienna,noise,2016Q2,2016Q1,0.15263157894736856,10,9,3,9,True,True,2,2,True,10,2,0.2,0.024945103205972798,0.2575757575757577,True
816e484bdc86ce32,Vienna,noise,2016Q3,2016Q2,0.2684210526315789,9,10,4,9,True,True,2,2,True,10,1,0.1,0.04455430261696246,0.33333333333333326,True
816e484bdc86ce32,Vienna,room,2016Q3,2016Q2,0.23342175066312998,77,55,4,9,True,True,2,2,True,10,1,0.1,-0.02024782313009047,0.18768328445747795,True
816e484bdc86ce32,Vienna,value,2016Q3,2016Q2,0.3911111111111112,15,8,4,9,True,True,2,2,True,10,1,0.1,-0.035167301738509196,0.18181818181818177,True
820e9138d1a7d601,Vienna,breakfast,2016Q2,2016Q1,0.22152560083594586,23,19,3,9,True,True,2,2,True,10,3,0.3,0.060616894801105284,0.35403726708074523,True
820e9138d1a7d601,Vienna,breakfast,2016Q3,2016Q2,0.16161616161616155,26,23,4,9,True,True,2,2,True,10,1,0.1,-0.03200859449798069,0.3076923076923076,True
820e9138d1a7d601,Vienna,cleanliness,2016Q1,2015Q4,0.33333333333333326,26,14,2,9,True,True,2,2,True,10,3,0.3,0.04694634742622363,0.30959752321981426,True
820e9138d1a7d601,Vienna,room,2016Q1,2015Q4,0.3110599078341013,52,46,2,9,True,True,2,2,True,10,2,0.2,-0.006133411531312805,0.3999999999999999,True
820e9138d1a7d601,Vienna,value,2016Q3,2016Q2,0.37681159420289845,11,13,4,9,True,True,2,2,True,10,2,0.2,-0.06731672939614788,0.38596491228070173,True
823280a7eaf342d7,London,breakfast,2016Q1,2015Q4,0.25,14,22,2,9,True,True,2,2,True,9,4,0.4444444444444444,0.09602473925720492,0.45529953917050703,True
823280a7eaf342d7,London,noise,2017Q1,2016Q4,0.33333333333333326,5,8,6,9,True,True,2,2,True,9,1,0.1111111111111111,0.03181002438387158,0.2971014492753622,True
823280a7eaf342d7,London,room,2016Q2,2016Q1,0.1707317073170731,31,38,3,9,True,True,2,2,True,9,0,0.0,-0.016608922771278196,0.12193977123940813,True
823280a7eaf342d7,London,value,2016Q1,2015Q4,0.5457875457875458,11,16,2,9,True,True,2,2,True,9,2,0.2222222222222222,-0.004220065445882653,0.44444444444444453,True
823280a7eaf342d7,London,value,2016Q3,2016Q2,0.17982456140350878,14,9,4,9,True,True,2,2,True,9,3,0.3333333333333333,0.06749114821218559,0.2777777777777778,True
8238668a813c8692,London,location,2016Q2,2016Q1,0.16666666666666652,5,2,3,9,True,True,2,2,True,9,1,0.1111111111111111,-0.023497251407916808,0.16666666666666674,True
82676db0501f3c3e,London,breakfast,2016Q4,2016Q3,0.33333333333333326,8,6,5,9,True,True,2,2,True,10,2,0.2,-0.09008863030881123,0.17481481481481476,True
82676db0501f3c3e,London,cleanliness,2017Q1,2016Q4,0.2666666666666666,11,5,6,9,True,True,2,2,True,10,4,0.4,0.04548576600722898,0.3911111111111112,True
82a3663dbec25997,Vienna,location,2016Q3,2016Q2,0.18333333333333335,20,14,4,9,True,True,2,2,True,10,0,0.0,-0.007344518742954076,0.1499999999999999,True
82a3663dbec25997,Vienna,room,2016Q1,2015Q4,0.22435897435897445,16,14,2,9,True,True,2,2,True,10,1,0.1,-0.003990617757878845,0.24154589371980673,True
82a3663dbec25997,Vienna,service,2016Q3,2016Q2,0.2833333333333332,14,10,4,9,True,True,2,2,True,10,3,0.3,0.09146634563968115,0.37037037037037024,True
82a726c374021123,London,breakfast,2016Q3,2016Q2,0.4,22,30,4,9,True,True,2,2,True,10,2,0.2,-0.03638561246383522,0.27714129841789426,True
82a726c374021123,London,cleanliness,2017Q1,2016Q4,0.2777777777777779,26,26,6,9,True,True,2,2,True,10,4,0.4,0.08319298358091462,0.4181818181818182,True
830a9897dc6307c3,Paris,room,2016Q2,2016Q1,0.19999999999999996,5,2,3,9,True,True,2,2,True,8,1,0.125,0.013838845640813488,0.17704426106526638,True
83aecee53fc35e57,London,location,2016Q2,2016Q1,0.21367521367521358,8,3,3,9,True,True,2,2,True,10,1,0.1,-0.01915953363781193,0.20000000000000018,True
83aecee53fc35e57,London,room,2016Q1,2015Q4,0.15555555555555567,8,5,2,9,True,True,2,2,True,10,2,0.2,0.03202547336874696,0.42481203007518786,True
83aecee53fc35e57,London,service,2016Q2,2016Q1,0.24749163879598646,13,3,3,9,True,True,2,2,True,10,3,0.3,0.05898334160353071,0.1806451612903226,True
83b53a54a30341b7,London,location,2016Q2,2016Q1,0.20320855614973277,7,1,3,9,True,True,2,2,True,10,2,0.2,0.005114973165626746,0.3384615384615386,True
83b53a54a30341b7,London,location,2016Q3,2016Q2,0.22103386809269154,23,7,4,9,True,True,2,2,True,10,2,0.2,0.10291030617996458,0.33484162895927616,True
83b53a54a30341b7,London,room,2016Q4,2016Q3,0.2807017543859649,9,29,5,9,True,True,2,2,True,10,1,0.1,-0.051994897867443754,0.24390243902439035,True
83b53a54a30341b7,London,service,2016Q3,2016Q2,0.314102564102564,14,3,4,9,True,True,2,2,True,10,0,0.0,-0.06731853708801143,0.11500701262272095,True
83f84762b6e622a2,Barcelona,noise,2016Q4,2016Q3,0.16666666666666663,6,2,5,9,True,True,2,2,True,9,2,0.2222222222222222,0.04453361491545184,0.32167832167832155,True
83f84762b6e622a2,Barcelona,value,2016Q1,2015Q4,0.3519668737060042,13,11,2,9,True,True,2,2,True,9,1,0.1111111111111111,-0.002158182922754221,0.19732441471571893,True
83f84762b6e622a2,Barcelona,value,2016Q4,2016Q3,0.35789473684210527,9,15,5,9,True,True,2,2,True,9,4,0.4444444444444444,0.0811020797498147,0.27489177489177496,True
840dc76908beec32,London,breakfast,2016Q1,2015Q4,0.22988505747126442,19,17,2,9,True,True,2,2,True,9,2,0.2222222222222222,-0.028775964359278944,0.5839243498817966,True
840dc76908beec32,London,breakfast,2016Q2,2016Q1,0.3034482758620689,20,19,3,9,True,True,2,2,True,9,1,0.1111111111111111,-0.06109437480839819,0.1511111111111112,True
840dc76908beec32,London,breakfast,2016Q4,2016Q3,0.20238095238095233,14,32,5,9,True,True,2,2,True,10,1,0.1,-0.03269944086943255,0.20133037694013312,True
840dc76908beec32,London,cleanliness,2017Q1,2016Q4,0.18087855297157618,33,17,6,9,True,True,2,2,True,10,2,0.2,-0.07103277183990704,0.3928571428571428,True
840dc76908beec32,London,value,2016Q1,2015Q4,0.25,18,14,2,9,True,True,2,2,True,9,4,0.4444444444444444,0.0547718597469653,0.36585365853658536,True
840dc76908beec32,London,value,2016Q4,2016Q3,0.156498673740053,16,19,5,9,True,True,2,2,True,10,2,0.2,-0.03028678266512107,0.21739130434782605,True
84105cb6b7bcf23b,Milan,breakfast,2016Q3,2016Q2,0.19999999999999996,5,0,4,9,True,True,2,2,True,8,2,0.25,0.0015642982748245576,0.34090909090909094,True
84105cb6b7bcf23b,Milan,cleanliness,2016Q4,2016Q3,0.45299145299145305,8,3,5,9,True,True,2,2,True,9,1,0.1111111111111111,-0.0017889517889518006,0.16666666666666674,True
84105cb6b7bcf23b,Milan,location,2016Q4,2016Q3,0.21671826625387003,7,9,5,9,True,True,2,2,True,9,3,0.3333333333333333,0.09367684156395062,0.33333333333333326,True
84105cb6b7bcf23b,Milan,service,2016Q2,2016Q1,0.17500000000000004,6,5,3,9,True,True,2,2,True,8,2,0.25,0.07978490807438178,0.4526315789473684,True
843ec3f7d6784d0b,Paris,cleanliness,2017Q1,2016Q4,0.19999999999999996,5,6,6,9,True,True,2,2,True,10,1,0.1,0.033230103230103246,0.2575757575757577,True
843ec3f7d6784d0b,Paris,location,2016Q1,2015Q4,0.19047619047619047,11,5,2,9,True,True,2,2,True,9,0,0.0,0.01130305018715605,0.1454545454545455,True
843ec3f7d6784d0b,Paris,room,2016Q1,2015Q4,0.2727272727272727,20,12,2,9,True,True,2,2,True,9,1,0.1111111111111111,-0.007888416479747782,0.18885448916408665,True
843ec3f7d6784d0b,Paris,room,2017Q1,2016Q4,0.17733990147783263,19,11,6,9,True,True,2,2,True,10,2,0.2,-0.014059407038402416,0.15873015873015883,True
843ec3f7d6784d0b,Paris,service,2016Q1,2015Q4,0.40740740740740744,17,8,2,9,True,True,2,2,True,9,3,0.3333333333333333,0.04562586078065954,0.33333333333333326,True
843ec3f7d6784d0b,Paris,service,2017Q1,2016Q4,0.17713365539452486,17,13,6,9,True,True,2,2,True,10,0,0.0,-0.05046999176410942,0.1428571428571428,True
844976a96f9c658f,London,location,2016Q2,2016Q1,0.23232323232323226,12,8,3,9,True,True,2,2,True,9,0,0.0,0.00789905038060902,0.14671814671814665,True
844976a96f9c658f,London,room,2016Q1,2015Q4,0.16315789473684195,9,10,2,9,True,True,2,2,True,9,2,0.2222222222222222,0.011327645559045259,0.25751243781094535,True
847411bdd9ab6648,Paris,location,2016Q4,2016Q3,0.2564102564102564,8,3,5,7,True,True,2,2,True,10,5,0.5,0.0387715715656892,0.28205128205128216,True
849c53491de5836d,Paris,breakfast,2017Q1,2016Q4,0.41176470588235303,7,0,6,9,True,True,2,2,True,10,0,0.0,-0.06249348903440973,0.06666666666666665,True
849c53491de5836d,Paris,room,2017Q1,2016Q4,0.16993464052287588,7,8,6,9,True,True,2,2,True,10,2,0.2,-0.08923136517844002,0.2016806722689075,True
849c53491de5836d,Paris,service,2016Q1,2015Q4,0.15277777777777768,6,8,2,9,True,True,2,2,True,9,2,0.2222222222222222,0.027275909969857157,0.3333333333333335,True
849c53491de5836d,Paris,service,2016Q3,2016Q2,0.2666666666666666,5,5,4,9,True,True,2,2,True,10,1,0.1,-0.07332715133491216,0.3208556149732622,True
849c53491de5836d,Paris,service,2017Q1,2016Q4,0.22352941176470575,10,7,6,9,True,True,2,2,True,10,4,0.4,0.0508348819964065,0.38095238095238104,True
84e6b85dd412c0d4,Barcelona,breakfast,2016Q2,2016Q1,0.38095238095238093,11,11,3,9,True,True,2,2,True,10,2,0.2,0.049530812324929986,0.30952380952380965,True
84e6b85dd412c0d4,Barcelona,breakfast,2017Q1,2016Q4,0.32692307692307687,6,3,6,9,True,True,2,2,True,10,1,0.1,-0.13152215689367394,0.2941176470588236,True
84e6b85dd412c0d4,Barcelona,cleanliness,2016Q1,2015Q4,0.2962962962962963,17,17,2,9,True,True,2,2,True,10,3,0.3,0.025359944212919084,0.27380952380952395,True
84e6b85dd412c0d4,Barcelona,cleanliness,2017Q1,2016Q4,0.34444444444444433,8,10,6,9,True,True,2,2,True,10,1,0.1,0.02772319298635082,0.18181818181818188,True
84e6b85dd412c0d4,Barcelona,location,2016Q2,2016Q1,0.258023106546855,28,31,3,9,True,True,2,2,True,10,5,0.5,0.12157160254373281,0.32000000000000006,True
84e6b85dd412c0d4,Barcelona,room,2017Q1,2016Q4,0.1564986737400531,19,16,6,9,True,True,2,2,True,10,1,0.1,-0.005182184118697419,0.2974358974358975,True
84e6b85dd412c0d4,Barcelona,service,2016Q1,2015Q4,0.25525525525525516,26,27,2,9,True,True,2,2,True,10,1,0.1,-0.08931774108244697,0.15686274509803932,True
84e6b85dd412c0d4,Barcelona,service,2017Q1,2016Q4,0.31159420289855055,13,14,6,9,True,True,2,2,True,10,2,0.2,0.04516389775825912,0.2834008097165993,True
84e6b85dd412c0d4,Barcelona,value,2016Q1,2015Q4,0.19732441471571893,16,13,2,9,True,True,2,2,True,10,1,0.1,0.013521881268549729,0.3519668737060042,True
852f65a0fbf5b9b3,London,breakfast,2016Q1,2015Q4,0.2028985507246377,47,36,2,9,True,True,2,2,True,9,0,0.0,0.004979900332819105,0.1428571428571428,True
852f65a0fbf5b9b3,London,breakfast,2016Q4,2016Q3,0.4530075187969924,28,46,5,9,True,True,2,2,True,10,4,0.4,-0.009692146845285965,0.21739130434782616,True
852f65a0fbf5b9b3,London,noise,2016Q2,2016Q1,0.48461538461538456,16,10,3,9,True,True,2,2,True,9,4,0.4444444444444444,0.0981899131414544,0.4004576659038902,True
852f65a0fbf5b9b3,London,value,2017Q1,2016Q4,0.31601731601731586,12,11,6,9,True,True,2,2,True,10,5,0.5,0.08869479203524254,0.354066985645933,True
8534da77f97f2f84,Amsterdam,noise,2016Q1,2015Q4,0.1633986928104575,7,8,2,9,True,True,2,2,True,8,1,0.125,0.0002817287366189414,0.47619047619047616,True
8534da77f97f2f84,Amsterdam,noise,2016Q3,2016Q2,0.18382352941176472,7,6,4,9,True,True,2,2,True,10,4,0.4,0.1521392166186216,0.4999999999999999,True
8534da77f97f2f84,Amsterdam,room,2016Q2,2016Q1,0.19999999999999996,40,65,3,9,True,True,2,2,True,9,1,0.1111111111111111,-0.09152141796047969,0.1865079365079365,True
8534da77f97f2f84,Amsterdam,service,2016Q3,2016Q2,0.3833333333333333,38,30,4,9,True,True,2,2,True,10,0,0.0,-0.04247892826277024,0.13871374527112224,True
8534da77f97f2f84,Amsterdam,value,2017Q1,2016Q4,0.2896551724137931,19,20,6,9,True,True,2,2,True,10,1,0.1,-0.029121619031043745,0.3116883116883117,True
8583389d60cf84d8,Amsterdam,breakfast,2016Q3,2016Q2,0.24019607843137258,14,7,4,9,True,True,2,2,True,9,2,0.2222222222222222,0.07406129893979406,0.4858156028368793,True
8583389d60cf84d8,Amsterdam,room,2016Q3,2016Q2,0.2938689217758985,34,33,4,9,True,True,2,2,True,9,1,0.1111111111111111,-0.01083573743874813,0.1549407114624506,True
859d48614b8571b7,Milan,location,2016Q3,2016Q2,0.21052631578947367,9,9,4,9,True,True,2,2,True,10,2,0.2,0.025648939267360327,0.20105820105820094,True
859d48614b8571b7,Milan,room,2016Q2,2016Q1,0.368421052631579,9,6,3,9,True,True,2,2,True,10,2,0.2,-0.04288417924297799,0.2857142857142857,True
859d48614b8571b7,Milan,service,2016Q2,2016Q1,0.3557692307692307,6,3,3,9,True,True,2,2,True,10,3,0.3,0.0727250951662716,0.375,True
859d48614b8571b7,Milan,service,2016Q3,2016Q2,0.2663043478260869,13,6,4,9,True,True,2,2,True,10,2,0.2,0.00918027506262803,0.2857142857142857,True
85b757f27fd116a7,Vienna,breakfast,2017Q1,2016Q4,0.2727272727272727,12,4,6,9,True,True,2,2,True,10,2,0.2,0.013139734945361515,0.41025641025641013,True
85b757f27fd116a7,Vienna,location,2016Q1,2015Q4,0.2564102564102564,5,3,2,9,True,True,2,2,True,10,1,0.1,-0.06169363579628,0.23684210526315796,True
85b757f27fd116a7,Vienna,location,2016Q4,2016Q3,0.20175438596491224,9,2,5,9,True,True,2,2,True,10,2,0.2,-0.012443354954143237,0.2822966507177034,True
85b757f27fd116a7,Vienna,room,2016Q1,2015Q4,0.17543859649122795,11,9,2,9,True,True,2,2,True,10,2,0.2,0.03036391023920465,0.2930402930402931,True
85b757f27fd116a7,Vienna,room,2016Q4,2016Q3,0.22307692307692317,10,3,5,9,True,True,2,2,True,10,2,0.2,0.050987555891807035,0.28352490421455945,True
85b757f27fd116a7,Vienna,service,2016Q1,2015Q4,0.22857142857142865,11,10,2,9,True,True,2,2,True,10,2,0.2,0.048972844725427,0.4110671936758894,True
85c2b5a741751814,Amsterdam,breakfast,2016Q3,2016Q2,0.18108108108108112,30,27,4,9,True,True,2,2,True,10,5,0.5,0.17855911585058462,0.4858156028368793,True
85c2b5a741751814,Amsterdam,cleanliness,2016Q3,2016Q2,0.18531073446327673,49,35,4,9,True,True,2,2,True,10,2,0.2,0.049987391145110235,0.303030303030303,True
85c2b5a741751814,Amsterdam,service,2016Q4,2016Q3,0.272278664731495,96,120,5,9,True,True,2,2,True,10,2,0.2,-0.0045454418499569545,0.3283283283283285,True
85c2b5a741751814,Amsterdam,value,2016Q1,2015Q4,0.25306122448979584,39,30,2,9,True,True,2,2,True,8,2,0.25,-0.06717812732276986,0.2087542087542088,True
864a923387779c2f,Barcelona,cleanliness,2016Q3,2016Q2,0.2857142857142858,11,4,4,9,True,True,2,2,True,9,3,0.3333333333333333,0.043615305682298496,0.27826086956521734,True
864a923387779c2f,Barcelona,cleanliness,2017Q1,2016Q4,0.4999999999999999,8,2,6,9,True,True,2,2,True,10,1,0.1,-0.053701067840790505,0.22222222222222232,True
864a923387779c2f,Barcelona,location,2016Q2,2016Q1,0.2171428571428573,15,18,3,9,True,True,2,2,True,8,3,0.375,0.07211306334355103,0.28409090909090917,True
864a923387779c2f,Barcelona,location,2016Q3,2016Q2,0.16941176470588215,41,15,4,9,True,True,2,2,True,9,1,0.1111111111111111,-0.0033558678753151413,0.2177589852008457,True
864a923387779c2f,Barcelona,location,2017Q1,2016Q4,0.16842105263157903,9,5,6,9,True,True,2,2,True,10,2,0.2,0.03335066770623374,0.3827751196172249,True
864a923387779c2f,Barcelona,noise,2016Q3,2016Q2,0.17813765182186225,9,3,4,9,True,True,2,2,True,9,1,0.1111111111111111,-0.04244274244274246,0.2909090909090909,True
864a923387779c2f,Barcelona,room,2016Q3,2016Q2,0.2518740629685158,36,19,4,9,True,True,2,2,True,9,1,0.1111111111111111,0.007616372091255763,0.16349977905435265,True
864a923387779c2f,Barcelona,room,2017Q1,2016Q4,0.3111111111111111,17,5,6,9,True,True,2,2,True,10,2,0.2,-0.008088130857221121,0.3068181818181819,True
864a923387779c2f,Barcelona,service,2016Q1,2015Q4,0.25,10,6,2,9,True,True,2,2,True,8,2,0.25,0.03363578559541852,0.29130434782608683,True
864a923387779c2f,Barcelona,service,2017Q1,2016Q4,0.43939393939393934,12,2,6,9,True,True,2,2,True,10,5,0.5,0.04714595547538884,0.24736842105263168,True
8665584d41e0cc44,London,breakfast,2016Q1,2015Q4,0.21568627450980382,41,18,2,9,True,True,2,2,True,10,4,0.4,0.11222488836175351,0.5126050420168067,True
8665584d41e0cc44,London,breakfast,2017Q1,2016Q4,0.19138755980861255,23,28,6,9,True,True,2,2,True,10,2,0.2,-0.050971616854485424,0.3323996265172737,True
8665584d41e0cc44,London,cleanliness,2016Q2,2016Q1,0.2592592592592594,8,17,3,9,True,True,2,2,True,10,4,0.4,0.0854950177681575,0.29166666666666674,True
8665584d41e0cc44,London,cleanliness,2017Q1,2016Q4,0.219298245614035,9,14,6,9,True,True,2,2,True,10,3,0.3,0.09025699980007655,0.3666666666666666,True
8665584d41e0cc44,London,location,2016Q4,2016Q3,0.2563492063492063,46,35,5,9,True,True,2,2,True,10,0,0.0,-0.045266875226361844,0.1118139534883722,True
8665584d41e0cc44,London,noise,2016Q4,2016Q3,0.2738095238095237,11,14,5,9,True,True,2,2,True,10,0,0.0,-0.11490357041627455,0.10526315789473684,True
8665584d41e0cc44,London,room,2016Q1,2015Q4,0.16224758560140473,75,57,2,9,True,True,2,2,True,10,1,0.1,-0.03730767190043309,0.3197691197691197,True
8665584d41e0cc44,London,room,2017Q1,2016Q4,0.16835699797160242,41,48,6,9,True,True,2,2,True,10,4,0.4,0.07225958707266322,0.30000000000000004,True
8665584d41e0cc44,London,service,2017Q1,2016Q4,0.17184265010351973,32,36,6,9,True,True,2,2,True,10,3,0.3,0.04773812596469758,0.19038368139873718,True
8698e801e03ca779,London,room,2016Q1,2015Q4,0.1633986928104575,7,8,2,9,True,True,2,2,True,9,1,0.1111111111111111,0.11257097271296049,0.33333333333333326,True
8698e801e03ca779,London,service,2016Q2,2016Q1,0.1568627450980391,8,7,3,9,True,True,2,2,True,9,1,0.1111111111111111,0.017085565350135487,0.15384615384615397,True
8698e801e03ca779,London,service,2016Q4,2016Q3,0.375,6,6,5,9,True,True,2,2,True,10,2,0.2,0.060467990583318906,0.21818181818181825,True
86a782147c70950c,Vienna,value,2016Q1,2015Q4,0.25,6,6,2,9,True,True,2,2,True,10,2,0.2,-0.09616016975352012,0.18181818181818177,True
86d96dc096d7776e,Amsterdam,noise,2016Q2,2016Q1,0.1512605042016808,7,4,3,9,True,True,2,2,True,9,1,0.1111111111111111,-0.055342233896339174,0.2101806239737274,True
86d96dc096d7776e,Amsterdam,room,2016Q4,2016Q3,0.42285714285714293,15,11,5,9,True,True,2,2,True,10,1,0.1,0.017711069883112884,0.19692307692307687,True
86df8a477add8204,Vienna,breakfast,2016Q3,2016Q2,0.16666666666666674,14,8,4,9,True,True,2,2,True,10,4,0.4,0.10953960628522649,0.45128205128205123,True
86df8a477add8204,Vienna,location,2016Q3,2016Q2,0.17500000000000004,22,10,4,9,True,True,2,2,True,10,5,0.5,0.15212390522997518,0.3856209150326797,True
86df8a477add8204,Vienna,room,2016Q1,2015Q4,0.21333333333333315,14,15,2,9,True,True,2,2,True,9,2,0.2222222222222222,0.04401358225938085,0.329192546583851,True
86df8a477add8204,Vienna,room,2016Q3,2016Q2,0.16842105263157903,28,15,4,9,True,True,2,2,True,10,4,0.4,0.01326471860144598,0.23756708407871197,True
86df8a477add8204,Vienna,value,2016Q3,2016Q2,0.17692307692307696,10,3,4,9,True,True,2,2,True,10,3,0.3,0.02558599133859224,0.33333333333333326,True
86e6a77837eb881f,Paris,cleanliness,2016Q2,2016Q1,0.19999999999999996,5,6,3,9,True,True,2,2,True,9,2,0.2222222222222222,0.07207021373688044,0.2909090909090909,True
86e6a77837eb881f,Paris,location,2016Q1,2015Q4,0.26984126984126977,17,4,2,9,True,True,2,2,True,9,1,0.1111111111111111,-0.00277558698277384,0.26890756302521024,True
86e6a77837eb881f,Paris,noise,2016Q2,2016Q1,0.33333333333333326,5,2,3,9,True,True,2,2,True,9,1,0.1111111111111111,-0.019677707913002013,0.2857142857142858,True
86e6a77837eb881f,Paris,room,2016Q1,2015Q4,0.20952380952380956,20,4,2,9,True,True,2,2,True,9,2,0.2222222222222222,-0.04606834330278336,0.3157894736842105,True
86e6a77837eb881f,Paris,room,2016Q2,2016Q1,0.19999999999999996,20,20,3,9,True,True,2,2,True,9,3,0.3333333333333333,0.08170850348886119,0.38043478260869557,True
86e6a77837eb881f,Paris,service,2017Q1,2016Q4,0.3793103448275863,19,16,6,9,True,True,2,2,True,9,1,0.1111111111111111,0.012088115416288748,0.1795665634674921,True
86e6a77837eb881f,Paris,value,2016Q3,2016Q2,0.3999999999999999,5,5,4,9,True,True,2,2,True,9,1,0.1111111111111111,0.005065305065305077,0.16666666666666663,True
870c64e6c2b256b9,Paris,breakfast,2016Q2,2016Q1,0.18461538461538463,16,30,3,9,True,True,2,2,True,10,0,0.0,-0.10022034008876116,0.05263157894736836,True
870c64e6c2b256b9,Paris,breakfast,2017Q1,2016Q4,0.3023872679045094,19,29,6,9,True,True,2,2,True,10,2,0.2,0.007489005780881508,0.2769230769230768,True
870c64e6c2b256b9,Paris,cleanliness,2016Q1,2015Q4,0.23750000000000004,22,20,2,9,True,True,2,2,True,9,2,0.2222222222222222,0.0836545142100698,0.37662337662337675,True
870c64e6c2b256b9,Paris,cleanliness,2016Q4,2016Q3,0.23089983022071303,9,21,5,9,True,True,2,2,True,10,3,0.3,-0.03503139386441097,0.20872865275142316,True
870c64e6c2b256b9,Paris,room,2016Q1,2015Q4,0.23145071982281284,76,74,2,9,True,True,2,2,True,9,4,0.4444444444444444,0.13714094676203864,0.35164835164835173,True
870c64e6c2b256b9,Paris,service,2016Q1,2015Q4,0.16156862745098044,75,65,2,9,True,True,2,2,True,9,2,0.2222222222222222,0.05791225076570794,0.3194444444444444,True
870c64e6c2b256b9,Paris,value,2016Q1,2015Q4,0.175287356321839,19,14,2,9,True,True,2,2,True,9,3,0.3333333333333333,0.08725984780751511,0.46264367816091945,True
870c64e6c2b256b9,Paris,value,2016Q2,2016Q1,0.17471264367816097,5,19,3,9,True,True,2,2,True,10,0,0.0,-0.09889117688119502,0.09090909090909094,True
870c64e6c2b256b9,Paris,value,2017Q1,2016Q4,0.17543859649122806,9,11,6,9,True,True,2,2,True,10,3,0.3,0.02338201272411796,0.2678571428571429,True
872b2b41810dac8c,Milan,cleanliness,2016Q2,2016Q1,0.25454545454545463,12,10,3,9,True,True,2,2,True,10,1,0.1,-0.05976355208822567,0.16666666666666674,True
872b2b41810dac8c,Milan,location,2016Q3,2016Q2,0.17082228116710874,77,55,4,9,True,True,2,2,True,10,3,0.3,0.05649491409434752,0.3362068965517242,True
872b2b41810dac8c,Milan,noise,2016Q2,2016Q1,0.2379862700228833,13,9,3,9,True,True,2,2,True,10,2,0.2,0.07353956672842124,0.2941176470588235,True
872b2b41810dac8c,Milan,noise,2017Q1,2016Q4,0.4148606811145511,7,9,6,9,True,True,2,2,True,10,0,0.0,-0.060093582887700524,0.1398601398601398,True
872b2b41810dac8c,Milan,service,2016Q2,2016Q1,0.2678027997565431,43,21,3,9,True,True,2,2,True,10,1,0.1,-0.058701847781731833,0.20634920634920628,True
872b2b41810dac8c,Milan,value,2016Q3,2016Q2,0.17989417989417988,17,11,4,9,True,True,2,2,True,10,1,0.1,-0.024476244429804818,0.21978021978021978,True
872cb02d526dc663,London,cleanliness,2016Q1,2015Q4,0.20105820105820094,17,11,2,9,True,True,2,2,True,9,1,0.1111111111111111,0.07828412328412326,0.19999999999999996,True
872cb02d526dc663,London,cleanliness,2017Q1,2016Q4,0.24434389140271495,16,7,6,9,True,True,2,2,True,9,1,0.1111111111111111,0.0391559069547646,0.16666666666666674,True
872cb02d526dc663,London,room,2017Q1,2016Q4,0.3620218579234974,51,38,6,9,True,True,2,2,True,9,2,0.2222222222222222,0.0747643837324898,0.2592592592592593,True
872cb02d526dc663,London,value,2016Q4,2016Q3,0.1568627450980392,7,8,5,9,True,True,2,2,True,9,0,0.0,0.009742540454614756,0.1398601398601398,True
877983be82564c91,Vienna,location,2016Q1,2015Q4,0.16666666666666652,5,2,2,9,True,True,2,2,True,9,2,0.2222222222222222,-0.0317361913339799,0.19565217391304346,True
877983be82564c91,Vienna,room,2016Q1,2015Q4,0.19999999999999996,5,4,2,9,True,True,2,2,True,9,1,0.1111111111111111,0.03210456662912907,0.20952380952380945,True
879428a79e408886,Paris,location,2017Q1,2016Q4,0.24696356275303644,16,9,6,9,True,True,2,2,True,9,0,0.0,-0.09990801973036663,0.04554865424430643,True
87b2f5bdc658a5ea,Paris,room,2016Q2,2016Q1,0.19999999999999996,5,10,3,9,True,True,2,2,True,8,1,0.125,-0.007003270422388089,0.32499999999999996,True
87b2f5bdc658a5ea,Paris,room,2017Q1,2016Q4,0.3018181818181819,12,15,6,9,True,True,2,2,True,9,2,0.2222222222222222,-0.030708891405436582,0.2909090909090909,True
87b2f5bdc658a5ea,Paris,service,2016Q1,2015Q4,0.21946169772256718,11,13,2,9,True,True,2,2,True,8,3,0.375,0.049437306974071726,0.21176470588235308,True
87c21c2b0b9cbfa3,Paris,cleanliness,2016Q1,2015Q4,0.24242424242424243,5,12,2,9,True,True,2,2,True,8,4,0.5,0.11004302714829024,0.3308270676691729,True
87c21c2b0b9cbfa3,Paris,cleanliness,2016Q3,2016Q2,0.25,6,6,4,9,True,True,2,2,True,10,2,0.2,0.029226884226884242,0.3434343434343434,True
87c21c2b0b9cbfa3,Paris,noise,2016Q1,2015Q4,0.3999999999999999,5,5,2,9,True,True,2,2,True,8,3,0.375,0.06926406926406925,0.23076923076923084,True
87c21c2b0b9cbfa3,Paris,noise,2016Q3,2016Q2,0.375,6,0,4,9,True,True,2,2,True,10,4,0.4,0.08395158762805822,0.2857142857142858,True
87c21c2b0b9cbfa3,Paris,room,2016Q3,2016Q2,0.33333333333333326,25,20,4,9,True,True,2,2,True,10,4,0.4,-0.0004429509498988682,0.26315789473684215,True
87c21c2b0b9cbfa3,Paris,service,2017Q1,2016Q4,0.4444444444444444,8,2,6,9,True,True,2,2,True,10,1,0.1,-0.03696205755029287,0.31159420289855055,True
87e4a18d063f2cb2,London,location,2016Q4,2016Q3,0.196078431372549,24,11,5,9,True,True,2,2,True,10,0,0.0,-0.005392530629163006,0.09166666666666656,True
87e4a18d063f2cb2,London,noise,2016Q1,2015Q4,0.27450980392156854,5,7,2,9,True,True,2,2,True,10,0,0.0,-0.05131906313780467,0.1428571428571429,True
87e4a18d063f2cb2,London,noise,2016Q3,2016Q2,0.19047619047619047,5,4,4,9,True,True,2,2,True,10,1,0.1,-0.04554972249061447,0.29666500746640123,True
87e4a18d063f2cb2,London,room,2017Q1,2016Q4,0.15429122468659595,51,41,6,9,True,True,2,2,True,10,3,0.3,0.09451847871297603,0.3865079365079366,True
87e4a18d063f2cb2,London,service,2016Q4,2016Q3,0.27764127764127755,27,12,5,9,True,True,2,2,True,10,0,0.0,-0.12042989535025476,0.09236247365743777,True
87efe63f56cfaeec,Barcelona,breakfast,2016Q3,2016Q2,0.368421052631579,9,6,4,9,True,True,2,2,True,10,2,0.2,-0.0690377586206253,0.2426739926739927,True
87efe63f56cfaeec,Barcelona,location,2016Q2,2016Q1,0.1568627450980391,17,7,3,9,True,True,2,2,True,10,1,0.1,0.012999348078463568,0.33333333333333326,True
87efe63f56cfaeec,Barcelona,location,2016Q3,2016Q2,0.36363636363636376,23,17,4,9,True,True,2,2,True,10,1,0.1,-0.01874977420471091,0.19999999999999996,True
87efe63f56cfaeec,Barcelona,service,2016Q3,2016Q2,0.31029185867895537,21,11,4,9,True,True,2,2,True,10,1,0.1,-0.023218481222793286,0.160427807486631,True
87efe63f56cfaeec,Barcelona,value,2016Q3,2016Q2,0.19166666666666665,5,6,4,9,True,True,2,2,True,10,2,0.2,0.062075642410328,0.5610859728506787,True
880a2ee0c5189d1c,Vienna,cleanliness,2017Q1,2016Q4,0.29647058823529415,7,15,6,9,True,True,2,2,True,9,2,0.2222222222222222,-0.0009680540382294526,0.35913312693498467,True
880a2ee0c5189d1c,Vienna,location,2016Q4,2016Q3,0.1589882565492321,17,31,5,9,True,True,2,2,True,9,1,0.1111111111111111,-0.0354961659277787,0.2171428571428573,True
880a2ee0c5189d1c,Vienna,room,2016Q3,2016Q2,0.18426501035196696,60,59,4,9,True,True,2,2,True,10,1,0.1,-0.01473990902513822,0.34736842105263155,True
880a2ee0c5189d1c,Vienna,room,2017Q1,2016Q4,0.17941345600920067,27,37,6,9,True,True,2,2,True,9,2,0.2222222222222222,-0.012185177791051363,0.30092592592592593,True
880a2ee0c5189d1c,Vienna,service,2016Q3,2016Q2,0.23809523809523814,32,32,4,9,True,True,2,2,True,10,2,0.2,-0.014281857289597221,0.3047619047619048,True
880a2ee0c5189d1c,Vienna,service,2017Q1,2016Q4,0.407119021134594,19,21,6,9,True,True,2,2,True,9,2,0.2222222222222222,-0.008155382501787774,0.20370370370370372,True
880a2ee0c5189d1c,Vienna,value,2016Q2,2016Q1,0.16422287390029333,21,12,3,9,True,True,2,2,True,10,1,0.1,-0.036152034240269526,0.25791855203619907,True
8890f5f2f27e9eb6,Barcelona,breakfast,2016Q2,2016Q1,0.2321428571428572,6,4,3,9,True,True,2,2,True,10,2,0.2,-0.00818898918643165,0.19999999999999996,True
8890f5f2f27e9eb6,Barcelona,location,2016Q1,2015Q4,0.375,6,2,2,9,True,True,2,2,True,10,1,0.1,-0.04017737158595338,0.18128654970760238,True
8890f5f2f27e9eb6,Barcelona,room,2016Q2,2016Q1,0.17361111111111116,22,8,3,9,True,True,2,2,True,10,2,0.2,0.02455965005780967,0.1678321678321677,True
8890f5f2f27e9eb6,Barcelona,service,2016Q2,2016Q1,0.1512605042016808,24,4,3,9,True,True,2,2,True,10,3,0.3,0.08332223008373903,0.34285714285714286,True
8890f5f2f27e9eb6,Barcelona,service,2016Q3,2016Q2,0.160427807486631,12,24,4,9,True,True,2,2,True,10,0,0.0,-0.057552618761121985,0.125,True
88af87fae5d601e7,Paris,location,2016Q3,2016Q2,0.39676113360323884,9,3,4,9,True,True,2,2,True,9,2,0.2222222222222222,-0.0011696425008170684,0.3827751196172249,True
88af87fae5d601e7,Paris,service,2016Q3,2016Q2,0.3035714285714286,11,6,4,9,True,True,2,2,True,9,2,0.2222222222222222,0.05557559915145053,0.3701298701298701,True
88d89c1279f18f48,Paris,breakfast,2016Q2,2016Q1,0.3253588516746412,12,9,3,9,True,True,2,2,True,10,2,0.2,0.06339606300132616,0.19999999999999996,True
88d89c1279f18f48,Paris,room,2016Q2,2016Q1,0.2101382488479262,25,21,3,9,True,True,2,2,True,10,2,0.2,0.08521017613071584,0.6190476190476192,True
88d89c1279f18f48,Paris,value,2016Q4,2016Q3,0.23333333333333328,5,2,5,9,True,True,2,2,True,10,0,0.0,-0.025800865800865814,0.09090909090909094,True
88f6dde53af25c7a,Milan,breakfast,2016Q2,2016Q1,0.33939393939393936,12,5,3,9,True,True,2,2,True,10,0,0.0,-0.0300419614486111,0.1333333333333333,True
88f6dde53af25c7a,Milan,breakfast,2016Q3,2016Q2,0.26573426573426584,16,12,4,9,True,True,2,2,True,10,2,0.2,-0.008443997037347373,0.44444444444444453,True
88f6dde53af25c7a,Milan,cleanliness,2016Q2,2016Q1,0.1578947368421053,9,4,3,9,True,True,2,2,True,10,4,0.4,0.07097037846465766,0.2857142857142858,True
88f6dde53af25c7a,Milan,cleanliness,2016Q3,2016Q2,0.17543859649122795,8,9,4,9,True,True,2,2,True,10,1,0.1,-0.033678288889286326,0.16666666666666674,True
88f6dde53af25c7a,Milan,location,2016Q2,2016Q1,0.25815217391304346,22,13,3,9,True,True,2,2,True,10,2,0.2,0.07142948924140877,0.3208556149732622,True
88f6dde53af25c7a,Milan,room,2016Q2,2016Q1,0.2047619047619047,20,18,3,9,True,True,2,2,True,10,5,0.5,0.105479177796946,0.31301068510370833,True
88f6dde53af25c7a,Milan,room,2017Q1,2016Q4,0.19090909090909103,10,12,6,9,True,True,2,2,True,10,1,0.1,-0.041395455693352776,0.3736263736263735,True
88f6dde53af25c7a,Milan,service,2016Q2,2016Q1,0.18148148148148135,17,10,3,9,True,True,2,2,True,10,4,0.4,0.06863425096512389,0.2236842105263157,True
88f6dde53af25c7a,Milan,service,2017Q1,2016Q4,0.2573099415204678,9,8,6,9,True,True,2,2,True,10,1,0.1,-0.13397513383292553,0.2523809523809524,True
89060c4b51923b87,Paris,service,2016Q3,2016Q2,0.15277777777777768,6,8,4,9,True,True,2,2,True,9,2,0.2222222222222222,0.07049364034658152,0.23809523809523814,True
8946cdf76645c7f0,London,breakfast,2016Q2,2016Q1,0.22857142857142865,5,11,3,9,True,True,2,2,True,9,2,0.2222222222222222,-0.02317607779327466,0.3216783216783218,True
8946cdf76645c7f0,London,breakfast,2017Q1,2016Q4,0.22857142857142865,5,11,6,9,True,True,2,2,True,10,3,0.3,-0.00944000434086607,0.19999999999999996,True
8946cdf76645c7f0,London,cleanliness,2016Q2,2016Q1,0.20454545454545459,12,14,3,9,True,True,2,2,True,9,3,0.3333333333333333,0.019066485347227942,0.2738095238095237,True
8946cdf76645c7f0,London,location,2016Q2,2016Q1,0.22222222222222232,17,14,3,9,True,True,2,2,True,9,0,0.0,-0.07104465273563047,0.056528524362753796,True
8946cdf76645c7f0,London,noise,2016Q2,2016Q1,0.4571428571428572,5,11,3,9,True,True,2,2,True,9,2,0.2222222222222222,0.06332993978981234,0.3076923076923077,True
8946cdf76645c7f0,London,room,2016Q3,2016Q2,0.17220801364023874,36,41,4,9,True,True,2,2,True,9,1,0.1111111111111111,-0.09434122924704527,0.29761904761904756,True
89681006252c8b44,London,breakfast,2016Q4,2016Q3,0.25396825396825407,8,4,5,9,True,True,2,2,True,10,1,0.1,0.01467923910908806,0.23076923076923084,True
89681006252c8b44,London,cleanliness,2016Q2,2016Q1,0.19999999999999996,5,2,3,9,True,True,2,2,True,10,3,0.3,-0.01809504289999645,0.2666666666666666,True
89681006252c8b44,London,cleanliness,2016Q3,2016Q2,0.17500000000000004,6,5,4,9,True,True,2,2,True,10,2,0.2,-0.02488861756223182,0.2909090909090909,True
89681006252c8b44,London,location,2016Q2,2016Q1,0.2112068965517242,19,6,3,9,True,True,2,2,True,10,2,0.2,-0.040896854745805664,0.20320855614973277,True
89681006252c8b44,London,noise,2016Q2,2016Q1,0.5416666666666666,6,2,3,9,True,True,2,2,True,10,1,0.1,-0.04259662751042065,0.22943722943722944,True
89681006252c8b44,London,room,2016Q1,2015Q4,0.1877394636015326,8,19,2,9,True,True,2,2,True,10,1,0.1,0.02846500417575436,0.3197691197691197,True
89681006252c8b44,London,room,2016Q3,2016Q2,0.19734345351043658,24,21,4,9,True,True,2,2,True,10,1,0.1,0.05846178271259565,0.22307692307692317,True
89681006252c8b44,London,service,2016Q2,2016Q1,0.2920892494929006,19,7,3,9,True,True,2,2,True,10,2,0.2,-0.04110593040748408,0.2055335968379446,True
897cc6d862df55e3,Vienna,cleanliness,2017Q1,2016Q4,0.25,6,10,6,6,True,True,2,2,True,10,2,0.2,0.026632142367436506,0.19999999999999996,True
897cc6d862df55e3,Vienna,room,2017Q1,2016Q4,0.15171137835337645,37,36,6,6,True,True,2,2,True,10,2,0.2,0.03736025249260544,0.48076923076923084,True
897cc6d862df55e3,Vienna,value,2017Q1,2016Q4,0.36111111111111116,8,6,6,6,True,True,2,2,True,10,6,0.6,0.17221843945528154,0.41025641025641013,True
897cf26ee194def5,Milan,room,2016Q1,2015Q4,0.19999999999999996,6,5,2,9,True,True,2,2,True,9,1,0.1111111111111111,0.011819214238678884,0.2406277244986923,True
897cf26ee194def5,Milan,room,2016Q4,2016Q3,0.24848484848484842,5,12,5,9,True,True,2,2,True,10,1,0.1,-0.08387977324659271,0.17733990147783263,True
897cf26ee194def5,Milan,service,2016Q2,2016Q1,0.19047619047619047,5,4,3,9,True,True,2,2,True,10,1,0.1,-0.03679404450368155,0.263235294117647,True
89d7e4deb666d56a,London,breakfast,2016Q2,2016Q1,0.21298701298701295,35,67,3,9,True,True,2,2,True,10,2,0.2,0.031051430492765465,0.22745098039215683,True
89d7e4deb666d56a,London,cleanliness,2016Q1,2015Q4,0.30086580086580095,23,18,2,9,True,True,2,2,True,10,4,0.4,0.09222140037307199,0.4806763285024156,True
89d7e4deb666d56a,London,noise,2016Q1,2015Q4,0.6444444444444444,10,8,2,9,True,True,2,2,True,10,2,0.2,-0.02219259498671261,0.20000000000000007,True
89d7e4deb666d56a,London,room,2016Q3,2016Q2,0.20730671197960926,89,97,4,9,True,True,2,2,True,10,0,0.0,-0.05205280754207964,0.09672619047619047,True
89d7e4deb666d56a,London,service,2016Q2,2016Q1,0.24705882352941178,58,75,3,9,True,True,2,2,True,10,1,0.1,-0.04961658045969512,0.30645161290322576,True
89d7e4deb666d56a,London,service,2017Q1,2016Q4,0.17142857142857149,74,70,6,9,True,True,2,2,True,10,4,0.4,0.12163914258366777,0.3551724137931034,True
89d7e4deb666d56a,London,value,2016Q3,2016Q2,0.2334096109839816,9,13,4,9,True,True,2,2,True,10,2,0.2,-0.03405957090625281,0.2783882783882784,True
89d7e4deb666d56a,London,value,2017Q1,2016Q4,0.23921568627450984,24,20,6,9,True,True,2,2,True,10,4,0.4,0.09509840396250131,0.3306808134394341,True
89fa6bc1041feee3,Milan,breakfast,2016Q2,2016Q1,0.1578947368421053,9,2,3,9,True,True,2,2,True,10,4,0.4,0.10344867619480627,0.4266666666666665,True
89fa6bc1041feee3,Milan,breakfast,2016Q4,2016Q3,0.23529411764705888,7,7,5,9,True,True,2,2,True,10,5,0.5,0.1120631865702492,0.3565217391304347,True
89fa6bc1041feee3,Milan,location,2016Q4,2016Q3,0.3411764705882352,10,7,5,9,True,True,2,2,True,10,3,0.3,0.022721417232036155,0.2321428571428572,True
89fa6bc1041feee3,Milan,room,2016Q4,2016Q3,0.18633540372670798,18,13,5,9,True,True,2,2,True,10,0,0.0,-0.04632595542838952,0.07692307692307687,True
89fa6bc1041feee3,Milan,service,2016Q2,2016Q1,0.2350000000000001,15,6,3,9,True,True,2,2,True,10,4,0.4,0.024408605154735218,0.24761904761904763,True
8a7a90e163b09fa5,London,service,2016Q1,2015Q4,0.19528619528619529,12,17,2,9,True,True,2,2,True,9,1,0.1111111111111111,-0.03188851586425054,0.28131459280694515,True
8a7a90e163b09fa5,London,service,2016Q4,2016Q3,0.2952380952380953,11,20,5,9,True,True,2,2,True,10,1,0.1,-0.033364273302507,0.21386603995299658,True
8a9e51617e64e478,Paris,location,2016Q4,2016Q3,0.16666666666666652,8,2,5,9,True,True,2,2,True,10,2,0.2,-0.0068246758046053065,0.21212121212121215,True
8a9e51617e64e478,Paris,service,2017Q1,2016Q4,0.26797385620915026,8,7,6,9,True,True,2,2,True,10,2,0.2,-0.024589386872332076,0.2549019607843137,True
8abf3f8fcd79bcfb,Milan,breakfast,2016Q3,2016Q2,0.19138755980861255,12,9,4,9,True,True,2,2,True,9,2,0.2222222222222222,0.025948027533660545,0.3354037267080745,True
8abf3f8fcd79bcfb,Milan,cleanliness,2016Q3,2016Q2,0.20192307692307687,6,3,4,9,True,True,2,2,True,9,3,0.3333333333333333,0.041450225935343164,0.2674418604651163,True
8abf3f8fcd79bcfb,Milan,location,2016Q3,2016Q2,0.19927536231884058,14,13,4,9,True,True,2,2,True,9,2,0.2222222222222222,-0.024295467451545625,0.35238095238095224,True
8abf3f8fcd79bcfb,Milan,room,2016Q1,2015Q4,0.1591397849462366,21,20,2,9,True,True,2,2,True,9,2,0.2222222222222222,-0.041570008815524494,0.19999999999999996,True
8abf3f8fcd79bcfb,Milan,room,2016Q3,2016Q2,0.1786030061892132,29,19,4,9,True,True,2,2,True,9,2,0.2222222222222222,-0.02015096737714413,0.2222222222222222,True
8ae2b043f5965f20,Amsterdam,cleanliness,2016Q1,2015Q4,0.16176470588235303,7,6,2,9,True,True,2,2,True,8,2,0.25,0.009837279447655514,0.2666666666666666,True
8ae2b043f5965f20,Amsterdam,cleanliness,2016Q4,2016Q3,0.19047619047619047,5,4,5,9,True,True,2,2,True,10,1,0.1,-0.009193899247905124,0.2706766917293233,True
8ae2b043f5965f20,Amsterdam,room,2016Q2,2016Q1,0.16346153846153855,29,22,3,9,True,True,2,2,True,10,0,0.0,-0.05624175521889411,0.12299465240641716,True
8ae2b043f5965f20,Amsterdam,value,2016Q2,2016Q1,0.2941176470588236,7,6,3,9,True,True,2,2,True,10,2,0.2,-0.12214683292671906,0.2941176470588235,True
8aea5d2c188d5b6c,Barcelona,breakfast,2016Q3,2016Q2,0.37,30,40,4,9,True,True,2,2,True,9,6,0.6666666666666666,0.15947414834989346,0.4134366925064601,True
8aea5d2c188d5b6c,Barcelona,noise,2016Q2,2016Q1,0.28,10,15,3,9,True,True,2,2,True,9,3,0.3333333333333333,0.12832963008401607,0.42105263157894735,True
8aea5d2c188d5b6c,Barcelona,room,2016Q1,2015Q4,0.1844242713807931,59,81,2,9,True,True,2,2,True,9,4,0.4444444444444444,0.13936003910214734,0.4242424242424242,True
8af4d67c9acb693f,London,breakfast,2016Q2,2016Q1,0.20684835779175403,43,17,3,9,True,True,2,2,True,8,1,0.125,0.07809616889520238,0.2342130987292279,True
8af4d67c9acb693f,London,breakfast,2017Q1,2016Q4,0.19117647058823528,24,30,6,9,True,True,2,2,True,9,1,0.1111111111111111,-0.1075825108893119,0.3114754098360655,True
8af4d67c9acb693f,London,cleanliness,2016Q4,2016Q3,0.16540837336993808,37,52,5,9,True,True,2,2,True,8,2,0.25,0.0404160910591289,0.35204435204435214,True
8af4d67c9acb693f,London,location,2016Q2,2016Q1,0.237737341772152,69,54,3,9,True,True,2,2,True,8,1,0.125,0.00427226236849082,0.2522935779816513,True
8af4d67c9acb693f,London,noise,2016Q1,2015Q4,0.20320855614973277,7,1,2,9,True,True,2,2,True,7,2,0.2857142857142857,0.08386342824034955,0.24347826086956514,True
8af4d67c9acb693f,London,value,2017Q1,2016Q4,0.1646511627906977,33,40,6,9,True,True,2,2,True,9,1,0.1111111111111111,-0.024460966159431004,0.23284313725490202,True
8af90e35b3ed4a16,Milan,room,2017Q1,2016Q4,0.1588235294117647,7,10,6,9,True,True,2,2,True,10,3,0.3,0.021865623225811502,0.217741935483871,True
8af90e35b3ed4a16,Milan,service,2016Q3,2016Q2,0.26190476190476186,14,11,4,9,True,True,2,2,True,10,2,0.2,0.032407914582837205,0.32380952380952377,True
8b209d778387347e,Paris,service,2016Q3,2016Q2,0.19852941176470584,6,7,4,8,True,True,2,2,True,10,3,0.3,0.053707053794404505,0.3701298701298701,True
8b2a9a8373580bf3,Barcelona,location,2016Q1,2015Q4,0.17703349282296643,12,9,2,9,True,True,2,2,True,8,1,0.125,-0.0972296448223558,0.22588235294117642,True
8b2a9a8373580bf3,Barcelona,location,2017Q1,2016Q4,0.3827751196172249,9,1,6,9,True,True,2,2,True,10,2,0.2,-0.017892868506140802,0.16842105263157903,True
8b2a9a8373580bf3,Barcelona,room,2016Q1,2015Q4,0.18925831202046028,13,7,2,9,True,True,2,2,True,8,3,0.375,0.01757891857249108,0.2647058823529411,True
8b2a9a8373580bf3,Barcelona,room,2016Q4,2016Q3,0.19999999999999996,5,8,5,9,True,True,2,2,True,10,3,0.3,0.02930267502791073,0.23983739837398377,True
8b2a9a8373580bf3,Barcelona,service,2016Q1,2015Q4,0.25210084033613445,11,7,2,9,True,True,2,2,True,8,2,0.25,0.08083339830105829,0.29130434782608683,True
8b2a9a8373580bf3,Barcelona,service,2017Q1,2016Q4,0.19047619047619047,8,4,6,9,True,True,2,2,True,10,3,0.3,0.09947297014509263,0.6032608695652173,True
8bd17c9906cbc201,Amsterdam,breakfast,2016Q3,2016Q2,0.24653922214897817,31,27,4,7,True,True,2,2,True,10,2,0.2,0.05951579062038296,0.6578947368421053,True
8bd17c9906cbc201,Amsterdam,location,2016Q3,2016Q2,0.1880687563195147,36,33,4,7,True,True,2,2,True,10,1,0.1,-0.0034709653930983355,0.23809523809523825,True
8bd17c9906cbc201,Amsterdam,value,2016Q4,2016Q3,0.2222222222222222,8,8,5,7,True,True,2,2,True,10,4,0.4,0.12236329815063174,0.4272445820433437,True
8bf918dfc3d2f555,Vienna,breakfast,2016Q3,2016Q2,0.5021645021645023,12,11,4,9,True,True,2,2,True,10,3,0.3,0.03913455820808761,0.36956521739130443,True
8bf918dfc3d2f555,Vienna,cleanliness,2016Q2,2016Q1,0.28409090909090917,6,1,3,9,True,True,2,2,True,10,3,0.3,0.007710464405847317,0.33333333333333326,True
8bf918dfc3d2f555,Vienna,location,2016Q2,2016Q1,0.160427807486631,23,7,3,9,True,True,2,2,True,10,2,0.2,0.0499028856630868,0.27450980392156854,True
8bf918dfc3d2f555,Vienna,noise,2016Q2,2016Q1,0.38502673796791453,7,1,3,9,True,True,2,2,True,10,3,0.3,0.04670675815412658,0.2575757575757577,True
8bf918dfc3d2f555,Vienna,noise,2016Q4,2016Q3,0.20833333333333326,6,2,5,9,True,True,2,2,True,10,2,0.2,0.0022285299839479135,0.2991452991452991,True
8bf918dfc3d2f555,Vienna,room,2016Q2,2016Q1,0.4365079365079364,18,8,3,9,True,True,2,2,True,10,2,0.2,0.02942104684034417,0.19047619047619047,True
8bf918dfc3d2f555,Vienna,service,2016Q3,2016Q2,0.2549019607843137,24,14,4,9,True,True,2,2,True,10,4,0.4,0.07222668799996443,0.3374999999999999,True
8bf918dfc3d2f555,Vienna,service,2017Q1,2016Q4,0.31493506493506507,23,46,6,9,True,True,2,2,True,9,3,0.3333333333333333,0.00805561068645143,0.34583333333333344,True
8bf918dfc3d2f555,Vienna,value,2016Q3,2016Q2,0.2666666666666666,5,5,4,9,True,True,2,2,True,10,1,0.1,-0.08053285537543176,0.2333333333333334,True
8bf918dfc3d2f555,Vienna,value,2017Q1,2016Q4,0.6267942583732057,9,12,6,9,True,True,2,2,True,9,5,0.5555555555555556,0.15526672682309,0.3569794050343249,True
8c211556f5e889cd,Barcelona,breakfast,2016Q3,2016Q2,0.3666666666666666,5,2,4,9,True,True,2,2,True,9,1,0.1111111111111111,-0.032320248449280733,0.23376623376623373,True
8c211556f5e889cd,Barcelona,location,2016Q2,2016Q1,0.19166666666666665,6,5,3,9,True,True,2,2,True,8,1,0.125,-0.07350407924535833,0.19999999999999996,True
8c211556f5e889cd,Barcelona,location,2016Q3,2016Q2,0.3194444444444444,8,6,4,9,True,True,2,2,True,9,2,0.2222222222222222,-0.03829802549018524,0.1678321678321678,True
8c211556f5e889cd,Barcelona,service,2016Q3,2016Q2,0.2977777777777777,15,8,4,9,True,True,2,2,True,9,1,0.1111111111111111,0.027767496921725778,0.16666666666666674,True
8cbbf6ee0ba26a00,Paris,breakfast,2016Q4,2016Q3,0.4631578947368421,5,9,5,9,True,True,2,2,True,9,4,0.4444444444444444,0.018015472182138836,0.33333333333333326,True
8cbbf6ee0ba26a00,Paris,cleanliness,2016Q3,2016Q2,0.25,6,6,4,9,True,True,2,2,True,9,1,0.1111111111111111,-0.03606993036076732,0.27826086956521734,True
8cbbf6ee0ba26a00,Paris,location,2016Q3,2016Q2,0.26923076923076916,10,3,4,9,True,True,2,2,True,9,1,0.1111111111111111,-0.04822840679258046,0.19782214156079836,True
8cbbf6ee0ba26a00,Paris,room,2017Q1,2016Q4,0.15873015873015883,17,11,6,9,True,True,2,2,True,9,1,0.1111111111111111,-0.0585965965996926,0.17692307692307685,True
8cbbf6ee0ba26a00,Paris,service,2016Q2,2016Q1,0.2431372549019608,7,5,3,9,True,True,2,2,True,9,2,0.2222222222222222,0.10074049697076146,0.3410852713178296,True
8cbbf6ee0ba26a00,Paris,service,2016Q4,2016Q3,0.2727272727272727,12,10,5,9,True,True,2,2,True,9,2,0.2222222222222222,0.005215875376955818,0.7301587301587301,True
8dc49c1496816448,London,breakfast,2016Q1,2015Q4,0.15714285714285725,18,10,2,9,True,True,2,2,True,9,1,0.1111111111111111,-0.020720372198916773,0.3293727549046699,True
8dc49c1496816448,London,noise,2016Q2,2016Q1,0.531986531986532,12,17,3,9,True,True,2,2,True,9,2,0.2222222222222222,0.021170875054965857,0.2592592592592593,True
8dc49c1496816448,London,noise,2016Q4,2016Q3,0.37090909090909097,15,12,5,9,True,True,2,2,True,10,1,0.1,-0.12875528272896697,0.19999999999999996,True
8dc49c1496816448,London,value,2016Q1,2015Q4,0.34239130434782616,13,6,2,9,True,True,2,2,True,9,4,0.4444444444444444,0.12878218090680513,0.4396284829721362,True
8dc87b1b6e2ed3cf,Barcelona,breakfast,2016Q1,2015Q4,0.19852941176470584,7,6,2,9,True,True,2,2,True,10,2,0.2,0.00844958896528697,0.16849816849816845,True
8dc87b1b6e2ed3cf,Barcelona,breakfast,2016Q4,2016Q3,0.1633986928104575,7,8,5,9,True,True,2,2,True,10,4,0.4,0.055236735508508286,0.2941970310391362,True
8dc87b1b6e2ed3cf,Barcelona,location,2016Q3,2016Q2,0.15036231884057982,38,13,4,9,True,True,2,2,True,10,1,0.1,-0.06061626985191706,0.22557651991614258,True
8dc87b1b6e2ed3cf,Barcelona,room,2016Q1,2015Q4,0.3051851851851851,17,15,2,9,True,True,2,2,True,10,2,0.2,0.07743740917269032,0.21052631578947367,True
8dc87b1b6e2ed3cf,Barcelona,room,2016Q4,2016Q3,0.2761578044596913,12,43,5,9,True,True,2,2,True,10,1,0.1,0.00044087774006741355,0.22955523672883782,True
8dc87b1b6e2ed3cf,Barcelona,service,2016Q4,2016Q3,0.2850704225352112,15,61,5,9,True,True,2,2,True,10,3,0.3,0.10366043941718613,0.37662337662337675,True
8dc87b1b6e2ed3cf,Barcelona,value,2016Q4,2016Q3,0.22499999999999998,6,25,5,9,True,True,2,2,True,10,3,0.3,0.028465346891642696,0.2941176470588235,True
8e6084e8fdfc3e0f,Paris,service,2017Q1,2016Q4,0.25,6,2,6,9,True,True,2,2,True,9,0,0.0,-0.01730121563342209,0.1428571428571428,True
8e793418b18150d8,Paris,room,2016Q2,2016Q1,0.1777777777777778,5,8,3,9,True,True,2,2,True,9,3,0.3333333333333333,0.018118095375418593,0.4347826086956521,True
8e8a3a10759078d6,Paris,room,2017Q1,2016Q4,0.17692307692307685,16,10,6,5,True,True,2,2,True,9,2,0.2222222222222222,-0.02098738969224006,0.2803030303030303,True
8e9b393de9f90e73,London,breakfast,2016Q1,2015Q4,0.2666666666666667,20,26,2,9,True,True,2,2,True,9,3,0.3333333333333333,-0.032914110313491104,0.18382352941176472,True
8e9b393de9f90e73,London,cleanliness,2016Q1,2015Q4,0.19999999999999996,10,14,2,9,True,True,2,2,True,9,1,0.1111111111111111,0.0037782690560468225,0.20105820105820094,True
8e9b393de9f90e73,London,noise,2016Q1,2015Q4,0.18333333333333335,5,14,2,9,True,True,2,2,True,9,2,0.2222222222222222,0.0034391534391534145,0.19480519480519476,True
8e9b393de9f90e73,London,noise,2016Q4,2016Q3,0.25,22,6,5,9,True,True,2,2,True,9,0,0.0,-0.06303139489413996,0.11904761904761907,True
8e9b393de9f90e73,London,room,2016Q1,2015Q4,0.22538699690402475,58,85,2,9,True,True,2,2,True,9,0,0.0,-0.05254387174826188,0.07943661971830984,True
8e9b393de9f90e73,London,room,2016Q3,2016Q2,0.22414741474147415,91,62,4,9,True,True,2,2,True,9,2,0.2222222222222222,-0.08574092670273858,0.2213438735177865,True
8ea1d3e69a00b9fb,Milan,breakfast,2016Q1,2015Q4,0.23809523809523814,11,14,2,9,True,True,2,2,True,10,1,0.1,-0.027295873785438397,0.24223602484472062,True
8ea1d3e69a00b9fb,Milan,breakfast,2017Q1,2016Q4,0.21818181818181803,10,12,6,9,True,True,2,2,True,10,0,0.0,-0.08753576820649991,0.06684733514001806,True
8ea1d3e69a00b9fb,Milan,cleanliness,2016Q2,2016Q1,0.17307692307692313,6,3,3,9,True,True,2,2,True,10,4,0.4,0.08194536351085016,0.2857142857142858,True
8ea1d3e69a00b9fb,Milan,location,2016Q4,2016Q3,0.3522267206477734,16,9,5,9,True,True,2,2,True,10,1,0.1,0.023861897818946078,0.31176470588235294,True
8ea1d3e69a00b9fb,Milan,service,2016Q1,2015Q4,0.5064935064935064,12,11,2,9,True,True,2,2,True,10,3,0.3,0.009135410676764067,0.5757575757575757,True
8ea418c06990b20d,Paris,breakfast,2016Q2,2016Q1,0.17647058823529416,7,4,3,9,True,True,2,2,True,8,3,0.375,0.06960079286898169,0.42245989304812825,True
8ea418c06990b20d,Paris,breakfast,2016Q4,2016Q3,0.3111111111111111,5,8,5,9,True,True,2,2,True,10,4,0.4,0.04748518255097199,0.4631578947368421,True
8ea418c06990b20d,Paris,cleanliness,2016Q2,2016Q1,0.20320855614973277,7,1,3,9,True,True,2,2,True,8,4,0.5,0.2032084949364361,0.5249999999999999,True
8ed8a95ceee1f816,London,location,2016Q4,2016Q3,0.17500000000000004,6,5,5,9,True,True,2,2,True,10,2,0.2,-0.01494929138801282,0.27826086956521734,True
8ed8a95ceee1f816,London,room,2017Q1,2016Q4,0.18382352941176472,7,6,6,9,True,True,2,2,True,10,2,0.2,0.007077705492620645,0.2211764705882353,True
8ed8a95ceee1f816,London,service,2016Q2,2016Q1,0.18128654970760238,8,9,3,9,True,True,2,2,True,10,1,0.1,0.05236080144185988,0.3094224924012159,True
8ed8a95ceee1f816,London,service,2016Q4,2016Q3,0.16959064327485396,8,9,5,9,True,True,2,2,True,10,4,0.4,0.02257245385815403,0.3076923076923077,True
8ed8a95ceee1f816,London,service,2017Q1,2016Q4,0.2222222222222221,8,8,6,9,True,True,2,2,True,10,2,0.2,0.008508912519431954,0.2647058823529411,True
8f1c46e9b51f87b2,Paris,breakfast,2016Q3,2016Q2,0.17692307692307696,10,3,4,8,True,True,2,2,True,9,2,0.2222222222222222,-0.01634836897994792,0.2909090909090908,True
8f1c46e9b51f87b2,Paris,location,2016Q3,2016Q2,0.2795031055900621,13,4,4,8,True,True,2,2,True,9,2,0.2222222222222222,0.0489581282150942,0.3308270676691729,True
8f1c46e9b51f87b2,Paris,room,2016Q3,2016Q2,0.3500000000000001,14,5,4,8,True,True,2,2,True,9,1,0.1111111111111111,-0.15297312650878017,0.22222222222222232,True
8f1c46e9b51f87b2,Paris,service,2016Q3,2016Q2,0.3386243386243386,17,4,4,8,True,True,2,2,True,9,1,0.1111111111111111,0.01871618108531857,0.23076923076923062,True
8f646b5e5c41e560,Milan,cleanliness,2016Q2,2016Q1,0.2666666666666666,5,5,3,9,True,True,2,2,True,10,0,0.0,-0.08205317979511531,0.09523809523809512,True
8f677d2354889910,Paris,breakfast,2016Q3,2016Q2,0.2941176470588236,7,2,4,9,True,True,2,2,True,9,0,0.0,-0.06121748621748621,0.06666666666666665,True
8f677d2354889910,Paris,room,2016Q4,2016Q3,0.16969696969696968,15,23,5,9,True,True,2,2,True,10,2,0.2,-0.040748886887330825,0.21978021978021978,True
8f7ce37d5b07ec32,Amsterdam,breakfast,2016Q2,2016Q1,0.2666666666666666,5,5,3,9,True,True,2,2,True,10,4,0.4,-0.0323250573908383,0.2434514637904469,True
8f7ce37d5b07ec32,Amsterdam,cleanliness,2017Q1,2016Q4,0.31313131313131326,8,1,6,9,True,True,2,2,True,10,2,0.2,0.011818577950022923,0.3742690058479533,True
8f7ce37d5b07ec32,Amsterdam,location,2017Q1,2016Q4,0.375,14,6,6,9,True,True,2,2,True,10,1,0.1,-0.04672361794441797,0.16138917262512753,True
8f7ce37d5b07ec32,Amsterdam,room,2017Q1,2016Q4,0.5777777777777777,20,8,6,9,True,True,2,2,True,10,2,0.2,-0.003669886320202531,0.2518740629685158,True
8f7ce37d5b07ec32,Amsterdam,service,2016Q1,2015Q4,0.5820105820105819,17,11,2,9,True,True,2,2,True,9,2,0.2222222222222222,0.047771625305549875,0.21212121212121215,True
8f7ce37d5b07ec32,Amsterdam,service,2017Q1,2016Q4,0.1858974358974359,14,3,6,9,True,True,2,2,True,10,1,0.1,0.014531662397123802,0.1578947368421053,True
8f7f1b5f0bcffc1e,Milan,breakfast,2016Q1,2015Q4,0.2218181818181818,15,12,2,9,True,True,2,2,True,10,2,0.2,-0.02703010929410793,0.16541353383458646,True
8f7f1b5f0bcffc1e,Milan,breakfast,2016Q2,2016Q1,0.4266666666666665,20,15,3,9,True,True,2,2,True,10,6,0.6,0.11033809120369038,0.36315789473684223,True
8f7f1b5f0bcffc1e,Milan,cleanliness,2016Q2,2016Q1,0.22380952380952368,11,10,3,9,True,True,2,2,True,10,3,0.3,0.04878651022298934,0.3846153846153846,True
8f7f1b5f0bcffc1e,Milan,cleanliness,2016Q4,2016Q3,0.1670588235294117,15,24,5,9,True,True,2,2,True,10,1,0.1,-0.022158150075318673,0.17934782608695654,True
8f7f1b5f0bcffc1e,Milan,location,2016Q2,2016Q1,0.3675675675675676,27,20,3,9,True,True,2,2,True,10,2,0.2,0.05887155191564193,0.2773109243697478,True
8f7f1b5f0bcffc1e,Milan,value,2016Q2,2016Q1,0.25,6,6,3,9,True,True,2,2,True,10,3,0.3,0.03359674381346208,0.3157894736842105,True
8f7f1b5f0bcffc1e,Milan,value,2016Q4,2016Q3,0.19166666666666665,5,6,5,9,True,True,2,2,True,10,2,0.2,-0.010646200953301732,0.2575757575757577,True
8f8b76853b9be3ab,London,breakfast,2016Q1,2015Q4,0.17079679756004573,112,76,2,9,True,True,2,2,True,10,1,0.1,-0.07762974296807186,0.22362637362637372,True
8f8b76853b9be3ab,London,room,2016Q1,2015Q4,0.15621633268692103,263,228,2,9,True,True,2,2,True,10,4,0.4,0.16015597903578466,0.42481203007518786,True
8f8b76853b9be3ab,London,value,2016Q1,2015Q4,0.30102040816326536,46,39,2,9,True,True,2,2,True,10,5,0.5,0.03796382392312625,0.4285714285714286,True
8f8b76853b9be3ab,London,value,2016Q4,2016Q3,0.23129251700680276,32,39,5,9,True,True,2,2,True,10,1,0.1,-0.09174069756441414,0.21739130434782605,True
8ff614c4626fd27d,London,breakfast,2016Q3,2016Q2,0.15577703949796984,53,33,4,9,True,True,2,2,True,10,0,0.0,-0.10854990102543494,0.05402542372881358,True
8ff614c4626fd27d,London,cleanliness,2016Q1,2015Q4,0.27442827442827444,64,42,2,9,True,True,2,2,True,9,2,0.2222222222222222,0.02050977211935069,0.4942857142857142,True
8ff614c4626fd27d,London,cleanliness,2016Q4,2016Q3,0.288888888888889,35,26,5,9,True,True,2,2,True,10,3,0.3,-0.05758820775918734,0.3025641025641026,True
8ff614c4626fd27d,London,noise,2016Q3,2016Q2,0.19999999999999996,6,5,4,9,True,True,2,2,True,10,0,0.0,-0.04961757131116092,0.11818181818181817,True
8ff614c4626fd27d,London,service,2016Q1,2015Q4,0.16797488226059665,172,88,2,9,True,True,2,2,True,9,2,0.2222222222222222,0.035230740934825616,0.21169354838709675,True
90271d3c7f8fc1aa,Vienna,breakfast,2016Q3,2016Q2,0.27329192546583847,18,13,4,9,True,True,2,2,True,10,4,0.4,0.13598069914620825,0.5021645021645023,True
90271d3c7f8fc1aa,Vienna,cleanliness,2016Q3,2016Q2,0.2666666666666666,8,5,4,9,True,True,2,2,True,10,1,0.1,-0.08484270737787361,0.17500000000000004,True
90271d3c7f8fc1aa,Vienna,location,2016Q4,2016Q3,0.2142857142857142,25,18,5,9,True,True,2,2,True,10,1,0.1,0.008033964599152555,0.20175438596491224,True
90271d3c7f8fc1aa,Vienna,room,2016Q4,2016Q3,0.1707317073170731,31,30,5,9,True,True,2,2,True,10,1,0.1,-0.05807778809221551,0.22307692307692317,True
90271d3c7f8fc1aa,Vienna,service,2016Q1,2015Q4,0.4110671936758894,23,13,2,9,True,True,2,2,True,10,2,0.2,-0.036332719053853844,0.24102564102564106,True
90271d3c7f8fc1aa,Vienna,service,2016Q4,2016Q3,0.22893481717011133,27,24,5,9,True,True,2,2,True,10,1,0.1,-0.10339670733078729,0.21839080459770122,True
907880c443b8db9c,Paris,breakfast,2016Q3,2016Q2,0.4307692307692307,5,3,4,9,True,True,2,2,True,10,3,0.3,0.0816897529714867,0.3766233766233765,True
907880c443b8db9c,Paris,location,2016Q2,2016Q1,0.16666666666666652,8,2,3,9,True,True,2,2,True,8,3,0.375,0.06666182697192927,0.3535353535353536,True
907880c443b8db9c,Paris,room,2016Q3,2016Q2,0.15263157894736856,10,9,4,9,True,True,2,2,True,10,3,0.3,0.11508839129043733,0.3205128205128205,True
907880c443b8db9c,Paris,service,2016Q2,2016Q1,0.1722488038277512,9,1,3,9,True,True,2,2,True,8,1,0.125,-0.01817673760120178,0.24242424242424243,True
908312982add40ff,London,breakfast,2016Q3,2016Q2,0.18233618233618243,29,17,4,9,True,True,2,2,True,10,3,0.3,0.0006715360581672658,0.2055555555555555,True
908312982add40ff,London,noise,2016Q3,2016Q2,0.2564102564102565,16,11,4,9,True,True,2,2,True,10,3,0.3,-0.024320589982186426,0.30000000000000004,True
908312982add40ff,London,value,2016Q4,2016Q3,0.4303030303030303,5,12,5,9,True,True,2,2,True,9,1,0.1111111111111111,-0.057404907690685375,0.17887931034482762,True
911894cb9fe8df1a,Amsterdam,breakfast,2016Q4,2016Q3,0.18181818181818188,12,8,5,9,True,True,2,2,True,9,2,0.2222222222222222,-0.05599279440074109,0.32567049808429127,True
911894cb9fe8df1a,Amsterdam,cleanliness,2016Q4,2016Q3,0.28526645768025083,12,19,5,9,True,True,2,2,True,9,2,0.2222222222222222,0.09516982626882116,0.31428571428571417,True
911894cb9fe8df1a,Amsterdam,cleanliness,2017Q1,2016Q4,0.2727272727272727,12,12,6,9,True,True,2,2,True,9,2,0.2222222222222222,-0.01068535317777418,0.4126984126984128,True
911894cb9fe8df1a,Amsterdam,location,2016Q2,2016Q1,0.199165175909362,29,33,3,9,True,True,2,2,True,9,0,0.0,-0.03236358325223922,0.1333333333333333,True
911894cb9fe8df1a,Amsterdam,noise,2016Q1,2015Q4,0.6666666666666666,8,8,2,9,True,True,2,2,True,9,1,0.1111111111111111,0.008443213069976085,0.392156862745098,True
911894cb9fe8df1a,Amsterdam,room,2016Q1,2015Q4,0.1678321678321677,56,55,2,9,True,True,2,2,True,9,1,0.1111111111111111,0.03531968322530053,0.49075630252100844,True
911894cb9fe8df1a,Amsterdam,room,2016Q4,2016Q3,0.17296918767507008,46,41,5,9,True,True,2,2,True,9,2,0.2222222222222222,0.0189194520882267,0.18001046572475166,True
911894cb9fe8df1a,Amsterdam,service,2016Q3,2016Q2,0.22557172557172556,42,27,4,9,True,True,2,2,True,9,1,0.1111111111111111,-0.04423136404854744,0.22166666666666668,True
912b1cf0fde5c3ba,Paris,service,2017Q1,2016Q4,0.4191176470588236,7,6,6,6,True,True,2,2,True,10,1,0.1,-0.051393323676268865,0.1967963386727689,True
91595ef09e8bd484,Paris,room,2016Q1,2015Q4,0.18803418803418803,17,29,2,9,True,True,2,2,True,9,1,0.1111111111111111,0.022778879908379717,0.16666666666666663,True
91595ef09e8bd484,Paris,room,2017Q1,2016Q4,0.23043478260869577,10,13,6,9,True,True,2,2,True,9,1,0.1111111111111111,-0.05494505494505494,0.15384615384615374,True
91595ef09e8bd484,Paris,service,2016Q3,2016Q2,0.4817927170868346,24,11,4,9,True,True,2,2,True,9,5,0.5555555555555556,0.12515643842420252,0.37575757575757573,True
9193c79e6559b9e4,Paris,breakfast,2016Q4,2016Q3,0.18803418803418803,8,29,5,9,True,True,2,2,True,10,1,0.1,-0.025180652680652692,0.15384615384615374,True
9193c79e6559b9e4,Paris,cleanliness,2016Q2,2016Q1,0.564102564102564,11,3,3,9,True,True,2,2,True,9,1,0.1111111111111111,-0.03587153587153586,0.16666666666666674,True
91bc99c5254ff636,London,breakfast,2016Q4,2016Q3,0.20606060606060606,45,35,5,9,True,True,2,2,True,10,2,0.2,-0.004850937544960754,0.2857142857142857,True
91bc99c5254ff636,London,noise,2016Q2,2016Q1,0.6300940438871474,12,19,3,9,True,True,2,2,True,9,0,0.0,-0.0005048037601273912,0.1428571428571429,True
91bc99c5254ff636,London,service,2016Q1,2015Q4,0.21169354838709675,54,21,2,9,True,True,2,2,True,9,2,0.2222222222222222,-0.003181818635658646,0.20851267336202772,True
91bc99c5254ff636,London,value,2017Q1,2016Q4,0.23111111111111127,15,8,6,9,True,True,2,2,True,10,6,0.6,0.1398625219603383,0.2727272727272726,True
92924ecfcd5a80a2,London,location,2016Q1,2015Q4,0.27751196172248815,9,1,2,9,True,True,2,2,True,9,0,0.0,-0.013118281500634444,0.08653846153846145,True
92924ecfcd5a80a2,London,location,2017Q1,2016Q4,0.20320855614973277,7,1,6,9,True,True,2,2,True,10,1,0.1,0.002174172576649358,0.16666666666666674,True
92924ecfcd5a80a2,London,room,2016Q1,2015Q4,0.33333333333333326,11,2,2,9,True,True,2,2,True,9,1,0.1111111111111111,0.0936893459881965,0.1633986928104575,True
92924ecfcd5a80a2,London,service,2017Q1,2016Q4,0.27368421052631575,9,5,6,9,True,True,2,2,True,10,2,0.2,-0.029566209516292095,0.2101806239737274,True
92939d100271239b,Barcelona,cleanliness,2016Q2,2016Q1,0.23982558139534893,33,22,3,9,True,True,2,2,True,10,4,0.4,0.021176313676313653,0.4285714285714286,True
92939d100271239b,Barcelona,cleanliness,2017Q1,2016Q4,0.18181818181818188,12,22,6,9,True,True,2,2,True,10,1,0.1,0.043985819248977064,0.34444444444444433,True
92939d100271239b,Barcelona,location,2016Q3,2016Q2,0.20137046861184804,94,77,4,9,True,True,2,2,True,10,2,0.2,0.013017516447339483,0.2175824175824177,True
92939d100271239b,Barcelona,room,2016Q1,2015Q4,0.15656565656565657,80,34,2,9,True,True,2,2,True,10,2,0.2,0.01634089280832356,0.24880382775119614,True
92939d100271239b,Barcelona,value,2016Q4,2016Q3,0.2727272727272727,12,23,5,9,True,True,2,2,True,10,4,0.4,0.0815086181863165,0.35789473684210527,True
92e2f39412cfe5d8,London,breakfast,2016Q4,2016Q3,0.17204301075268802,20,21,5,9,True,True,2,2,True,9,1,0.1111111111111111,-0.07412518403390612,0.29047619047619055,True
92e2f39412cfe5d8,London,noise,2016Q1,2015Q4,0.1684782608695652,13,6,2,9,True,True,2,2,True,10,2,0.2,-0.04580956802826132,0.19318181818181823,True
92e2f39412cfe5d8,London,noise,2016Q2,2016Q1,0.2065217391304348,6,13,3,9,True,True,2,2,True,10,4,0.4,0.12260878188629873,0.5645933014354066,True
92ed549e36e32456,London,breakfast,2017Q1,2016Q4,0.3902439024390243,31,31,6,9,True,True,2,2,True,10,2,0.2,0.012944508404626942,0.22857142857142865,True
92ed549e36e32456,London,noise,2016Q2,2016Q1,0.32512315270935965,19,11,3,9,True,True,2,2,True,10,3,0.3,0.04824689118806765,0.4571428571428572,True
92ed549e36e32456,London,noise,2016Q4,2016Q3,0.1725490196078432,24,20,5,9,True,True,2,2,True,10,2,0.2,-0.0924994095470834,0.3264033264033265,True
92ed549e36e32456,London,room,2016Q1,2015Q4,0.2861842105263158,54,47,2,9,True,True,2,2,True,10,4,0.4,0.09051363207290074,0.3496503496503496,True
92ed549e36e32456,London,service,2016Q2,2016Q1,0.2966507177033493,78,28,3,9,True,True,2,2,True,10,2,0.2,-0.04712205478767587,0.24749163879598646,True
92ed549e36e32456,London,value,2016Q4,2016Q3,0.24747474747474751,17,34,5,9,True,True,2,2,True,10,3,0.3,0.015955225043650146,0.22529644268774696,True
930c9ebbcdf200b8,Paris,cleanliness,2016Q3,2016Q2,0.17647058823529416,7,2,4,9,True,True,2,2,True,9,2,0.2222222222222222,0.03782749567063293,0.4285714285714287,True
930c9ebbcdf200b8,Paris,service,2016Q3,2016Q2,0.16923076923076907,10,3,4,9,True,True,2,2,True,9,2,0.2222222222222222,0.00760541280791142,0.15320910973084878,True
9314525f13bf274e,Paris,cleanliness,2016Q3,2016Q2,0.19047619047619047,11,5,4,7,True,True,2,2,True,9,0,0.0,-0.003549236501827973,0.10909090909090913,True
9314525f13bf274e,Paris,room,2016Q4,2016Q3,0.17120994739359163,31,41,5,7,True,True,2,2,True,10,3,0.3,0.04873647671705768,0.3752860411899315,True
9342f4cbc694523a,Milan,breakfast,2016Q3,2016Q2,0.21212121212121215,12,8,4,9,True,True,2,2,True,9,1,0.1111111111111111,-0.043288444708322986,0.2941176470588235,True
9342f4cbc694523a,Milan,cleanliness,2016Q3,2016Q2,0.20833333333333326,6,2,4,9,True,True,2,2,True,9,2,0.2222222222222222,0.007274327368205312,0.16666666666666674,True
9342f4cbc694523a,Milan,location,2016Q2,2016Q1,0.20909090909090922,10,1,3,9,True,True,2,2,True,9,1,0.1111111111111111,-0.02982602948502354,0.19254658385093149,True
9342f4cbc694523a,Milan,location,2016Q3,2016Q2,0.1615384615384614,16,10,4,9,True,True,2,2,True,9,2,0.2222222222222222,0.04581521283151116,0.1841432225063937,True
9342f4cbc694523a,Milan,location,2017Q1,2016Q4,0.17500000000000004,6,5,6,9,True,True,2,2,True,9,1,0.1111111111111111,-0.027526012676532666,0.15384615384615374,True
9342f4cbc694523a,Milan,room,2016Q2,2016Q1,0.2748538011695908,8,9,3,9,True,True,2,2,True,9,1,0.1111111111111111,0.02555735580945668,0.16410256410256419,True
9342f4cbc694523a,Milan,service,2016Q2,2016Q1,0.24444444444444446,8,5,3,9,True,True,2,2,True,9,2,0.2222222222222222,-0.0038736130424953754,0.2678027997565431,True
9381f8b252bc08ee,Milan,cleanliness,2016Q4,2016Q3,0.2588235294117647,5,7,5,9,True,True,2,2,True,10,0,0.0,-0.12562202503378977,0.0,True
9381f8b252bc08ee,Milan,noise,2016Q4,2016Q3,0.23076923076923073,6,3,5,9,True,True,2,2,True,10,1,0.1,-0.10497335997335995,0.18181818181818177,True
9381f8b252bc08ee,Milan,room,2016Q1,2015Q4,0.3701923076923077,22,16,2,9,True,True,2,2,True,9,1,0.1111111111111111,-0.021300027228819803,0.23076923076923084,True
9381f8b252bc08ee,Milan,room,2016Q4,2016Q3,0.2572944297082228,19,16,5,9,True,True,2,2,True,10,0,0.0,-0.09915460290507358,0.07809847198641773,True
9381f8b252bc08ee,Milan,service,2016Q1,2015Q4,0.25806451612903225,21,21,2,9,True,True,2,2,True,9,1,0.1111111111111111,-0.011875820960261234,0.18181818181818177,True
9381f8b252bc08ee,Milan,service,2016Q4,2016Q3,0.3055555555555556,26,14,5,9,True,True,2,2,True,10,2,0.2,-0.08302994425595048,0.16666666666666674,True
93ff0ff244c534f6,Paris,location,2016Q2,2016Q1,0.28409090909090917,6,1,3,8,True,True,2,2,True,8,4,0.5,0.11505347593582893,0.2857142857142858,True
93ff0ff244c534f6,Paris,location,2017Q1,2016Q4,0.28409090909090917,6,1,6,8,True,True,2,2,True,9,2,0.2222222222222222,-0.006749938763668744,0.19780219780219777,True
93ff0ff244c534f6,Paris,room,2016Q2,2016Q1,0.20192307692307687,6,3,3,8,True,True,2,2,True,8,1,0.125,0.027584112510583084,0.18518518518518512,True
93ff0ff244c534f6,Paris,service,2016Q2,2016Q1,0.2941176470588236,7,2,3,8,True,True,2,2,True,8,1,0.125,0.039513646076146075,0.23076923076923084,True
941a01efa64b8873,London,breakfast,2016Q3,2016Q2,0.33333333333333326,8,8,4,9,True,True,2,2,True,10,1,0.1,-0.17573274693687682,0.22745098039215694,True
941a01efa64b8873,London,breakfast,2017Q1,2016Q4,0.2666666666666666,5,5,6,9,True,True,2,2,True,10,4,0.4,0.025958241585024987,0.4764705882352942,True
941a01efa64b8873,London,location,2016Q2,2016Q1,0.3030303030303032,20,12,3,9,True,True,2,2,True,10,2,0.2,0.03075787018158611,0.20879120879120894,True
941a01efa64b8873,London,room,2016Q1,2015Q4,0.21441441441441433,20,27,2,9,True,True,2,2,True,10,4,0.4,0.03230408812789981,0.19946332737030414,True
941a01efa64b8873,London,room,2016Q3,2016Q2,0.22702702702702693,27,25,4,9,True,True,2,2,True,10,0,0.0,-0.018256710914720097,0.13002693415064537,True
941a01efa64b8873,London,service,2016Q1,2015Q4,0.2218246869409659,16,33,2,9,True,True,2,2,True,10,2,0.2,0.018855537456636418,0.1885304659498208,True
941a01efa64b8873,London,value,2016Q3,2016Q2,0.2807017543859649,9,5,4,9,True,True,2,2,True,10,0,0.0,-0.0682749586564844,0.14529914529914534,True
94342cba94013c9e,Vienna,location,2016Q3,2016Q2,0.25,6,2,4,9,True,True,2,2,True,9,1,0.1111111111111111,-0.0034613774101858053,0.17547568710359407,True
94342cba94013c9e,Vienna,room,2017Q1,2016Q4,0.19999999999999996,10,2,6,9,True,True,2,2,True,9,1,0.1111111111111111,-0.02640626238905523,0.23529411764705888,True
943e9715b6ffab7a,Barcelona,breakfast,2016Q1,2015Q4,0.21794871794871784,16,14,2,9,True,True,2,2,True,8,2,0.25,-0.019580744125689165,0.5747126436781609,True
943e9715b6ffab7a,Barcelona,room,2016Q1,2015Q4,0.17984189723320154,36,34,2,9,True,True,2,2,True,8,3,0.375,0.10731666657091299,0.4242424242424242,True
943e9715b6ffab7a,Barcelona,room,2017Q1,2016Q4,0.1961722488038279,28,34,6,9,True,True,2,2,True,10,1,0.1,-0.0484576267995858,0.34078711985688737,True
943e9715b6ffab7a,Barcelona,service,2016Q2,2016Q1,0.20445344129554655,42,28,3,9,True,True,2,2,True,9,3,0.3333333333333333,0.0019274427368044399,0.21656534954407314,True
943e9715b6ffab7a,Barcelona,value,2016Q1,2015Q4,0.17647058823529416,7,6,2,9,True,True,2,2,True,8,4,0.5,0.11350460899609506,0.2941176470588235,True
945cb8e2c53e2839,Paris,location,2016Q1,2015Q4,0.2606516290726817,11,9,2,9,True,True,2,2,True,8,1,0.125,0.029356627068145402,0.27368421052631575,True
945cb8e2c53e2839,Paris,location,2016Q4,2016Q3,0.20833333333333326,6,2,5,9,True,True,2,2,True,10,1,0.1,-0.04106015068615485,0.41176470588235303,True
945cb8e2c53e2839,Paris,room,2017Q1,2016Q4,0.22549019607843135,7,2,6,9,True,True,2,2,True,10,3,0.3,0.12975641336388088,0.5320197044334976,True
945cb8e2c53e2839,Paris,value,2017Q1,2016Q4,0.19999999999999996,5,0,6,9,True,True,2,2,True,10,2,0.2,-0.020203619909502257,0.2171945701357466,True
94ab8bc049791b65,London,breakfast,2016Q2,2016Q1,0.21307256819351528,48,57,3,9,True,True,2,2,True,9,1,0.1111111111111111,0.0064809914342413505,0.20036716496197227,True
94ab8bc049791b65,London,breakfast,2016Q4,2016Q3,0.16789297658862878,36,55,5,9,True,True,2,2,True,10,2,0.2,0.02335769578847442,0.21978021978021967,True
94ab8bc049791b65,London,cleanliness,2017Q1,2016Q4,0.3701298701298701,18,12,6,9,True,True,2,2,True,10,2,0.2,0.043774875870562266,0.23076923076923084,True
94ab8bc049791b65,London,noise,2016Q3,2016Q2,0.31918505942275044,28,21,4,9,True,True,2,2,True,9,4,0.4444444444444444,0.05265417385300428,0.2582417582417582,True
94ab8bc049791b65,London,noise,2017Q1,2016Q4,0.5208333333333334,22,14,6,9,True,True,2,2,True,10,2,0.2,-0.0013989392250261968,0.2142857142857142,True
94ab8bc049791b65,London,value,2016Q3,2016Q2,0.1697722567287785,13,11,4,9,True,True,2,2,True,9,3,0.3333333333333333,0.10625465963630214,0.32167832167832155,True
950a2249793318f1,Milan,location,2016Q2,2016Q1,0.20175438596491224,9,2,3,9,True,True,2,2,True,10,2,0.2,0.05690197531753512,0.21505376344086025,True
950abad734ef9774,Paris,location,2016Q2,2016Q1,0.36752136752136755,8,3,3,9,True,True,2,2,True,10,4,0.4,0.07590448050200369,0.26923076923076916,True
950abad734ef9774,Paris,noise,2016Q3,2016Q2,0.21590909090909094,6,1,4,9,True,True,2,2,True,10,1,0.1,0.022436452436452425,0.16666666666666663,True
950abad734ef9774,Paris,service,2016Q2,2016Q1,0.2930402930402929,11,3,3,9,True,True,2,2,True,10,5,0.5,0.04501216148274971,0.17142857142857149,True
9524244cf3d99572,Paris,breakfast,2016Q2,2016Q1,0.1512605042016808,7,4,3,9,True,True,2,2,True,10,2,0.2,-0.026953585630056252,0.315018315018315,True
9524244cf3d99572,Paris,breakfast,2016Q4,2016Q3,0.575,6,5,5,9,True,True,2,2,True,10,1,0.1,0.056282149223325695,0.16666666666666663,True
9524244cf3d99572,Paris,location,2017Q1,2016Q4,0.21176470588235308,7,5,6,9,True,True,2,2,True,10,1,0.1,0.06436388928675682,0.17500000000000004,True
9524244cf3d99572,Paris,room,2016Q2,2016Q1,0.19999999999999996,25,14,3,9,True,True,2,2,True,10,4,0.4,0.07323328314944147,0.22000000000000008,True
9524244cf3d99572,Paris,room,2017Q1,2016Q4,0.21739130434782616,13,16,6,9,True,True,2,2,True,10,0,0.0,-0.020034163973792485,0.08874458874458868,True
9524244cf3d99572,Paris,service,2016Q1,2015Q4,0.19195046439628483,9,7,2,9,True,True,2,2,True,10,1,0.1,-0.06019422943807109,0.2538699690402477,True
9524244cf3d99572,Paris,value,2016Q2,2016Q1,0.23333333333333328,5,2,3,9,True,True,2,2,True,10,1,0.1,-0.020071301247771844,0.25757575757575746,True
954c67ac42e3ed12,Milan,location,2016Q2,2016Q1,0.3208556149732622,7,1,3,9,True,True,2,2,True,9,2,0.2222222222222222,0.07212127237265212,0.25815217391304346,True
954c67ac42e3ed12,Milan,room,2016Q1,2015Q4,0.19999999999999996,5,6,2,9,True,True,2,2,True,10,1,0.1,0.00040923513727297856,0.3701923076923077,True
954c67ac42e3ed12,Milan,room,2016Q3,2016Q2,0.20574162679425823,12,9,4,9,True,True,2,2,True,9,1,0.1111111111111111,-0.01853612741244258,0.17647058823529416,True
954c67ac42e3ed12,Milan,service,2016Q2,2016Q1,0.20175438596491224,9,2,3,9,True,True,2,2,True,9,4,0.4444444444444444,0.06317661965039104,0.2236842105263157,True
954c67ac42e3ed12,Milan,service,2016Q3,2016Q2,0.28675136116152444,19,9,4,9,True,True,2,2,True,9,1,0.1111111111111111,-0.08379720052819306,0.17500000000000004,True
956ef79cc3d4fbe5,Barcelona,breakfast,2016Q4,2016Q3,0.25,11,14,5,9,True,True,2,2,True,10,1,0.1,-0.06251781054977987,0.15204678362573087,True
956ef79cc3d4fbe5,Barcelona,location,2016Q3,2016Q2,0.27254901960784306,50,41,4,9,True,True,2,2,True,10,0,0.0,-0.004321799091086076,0.12077294685990347,True
956ef79cc3d4fbe5,Barcelona,room,2016Q1,2015Q4,0.2406417112299466,34,24,2,9,True,True,2,2,True,10,4,0.4,0.0012097001068288149,0.3088235294117647,True
956ef79cc3d4fbe5,Barcelona,service,2016Q3,2016Q2,0.19085805934242184,48,33,4,9,True,True,2,2,True,10,2,0.2,0.0670331050639894,0.26956521739130435,True
956ef79cc3d4fbe5,Barcelona,value,2017Q1,2016Q4,0.24848484848484842,5,12,6,9,True,True,2,2,True,10,1,0.1,0.013368767455454756,0.3397129186602871,True
958a106c3066331f,Paris,room,2016Q1,2015Q4,0.2724014336917563,8,21,2,9,True,True,2,2,True,9,4,0.4444444444444444,0.10476662986197688,0.6504347826086956,True
958a106c3066331f,Paris,service,2017Q1,2016Q4,0.33333333333333326,5,10,6,9,True,True,2,2,True,10,1,0.1,-0.016123564945546388,0.19999999999999996,True
959df98eb473a797,Amsterdam,breakfast,2016Q2,2016Q1,0.7545454545454546,12,10,3,9,True,True,2,2,True,9,2,0.2222222222222222,-0.05536975102192495,0.33333333333333326,True
959df98eb473a797,Amsterdam,cleanliness,2016Q3,2016Q2,0.2666666666666666,5,10,4,9,True,True,2,2,True,9,1,0.1111111111111111,-0.07218518380250638,0.1786030061892132,True
959df98eb473a797,Amsterdam,cleanliness,2017Q1,2016Q4,0.3650793650793652,8,18,6,9,True,True,2,2,True,9,0,0.0,-0.08803523980557922,0.056690837178641984,True
959df98eb473a797,Amsterdam,location,2016Q2,2016Q1,0.21666666666666656,20,22,3,9,True,True,2,2,True,9,2,0.2222222222222222,-0.01566463965172983,0.23076923076923084,True
959df98eb473a797,Amsterdam,noise,2017Q1,2016Q4,0.1578947368421053,8,9,6,9,True,True,2,2,True,9,0,0.0,-0.12757153196639337,0.10000000000000009,True
959df98eb473a797,Amsterdam,room,2016Q3,2016Q2,0.15570794675272293,27,57,4,9,True,True,2,2,True,9,0,0.0,-0.04490580870589526,0.11421911421911424,True
959df98eb473a797,Amsterdam,value,2016Q2,2016Q1,0.2635294117647058,7,15,3,9,True,True,2,2,True,9,1,0.1111111111111111,-0.08110269360269359,0.2941176470588236,True
95c645959d8826c7,Vienna,breakfast,2017Q1,2016Q4,0.41025641025641013,5,3,6,9,True,True,2,2,True,10,1,0.1,-0.10353716871363931,0.2564102564102564,True
95c645959d8826c7,Vienna,location,2016Q2,2016Q1,0.32692307692307687,6,3,3,9,True,True,2,2,True,10,1,0.1,0.008565337885373014,0.15073529411764697,True
95deefb430598916,London,cleanliness,2016Q1,2015Q4,0.1578947368421053,9,6,2,9,True,True,2,2,True,8,1,0.125,-0.06499874284128068,0.15707205489897058,True
95deefb430598916,London,location,2016Q1,2015Q4,0.1515151515151516,23,12,2,9,True,True,2,2,True,8,0,0.0,-0.006364634942266634,0.10034843205574906,True
95deefb430598916,London,location,2016Q3,2016Q2,0.26573426573426584,29,12,4,9,True,True,2,2,True,8,1,0.125,-0.036145009782218296,0.16842105263157903,True
95deefb430598916,London,noise,2016Q4,2016Q3,0.2431372549019608,5,7,5,9,True,True,2,2,True,8,1,0.125,-0.016350566573089767,0.22549019607843135,True
95deefb430598916,London,service,2016Q1,2015Q4,0.24827586206896557,19,10,2,9,True,True,2,2,True,8,1,0.125,0.03698218831009814,0.20612244897959164,True
95deefb430598916,London,service,2016Q4,2016Q3,0.21176470588235308,24,30,5,9,True,True,2,2,True,8,0,0.0,-0.06353246511283722,0.06557317361781134,True
95deefb430598916,London,value,2016Q4,2016Q3,0.1785714285714286,6,11,5,9,True,True,2,2,True,8,2,0.25,0.047219611941255166,0.32307692307692315,True
95deefb430598916,London,value,2017Q1,2016Q4,0.25,6,6,6,9,True,True,2,2,True,9,3,0.3333333333333333,-0.04744492358587075,0.29691876750700286,True
9604a2d49cd00172,Paris,location,2016Q4,2016Q3,0.17500000000000004,6,5,5,9,True,True,2,2,True,10,1,0.1,-0.042636429144879265,0.16666666666666674,True
9604a2d49cd00172,Paris,room,2016Q4,2016Q3,0.15909090909090917,14,12,5,9,True,True,2,2,True,10,2,0.2,0.00086462254031765,0.18718094157685772,True
9604a2d49cd00172,Paris,service,2016Q3,2016Q2,0.26890756302521024,7,4,4,9,True,True,2,2,True,10,1,0.1,-0.02845289931259363,0.2962962962962963,True
9604a2d49cd00172,Paris,service,2017Q1,2016Q4,0.33333333333333326,10,5,6,9,True,True,2,2,True,10,1,0.1,0.013366019870260027,0.3875598086124401,True
9648fc267c3bb2b0,London,noise,2016Q1,2015Q4,0.19047619047619058,11,4,2,9,True,True,2,2,True,10,2,0.2,0.09468771791797378,0.2779156327543424,True
9648fc267c3bb2b0,London,room,2017Q1,2016Q4,0.22979797979797967,34,62,6,9,True,True,2,2,True,10,3,0.3,0.02288546872376467,0.288888888888889,True
9648fc267c3bb2b0,London,value,2016Q3,2016Q2,0.2306306306306306,20,27,4,9,True,True,2,2,True,10,3,0.3,0.07593637958189044,0.2857142857142857,True
9648fc267c3bb2b0,London,value,2017Q1,2016Q4,0.41159420289855075,5,13,6,9,True,True,2,2,True,10,3,0.3,0.07104296000335965,0.19461697722567295,True
9675b2a6062f918a,Paris,breakfast,2017Q1,2016Q4,0.3418803418803419,8,3,6,9,True,True,2,2,True,10,0,0.0,-0.09455377955377957,0.09090909090909094,True
9675b2a6062f918a,Paris,cleanliness,2016Q1,2015Q4,0.24444444444444446,8,5,2,9,True,True,2,2,True,9,0,0.0,-0.05291005291005294,0.0,True
9675b2a6062f918a,Paris,room,2016Q1,2015Q4,0.1515151515151516,23,24,2,9,True,True,2,2,True,9,0,0.0,-0.0037579486599094527,0.12698412698412698,True
9675b2a6062f918a,Paris,room,2016Q3,2016Q2,0.33333333333333326,26,42,4,9,True,True,2,2,True,10,2,0.2,0.08945982105021007,0.1578947368421053,True
9675b2a6062f918a,Paris,value,2016Q2,2016Q1,0.19736842105263153,9,6,3,9,True,True,2,2,True,9,0,0.0,0.009842009842009855,0.08974358974358976,True
96b2a929cb3a4efa,Paris,breakfast,2016Q1,2015Q4,0.20952380952380956,5,4,2,9,True,True,2,2,True,6,1,0.16666666666666666,0.007575757575757606,0.16666666666666674,True
96b2a929cb3a4efa,Paris,location,2016Q1,2015Q4,0.29721362229102155,9,7,2,9,True,True,2,2,True,6,1,0.16666666666666666,-0.014694856800119912,0.23076923076923084,True
96b2a929cb3a4efa,Paris,location,2016Q3,2016Q2,0.1587301587301586,8,4,4,9,True,True,2,2,True,8,2,0.25,0.06519779603396975,0.4444444444444444,True
96b2a929cb3a4efa,Paris,location,2017Q1,2016Q4,0.18666666666666676,15,11,6,9,True,True,2,2,True,8,3,0.375,-0.012854687281865174,0.16666666666666674,True
96b2a929cb3a4efa,Paris,room,2016Q4,2016Q3,0.20551378446115298,9,11,5,9,True,True,2,2,True,8,0,0.0,-0.06377161237455359,0.1398601398601398,True
96b2a929cb3a4efa,Paris,service,2016Q1,2015Q4,0.17927170868347342,11,7,2,9,True,True,2,2,True,6,1,0.16666666666666666,0.012553042932299937,0.23076923076923084,True
96d9cbb82aa8424b,Amsterdam,breakfast,2017Q1,2016Q4,0.26315789473684204,9,12,6,9,True,True,2,2,True,9,0,0.0,-0.04250220377413361,0.10921052631578942,True
96d9cbb82aa8424b,Amsterdam,cleanliness,2016Q2,2016Q1,0.4482758620689655,19,6,3,9,True,True,2,2,True,7,0,0.0,-0.04415240392677063,0.059259259259259345,True
96d9cbb82aa8424b,Amsterdam,location,2016Q1,2015Q4,0.16666666666666674,14,6,2,9,True,True,2,2,True,7,1,0.14285714285714285,0.05289161107707024,0.22003577817531306,True
96d9cbb82aa8424b,Amsterdam,location,2016Q2,2016Q1,0.19736842105263142,47,14,3,9,True,True,2,2,True,7,2,0.2857142857142857,0.019673569284152568,0.23076923076923084,True
96d9cbb82aa8424b,Amsterdam,service,2016Q1,2015Q4,0.27807486631016043,12,7,2,9,True,True,2,2,True,7,1,0.14285714285714285,0.047098507269073844,0.2593350383631714,True
96d9cbb82aa8424b,Amsterdam,service,2016Q2,2016Q1,0.2377622377622377,42,12,3,9,True,True,2,2,True,7,1,0.14285714285714285,-0.08125020804068338,0.1969696969696968,True
96d9cbb82aa8424b,Amsterdam,value,2017Q1,2016Q4,0.31225296442687733,13,12,6,9,True,True,2,2,True,9,0,0.0,0.008246800150791612,0.13272311212814647,True
96dbfead493657c2,Paris,breakfast,2016Q3,2016Q2,0.4526315789473684,10,9,4,7,True,True,2,2,True,10,1,0.1,-0.05149987267634328,0.16666666666666663,True
96dbfead493657c2,Paris,cleanliness,2016Q3,2016Q2,0.2236842105263157,9,6,4,7,True,True,2,2,True,10,3,0.3,0.06335109335109336,0.2857142857142856,True
96dbfead493657c2,Paris,room,2016Q4,2016Q3,0.25245441795231405,13,21,5,7,True,True,2,2,True,10,3,0.3,0.01341133152657865,0.3752860411899315,True
9706151f80a7bc3d,London,cleanliness,2016Q2,2016Q1,0.1707317073170731,31,34,3,9,True,True,2,2,True,10,1,0.1,-0.012637251253684045,0.3236363636363635,True
9706151f80a7bc3d,London,noise,2016Q2,2016Q1,0.1523809523809524,20,25,3,9,True,True,2,2,True,10,1,0.1,-0.0014935960090422195,0.22924901185770752,True
9706151f80a7bc3d,London,value,2016Q1,2015Q4,0.46185997910135845,23,19,2,9,True,True,2,2,True,10,2,0.2,0.026839091746721368,0.3913043478260869,True
9706151f80a7bc3d,London,value,2016Q3,2016Q2,0.2590866728797764,27,19,4,9,True,True,2,2,True,10,2,0.2,-0.010624890586324353,0.17931034482758623,True
9706151f80a7bc3d,London,value,2017Q1,2016Q4,0.4,20,29,6,9,True,True,2,2,True,10,3,0.3,0.08969017201595611,0.40695652173913033,True
97148bffda3559f8,Barcelona,breakfast,2016Q3,2016Q2,0.16493506493506505,34,25,4,9,True,True,2,2,True,10,2,0.2,0.005451607731064623,0.36190476190476195,True
97148bffda3559f8,Barcelona,cleanliness,2016Q3,2016Q2,0.35526315789473695,28,14,4,9,True,True,2,2,True,10,2,0.2,-0.032426465552983855,0.2784380305602717,True
97148bffda3559f8,Barcelona,cleanliness,2017Q1,2016Q4,0.25339366515837103,24,16,6,9,True,True,2,2,True,10,1,0.1,-0.03530054396927462,0.2914979757085021,True
97148bffda3559f8,Barcelona,noise,2016Q2,2016Q1,0.42105263157894735,9,9,3,9,True,True,2,2,True,10,3,0.3,0.05203102453102454,0.31313131313131304,True
97148bffda3559f8,Barcelona,value,2016Q4,2016Q3,0.3291925465838509,13,18,5,9,True,True,2,2,True,10,3,0.3,0.02788499463623976,0.248447204968944,True
9725b775214e0bce,Paris,service,2017Q1,2016Q4,0.22377622377622375,12,3,6,9,True,True,2,2,True,9,0,0.0,-0.029620817778712578,0.12380952380952381,True
97326e59de1cc4be,London,breakfast,2016Q2,2016Q1,0.1523809523809525,18,20,3,9,True,True,2,2,True,10,2,0.2,0.004868345925535767,0.2272727272727273,True
97326e59de1cc4be,London,location,2016Q4,2016Q3,0.17025862068965525,22,19,5,9,True,True,2,2,True,10,2,0.2,0.0018970424622219983,0.17142857142857149,True
97326e59de1cc4be,London,noise,2016Q1,2015Q4,0.15555555555555567,8,5,2,9,True,True,2,2,True,10,3,0.3,0.017446555737577373,0.2333333333333334,True
97326e59de1cc4be,London,service,2017Q1,2016Q4,0.2761904761904763,20,25,6,9,True,True,2,2,True,10,2,0.2,0.015516616157625984,0.38662486938349017,True
97326e59de1cc4be,London,value,2016Q4,2016Q3,0.2909090909090909,5,1,5,9,True,True,2,2,True,10,1,0.1,-0.030124527400843214,0.1607142857142857,True
9785cada2e7b763d,London,service,2016Q2,2016Q1,0.21118012422360244,11,13,3,9,True,True,2,2,True,10,1,0.1,-0.03969407758498009,0.22634049913516185,True
97b8f24b66491c59,London,location,2016Q4,2016Q3,0.4736842105263157,9,2,5,8,True,True,2,2,True,10,0,0.0,-0.060100563892362846,0.039285714285714146,True
97b8f24b66491c59,London,service,2016Q2,2016Q1,0.22745098039215694,7,5,3,8,True,True,2,2,True,9,3,0.3333333333333333,0.10874489031965719,0.25,True
97b8f24b66491c59,London,service,2016Q4,2016Q3,0.19999999999999996,10,2,5,8,True,True,2,2,True,10,2,0.2,0.07579798794155783,0.21818181818181825,True
98068ed89efda286,Barcelona,breakfast,2016Q2,2016Q1,0.23333333333333328,5,2,3,9,True,True,2,2,True,8,4,0.5,0.026022964393707437,0.3216783216783218,True
98068ed89efda286,Barcelona,cleanliness,2016Q3,2016Q2,0.19565217391304346,14,13,4,9,True,True,2,2,True,8,2,0.25,-0.0017994683898573532,0.3308270676691729,True
98068ed89efda286,Barcelona,location,2016Q3,2016Q2,0.1761786600496278,21,16,4,9,True,True,2,2,True,8,1,0.125,0.03309040040192657,0.2051282051282053,True
98068ed89efda286,Barcelona,noise,2016Q4,2016Q3,0.21904761904761905,5,4,5,9,True,True,2,2,True,9,2,0.2222222222222222,0.0229047640812347,0.2575757575757577,True
98068ed89efda286,Barcelona,room,2016Q3,2016Q2,0.2561224489795917,39,30,4,9,True,True,2,2,True,8,1,0.125,-0.04107661915317892,0.1578947368421053,True
98068ed89efda286,Barcelona,service,2016Q3,2016Q2,0.17142857142857149,32,20,4,9,True,True,2,2,True,8,2,0.25,0.07462739706925076,0.28260869565217384,True
980abf5c28bb80cb,Milan,breakfast,2016Q1,2015Q4,0.16333938294010886,28,19,2,9,True,True,2,2,True,10,3,0.3,-0.0016702567092490516,0.3988603988603987,True
980abf5c28bb80cb,Milan,breakfast,2016Q2,2016Q1,0.1866931479642504,43,28,3,9,True,True,2,2,True,10,7,0.7,0.2168363890594515,0.4266666666666665,True
980abf5c28bb80cb,Milan,cleanliness,2016Q4,2016Q3,0.17934782608695654,13,6,5,9,True,True,2,2,True,10,2,0.2,-0.01094381349128457,0.16995073891625623,True
980abf5c28bb80cb,Milan,noise,2016Q1,2015Q4,0.28959276018099545,7,3,2,9,True,True,2,2,True,10,1,0.1,-0.0212370429707891,0.16666666666666674,True
980abf5c28bb80cb,Milan,room,2016Q1,2015Q4,0.2652152399802079,37,33,2,9,True,True,2,2,True,10,2,0.2,0.03221204193589898,0.3666666666666667,True
980abf5c28bb80cb,Milan,room,2016Q4,2016Q3,0.17908538535337382,49,43,5,9,True,True,2,2,True,10,1,0.1,-0.0846531435164157,0.17733990147783263,True
980abf5c28bb80cb,Milan,service,2016Q3,2016Q2,0.1941923774954628,28,48,4,9,True,True,2,2,True,10,4,0.4,0.06607450540964119,0.32380952380952377,True
980abf5c28bb80cb,Milan,value,2016Q1,2015Q4,0.3697478991596639,7,11,2,9,True,True,2,2,True,10,4,0.4,-0.0024457694008777732,0.2857142857142857,True
980abf5c28bb80cb,Milan,value,2016Q2,2016Q1,0.28104575163398704,8,7,3,9,True,True,2,2,True,10,4,0.4,0.06056589179654195,0.3157894736842105,True
980abf5c28bb80cb,Milan,value,2017Q1,2016Q4,0.19166666666666665,5,6,6,9,True,True,2,2,True,10,2,0.2,0.006076335944756983,0.375,True
98343a69a1951bd1,London,breakfast,2016Q1,2015Q4,0.15458937198067635,17,13,2,9,True,True,2,2,True,10,1,0.1,-0.0883392985558229,0.22249896222498955,True
98343a69a1951bd1,London,breakfast,2016Q3,2016Q2,0.19892473118279574,14,21,4,9,True,True,2,2,True,10,1,0.1,0.0412009683666966,0.5421994884910487,True
98343a69a1951bd1,London,cleanliness,2016Q2,2016Q1,0.3236363636363635,12,15,3,9,True,True,2,2,True,10,1,0.1,-0.022334530115955698,0.1707317073170731,True
98343a69a1951bd1,London,value,2017Q1,2016Q4,0.2946428571428571,11,22,6,9,True,True,2,2,True,10,3,0.3,0.10618067712488229,0.40695652173913033,True
986fcf571a296c29,Paris,breakfast,2016Q1,2015Q4,0.5024154589371981,13,17,2,9,True,True,2,2,True,8,1,0.125,0.05373318202265569,0.32167832167832155,True
986fcf571a296c29,Paris,noise,2016Q3,2016Q2,0.2666666666666666,5,5,4,9,True,True,2,2,True,8,1,0.125,-0.04573031135531133,0.45833333333333326,True
986fcf571a296c29,Paris,room,2016Q1,2015Q4,0.17820512820512824,29,30,2,9,True,True,2,2,True,8,1,0.125,-0.005830985133381164,0.26691729323308266,True
986fcf571a296c29,Paris,service,2016Q1,2015Q4,0.2311265969802554,31,32,2,9,True,True,2,2,True,8,2,0.25,0.007977321918296448,0.26797385620915026,True
986fcf571a296c29,Paris,value,2016Q1,2015Q4,0.36078431372549014,5,7,2,9,True,True,2,2,True,8,2,0.25,0.056081418581418574,0.21978021978021978,True
98722ec1e52e869d,Paris,breakfast,2017Q1,2016Q4,0.4617760617760618,25,27,6,9,True,True,2,2,True,7,1,0.14285714285714285,-0.03323999038284754,0.1678321678321677,True
98722ec1e52e869d,Paris,noise,2016Q2,2016Q1,0.515151515151515,20,12,3,9,True,True,2,2,True,8,1,0.125,0.024509111058024086,0.29166666666666663,True
98722ec1e52e869d,Paris,noise,2017Q1,2016Q4,0.23963133640552992,11,21,6,9,True,True,2,2,True,7,0,0.0,-0.08151372437086726,0.07575757575757569,True
98722ec1e52e869d,Paris,service,2016Q1,2015Q4,0.18095238095238098,74,75,2,9,True,True,2,2,True,8,3,0.375,0.007127638455640156,0.41395432476173344,True
98a669363e89be3a,Vienna,breakfast,2016Q1,2015Q4,0.24,15,10,2,9,True,True,2,2,True,10,2,0.2,-0.0003461479416948188,0.4073226544622426,True
98a669363e89be3a,Vienna,breakfast,2016Q3,2016Q2,0.19130434782608696,13,15,4,9,True,True,2,2,True,10,3,0.3,0.03449839103037431,0.3529411764705883,True
98a669363e89be3a,Vienna,location,2016Q1,2015Q4,0.15384615384615397,16,16,2,9,True,True,2,2,True,10,1,0.1,0.030429753452566866,0.23684210526315796,True
98a669363e89be3a,Vienna,location,2016Q4,2016Q3,0.2575250836120402,13,16,5,9,True,True,2,2,True,10,1,0.1,-0.07610999182067721,0.18623481781376516,True
98c60043ce9e2a68,Paris,room,2016Q4,2016Q3,0.3538461538461538,5,16,5,9,True,True,2,2,True,10,2,0.2,-0.003311752673097257,0.18039215686274512,True
98f09f6fe7c0137c,Vienna,breakfast,2016Q3,2016Q2,0.24285714285714288,22,25,4,9,True,True,2,2,True,10,5,0.5,0.06994277461668767,0.25,True
98f09f6fe7c0137c,Vienna,cleanliness,2016Q2,2016Q1,0.3666666666666667,20,14,3,9,True,True,2,2,True,9,1,0.1111111111111111,0.04377390553861144,0.3261261261261261,True
98f09f6fe7c0137c,Vienna,cleanliness,2016Q4,2016Q3,0.29666666666666663,14,15,5,9,True,True,2,2,True,10,2,0.2,0.002391775345739511,0.30179028132992314,True
98f09f6fe7c0137c,Vienna,noise,2016Q1,2015Q4,0.2321428571428572,6,4,2,9,True,True,2,2,True,9,2,0.2222222222222222,-0.0351669264712743,0.16666666666666674,True
98f09f6fe7c0137c,Vienna,noise,2016Q4,2016Q3,0.33333333333333326,5,4,5,9,True,True,2,2,True,10,3,0.3,0.01796287046287045,0.2909090909090909,True
98f09f6fe7c0137c,Vienna,value,2016Q1,2015Q4,0.1568627450980391,5,7,2,9,True,True,2,2,True,9,1,0.1111111111111111,-0.010178721633829997,0.15757575757575748,True
99003bdc315ae113,London,service,2016Q1,2015Q4,0.2250000000000001,22,10,2,8,True,True,2,2,True,10,3,0.3,0.056044311946066946,0.3582887700534759,True
9911b70350369669,London,breakfast,2016Q1,2015Q4,0.3205619412515963,48,44,2,9,True,True,2,2,True,9,3,0.3333333333333333,0.06438301562501864,0.5098039215686274,True
9911b70350369669,London,cleanliness,2017Q1,2016Q4,0.1662337662337663,25,23,6,9,True,True,2,2,True,10,0,0.0,-0.04161023472672674,0.07575757575757591,True
9911b70350369669,London,noise,2016Q2,2016Q1,0.2813852813852813,23,32,3,9,True,True,2,2,True,9,1,0.1111111111111111,-0.018661274053980943,0.2857142857142858,True
9911b70350369669,London,service,2016Q1,2015Q4,0.29537712895377144,127,140,2,9,True,True,2,2,True,9,3,0.3333333333333333,0.012204317696799293,0.22672064777327927,True
9911b70350369669,London,service,2017Q1,2016Q4,0.1744043567052418,103,120,6,9,True,True,2,2,True,10,3,0.3,0.06123313973648155,0.463157894736842,True
997c7897f1b6ebee,Paris,room,2016Q3,2016Q2,0.30833333333333335,6,5,4,9,True,True,2,2,True,10,1,0.1,0.008912313890473788,0.16475972540045758,True
99902f20e284d33c,Paris,breakfast,2016Q1,2015Q4,0.17763157894736847,6,9,2,9,True,True,2,2,True,9,1,0.1111111111111111,0.05494072160738826,0.2407407407407407,True
99902f20e284d33c,Paris,cleanliness,2016Q2,2016Q1,0.256038647342995,13,8,3,9,True,True,2,2,True,10,0,0.0,-0.12267348392348396,0.14117647058823524,True
99902f20e284d33c,Paris,noise,2016Q1,2015Q4,0.21904761904761905,5,4,2,9,True,True,2,2,True,9,2,0.2222222222222222,0.010113343446676791,0.2777777777777778,True
99902f20e284d33c,Paris,room,2016Q1,2015Q4,0.35164835164835173,32,55,2,9,True,True,2,2,True,9,5,0.5555555555555556,0.15941534618557607,0.3459879206212253,True
99902f20e284d33c,Paris,service,2016Q1,2015Q4,0.3194444444444444,26,38,2,9,True,True,2,2,True,9,3,0.3333333333333333,0.029150662839449188,0.20175438596491224,True
99902f20e284d33c,Paris,service,2016Q4,2016Q3,0.26595744680851063,22,37,5,9,True,True,2,2,True,10,1,0.1,-0.09090761996142259,0.19826086956521727,True
9998b7721c27c599,Paris,breakfast,2016Q3,2016Q2,0.21333333333333315,14,15,4,9,True,True,2,2,True,9,3,0.3333333333333333,0.06932020221493902,0.42500000000000004,True
9998b7721c27c599,Paris,cleanliness,2016Q3,2016Q2,0.36257309941520455,9,8,4,9,True,True,2,2,True,9,0,0.0,-0.026109335758458516,0.11842105263157898,True
9998b7721c27c599,Paris,location,2017Q1,2016Q4,0.16666666666666674,10,11,6,9,True,True,2,2,True,10,1,0.1,-0.04290420259891494,0.16666666666666674,True
9998b7721c27c599,Paris,room,2016Q1,2015Q4,0.18181818181818188,12,12,2,9,True,True,2,2,True,8,1,0.125,0.029688873463038237,0.18885448916408665,True
9998b7721c27c599,Paris,service,2016Q2,2016Q1,0.20952380952380967,25,11,3,9,True,True,2,2,True,8,3,0.375,0.057186452308581326,0.36638655462184877,True
99a74e28e7629018,Barcelona,location,2017Q1,2016Q4,0.32894736842105265,28,14,6,7,True,True,2,2,True,9,1,0.1111111111111111,-0.030144038922506847,0.1615384615384614,True
99a74e28e7629018,Barcelona,noise,2017Q1,2016Q4,0.36309523809523814,11,6,6,7,True,True,2,2,True,9,4,0.4444444444444444,0.07221109319148533,0.33818181818181825,True
99a74e28e7629018,Barcelona,service,2017Q1,2016Q4,0.2952380952380953,32,25,6,7,True,True,2,2,True,9,1,0.1111111111111111,-0.05558484439897393,0.19047619047619047,True
9a51c11e78d8ec56,London,breakfast,2016Q1,2015Q4,0.2721139430284858,82,48,2,9,True,True,2,2,True,10,3,0.3,0.027640673312649855,0.2958053952908155,True
9a51c11e78d8ec56,London,breakfast,2016Q2,2016Q1,0.28023715415019756,100,82,3,9,True,True,2,2,True,10,2,0.2,-0.04015960792021426,0.26388888888888884,True
9a51c11e78d8ec56,London,cleanliness,2016Q1,2015Q4,0.20374800637958534,78,47,2,9,True,True,2,2,True,10,2,0.2,0.05089902285168637,0.4736842105263157,True
9a51c11e78d8ec56,London,noise,2016Q2,2016Q1,0.2857142857142857,32,25,3,9,True,True,2,2,True,10,5,0.5,0.13968535277358804,0.4444444444444444,True
9a51c11e78d8ec56,London,noise,2017Q1,2016Q4,0.19810682893847198,41,48,6,9,True,True,2,2,True,10,3,0.3,0.008407011289364242,0.30000000000000004,True
9a51c11e78d8ec56,London,service,2017Q1,2016Q4,0.31815768851588766,169,211,6,9,True,True,2,2,True,10,1,0.1,0.02269742309538416,0.17428571428571416,True
9aa81ab6c4f1229d,London,cleanliness,2017Q1,2016Q4,0.17565217391304344,40,59,6,5,True,True,2,2,True,10,2,0.2,0.002805957033511208,0.2016806722689075,True
9ac560471984a6cf,Paris,location,2017Q1,2016Q4,0.24291497975708487,9,3,6,9,True,True,2,2,True,9,1,0.1111111111111111,0.020642320642320695,0.17500000000000004,True
9ac560471984a6cf,Paris,service,2017Q1,2016Q4,0.20833333333333326,6,2,6,9,True,True,2,2,True,9,1,0.1111111111111111,-0.022236778815726204,0.19047619047619047,True
9ae8f27fc02ee5d1,Barcelona,breakfast,2016Q2,2016Q1,0.3272727272727274,45,23,3,9,True,True,2,2,True,10,1,0.1,-0.04068836392365802,0.18253968253968256,True
9ae8f27fc02ee5d1,Barcelona,cleanliness,2016Q1,2015Q4,0.1563218390804597,20,19,2,9,True,True,2,2,True,10,0,0.0,-0.025098397958438556,0.08928571428571419,True
9ae8f27fc02ee5d1,Barcelona,cleanliness,2016Q4,2016Q3,0.34255599472990783,23,36,5,9,True,True,2,2,True,10,1,0.1,-0.016513538762259562,0.20833333333333326,True
9ae8f27fc02ee5d1,Barcelona,noise,2016Q3,2016Q2,0.319047619047619,18,20,4,9,True,True,2,2,True,10,2,0.2,-0.010703331905377932,0.4,True
9ae8f27fc02ee5d1,Barcelona,room,2016Q1,2015Q4,0.17241379310344818,48,48,2,9,True,True,2,2,True,10,2,0.2,0.06909051438534765,0.3051851851851851,True
9ae8f27fc02ee5d1,Barcelona,service,2016Q4,2016Q3,0.3397528025294625,39,61,5,9,True,True,2,2,True,10,2,0.2,0.0817447123920719,0.3181818181818181,True
9ae8f27fc02ee5d1,Barcelona,value,2016Q2,2016Q1,0.28431372549019607,24,14,3,9,True,True,2,2,True,10,3,0.3,0.03249230640534988,0.2678062678062677,True
9aef7af5a796a799,Milan,location,2016Q3,2016Q2,0.16666666666666652,5,2,4,9,True,True,2,2,True,9,1,0.1111111111111111,-0.06778878982583796,0.1879699248120299,True
9b4d5f768c781c45,Paris,breakfast,2016Q3,2016Q2,0.16666666666666663,8,2,4,9,True,True,2,2,True,10,2,0.2,0.004354416045859444,0.20833333333333326,True
9b4d5f768c781c45,Paris,cleanliness,2016Q3,2016Q2,0.16176470588235303,7,6,4,9,True,True,2,2,True,10,1,0.1,-0.010167610167610175,0.3434343434343434,True
9b4d5f768c781c45,Paris,location,2016Q2,2016Q1,0.16666666666666674,14,5,3,9,True,True,2,2,True,8,2,0.25,-0.028746052281802742,0.2450980392156863,True
9b4d5f768c781c45,Paris,room,2016Q1,2015Q4,0.2450980392156863,7,14,2,9,True,True,2,2,True,7,3,0.42857142857142855,0.07290030707623552,0.23529411764705888,True
9b4d5f768c781c45,Paris,service,2016Q3,2016Q2,0.2962962962962963,17,11,4,9,True,True,2,2,True,10,0,0.0,-0.004668598699024695,0.10256410256410242,True
9b4d5f768c781c45,Paris,service,2017Q1,2016Q4,0.3875598086124401,12,9,6,9,True,True,2,2,True,10,1,0.1,-0.01160237602692844,0.16666666666666674,True
9be63c2422440f94,Amsterdam,room,2016Q1,2015Q4,0.17460317460317454,8,4,2,9,True,True,2,2,True,9,2,0.2222222222222222,0.05869512915870207,0.320754716981132,True
9be63c2422440f94,Amsterdam,room,2016Q2,2016Q1,0.21111111111111125,10,8,3,9,True,True,2,2,True,10,1,0.1,-0.034789163941544445,0.22285443338074917,True
9be63c2422440f94,Amsterdam,service,2016Q3,2016Q2,0.33333333333333326,5,4,4,9,True,True,2,2,True,10,1,0.1,-0.026901821287037286,0.1693548387096775,True
9c1116d65fe6b7ab,Paris,room,2016Q1,2015Q4,0.475,6,10,2,9,True,True,2,2,True,7,2,0.2857142857142857,0.07897597050583584,0.35164835164835173,True
9c69dd177b193b4a,Paris,location,2016Q1,2015Q4,0.22857142857142865,11,5,2,9,True,True,2,2,True,8,0,0.0,-0.053439744018927565,0.08673790069138909,True
9c69dd177b193b4a,Paris,location,2017Q1,2016Q4,0.2710997442455243,13,7,6,9,True,True,2,2,True,10,2,0.2,0.020400149473376004,0.25,True
9c69dd177b193b4a,Paris,room,2016Q4,2016Q3,0.28959276018099545,7,3,5,9,True,True,2,2,True,8,2,0.25,0.09807342235651058,0.5846153846153845,True
9c69dd177b193b4a,Paris,room,2017Q1,2016Q4,0.25152129817444213,19,7,6,9,True,True,2,2,True,10,1,0.1,-0.026155186176254376,0.19999999999999996,True
9c69dd177b193b4a,Paris,service,2016Q1,2015Q4,0.26797385620915026,8,7,2,9,True,True,2,2,True,8,1,0.125,-0.03249933238547406,0.2311265969802554,True
9c69dd177b193b4a,Paris,service,2016Q4,2016Q3,0.2564102564102564,5,3,5,9,True,True,2,2,True,8,0,0.0,-0.11474229245127077,0.027272727272727337,True
9c76ddaf973548ba,Barcelona,breakfast,2016Q1,2015Q4,0.20168067226890762,7,4,2,9,True,True,2,2,True,6,2,0.3333333333333333,0.054635466400172285,0.3513513513513513,True
9c76ddaf973548ba,Barcelona,breakfast,2016Q2,2016Q1,0.3161764705882353,6,7,3,9,True,True,2,2,True,7,2,0.2857142857142857,-0.0469922827065684,0.2333333333333334,True
9c76ddaf973548ba,Barcelona,cleanliness,2016Q3,2016Q2,0.34090909090909094,6,1,4,9,True,True,2,2,True,7,0,0.0,-0.051582252334131974,0.10000000000000009,True
9c76ddaf973548ba,Barcelona,location,2016Q2,2016Q1,0.15157894736842104,15,9,3,9,True,True,2,2,True,7,2,0.2857142857142857,0.104360021499225,0.49242424242424243,True
9c76ddaf973548ba,Barcelona,room,2016Q1,2015Q4,0.20370370370370383,14,17,2,9,True,True,2,2,True,6,3,0.5,-0.007979850833007321,0.2647058823529411,True
9c76ddaf973548ba,Barcelona,service,2016Q2,2016Q1,0.24451410658307204,19,12,3,9,True,True,2,2,True,7,1,0.14285714285714285,-0.033385581364623364,0.3573667711598747,True
9c92df83c00af248,London,location,2016Q3,2016Q2,0.2466216216216217,27,22,4,9,True,True,2,2,True,9,0,0.0,-0.011631363030661356,0.06838709677419352,True
9c92df83c00af248,London,room,2016Q1,2015Q4,0.15652173913043477,36,35,2,9,True,True,2,2,True,9,1,0.1111111111111111,0.02687196503748177,0.17626648160999303,True
9c92df83c00af248,London,service,2016Q4,2016Q3,0.22596153846153855,16,22,5,9,True,True,2,2,True,9,1,0.1111111111111111,0.00541829474666184,0.20148148148148137,True
9c92df83c00af248,London,value,2016Q1,2015Q4,0.7058823529411765,7,7,2,9,True,True,2,2,True,9,2,0.2222222222222222,0.006246147652198997,0.3027375201288245,True
9c92df83c00af248,London,value,2017Q1,2016Q4,0.24736842105263168,10,9,6,9,True,True,2,2,True,10,5,0.5,0.1531817252589466,0.2727272727272726,True
9cac548396c2f390,Vienna,breakfast,2016Q3,2016Q2,0.21666666666666679,14,10,4,9,True,True,2,2,True,10,4,0.4,0.0782284132929437,0.33333333333333326,True
9cac548396c2f390,Vienna,breakfast,2017Q1,2016Q4,0.3333333333333335,20,11,6,9,True,True,2,2,True,10,4,0.4,0.10608295218501948,0.33333333333333326,True
9cac548396c2f390,Vienna,cleanliness,2016Q3,2016Q2,0.23529411764705888,7,7,4,9,True,True,2,2,True,10,1,0.1,-0.015397413044471887,0.3208556149732622,True
9cac548396c2f390,Vienna,location,2016Q3,2016Q2,0.288888888888889,50,26,4,9,True,True,2,2,True,10,2,0.2,0.058570610499647825,0.29065040650406493,True
9cac548396c2f390,Vienna,service,2016Q2,2016Q1,0.15636363636363648,15,12,3,9,True,True,2,2,True,10,0,0.0,-0.034247604733201674,0.125,True
9cac548396c2f390,Vienna,service,2017Q1,2016Q4,0.2564102564102564,29,29,6,9,True,True,2,2,True,10,1,0.1,-0.004195045833754763,0.2738095238095237,True
9cac548396c2f390,Vienna,value,2017Q1,2016Q4,0.25396825396825407,8,4,6,9,True,True,2,2,True,10,5,0.5,0.1202957903809297,0.41025641025641013,True
9ccff19e864d7723,Paris,cleanliness,2016Q2,2016Q1,0.2909090909090909,5,1,3,9,True,True,2,2,True,9,2,0.2222222222222222,0.030515780515780546,0.19999999999999996,True
9ccff19e864d7723,Paris,location,2016Q1,2015Q4,0.26890756302521024,7,4,2,9,True,True,2,2,True,9,2,0.2222222222222222,0.004137329945723516,0.26984126984126977,True
9ccff19e864d7723,Paris,location,2017Q1,2016Q4,0.3827751196172249,9,1,6,9,True,True,2,2,True,9,1,0.1111111111111111,-0.030785179621692124,0.16666666666666674,True
9ccff19e864d7723,Paris,room,2016Q2,2016Q1,0.38043478260869557,13,6,3,9,True,True,2,2,True,9,3,0.3333333333333333,0.02451464979615166,0.2487684729064038,True
9ccff19e864d7723,Paris,service,2016Q2,2016Q1,0.21719457013574672,7,3,3,9,True,True,2,2,True,9,3,0.3333333333333333,0.034292079092620026,0.2175066312997347,True
9d3a6e24f38ce161,Barcelona,breakfast,2016Q4,2016Q3,0.15238095238095228,5,11,5,9,True,True,2,2,True,8,1,0.125,-0.011443409968140278,0.41025641025641024,True
9d3a6e24f38ce161,Barcelona,noise,2016Q3,2016Q2,0.29333333333333333,15,14,4,9,True,True,2,2,True,8,2,0.25,0.041144896769896785,0.375,True
9d3a6e24f38ce161,Barcelona,room,2016Q3,2016Q2,0.1588628762541806,42,36,4,9,True,True,2,2,True,8,1,0.125,0.05101207933315775,0.4285714285714287,True
9d3a6e24f38ce161,Barcelona,room,2017Q1,2016Q4,0.1515151515151515,44,23,6,9,True,True,2,2,True,8,0,0.0,-0.03822158338695378,0.14905149051490518,True
9d749d768b639132,Paris,breakfast,2016Q4,2016Q3,0.2666666666666667,5,11,5,8,True,True,2,2,True,10,2,0.2,0.025279426455897015,0.2909090909090909,True
9d749d768b639132,Paris,noise,2016Q2,2016Q1,0.4666666666666667,10,2,3,8,True,True,2,2,True,10,3,0.3,0.023376623376623364,0.23376623376623373,True
9d7f698e6ff38b55,Barcelona,cleanliness,2016Q1,2015Q4,0.27380952380952395,14,18,2,9,True,True,2,2,True,10,3,0.3,0.027608621461596317,0.2962962962962963,True
9d7f698e6ff38b55,Barcelona,location,2016Q2,2016Q1,0.2838468720821661,53,24,3,9,True,True,2,2,True,10,5,0.5,0.1189892259902017,0.32000000000000006,True
9d7f698e6ff38b55,Barcelona,noise,2016Q3,2016Q2,0.5112781954887219,9,4,4,9,True,True,2,2,True,10,1,0.1,-0.021242744183920657,0.23076923076923073,True
9d7f698e6ff38b55,Barcelona,room,2016Q1,2015Q4,0.21857142857142864,40,46,2,9,True,True,2,2,True,10,2,0.2,0.010140315607746354,0.24880382775119614,True
9d7f698e6ff38b55,Barcelona,service,2016Q1,2015Q4,0.15686274509803932,24,41,2,9,True,True,2,2,True,10,1,0.1,-0.07947849006672539,0.25525525525525516,True
9d7f698e6ff38b55,Barcelona,service,2016Q4,2016Q3,0.2280701754385963,44,104,5,9,True,True,2,2,True,10,0,0.0,-0.0973269951184206,0.09411764705882364,True
9d7f698e6ff38b55,Barcelona,service,2017Q1,2016Q4,0.198581560283688,37,44,6,9,True,True,2,2,True,10,2,0.2,0.05646516201974537,0.31159420289855055,True
9d7f698e6ff38b55,Barcelona,value,2016Q4,2016Q3,0.27489177489177496,11,34,5,9,True,True,2,2,True,10,4,0.4,0.08129216796986627,0.35789473684210527,True
9da36376870f3211,Paris,noise,2016Q3,2016Q2,0.17647058823529416,7,4,4,9,True,True,2,2,True,10,4,0.4,0.08395354645354644,0.375,True
9da36376870f3211,Paris,room,2016Q3,2016Q2,0.24761904761904763,20,11,4,9,True,True,2,2,True,10,4,0.4,0.012960475763872659,0.33333333333333326,True
9da36376870f3211,Paris,service,2016Q3,2016Q2,0.17508417508417495,17,12,4,9,True,True,2,2,True,10,2,0.2,0.004199179170113698,0.2962962962962963,True
9db79a2451405a9e,Milan,breakfast,2016Q3,2016Q2,0.2724637681159421,36,20,4,9,True,True,2,2,True,10,2,0.2,-0.008234625378837934,0.25339366515837103,True
9db79a2451405a9e,Milan,cleanliness,2016Q3,2016Q2,0.1568627450980391,11,7,4,9,True,True,2,2,True,10,3,0.3,0.04543417109206582,0.23376623376623373,True
9db79a2451405a9e,Milan,cleanliness,2017Q1,2016Q4,0.31666666666666665,14,10,6,9,True,True,2,2,True,10,1,0.1,-0.0062854792266556995,0.20879120879120894,True
9db79a2451405a9e,Milan,location,2016Q1,2015Q4,0.17632850241545905,13,26,2,9,True,True,2,2,True,9,1,0.1111111111111111,-0.07721427370550175,0.16666666666666674,True
9db79a2451405a9e,Milan,noise,2016Q3,2016Q2,0.25874125874125875,12,3,4,9,True,True,2,2,True,10,1,0.1,-0.029610667110667142,0.18181818181818177,True
9db79a2451405a9e,Milan,room,2016Q3,2016Q2,0.5016458196181699,39,21,4,9,True,True,2,2,True,10,3,0.3,0.042624628166725555,0.4545454545454546,True
9db79a2451405a9e,Milan,room,2017Q1,2016Q4,0.22297297297297303,22,27,6,9,True,True,2,2,True,10,3,0.3,0.01886222225399774,0.4436090225563911,True
9db79a2451405a9e,Milan,service,2016Q1,2015Q4,0.21794871794871784,16,14,2,9,True,True,2,2,True,9,3,0.3333333333333333,0.07669850846321435,0.2749999999999999,True
9db79a2451405a9e,Milan,value,2016Q2,2016Q1,0.2974358974358974,5,3,3,9,True,True,2,2,True,10,3,0.3,0.01689976689976689,0.32167832167832155,True
9e811021d89f2fe0,Vienna,breakfast,2016Q1,2015Q4,0.18181818181818177,8,12,2,9,True,True,2,2,True,9,1,0.1111111111111111,-0.01298354644172702,0.1678321678321677,True
9e811021d89f2fe0,Vienna,breakfast,2016Q4,2016Q3,0.16483516483516492,16,4,5,9,True,True,2,2,True,10,1,0.1,-0.03457204987002712,0.15053763440860224,True
9e811021d89f2fe0,Vienna,room,2016Q4,2016Q3,0.44444444444444453,26,11,5,9,True,True,2,2,True,10,1,0.1,-0.05748169403360091,0.3977272727272727,True
9e811021d89f2fe0,Vienna,service,2017Q1,2016Q4,0.2738095238095237,11,22,6,9,True,True,2,2,True,10,1,0.1,-0.010542228239596652,0.2564102564102564,True
9e811021d89f2fe0,Vienna,value,2016Q1,2015Q4,0.20192307692307687,6,3,2,9,True,True,2,2,True,9,3,0.3333333333333333,0.018824385491052142,0.16666666666666663,True
9e846a10b4454c2e,Amsterdam,location,2016Q2,2016Q1,0.24825783972125426,46,31,3,9,True,True,2,2,True,10,1,0.1,0.001278735894744487,0.4173913043478261,True
9e846a10b4454c2e,Amsterdam,service,2016Q2,2016Q1,0.3844476744186047,54,33,3,9,True,True,2,2,True,10,3,0.3,0.03367580908397916,0.22113022113022107,True
9e846a10b4454c2e,Amsterdam,service,2016Q4,2016Q3,0.28717948717948727,29,60,5,9,True,True,2,2,True,10,1,0.1,-0.04048873755201458,0.15555555555555556,True
9e846a10b4454c2e,Amsterdam,value,2016Q3,2016Q2,0.27217741935483875,21,22,4,9,True,True,2,2,True,10,2,0.2,-0.01220756376586194,0.30000000000000004,True
9eaae4cc11a17792,Barcelona,breakfast,2016Q3,2016Q2,0.34166666666666656,20,6,4,9,True,True,2,2,True,10,3,0.3,0.026628549997424745,0.46823956442831216,True
9eaae4cc11a17792,Barcelona,breakfast,2017Q1,2016Q4,0.19138755980861255,12,9,6,9,True,True,2,2,True,10,1,0.1,-0.05682990558116463,0.15415821501014193,True
9eaae4cc11a17792,Barcelona,service,2016Q3,2016Q2,0.26956521739130435,20,13,4,9,True,True,2,2,True,10,4,0.4,0.13212228914608104,0.26009852216748763,True
9ed4333872b30fe9,Paris,service,2016Q1,2015Q4,0.22456140350877196,5,9,2,8,True,True,2,2,True,7,3,0.42857142857142855,0.11155824262455859,0.47001223990208074,True
9ee1433615a79472,London,breakfast,2016Q2,2016Q1,0.3153988868274583,39,1,3,9,True,True,2,2,True,9,5,0.5555555555555556,0.09713712213712215,0.29166666666666674,True
9ee1433615a79472,London,cleanliness,2016Q2,2016Q1,0.588235294117647,24,0,3,9,True,True,2,2,True,9,2,0.2222222222222222,0.004070004070004105,0.16666666666666674,True
9ee1433615a79472,London,location,2016Q2,2016Q1,0.3123732251521296,77,7,3,9,True,True,2,2,True,9,2,0.2222222222222222,0.03390218490220788,0.38596491228070173,True
9ee1433615a79472,London,room,2016Q2,2016Q1,0.44534412955465585,104,3,3,9,True,True,2,2,True,9,3,0.3333333333333333,0.04330514254979988,0.2666666666666666,True
9ee1433615a79472,London,service,2016Q2,2016Q1,0.2068181818181818,100,6,3,9,True,True,2,2,True,9,3,0.3333333333333333,0.08961180427374739,0.3376623376623378,True
9f497a9efd553215,Paris,cleanliness,2016Q4,2016Q3,0.2606516290726817,11,9,5,7,True,True,2,2,True,10,0,0.0,-0.05309837737082316,0.13986013986014,True
9f497a9efd553215,Paris,room,2016Q4,2016Q3,0.20238095238095255,18,14,5,7,True,True,2,2,True,10,0,0.0,-0.11314980822411165,0.08104575163398697,True
9f772f589a522690,Barcelona,location,2016Q2,2016Q1,0.19047619047619047,11,5,3,9,True,True,2,2,True,10,3,0.3,0.07008547915283196,0.36923076923076925,True
9f772f589a522690,Barcelona,room,2016Q2,2016Q1,0.20952380952380945,11,5,3,9,True,True,2,2,True,10,2,0.2,0.07178714851744554,0.4223722275795565,True
9fea058c1e963cb4,Barcelona,location,2016Q1,2015Q4,0.16666666666666674,14,5,2,9,True,True,2,2,True,7,2,0.2857142857142857,0.050267830349912,0.2538699690402477,True
9fea058c1e963cb4,Barcelona,room,2017Q1,2016Q4,0.2222222222222222,8,8,6,9,True,True,2,2,True,9,2,0.2222222222222222,0.05253421708830466,0.3999999999999999,True
9ff4d7d870234315,Amsterdam,breakfast,2016Q1,2015Q4,0.357843137254902,14,7,2,9,True,True,2,2,True,8,3,0.375,0.14082872221594175,0.5172413793103448,True
9ff4d7d870234315,Amsterdam,cleanliness,2016Q3,2016Q2,0.3450980392156864,7,5,4,9,True,True,2,2,True,9,4,0.4444444444444444,0.004486033032578157,0.2819472616632859,True
9ff4d7d870234315,Amsterdam,noise,2016Q2,2016Q1,0.4338235294117647,6,7,3,9,True,True,2,2,True,9,2,0.2222222222222222,-0.002871620028482772,0.1678321678321677,True
9ff4d7d870234315,Amsterdam,room,2016Q2,2016Q1,0.228937728937729,46,68,3,9,True,True,2,2,True,9,0,0.0,-0.06270822210514708,0.12794612794612803,True
9ff4d7d870234315,Amsterdam,value,2016Q3,2016Q2,0.2107843137254901,14,7,4,9,True,True,2,2,True,9,0,0.0,-0.07978598525287829,0.13032581453634084,True
a051a59fc374dadc,Paris,cleanliness,2017Q1,2016Q4,0.1587301587301586,8,4,6,6,True,True,2,2,True,10,4,0.4,0.06327642945290005,0.1678321678321678,True
a051a59fc374dadc,Paris,service,2017Q1,2016Q4,0.24844720496894412,13,11,6,6,True,True,2,2,True,10,3,0.3,0.010449694620476868,0.3529411764705883,True
a106d9a9fcdad645,Paris,location,2016Q2,2016Q1,0.1841432225063937,13,7,3,9,True,True,2,2,True,9,4,0.4444444444444444,0.13484263889085987,0.3535353535353536,True
a106d9a9fcdad645,Paris,noise,2016Q1,2015Q4,0.24242424242424243,5,1,2,9,True,True,2,2,True,8,1,0.125,0.013970588235294124,0.16666666666666674,True
a106d9a9fcdad645,Paris,room,2016Q1,2015Q4,0.23611111111111116,6,8,2,9,True,True,2,2,True,8,3,0.375,0.04206038058643005,0.22943722943722955,True
a106d9a9fcdad645,Paris,room,2016Q3,2016Q2,0.28181818181818186,10,12,4,9,True,True,2,2,True,10,2,0.2,0.0629157850582336,0.1967592592592593,True
a1453372bd850e7c,London,room,2016Q2,2016Q1,0.18803418803418803,8,3,3,9,True,True,2,2,True,10,1,0.1,-0.012483116155417206,0.29032258064516125,True
a1453372bd850e7c,London,service,2016Q2,2016Q1,0.15909090909090917,6,1,3,9,True,True,2,2,True,10,2,0.2,0.0331516783904046,0.1748602274918063,True
a1d42f5f541d7ada,Paris,breakfast,2016Q1,2015Q4,0.15909090909090917,6,1,2,9,True,True,2,2,True,9,1,0.1111111111111111,0.0030104398525451093,0.26315789473684215,True
a1d42f5f541d7ada,Paris,breakfast,2016Q4,2016Q3,0.3072100313479623,12,19,5,9,True,True,2,2,True,10,2,0.2,0.03147186147186147,0.25757575757575746,True
a1d42f5f541d7ada,Paris,cleanliness,2016Q2,2016Q1,0.38888888888888906,26,8,3,9,True,True,2,2,True,9,0,0.0,-0.007170607170607147,0.12307692307692308,True
a1d42f5f541d7ada,Paris,location,2016Q2,2016Q1,0.25,46,14,3,9,True,True,2,2,True,9,1,0.1111111111111111,-0.0837331317155878,0.2342857142857142,True
a1d42f5f541d7ada,Paris,noise,2016Q1,2015Q4,0.19999999999999996,5,2,2,9,True,True,2,2,True,9,0,0.0,-0.0828800828800829,0.0,True
a1d42f5f541d7ada,Paris,room,2016Q2,2016Q1,0.20983606557377055,51,15,3,9,True,True,2,2,True,9,2,0.2222222222222222,0.058746824974895126,0.3472222222222222,True
a1d42f5f541d7ada,Paris,service,2016Q2,2016Q1,0.18259935553168627,39,9,3,9,True,True,2,2,True,9,1,0.1111111111111111,-0.04060633613489539,0.23076923076923084,True
a1d42f5f541d7ada,Paris,service,2016Q3,2016Q2,0.15110725141120285,37,39,4,9,True,True,2,2,True,9,2,0.2222222222222222,0.005070728952905477,0.16923076923076907,True
a1d42f5f541d7ada,Paris,value,2016Q4,2016Q3,0.3418803418803419,8,16,5,9,True,True,2,2,True,10,1,0.1,-0.004895104895104885,0.16666666666666663,True
a1e157d50cc04a7f,London,noise,2016Q3,2016Q2,0.15555555555555556,5,8,4,9,True,True,2,2,True,10,1,0.1,-0.0852201140493643,0.16666666666666674,True
a1e157d50cc04a7f,London,room,2017Q1,2016Q4,0.27311827956989243,52,50,6,9,True,True,2,2,True,10,0,0.0,-0.02022351707986565,0.14337247678256204,True
a1e157d50cc04a7f,London,service,2016Q2,2016Q1,0.16749585406301826,57,44,3,9,True,True,2,2,True,10,1,0.1,-0.09565388387496712,0.16923076923076907,True
a21112b67df630ae,London,breakfast,2016Q2,2016Q1,0.3999999999999999,5,5,3,9,True,True,2,2,True,9,1,0.1111111111111111,-0.024694189825768726,0.2834008097165991,True
a21112b67df630ae,London,location,2017Q1,2016Q4,0.2753623188405798,20,13,6,9,True,True,2,2,True,10,1,0.1,-0.017060671257669434,0.20320855614973277,True
a21112b67df630ae,London,room,2016Q3,2016Q2,0.18181818181818177,12,12,4,9,True,True,2,2,True,10,2,0.2,-0.011185105750381263,0.2222222222222222,True
a222ecda4c4ab3b0,Vienna,breakfast,2016Q1,2015Q4,0.32000000000000006,15,15,2,9,True,True,2,2,True,10,2,0.2,0.011036701688404437,0.18181818181818177,True
a222ecda4c4ab3b0,Vienna,breakfast,2016Q4,2016Q3,0.37677419354838715,15,21,5,9,True,True,2,2,True,10,1,0.1,-0.050734541682434596,0.16483516483516492,True
a222ecda4c4ab3b0,Vienna,cleanliness,2016Q2,2016Q1,0.2592592592592593,8,17,3,9,True,True,2,2,True,10,1,0.1,-0.010866535425358948,0.29807692307692313,True
a222ecda4c4ab3b0,Vienna,cleanliness,2016Q4,2016Q3,0.3257575757575757,12,14,5,9,True,True,2,2,True,10,0,0.0,-0.0641318158965218,0.09090909090909083,True
a222ecda4c4ab3b0,Vienna,cleanliness,2017Q1,2016Q4,0.2020202020202021,8,12,6,9,True,True,2,2,True,9,0,0.0,-0.017015809172671908,0.07692307692307687,True
a222ecda4c4ab3b0,Vienna,noise,2016Q3,2016Q2,0.25,8,6,4,9,True,True,2,2,True,10,0,0.0,0.0077880452880452426,0.14423076923076916,True
a222ecda4c4ab3b0,Vienna,value,2016Q2,2016Q1,0.24444444444444446,5,8,3,9,True,True,2,2,True,10,0,0.0,-0.034318181818181824,0.09090909090909094,True
a222ecda4c4ab3b0,Vienna,value,2016Q4,2016Q3,0.3553113553113554,11,16,5,9,True,True,2,2,True,10,0,0.0,-0.09051242617032093,0.09090909090909094,True
a2768c2991fe011e,London,breakfast,2016Q1,2015Q4,0.3856806898353802,79,33,2,9,True,True,2,2,True,6,0,0.0,-0.07289657045341356,0.08031599736668849,True
a2768c2991fe011e,London,breakfast,2016Q4,2016Q3,0.248447204968944,25,36,5,9,True,True,2,2,True,7,2,0.2857142857142857,-0.054352904321338165,0.2222222222222222,True
a2768c2991fe011e,London,cleanliness,2016Q1,2015Q4,0.17037037037037028,44,35,2,9,True,True,2,2,True,6,0,0.0,-0.033735029465579734,0.09090909090909094,True
a2768c2991fe011e,London,cleanliness,2017Q1,2016Q4,0.30877192982456125,50,28,6,9,True,True,2,2,True,8,1,0.125,-0.01247862261295421,0.24242424242424243,True
a2768c2991fe011e,London,noise,2016Q4,2016Q3,0.21994884910485935,13,7,5,9,True,True,2,2,True,7,2,0.2857142857142857,0.041685811358986226,0.416267942583732,True
a2768c2991fe011e,London,service,2016Q1,2015Q4,0.17460317460317465,172,116,2,9,True,True,2,2,True,6,0,0.0,-0.024578781236328024,0.03809523809523796,True
a2768c2991fe011e,London,value,2016Q1,2015Q4,0.35119047619047616,38,32,2,9,True,True,2,2,True,6,1,0.16666666666666666,-0.005697085231398928,0.44166666666666665,True
a2768c2991fe011e,London,value,2016Q3,2016Q2,0.20952380952380956,35,53,4,9,True,True,2,2,True,6,1,0.16666666666666666,0.008275191859915912,0.40766550522648093,True
a28fb3a61ef715be,Vienna,breakfast,2016Q1,2015Q4,0.1766381766381766,17,16,2,9,True,True,2,2,True,9,1,0.1111111111111111,-0.02046704445397259,0.2250000000000001,True
a28fb3a61ef715be,Vienna,cleanliness,2016Q4,2016Q3,0.5584415584415584,12,4,5,9,True,True,2,2,True,10,2,0.2,-0.04641400420812188,0.21978021978021978,True
a28fb3a61ef715be,Vienna,location,2016Q1,2015Q4,0.17333333333333334,20,15,2,9,True,True,2,2,True,9,3,0.3333333333333333,0.02554687792045894,0.2435897435897436,True
a28fb3a61ef715be,Vienna,service,2016Q4,2016Q3,0.21943573667711602,19,12,5,9,True,True,2,2,True,10,1,0.1,-0.04195134555412487,0.2058823529411764,True
a28fb3a61ef715be,Vienna,value,2017Q1,2016Q4,0.1777777777777778,8,10,6,9,True,True,2,2,True,10,5,0.5,0.10424227309509049,0.36111111111111116,True
a2fc3bd56134386d,Barcelona,breakfast,2017Q1,2016Q4,0.18055555555555558,35,38,6,9,True,True,2,2,True,10,4,0.4,0.029444104700532225,0.19138755980861255,True
a2fc3bd56134386d,Barcelona,cleanliness,2016Q1,2015Q4,0.21052631578947367,9,9,2,9,True,True,2,2,True,10,4,0.4,0.1090899424531138,0.28959276018099556,True
a2fc3bd56134386d,Barcelona,noise,2016Q3,2016Q2,0.26442307692307687,29,22,4,9,True,True,2,2,True,10,2,0.2,0.007706023729041634,0.17194570135746612,True
a2fc3bd56134386d,Barcelona,room,2016Q1,2015Q4,0.2592592592592593,44,35,2,9,True,True,2,2,True,10,4,0.4,0.08493876184239704,0.3088235294117647,True
a2fc3bd56134386d,Barcelona,room,2017Q1,2016Q4,0.30375939849624056,85,95,6,9,True,True,2,2,True,10,2,0.2,-0.024576327952647314,0.3650793650793652,True
a2fc3bd56134386d,Barcelona,service,2016Q1,2015Q4,0.24575163398692812,35,24,2,9,True,True,2,2,True,10,1,0.1,0.01989536535277887,0.15810276679841917,True
a2fc3bd56134386d,Barcelona,service,2016Q2,2016Q1,0.18304093567251467,66,35,3,9,True,True,2,2,True,10,1,0.1,-0.07268584380455495,0.16521739130434798,True
a2fc3bd56134386d,Barcelona,value,2017Q1,2016Q4,0.3397129186602871,9,12,6,9,True,True,2,2,True,10,2,0.2,0.05365869823774548,0.2575757575757577,True
a333824d30ab79fc,Milan,room,2016Q3,2016Q2,0.36111111111111116,8,6,4,9,True,True,2,2,True,9,1,0.1111111111111111,-0.0483496036127615,0.22456140350877196,True
a38d1b8bbc5d3899,Paris,location,2016Q3,2016Q2,0.36105476673427983,19,7,4,9,True,True,2,2,True,10,3,0.3,0.10646539982743164,0.2914979757085021,True
a38d1b8bbc5d3899,Paris,room,2016Q3,2016Q2,0.26296296296296295,17,10,4,9,True,True,2,2,True,10,3,0.3,-0.014327697984105891,0.26315789473684215,True
a38d1b8bbc5d3899,Paris,room,2016Q4,2016Q3,0.1620370370370371,6,17,5,9,True,True,2,2,True,10,1,0.1,-0.0386438610308414,0.18718094157685772,True
a38d1b8bbc5d3899,Paris,service,2016Q2,2016Q1,0.2450980392156863,7,2,3,9,True,True,2,2,True,8,1,0.125,-0.04826937445938992,0.17500000000000004,True
a3c25e521fbde264,Paris,location,2016Q2,2016Q1,0.16666666666666652,5,2,3,9,True,True,2,2,True,10,2,0.2,0.05603533721180777,0.4444444444444444,True
a3c25e521fbde264,Paris,location,2016Q4,2016Q3,0.24291497975708487,9,3,5,9,True,True,2,2,True,10,0,0.0,-0.09535888711069677,0.0,True
a3c25e521fbde264,Paris,room,2017Q1,2016Q4,0.19195046439628483,7,9,6,9,True,True,2,2,True,10,1,0.1,-0.04391357180830866,0.19999999999999996,True
a3d494b35ff7cb69,Milan,room,2016Q3,2016Q2,0.4369747899159665,7,4,4,9,True,True,2,2,True,10,4,0.4,0.09980196086686957,0.29166666666666663,True
a3dfc01bc2c5f217,Barcelona,breakfast,2016Q4,2016Q3,0.17592592592592593,14,17,5,9,True,True,2,2,True,10,2,0.2,-0.016626172898450465,0.25816993464052285,True
a3dfc01bc2c5f217,Barcelona,breakfast,2017Q1,2016Q4,0.35,20,14,6,9,True,True,2,2,True,10,2,0.2,-0.021480641381031763,0.18300653594771243,True
a3dfc01bc2c5f217,Barcelona,cleanliness,2016Q2,2016Q1,0.1859070464767616,36,19,3,9,True,True,2,2,True,10,3,0.3,-0.039502802370762244,0.213903743315508,True
a3dfc01bc2c5f217,Barcelona,cleanliness,2017Q1,2016Q4,0.1678486997635933,26,37,6,9,True,True,2,2,True,10,2,0.2,0.026678474020329634,0.19047619047619047,True
a3dfc01bc2c5f217,Barcelona,location,2016Q4,2016Q3,0.2493345164152616,39,36,5,9,True,True,2,2,True,10,1,0.1,-0.044059518637299566,0.16878402903811263,True
a3dfc01bc2c5f217,Barcelona,noise,2016Q1,2015Q4,0.5666666666666665,10,2,2,9,True,True,2,2,True,10,1,0.1,-0.08647876976824345,0.2807017543859649,True
a3dfc01bc2c5f217,Barcelona,room,2017Q1,2016Q4,0.21600877192982448,47,54,6,9,True,True,2,2,True,10,2,0.2,-0.06039777351723702,0.2020202020202021,True
a3dfc01bc2c5f217,Barcelona,service,2016Q1,2015Q4,0.2416534181240062,24,27,2,9,True,True,2,2,True,10,3,0.3,0.059004974403736865,0.3308270676691729,True
a3dfc01bc2c5f217,Barcelona,value,2016Q2,2016Q1,0.2678062678062677,17,3,3,9,True,True,2,2,True,10,2,0.2,-0.05405752743988038,0.28431372549019607,True
a3e697bfecfc6d28,London,breakfast,2016Q4,2016Q3,0.22712842712842707,80,67,5,9,True,True,2,2,True,8,2,0.25,-0.025055108136955426,0.17791116446578636,True
a3e697bfecfc6d28,London,noise,2016Q4,2016Q3,0.3999999999999999,10,10,5,9,True,True,2,2,True,8,2,0.25,-0.04623528568381509,0.22527472527472525,True
a3e697bfecfc6d28,London,service,2016Q4,2016Q3,0.21411537222043187,135,97,5,9,True,True,2,2,True,8,0,0.0,-0.03025596062281817,0.05494505494505497,True
a3fc8cde0f6ba01e,Barcelona,room,2016Q2,2016Q1,0.27450980392156865,7,5,3,9,True,True,2,2,True,8,1,0.125,-0.09185059257621177,0.22807017543859653,True
a412232e0cadbd6f,Paris,breakfast,2016Q3,2016Q2,0.19999999999999996,5,0,4,9,True,True,2,2,True,9,2,0.2222222222222222,0.0352792662225665,0.2974358974358975,True
a412232e0cadbd6f,Paris,location,2016Q3,2016Q2,0.24749163879598646,13,3,4,9,True,True,2,2,True,9,3,0.3333333333333333,0.1001501202075915,0.33999999999999986,True
a412232e0cadbd6f,Paris,room,2016Q3,2016Q2,0.4125874125874126,12,3,4,9,True,True,2,2,True,9,0,0.0,-0.07364923436352008,0.12372448979591832,True
a412232e0cadbd6f,Paris,service,2016Q2,2016Q1,0.16666666666666652,5,2,3,9,True,True,2,2,True,9,1,0.1111111111111111,-0.081970499623303,0.1558441558441559,True
a447aba8a201ed2e,London,breakfast,2016Q1,2015Q4,0.15652173913043477,13,5,2,9,True,True,2,2,True,9,3,0.3333333333333333,0.01347982929591143,0.24615384615384617,True
a447aba8a201ed2e,London,cleanliness,2017Q1,2016Q4,0.2944297082228118,19,16,6,9,True,True,2,2,True,9,3,0.3333333333333333,0.06283803099191498,0.31666666666666665,True
a447aba8a201ed2e,London,value,2016Q2,2016Q1,0.2628571428571428,11,15,3,9,True,True,2,2,True,9,1,0.1111111111111111,-0.048633416344847163,0.21794871794871795,True
a48cea01b1c804e3,Vienna,breakfast,2017Q1,2016Q4,0.23809523809523814,6,11,6,9,True,True,2,2,True,10,2,0.2,0.04554805751920045,0.25,True
a48cea01b1c804e3,Vienna,cleanliness,2016Q3,2016Q2,0.32638888888888884,22,8,4,9,True,True,2,2,True,10,2,0.2,0.01201675947031985,0.375,True
a48cea01b1c804e3,Vienna,location,2016Q3,2016Q2,0.16883116883116878,34,18,4,9,True,True,2,2,True,10,0,0.0,-0.019948724558048393,0.12631578947368438,True
a48cea01b1c804e3,Vienna,room,2016Q3,2016Q2,0.2148148148148148,40,17,4,9,True,True,2,2,True,10,3,0.3,0.0638907140598519,0.4940711462450592,True
a48cea01b1c804e3,Vienna,room,2017Q1,2016Q4,0.19797979797979814,35,34,6,9,True,True,2,2,True,10,1,0.1,-0.0452691862347566,0.2810810810810811,True
a48cea01b1c804e3,Vienna,service,2016Q1,2015Q4,0.22750000000000004,22,40,2,9,True,True,2,2,True,10,2,0.2,0.014527253743460167,0.45238095238095244,True
a48cea01b1c804e3,Vienna,service,2016Q3,2016Q2,0.25274725274725274,29,18,4,9,True,True,2,2,True,10,2,0.2,-0.026527428321698722,0.23308270676691745,True
a48cea01b1c804e3,Vienna,value,2016Q4,2016Q3,0.17725752508361203,13,16,5,9,True,True,2,2,True,10,0,0.0,-0.031092530211197667,0.1428571428571428,True
a4c281e167bbf387,Paris,breakfast,2016Q3,2016Q2,0.33333333333333326,5,0,4,9,True,True,2,2,True,9,1,0.1111111111111111,-0.0007630283946073643,0.16666666666666663,True
a4c281e167bbf387,Paris,location,2016Q3,2016Q2,0.25287356321839094,19,5,4,9,True,True,2,2,True,9,2,0.2222222222222222,0.07260534469836791,0.36923076923076925,True
a4c281e167bbf387,Paris,room,2016Q1,2015Q4,0.24880382775119625,9,12,2,9,True,True,2,2,True,8,1,0.125,0.035928815579508805,0.33333333333333326,True
a4c281e167bbf387,Paris,room,2016Q3,2016Q2,0.21929824561403521,14,9,4,9,True,True,2,2,True,9,1,0.1111111111111111,0.04413041005080481,0.23703703703703694,True
a4c281e167bbf387,Paris,service,2017Q1,2016Q4,0.16666666666666652,11,14,6,9,True,True,2,2,True,10,3,0.3,0.019818224641180816,0.3529411764705883,True
a4e814d414225739,Paris,location,2016Q2,2016Q1,0.33333333333333326,5,2,3,9,True,True,2,2,True,9,1,0.1111111111111111,0.026936817073095722,0.2920892494929006,True
a4e814d414225739,Paris,location,2017Q1,2016Q4,0.24242424242424243,5,1,6,9,True,True,2,2,True,9,0,0.0,-0.001341447223800153,0.11764705882352944,True
a51171f60574a6c9,Barcelona,breakfast,2017Q1,2016Q4,0.17391304347826098,13,13,6,9,True,True,2,2,True,10,2,0.2,0.020522630437241385,0.33333333333333337,True
a51171f60574a6c9,Barcelona,location,2016Q2,2016Q1,0.18681318681318682,42,18,3,9,True,True,2,2,True,8,2,0.25,-0.02685709120328983,0.19047619047619047,True
a51171f60574a6c9,Barcelona,location,2017Q1,2016Q4,0.1506493506493507,23,25,6,9,True,True,2,2,True,10,2,0.2,-0.0888270416854577,0.1809954751131222,True
a51171f60574a6c9,Barcelona,noise,2016Q3,2016Q2,0.2685185185185185,14,17,4,9,True,True,2,2,True,9,3,0.3333333333333333,0.033814333814333825,0.2857142857142857,True
a516298a83ea37b3,London,breakfast,2016Q1,2015Q4,0.24281609195402287,38,19,2,9,True,True,2,2,True,10,2,0.2,-0.11350611514481534,0.3076923076923076,True
a516298a83ea37b3,London,cleanliness,2017Q1,2016Q4,0.2761904761904763,32,30,6,9,True,True,2,2,True,10,2,0.2,0.04508383948286887,0.26028921023359286,True
a516298a83ea37b3,London,noise,2016Q3,2016Q2,0.1578947368421053,14,9,4,9,True,True,2,2,True,10,2,0.2,-0.0169652800932641,0.20879120879120883,True
a520d98e1485c84d,Barcelona,breakfast,2016Q1,2015Q4,0.16849816849816845,25,29,2,9,True,True,2,2,True,10,2,0.2,0.00025818932711071387,0.2564102564102564,True
a520d98e1485c84d,Barcelona,breakfast,2016Q4,2016Q3,0.1722488038277512,9,23,5,9,True,True,2,2,True,10,3,0.3,0.017893586094992718,0.25816993464052285,True
a520d98e1485c84d,Barcelona,noise,2016Q2,2016Q1,0.18729096989966554,13,16,3,9,True,True,2,2,True,10,3,0.3,-0.030818367219296004,0.23076923076923084,True
a520d98e1485c84d,Barcelona,service,2016Q4,2016Q3,0.3181818181818181,12,34,5,9,True,True,2,2,True,10,1,0.1,0.008495035014811492,0.3397528025294625,True
a52b02c692a0cae1,Paris,breakfast,2016Q4,2016Q3,0.19999999999999996,8,5,5,9,True,True,2,2,True,10,1,0.1,-0.11725113122171948,0.3095238095238094,True
a52b02c692a0cae1,Paris,room,2016Q2,2016Q1,0.15040650406504064,31,14,3,9,True,True,2,2,True,10,1,0.1,-0.033673761589362625,0.16666666666666674,True
a52b02c692a0cae1,Paris,value,2016Q3,2016Q2,0.3431372549019608,7,2,4,9,True,True,2,2,True,10,3,0.3,0.04335860218213154,0.23076923076923073,True
a538b8a07435b26f,Paris,service,2016Q3,2016Q2,0.16521739130434798,13,10,4,9,True,True,2,2,True,9,1,0.1111111111111111,-0.016173267305539325,0.20952380952380945,True
a59829d13981ff31,Paris,location,2016Q2,2016Q1,0.2342857142857142,15,4,3,9,True,True,2,2,True,9,2,0.2222222222222222,0.007746625355321063,0.3056653491436101,True
a59829d13981ff31,Paris,location,2017Q1,2016Q4,0.17500000000000004,6,5,6,9,True,True,2,2,True,9,1,0.1111111111111111,0.02318232449811402,0.24291497975708487,True
a59829d13981ff31,Paris,room,2016Q2,2016Q1,0.15757575757575748,12,5,3,9,True,True,2,2,True,9,2,0.2222222222222222,0.05298182595853001,0.22000000000000008,True
a59829d13981ff31,Paris,service,2016Q3,2016Q2,0.15320910973084878,13,11,4,9,True,True,2,2,True,9,2,0.2222222222222222,0.01868116727667525,0.16923076923076907,True
a59829d13981ff31,Paris,service,2017Q1,2016Q4,0.19047619047619047,5,4,6,9,True,True,2,2,True,9,1,0.1111111111111111,-0.028328462801148327,0.20833333333333326,True
a5ce10a39a7a83d1,Paris,breakfast,2016Q1,2015Q4,0.4191176470588235,6,7,2,9,True,True,2,2,True,8,1,0.125,-0.033677320381986356,0.2666666666666666,True
a5ce10a39a7a83d1,Paris,location,2016Q2,2016Q1,0.40476190476190466,18,14,3,9,True,True,2,2,True,9,2,0.2222222222222222,0.03482091330590006,0.2914979757085021,True
a5ce10a39a7a83d1,Paris,location,2016Q4,2016Q3,0.16756756756756763,27,10,5,9,True,True,2,2,True,8,0,0.0,-0.036351800776955295,0.10666666666666669,True
a5ce10a39a7a83d1,Paris,room,2017Q1,2016Q4,0.24541062801932367,13,35,6,9,True,True,2,2,True,8,1,0.125,0.011696898207071635,0.2807017543859649,True
a5ce10a39a7a83d1,Paris,service,2016Q2,2016Q1,0.17241379310344818,19,12,3,9,True,True,2,2,True,9,3,0.3333333333333333,-0.011946430982975369,0.2134387351778657,True
a5ce10a39a7a83d1,Paris,service,2016Q4,2016Q3,0.1578947368421053,20,9,5,9,True,True,2,2,True,8,1,0.125,-0.03601995211349179,0.24444444444444446,True
a64677b1da8de53d,Barcelona,breakfast,2016Q4,2016Q3,0.3380952380952382,10,11,5,9,True,True,2,2,True,10,1,0.1,-0.03658077465603765,0.25,True
a64677b1da8de53d,Barcelona,cleanliness,2016Q3,2016Q2,0.4999999999999999,10,10,4,9,True,True,2,2,True,10,1,0.1,-0.1599265440441911,0.22307692307692317,True
a64677b1da8de53d,Barcelona,location,2016Q3,2016Q2,0.34811165845648606,19,11,4,9,True,True,2,2,True,10,2,0.2,0.05109578517425697,0.27254901960784306,True
a64677b1da8de53d,Barcelona,room,2017Q1,2016Q4,0.3128342245989306,34,24,6,9,True,True,2,2,True,10,2,0.2,0.018382651095047588,0.31313131313131304,True
a64677b1da8de53d,Barcelona,service,2016Q3,2016Q2,0.15619694397283546,21,9,4,9,True,True,2,2,True,10,4,0.4,0.1251110331955904,0.26956521739130435,True
a660e3798d549b8b,Milan,breakfast,2016Q1,2015Q4,0.27368421052631575,9,5,2,9,True,True,2,2,True,10,3,0.3,-0.014240899583439059,0.22537878787878785,True
a660e3798d549b8b,Milan,breakfast,2016Q3,2016Q2,0.3010033444816054,29,13,4,9,True,True,2,2,True,10,4,0.4,0.04019989375320798,0.2815437902028699,True
a660e3798d549b8b,Milan,cleanliness,2016Q3,2016Q2,0.43999999999999995,15,2,4,9,True,True,2,2,True,10,3,0.3,0.03835263908406319,0.2666666666666666,True
a660e3798d549b8b,Milan,location,2016Q2,2016Q1,0.2222222222222221,14,8,3,9,True,True,2,2,True,10,1,0.1,0.02149499406165367,0.4329004329004329,True
a660e3798d549b8b,Milan,location,2016Q3,2016Q2,0.16666666666666674,30,14,4,9,True,True,2,2,True,10,2,0.2,-0.024443506619195053,0.3362068965517242,True
a660e3798d549b8b,Milan,room,2016Q1,2015Q4,0.18181818181818188,12,12,2,9,True,True,2,2,True,10,3,0.3,-0.02503561101897398,0.30952380952380965,True
a660e3798d549b8b,Milan,service,2016Q3,2016Q2,0.1777777777777778,35,17,4,9,True,True,2,2,True,10,3,0.3,0.0459695831251961,0.27368421052631575,True
a69cb3134ba6ab0f,Barcelona,breakfast,2016Q4,2016Q3,0.25816993464052285,26,24,5,9,True,True,2,2,True,10,3,0.3,0.009301473013715556,0.2222222222222221,True
a69cb3134ba6ab0f,Barcelona,location,2016Q3,2016Q2,0.22557651991614258,35,43,4,9,True,True,2,2,True,10,3,0.3,0.05585032003326899,0.5515151515151515,True
a69cb3134ba6ab0f,Barcelona,location,2017Q1,2016Q4,0.2769607843137255,24,38,6,9,True,True,2,2,True,10,1,0.1,-0.06625018039633283,0.21663172606568848,True
a69cb3134ba6ab0f,Barcelona,noise,2016Q3,2016Q2,0.4,5,8,4,9,True,True,2,2,True,10,2,0.2,-0.0231801143821604,0.319047619047619,True
a69cb3134ba6ab0f,Barcelona,noise,2017Q1,2016Q4,0.2406417112299465,7,12,6,9,True,True,2,2,True,10,0,0.0,-0.08473165009710977,0.09907120743034059,True
a69cb3134ba6ab0f,Barcelona,service,2016Q1,2015Q4,0.30959752321981426,9,41,2,9,True,True,2,2,True,10,3,0.3,0.04955833807119854,0.3308270676691729,True
a69cb3134ba6ab0f,Barcelona,value,2016Q2,2016Q1,0.2499999999999999,14,2,3,9,True,True,2,2,True,10,2,0.2,-0.037821307942791316,0.28431372549019607,True
a69cb3134ba6ab0f,Barcelona,value,2016Q4,2016Q3,0.2941176470588235,6,7,5,9,True,True,2,2,True,10,1,0.1,0.0004583293993311033,0.22943722943722944,True
a69f07e7ddc0bd52,Paris,value,2016Q3,2016Q2,0.16666666666666663,6,2,4,9,True,True,2,2,True,10,3,0.3,0.09832454095611987,0.32167832167832155,True
a70265864db0d923,London,cleanliness,2016Q1,2015Q4,0.8103448275862069,10,19,2,9,True,True,2,2,True,10,1,0.1,0.046656192985954636,0.3031007751937983,True
a70265864db0d923,London,cleanliness,2016Q3,2016Q2,0.2384615384615385,16,10,4,9,True,True,2,2,True,10,1,0.1,-0.03657149997182481,0.16296296296296298,True
a70265864db0d923,London,cleanliness,2017Q1,2016Q4,0.41189931350114417,9,13,6,9,True,True,2,2,True,9,1,0.1111111111111111,-0.05795879799107447,0.2941176470588236,True
a70265864db0d923,London,noise,2016Q4,2016Q3,0.21333333333333337,15,11,5,9,True,True,2,2,True,9,0,0.0,-0.12760978545187576,0.0293040293040292,True
a70265864db0d923,London,room,2016Q1,2015Q4,0.4655172413793104,48,50,2,9,True,True,2,2,True,10,1,0.1,0.025143087385320274,0.25186660029865604,True
a70265864db0d923,London,service,2016Q1,2015Q4,0.1767881241565452,29,28,2,9,True,True,2,2,True,10,3,0.3,0.07589288511879777,0.2812742812742812,True
a70265864db0d923,London,service,2017Q1,2016Q4,0.29494949494949496,23,35,6,9,True,True,2,2,True,9,1,0.1111111111111111,-0.01037937128278843,0.22771633051398843,True
a70265864db0d923,London,value,2016Q1,2015Q4,0.32352941176470584,7,10,2,9,True,True,2,2,True,10,4,0.4,0.08919062872189662,0.38423645320197053,True
a7443b6fa6bcacb4,Amsterdam,room,2016Q1,2015Q4,0.15151515151515138,11,12,2,9,True,True,2,2,True,9,0,0.0,-0.042738373381216256,0.09625668449197855,True
a7443b6fa6bcacb4,Amsterdam,room,2016Q4,2016Q3,0.3157894736842105,9,9,5,9,True,True,2,2,True,10,0,0.0,-0.09307156671697633,0.1280193236714975,True
a7443b6fa6bcacb4,Amsterdam,service,2016Q1,2015Q4,0.18131868131868134,16,18,2,9,True,True,2,2,True,9,2,0.2222222222222222,0.06753488457207484,0.2272727272727273,True
a7443b6fa6bcacb4,Amsterdam,value,2016Q1,2015Q4,0.22689075630252098,7,4,2,9,True,True,2,2,True,9,1,0.1111111111111111,0.025834975735470937,0.4285714285714286,True
a7f9208fc2cf0b9f,London,breakfast,2016Q3,2016Q2,0.16025641025641024,16,14,4,9,True,True,2,2,True,9,1,0.1111111111111111,0.07181402294906616,0.34018264840182644,True
a7f9208fc2cf0b9f,London,cleanliness,2016Q3,2016Q2,0.21967963386727685,9,13,4,9,True,True,2,2,True,9,0,0.0,-0.11530451579568846,0.11773049645390077,True
a7f9208fc2cf0b9f,London,noise,2017Q1,2016Q4,0.47870182555780927,7,19,6,9,True,True,2,2,True,10,1,0.1,-0.05144626824550291,0.21671826625387003,True
a7f9208fc2cf0b9f,London,value,2017Q1,2016Q4,0.38117647058823523,7,15,6,9,True,True,2,2,True,10,7,0.7,0.22077797824706108,0.40882694541231124,True
a819970bc093a57f,London,room,2016Q1,2015Q4,0.2834008097165991,9,3,2,9,True,True,2,2,True,9,1,0.1111111111111111,0.04085657932318192,0.2222222222222222,True
a819970bc093a57f,London,room,2016Q4,2016Q3,0.238213399503722,16,21,5,9,True,True,2,2,True,10,1,0.1,-0.0725862738137751,0.20476858345021032,True
a819970bc093a57f,London,service,2016Q2,2016Q1,0.25,14,6,3,9,True,True,2,2,True,9,2,0.2222222222222222,0.096294176797356,0.24448217317487253,True
a82cec6dfde7ddd6,Barcelona,breakfast,2016Q2,2016Q1,0.33333333333333326,8,0,3,9,True,True,2,2,True,10,5,0.5,0.07566830559396341,0.26960784313725505,True
a82cec6dfde7ddd6,Barcelona,location,2016Q2,2016Q1,0.36923076923076925,20,3,3,9,True,True,2,2,True,10,3,0.3,0.011285916487985714,0.1809954751131222,True
a82cec6dfde7ddd6,Barcelona,room,2016Q2,2016Q1,0.19166666666666665,22,5,3,9,True,True,2,2,True,10,3,0.3,0.06545986335440641,0.4223722275795565,True
a82cec6dfde7ddd6,Barcelona,service,2016Q2,2016Q1,0.23333333333333317,20,2,3,9,True,True,2,2,True,10,1,0.1,0.04655394977911451,0.2564102564102564,True
a82cec6dfde7ddd6,Barcelona,service,2017Q1,2016Q4,0.19047619047619047,17,11,6,9,True,True,2,2,True,10,0,0.0,-0.07426290772503605,0.12554112554112562,True
a82cec6dfde7ddd6,Barcelona,value,2016Q4,2016Q3,0.3666666666666666,5,2,5,9,True,True,2,2,True,10,2,0.2,0.051102610839452944,0.2857142857142857,True
a85d55eb95e7ed65,Paris,breakfast,2016Q4,2016Q3,0.17261904761904767,11,22,5,6,True,True,2,2,True,8,1,0.125,0.04002067377067377,0.3466666666666667,True
a85d55eb95e7ed65,Paris,room,2017Q1,2016Q4,0.19117647058823528,14,24,6,6,True,True,2,2,True,8,2,0.25,-0.043109611752346316,0.2857142857142857,True
a86353c8a5b44c0a,Paris,breakfast,2016Q3,2016Q2,0.18874773139745926,19,9,4,7,True,True,2,2,True,10,2,0.2,0.002146309572780181,0.20833333333333326,True
a86353c8a5b44c0a,Paris,breakfast,2016Q4,2016Q3,0.1586206896551723,10,19,5,7,True,True,2,2,True,10,0,0.0,-0.0586978739504315,0.09090909090909094,True
a86353c8a5b44c0a,Paris,cleanliness,2016Q4,2016Q3,0.1578947368421053,9,6,5,7,True,True,2,2,True,10,2,0.2,-0.06876832318008791,0.21978021978021978,True
a86353c8a5b44c0a,Paris,location,2016Q3,2016Q2,0.22895622895622902,23,17,4,7,True,True,2,2,True,10,3,0.3,0.13282990355299013,0.36105476673427983,True
a86353c8a5b44c0a,Paris,noise,2017Q1,2016Q4,0.375,6,6,6,7,True,True,2,2,True,10,2,0.2,0.01413170163170161,0.24242424242424243,True
a86353c8a5b44c0a,Paris,room,2016Q4,2016Q3,0.18718094157685772,33,31,5,7,True,True,2,2,True,10,1,0.1,-0.025729680056252046,0.1620370370370371,True
a867d1cf6525a166,London,cleanliness,2016Q1,2015Q4,0.1758147512864494,43,34,2,9,True,True,2,2,True,10,0,0.0,0.01656458076919425,0.1473684210526316,True
a867d1cf6525a166,London,cleanliness,2016Q3,2016Q2,0.2897727272727273,22,45,4,9,True,True,2,2,True,10,0,0.0,-0.08875081221566154,0.04761904761904767,True
a867d1cf6525a166,London,location,2017Q1,2016Q4,0.23838011965025308,31,43,6,9,True,True,2,2,True,10,2,0.2,0.04097348180023672,0.3411371237458194,True
a867d1cf6525a166,London,noise,2016Q3,2016Q2,0.16179337231968804,17,28,4,9,True,True,2,2,True,10,2,0.2,-0.011044219271274469,0.20879120879120883,True
a867d1cf6525a166,London,room,2016Q1,2015Q4,0.1504580690627202,122,76,2,9,True,True,2,2,True,10,4,0.4,0.062197620693214405,0.3496503496503496,True
a893e72f64ca66c6,London,noise,2016Q3,2016Q2,0.3666666666666666,5,2,4,9,True,True,2,2,True,10,1,0.1,-0.052412062333595355,0.3290043290043291,True
a893e72f64ca66c6,London,value,2017Q1,2016Q4,0.17647058823529416,8,7,6,9,True,True,2,2,True,10,2,0.2,0.06650169087950195,0.3793103448275862,True
a8a0b6e62ffcf9c9,Barcelona,breakfast,2016Q2,2016Q1,0.2525252525252524,12,8,3,9,True,True,2,2,True,10,1,0.1,-0.010120424098036717,0.24038461538461542,True
a8a0b6e62ffcf9c9,Barcelona,breakfast,2016Q4,2016Q3,0.15204678362573087,9,8,5,9,True,True,2,2,True,10,0,0.0,-0.10884381692958629,0.08928571428571419,True
a8a0b6e62ffcf9c9,Barcelona,breakfast,2017Q1,2016Q4,0.19138755980861255,12,9,6,9,True,True,2,2,True,10,3,0.3,0.04808088869621376,0.38888888888888884,True
a8a0b6e62ffcf9c9,Barcelona,noise,2017Q1,2016Q4,0.21565217391304348,13,15,6,9,True,True,2,2,True,10,1,0.1,-0.016738659806165557,0.18181818181818177,True
a8a0b6e62ffcf9c9,Barcelona,room,2016Q1,2015Q4,0.26066790352504643,34,39,2,9,True,True,2,2,True,9,4,0.4444444444444444,0.1614493738564572,0.4242424242424242,True
a8a0b6e62ffcf9c9,Barcelona,value,2016Q4,2016Q3,0.15555555555555556,5,8,5,9,True,True,2,2,True,10,3,0.3,0.02453609114899439,0.368421052631579,True
a8ab2237fd532c4c,Milan,breakfast,2016Q3,2016Q2,0.23611111111111116,6,8,4,9,True,True,2,2,True,7,2,0.2857142857142857,-0.017509918815622107,0.3066202090592334,True
a8ab2237fd532c4c,Milan,cleanliness,2016Q2,2016Q1,0.34090909090909094,6,1,3,9,True,True,2,2,True,7,2,0.2857142857142857,0.028680498245715707,0.174825174825175,True
a8ab2237fd532c4c,Milan,location,2016Q4,2016Q3,0.21671826625387003,9,7,5,9,True,True,2,2,True,7,0,0.0,-0.06167197148559665,0.06363636363636349,True
a8ab2237fd532c4c,Milan,service,2016Q2,2016Q1,0.18623481781376516,9,3,3,9,True,True,2,2,True,7,1,0.14285714285714285,-0.042682892346823244,0.22800844475721327,True
a91dd6ffd9c667de,Barcelona,breakfast,2016Q1,2015Q4,0.2727272727272727,12,8,2,9,True,True,2,2,True,9,1,0.1111111111111111,-0.010043996317833112,0.2650103519668737,True
a91dd6ffd9c667de,Barcelona,location,2016Q3,2016Q2,0.30050933786078105,28,21,4,9,True,True,2,2,True,9,1,0.1111111111111111,-0.003779680120616222,0.2051282051282053,True
a91dd6ffd9c667de,Barcelona,noise,2016Q1,2015Q4,0.2777777777777778,8,2,2,9,True,True,2,2,True,9,3,0.3333333333333333,0.008766433276237199,0.31313131313131304,True
a91dd6ffd9c667de,Barcelona,noise,2016Q4,2016Q3,0.19047619047619058,11,4,5,9,True,True,2,2,True,9,1,0.1111111111111111,0.015069420540435042,0.3928571428571428,True
a91dd6ffd9c667de,Barcelona,room,2016Q3,2016Q2,0.17261904761904767,32,38,4,9,True,True,2,2,True,9,2,0.2222222222222222,0.003777274046865589,0.2857142857142858,True
a91dd6ffd9c667de,Barcelona,service,2016Q3,2016Q2,0.3763440860215055,32,21,4,9,True,True,2,2,True,9,3,0.3333333333333333,0.022345466173815956,0.2941176470588236,True
a91dd6ffd9c667de,Barcelona,value,2016Q1,2015Q4,0.19999999999999996,10,8,2,9,True,True,2,2,True,9,3,0.3333333333333333,0.052370986999469946,0.25757575757575746,True
a91dd6ffd9c667de,Barcelona,value,2017Q1,2016Q4,0.2941176470588235,6,7,6,9,True,True,2,2,True,10,3,0.3,0.10784907198065088,0.31428571428571417,True
a9321b953d2a8c8a,Barcelona,cleanliness,2016Q4,2016Q3,0.45833333333333337,6,11,5,9,True,True,2,2,True,10,2,0.2,-0.03804532913559285,0.3076923076923076,True
a9321b953d2a8c8a,Barcelona,location,2017Q1,2016Q4,0.3920454545454546,12,22,6,9,True,True,2,2,True,10,1,0.1,-0.014527301096847611,0.15356820234869017,True
a9321b953d2a8c8a,Barcelona,noise,2016Q3,2016Q2,0.1527777777777778,8,6,4,9,True,True,2,2,True,10,1,0.1,-0.08828498653946223,0.2333333333333334,True
a9321b953d2a8c8a,Barcelona,room,2016Q1,2015Q4,0.22651515151515145,38,45,2,9,True,True,2,2,True,9,2,0.2222222222222222,0.010069751029636833,0.21052631578947367,True
a9321b953d2a8c8a,Barcelona,room,2016Q4,2016Q3,0.2647636039250669,49,85,5,9,True,True,2,2,True,10,2,0.2,-0.03204307781128972,0.23529411764705888,True
a9321b953d2a8c8a,Barcelona,service,2016Q1,2015Q4,0.19047619047619047,26,25,2,9,True,True,2,2,True,9,1,0.1111111111111111,0.03152828927714683,0.23333333333333317,True
a9321b953d2a8c8a,Barcelona,service,2016Q4,2016Q3,0.27932136710105726,39,73,5,9,True,True,2,2,True,10,2,0.2,0.009765059661167719,0.28948587308939344,True
a94f1ce2eddeb66c,London,breakfast,2016Q3,2016Q2,0.536764705882353,7,6,4,9,True,True,2,2,True,10,3,0.3,0.09210834590246354,0.4450549450549449,True
a94f1ce2eddeb66c,London,breakfast,2017Q1,2016Q4,0.24736842105263157,9,10,6,9,True,True,2,2,True,10,4,0.4,0.09380060972370535,0.5333333333333332,True
a94f1ce2eddeb66c,London,location,2016Q2,2016Q1,0.18666666666666676,15,11,3,9,True,True,2,2,True,9,0,0.0,-0.032742125844195974,0.09717868338557989,True
a9dba0c285eb758c,Paris,room,2016Q2,2016Q1,0.15999999999999992,5,15,3,9,True,True,2,2,True,9,3,0.3333333333333333,-0.01517858805440506,0.34285714285714275,True
a9dba0c285eb758c,Paris,service,2016Q1,2015Q4,0.1587301587301586,8,4,2,9,True,True,2,2,True,9,2,0.2222222222222222,-0.027332551438455158,0.3639846743295019,True
aa32256e8683cbc7,London,breakfast,2016Q4,2016Q3,0.19088319088319083,16,17,5,8,True,True,2,2,True,10,5,0.5,0.07774912530792588,0.4530075187969924,True
aa32256e8683cbc7,London,noise,2016Q2,2016Q1,0.3285714285714285,25,18,3,8,True,True,2,2,True,9,3,0.3333333333333333,0.07295389795389798,0.48461538461538456,True
aa32256e8683cbc7,London,noise,2017Q1,2016Q4,0.18518518518518512,17,8,6,8,True,True,2,2,True,10,3,0.3,0.04335588853602883,0.4396284829721363,True
aa32256e8683cbc7,London,value,2016Q3,2016Q2,0.1508295625942685,29,41,4,8,True,True,2,2,True,9,2,0.2222222222222222,0.019308201772616926,0.25396825396825407,True
aa32256e8683cbc7,London,value,2016Q4,2016Q3,0.3589743589743589,14,29,5,8,True,True,2,2,True,10,2,0.2,-0.0027579027557070755,0.4369747899159663,True
aa4894ddf0eb2fde,Barcelona,breakfast,2016Q2,2016Q1,0.17927170868347342,11,7,3,9,True,True,2,2,True,10,4,0.4,0.05161368374522389,0.33333333333333326,True
aa4894ddf0eb2fde,Barcelona,cleanliness,2016Q3,2016Q2,0.20833333333333326,17,6,4,9,True,True,2,2,True,10,2,0.2,-0.038943265762906354,0.19999999999999996,True
aa4894ddf0eb2fde,Barcelona,cleanliness,2017Q1,2016Q4,0.3450980392156864,7,5,6,9,True,True,2,2,True,10,0,0.0,-0.015044515859611373,0.09090909090909094,True
aa4894ddf0eb2fde,Barcelona,location,2016Q2,2016Q1,0.15999999999999992,15,15,3,9,True,True,2,2,True,10,3,0.3,0.0441545105804604,0.36923076923076925,True
aa4894ddf0eb2fde,Barcelona,noise,2017Q1,2016Q4,0.19117647058823528,6,7,6,9,True,True,2,2,True,10,4,0.4,0.073090951532128,0.36309523809523814,True
aa4894ddf0eb2fde,Barcelona,room,2016Q2,2016Q1,0.25349487418452943,27,19,3,9,True,True,2,2,True,10,3,0.3,0.07428381767037082,0.4223722275795565,True
aa4894ddf0eb2fde,Barcelona,room,2017Q1,2016Q4,0.1578947368421053,28,28,6,9,True,True,2,2,True,10,1,0.1,0.013550148040789523,0.33333333333333326,True
aa4894ddf0eb2fde,Barcelona,value,2016Q2,2016Q1,0.22549019607843135,7,2,3,9,True,True,2,2,True,10,1,0.1,-0.13856227106227106,0.1678321678321678,True
aa5b67ad216791b8,Paris,location,2016Q2,2016Q1,0.30701754385964897,9,2,3,9,True,True,2,2,True,10,2,0.2,0.08337146728400598,0.2683982683982684,True
aa5b67ad216791b8,Paris,room,2016Q1,2015Q4,0.1777777777777778,5,8,2,9,True,True,2,2,True,9,2,0.2222222222222222,0.03126514489869899,0.35164835164835173,True
aa5b67ad216791b8,Paris,room,2016Q3,2016Q2,0.43223443223443225,16,11,4,9,True,True,2,2,True,10,0,0.0,-0.008046498997153395,0.11764705882352944,True
aa5b67ad216791b8,Paris,service,2016Q2,2016Q1,0.42307692307692313,10,3,3,9,True,True,2,2,True,10,0,0.0,0.010413378810851604,0.1428571428571428,True
aa6a8489dc1eabae,Milan,cleanliness,2016Q3,2016Q2,0.17307692307692313,6,3,4,9,True,True,2,2,True,10,1,0.1,0.026873452817475607,0.1587301587301586,True
aa6a8489dc1eabae,Milan,location,2016Q3,2016Q2,0.20105820105820094,17,11,4,9,True,True,2,2,True,10,2,0.2,0.03403085531618435,0.23219086021505375,True
aa6a8489dc1eabae,Milan,location,2017Q1,2016Q4,0.24545454545454537,12,10,6,9,True,True,2,2,True,10,2,0.2,-0.04302434335942175,0.2575757575757577,True
aa6a8489dc1eabae,Milan,room,2017Q1,2016Q4,0.2013729977116705,13,9,6,9,True,True,2,2,True,10,2,0.2,0.030063275090448992,0.17391304347826075,True
aa6a8489dc1eabae,Milan,service,2016Q2,2016Q1,0.375,14,6,3,9,True,True,2,2,True,10,3,0.3,0.05030517722082276,0.2727272727272727,True
aa6a8489dc1eabae,Milan,service,2017Q1,2016Q4,0.2749999999999999,10,6,6,9,True,True,2,2,True,10,1,0.1,0.004978126241547609,0.16666666666666674,True
aa74bdf43659435c,London,breakfast,2016Q4,2016Q3,0.20952380952380956,5,4,5,9,True,True,2,2,True,10,3,0.3,0.06888616834556191,0.6339869281045752,True
aa74bdf43659435c,London,cleanliness,2016Q4,2016Q3,0.19565217391304346,14,13,5,9,True,True,2,2,True,10,2,0.2,-0.03419843686906625,0.18300653594771243,True
aa74bdf43659435c,London,location,2016Q2,2016Q1,0.18803418803418803,35,29,3,9,True,True,2,2,True,9,2,0.2222222222222222,0.059959261088239645,0.28205128205128216,True
aa74bdf43659435c,London,room,2016Q1,2015Q4,0.2296015180265656,58,52,2,9,True,True,2,2,True,9,3,0.3333333333333333,0.05768771268178426,0.34084880636604775,True
aa74bdf43659435c,London,value,2016Q1,2015Q4,0.4396284829721362,9,7,2,9,True,True,2,2,True,9,1,0.1111111111111111,-0.006123994898567606,0.3430120015485868,True
aa74bdf43659435c,London,value,2017Q1,2016Q4,0.463157894736842,9,5,6,9,True,True,2,2,True,10,0,0.0,-0.05895488309420197,0.07692307692307687,True
aa882172108e5ff5,Milan,breakfast,2016Q4,2016Q3,0.23333333333333317,5,10,5,9,True,True,2,2,True,10,2,0.2,-0.042012137557134996,0.3157894736842106,True
aa882172108e5ff5,Milan,location,2016Q3,2016Q2,0.43333333333333335,15,2,4,9,True,True,2,2,True,10,2,0.2,0.10040009860322023,0.30823529411764694,True
aa882172108e5ff5,Milan,noise,2016Q3,2016Q2,0.33333333333333326,5,0,4,9,True,True,2,2,True,10,1,0.1,-0.04300349976820563,0.16993464052287588,True
aa882172108e5ff5,Milan,room,2016Q3,2016Q2,0.21339950372208438,21,3,4,9,True,True,2,2,True,10,2,0.2,0.05175516711405832,0.2857142857142857,True
aa882172108e5ff5,Milan,service,2016Q3,2016Q2,0.16923076923076907,10,3,4,9,True,True,2,2,True,10,2,0.2,0.02829836994751058,0.26190476190476186,True
aa98e4b748fd2839,Paris,cleanliness,2017Q1,2016Q4,0.2282608695652173,13,6,6,8,True,True,2,2,True,10,2,0.2,0.032840724619900806,0.2564102564102564,True
aa98e4b748fd2839,Paris,noise,2017Q1,2016Q4,0.24242424242424243,8,1,6,8,True,True,2,2,True,10,2,0.2,0.027389277389277367,0.375,True
aaf65e725924da6c,Paris,room,2016Q1,2015Q4,0.15053763440860224,21,26,2,8,True,True,2,2,True,9,2,0.2222222222222222,-0.004265868449217959,0.2852664576802507,True
aaf7c3c1d340cf99,Paris,breakfast,2016Q3,2016Q2,0.42500000000000004,10,6,4,9,True,True,2,2,True,8,2,0.25,-0.01715442452284563,0.21333333333333315,True
aaf7c3c1d340cf99,Paris,cleanliness,2016Q2,2016Q1,0.15909090909090917,6,1,3,9,True,True,2,2,True,7,1,0.14285714285714285,0.02364302364302365,0.2777777777777777,True
aaf7c3c1d340cf99,Paris,location,2016Q2,2016Q1,0.47430830039525707,13,1,3,9,True,True,2,2,True,7,4,0.5714285714285714,0.09897670327568601,0.368421052631579,True
aaf7c3c1d340cf99,Paris,service,2016Q2,2016Q1,0.36638655462184877,25,7,3,9,True,True,2,2,True,7,3,0.42857142857142855,0.07841422143747726,0.3376623376623378,True
aaf7c3c1d340cf99,Paris,value,2016Q2,2016Q1,0.2909090909090909,5,1,3,9,True,True,2,2,True,7,2,0.2857142857142857,0.04755363683935111,0.315018315018315,True
aaf7c3c1d340cf99,Paris,value,2016Q4,2016Q3,0.1607142857142857,6,4,5,9,True,True,2,2,True,10,2,0.2,0.007833277833277818,0.2857142857142857,True
ab1215ed13755e5b,Paris,location,2016Q1,2015Q4,0.17500000000000004,6,5,2,9,True,True,2,2,True,8,0,0.0,-0.09204770923520919,0.07575757575757591,True
ab1215ed13755e5b,Paris,service,2016Q1,2015Q4,0.20320855614973277,7,1,2,9,True,True,2,2,True,8,1,0.125,-0.04231550588814448,0.16172506738544468,True
ab1215ed13755e5b,Paris,service,2017Q1,2016Q4,0.20192307692307687,6,3,6,9,True,True,2,2,True,10,0,0.0,-0.06577978122095768,0.07407407407407396,True
ab3ae62ff0c7e2f8,London,breakfast,2017Q1,2016Q4,0.2619425348140314,51,83,6,9,True,True,2,2,True,9,0,0.0,-0.03789761932708254,0.0911764705882353,True
ab3ae62ff0c7e2f8,London,noise,2016Q2,2016Q1,0.3742690058479533,17,9,3,9,True,True,2,2,True,9,0,0.0,-0.10594450081355028,0.09022556390977443,True
ab3ae62ff0c7e2f8,London,noise,2017Q1,2016Q4,0.2727272727272727,8,23,6,9,True,True,2,2,True,9,2,0.2222222222222222,-0.06313324652502328,0.2435897435897436,True
ab3ae62ff0c7e2f8,London,service,2017Q1,2016Q4,0.20218579234972678,112,173,6,9,True,True,2,2,True,9,1,0.1111111111111111,-0.00772867829157257,0.25,True
ab3ae62ff0c7e2f8,London,value,2016Q4,2016Q3,0.1743589743589744,55,68,5,9,True,True,2,2,True,9,3,0.3333333333333333,0.025828490947922438,0.45789473684210535,True
abe558aded181ef8,London,room,2016Q2,2016Q1,0.29032258064516125,14,21,3,9,True,True,2,2,True,10,0,0.0,-0.07192407172755373,0.032370730045148566,True
abe558aded181ef8,London,service,2016Q1,2015Q4,0.39811912225705315,12,19,2,9,True,True,2,2,True,10,2,0.2,0.009304856238554838,0.2127659574468086,True
abe558aded181ef8,London,value,2016Q1,2015Q4,0.5694444444444444,6,8,2,9,True,True,2,2,True,10,5,0.5,0.1631602755192981,0.5164835164835165,True
abfa45aa813762da,London,cleanliness,2017Q1,2016Q4,0.31666666666666665,14,10,6,9,True,True,2,2,True,10,3,0.3,0.09151809248991827,0.2016806722689075,True
abfa45aa813762da,London,location,2016Q3,2016Q2,0.23824451410658298,12,19,4,9,True,True,2,2,True,9,1,0.1111111111111111,-0.02975141444377289,0.19363395225464197,True
abfa45aa813762da,London,location,2017Q1,2016Q4,0.21666666666666679,14,15,6,9,True,True,2,2,True,10,1,0.1,-0.0076809691548761164,0.18764302059496574,True
abfa45aa813762da,London,noise,2016Q2,2016Q1,0.31666666666666665,5,6,3,9,True,True,2,2,True,9,3,0.3333333333333333,0.05149202649202649,0.48461538461538456,True
abfa45aa813762da,London,noise,2017Q1,2016Q4,0.4396284829721363,7,9,6,9,True,True,2,2,True,10,4,0.4,0.031558617580863126,0.23611111111111116,True
abfa45aa813762da,London,room,2016Q1,2015Q4,0.2911025145067698,34,37,2,9,True,True,2,2,True,9,1,0.1111111111111111,0.03546088684162228,0.15032679738562083,True
abfa45aa813762da,London,room,2017Q1,2016Q4,0.294047619047619,38,25,6,9,True,True,2,2,True,10,0,0.0,-0.020405681808247887,0.1444444444444445,True
abfa45aa813762da,London,service,2016Q4,2016Q3,0.18518518518518523,10,17,5,9,True,True,2,2,True,10,1,0.1,-0.03697128161341436,0.15396952686447474,True
abfa45aa813762da,London,service,2017Q1,2016Q4,0.19999999999999996,20,10,6,9,True,True,2,2,True,10,2,0.2,0.09817348967765818,0.3653250773993808,True
abfa45aa813762da,London,value,2016Q1,2015Q4,0.2857142857142857,11,4,2,9,True,True,2,2,True,9,0,0.0,-0.14107898695692778,0.14761904761904754,True
abfa45aa813762da,London,value,2016Q2,2016Q1,0.2321428571428572,6,11,3,9,True,True,2,2,True,9,2,0.2222222222222222,-0.06761493268955482,0.16374269005847963,True
abfa45aa813762da,London,value,2017Q1,2016Q4,0.3999999999999999,10,6,6,9,True,True,2,2,True,10,5,0.5,0.06627806744813255,0.354066985645933,True
ac15e1e7b5f97f74,Barcelona,breakfast,2016Q2,2016Q1,0.16774193548387095,21,10,3,9,True,True,2,2,True,10,2,0.2,-0.009162458441634625,0.18333333333333335,True
ac15e1e7b5f97f74,Barcelona,breakfast,2016Q3,2016Q2,0.18610421836228275,16,21,4,9,True,True,2,2,True,10,4,0.4,0.04118549679612852,0.30364372469635614,True
ac15e1e7b5f97f74,Barcelona,noise,2016Q3,2016Q2,0.17647058823529416,7,4,4,9,True,True,2,2,True,10,2,0.2,0.010192873612751919,0.31746031746031744,True
ac15e1e7b5f97f74,Barcelona,room,2017Q1,2016Q4,0.16246498599439774,41,39,6,9,True,True,2,2,True,10,2,0.2,0.024011421657931863,0.21590909090909083,True
ac15e1e7b5f97f74,Barcelona,service,2016Q2,2016Q1,0.2159863945578231,39,38,3,9,True,True,2,2,True,10,3,0.3,0.01580539471088086,0.34285714285714286,True
ac15e1e7b5f97f74,Barcelona,service,2017Q1,2016Q4,0.24342105263157898,38,47,6,9,True,True,2,2,True,10,1,0.1,0.006801904712255502,0.625,True
ac15e1e7b5f97f74,Barcelona,value,2016Q4,2016Q3,0.15384615384615385,18,16,5,9,True,True,2,2,True,10,0,0.0,-0.06369117754598698,0.09649122807017552,True
ac2d3bbf93be4247,London,location,2016Q4,2016Q3,0.21367521367521358,8,3,5,9,True,True,2,2,True,10,0,0.0,-0.039328645191870806,0.09090909090909083,True
ac2d3bbf93be4247,London,room,2016Q4,2016Q3,0.2769230769230768,10,3,5,9,True,True,2,2,True,10,2,0.2,0.04616915234450113,0.32478632478632474,True
ac2d3bbf93be4247,London,room,2017Q1,2016Q4,0.17931034482758634,19,10,6,9,True,True,2,2,True,10,3,0.3,0.03767964614811583,0.288888888888889,True
ac2d3bbf93be4247,London,service,2016Q3,2016Q2,0.16923076923076907,10,3,4,9,True,True,2,2,True,10,0,0.0,-0.07560030836751239,0.08410256410256411,True
ac2d3bbf93be4247,London,service,2016Q4,2016Q3,0.24285714285714288,18,10,5,9,True,True,2,2,True,10,3,0.3,0.06301048872365227,0.40664711632453576,True
ac32ae5f70696df7,London,breakfast,2016Q1,2015Q4,0.22549019607843135,7,2,2,9,True,True,2,2,True,8,3,0.375,0.0745750394444721,0.29807692307692313,True
ac32ae5f70696df7,London,cleanliness,2016Q4,2016Q3,0.34347826086956523,10,13,5,9,True,True,2,2,True,8,0,0.0,-0.026049884411567498,0.13899613899613894,True
ac32ae5f70696df7,London,noise,2016Q3,2016Q2,0.27368421052631575,9,10,4,9,True,True,2,2,True,8,2,0.25,-0.023960971621743626,0.3216783216783218,True
ac32ae5f70696df7,London,noise,2017Q1,2016Q4,0.19852941176470584,6,7,6,9,True,True,2,2,True,9,2,0.2222222222222222,-0.07227518170560582,0.2727272727272727,True
ac32ae5f70696df7,London,room,2016Q4,2016Q3,0.24417372881355925,49,54,5,9,True,True,2,2,True,8,0,0.0,-0.01913356626348227,0.11463046757164408,True
ac32ae5f70696df7,London,service,2016Q1,2015Q4,0.4652173913043478,13,10,2,9,True,True,2,2,True,8,1,0.125,-0.005442349214475312,0.3324808184143222,True
ac32ae5f70696df7,London,value,2016Q3,2016Q2,0.2700228832951944,9,13,4,9,True,True,2,2,True,8,3,0.375,0.055840975706010584,0.4825396825396826,True
ad00b45ebe22e54b,Milan,breakfast,2016Q3,2016Q2,0.2815437902028699,76,37,4,9,True,True,2,2,True,10,1,0.1,-0.021689550823728344,0.3010033444816054,True
ad00b45ebe22e54b,Milan,cleanliness,2016Q2,2016Q1,0.2579852579852582,27,12,3,9,True,True,2,2,True,10,2,0.2,0.05496053863128845,0.2857142857142858,True
ad00b45ebe22e54b,Milan,noise,2016Q3,2016Q2,0.3111111111111111,8,10,4,9,True,True,2,2,True,10,2,0.2,0.033177476118652585,0.3856209150326797,True
ad00b45ebe22e54b,Milan,service,2016Q1,2015Q4,0.24919441460794833,28,39,2,9,True,True,2,2,True,10,3,0.3,0.08670610064734226,0.5757575757575757,True
ad00b45ebe22e54b,Milan,service,2017Q1,2016Q4,0.27662957074721795,24,27,6,9,True,True,2,2,True,10,1,0.1,-0.1452201628402329,0.16216216216216206,True
ad00b45ebe22e54b,Milan,value,2016Q3,2016Q2,0.17647058823529416,20,7,4,9,True,True,2,2,True,10,4,0.4,0.06540369589131201,0.42261904761904767,True
ad2ead23c7f8dd49,Paris,cleanliness,2016Q2,2016Q1,0.17307692307692313,6,3,3,9,True,True,2,2,True,10,0,0.0,0.007929614245403737,0.09090909090909094,True
ad2ead23c7f8dd49,Paris,room,2016Q2,2016Q1,0.4347826086956521,13,13,3,9,True,True,2,2,True,10,2,0.2,-0.028658594696890118,0.35238095238095246,True
ad2ead23c7f8dd49,Paris,room,2016Q4,2016Q3,0.22000000000000008,15,10,5,9,True,True,2,2,True,10,0,0.0,-0.0015941439278963966,0.1428571428571429,True
ad311509c871323d,Vienna,breakfast,2016Q2,2016Q1,0.17647058823529416,7,4,3,9,True,True,2,2,True,10,1,0.1,-0.035802448140995355,0.17398373983739823,True
ad311509c871323d,Vienna,breakfast,2016Q3,2016Q2,0.18716577540106938,12,7,4,9,True,True,2,2,True,10,2,0.2,0.04316455945962836,0.2833333333333332,True
ad311509c871323d,Vienna,cleanliness,2016Q2,2016Q1,0.2941176470588236,7,2,3,9,True,True,2,2,True,10,0,0.0,-0.06549803138038432,0.12605042016806722,True
ad311509c871323d,Vienna,cleanliness,2017Q1,2016Q4,0.25396825396825407,8,4,6,9,True,True,2,2,True,10,3,0.3,0.022558308332907874,0.3216783216783218,True
ad311509c871323d,Vienna,room,2016Q2,2016Q1,0.16666666666666674,14,12,3,9,True,True,2,2,True,10,0,0.0,-0.06320358481329408,0.1071428571428572,True
ad311509c871323d,Vienna,room,2017Q1,2016Q4,0.15719696969696972,23,22,6,9,True,True,2,2,True,10,4,0.4,0.07355654211622492,0.25,True
ad311509c871323d,Vienna,service,2016Q3,2016Q2,0.16457960644007152,33,16,4,9,True,True,2,2,True,10,4,0.4,0.10148433110323067,0.29333333333333345,True
ad311509c871323d,Vienna,value,2017Q1,2016Q4,0.19999999999999996,8,5,6,9,True,True,2,2,True,10,2,0.2,0.08364867101709206,0.44999999999999996,True
ad42ef0b7cc52a17,Barcelona,breakfast,2016Q2,2016Q1,0.20192307692307687,6,3,3,9,True,True,2,2,True,10,4,0.4,0.0033593032354642173,0.26315789473684204,True
ad42ef0b7cc52a17,Barcelona,cleanliness,2016Q1,2015Q4,0.26315789473684204,9,6,2,9,True,True,2,2,True,9,3,0.3333333333333333,0.08653605978167382,0.5213675213675213,True
ad42ef0b7cc52a17,Barcelona,noise,2016Q1,2015Q4,0.21904761904761905,5,4,2,9,True,True,2,2,True,9,2,0.2222222222222222,0.02706552706552708,0.18181818181818177,True
ad42ef0b7cc52a17,Barcelona,room,2016Q4,2016Q3,0.18037135278514582,16,19,5,9,True,True,2,2,True,10,1,0.1,-0.05857459264734806,0.2532467532467533,True
ad42ef0b7cc52a17,Barcelona,service,2016Q2,2016Q1,0.1558441558441559,11,12,3,9,True,True,2,2,True,10,5,0.5,0.07665850512274074,0.5462365591397849,True
ad476c57ee41456b,Vienna,breakfast,2017Q1,2016Q4,0.2406417112299466,12,7,6,6,True,True,2,2,True,9,1,0.1111111111111111,-0.030511293889934184,0.39682539682539675,True
ad476c57ee41456b,Vienna,cleanliness,2016Q4,2016Q3,0.30179028132992314,13,7,5,6,True,True,2,2,True,9,0,0.0,-0.14711618150734249,0.13986013986014,True
ad476c57ee41456b,Vienna,location,2017Q1,2016Q4,0.21832358674463936,17,9,6,6,True,True,2,2,True,9,0,0.0,-0.14282634257036161,0.04550499445061029,True
ad476c57ee41456b,Vienna,noise,2016Q4,2016Q3,0.19166666666666665,5,6,5,6,True,True,2,2,True,9,2,0.2222222222222222,-0.12448608036843331,0.19548872180451127,True
ad476c57ee41456b,Vienna,room,2017Q1,2016Q4,0.16666666666666652,35,26,6,6,True,True,2,2,True,9,3,0.3333333333333333,0.01008357900169923,0.24444444444444446,True
ad476c57ee41456b,Vienna,service,2017Q1,2016Q4,0.2142857142857142,18,12,6,6,True,True,2,2,True,9,1,0.1111111111111111,-0.009023088631523925,0.20150273224043724,True
ad643f4c270e7521,Barcelona,cleanliness,2016Q3,2016Q2,0.19999999999999996,5,2,4,9,True,True,2,2,True,10,2,0.2,-0.05055634780281767,0.20833333333333326,True
ad643f4c270e7521,Barcelona,location,2016Q2,2016Q1,0.1809954751131222,7,3,3,9,True,True,2,2,True,10,3,0.3,0.03010944589975042,0.36923076923076925,True
ad643f4c270e7521,Barcelona,room,2016Q1,2015Q4,0.19999999999999996,5,4,2,9,True,True,2,2,True,10,1,0.1,-0.0336870656458898,0.4172335600907029,True
ae07bbca98545892,London,breakfast,2016Q3,2016Q2,0.33333333333333326,5,6,4,9,True,True,2,2,True,10,4,0.4,0.08960823226309615,0.37950664136622403,True
ae07bbca98545892,London,breakfast,2017Q1,2016Q4,0.23809523809523814,11,0,6,9,True,True,2,2,True,10,2,0.2,-0.09654326527781905,0.21052631578947367,True
ae07bbca98545892,London,room,2016Q1,2015Q4,0.2205128205128204,16,5,2,9,True,True,2,2,True,10,2,0.2,0.03358904617143456,0.27915106117353317,True
ae261d62ccf7c1c0,Paris,cleanliness,2016Q3,2016Q2,0.17307692307692313,6,3,4,9,True,True,2,2,True,10,2,0.2,0.11099245010235725,0.7485380116959065,True
ae261d62ccf7c1c0,Paris,room,2016Q3,2016Q2,0.3600000000000001,15,10,4,9,True,True,2,2,True,10,2,0.2,0.08165626548353366,0.5428571428571428,True
ae261d62ccf7c1c0,Paris,service,2016Q3,2016Q2,0.3421052631578947,10,9,4,9,True,True,2,2,True,10,5,0.5,0.12723492250408355,0.4817927170868346,True
ae4d72ec2babb16e,London,breakfast,2017Q1,2016Q4,0.3500000000000001,30,16,6,9,True,True,2,2,True,9,2,0.2222222222222222,0.02098643619587927,0.2857142857142857,True
ae4d72ec2babb16e,London,cleanliness,2016Q1,2015Q4,0.27368421052631575,9,5,2,9,True,True,2,2,True,8,2,0.25,-0.003273326919774458,0.23529411764705865,True
ae4d72ec2babb16e,London,noise,2016Q4,2016Q3,0.4117647058823529,6,7,5,9,True,True,2,2,True,8,0,0.0,-0.2205523716183027,0.1333333333333333,True
ae4d72ec2babb16e,London,room,2016Q1,2015Q4,0.15625,54,32,2,9,True,True,2,2,True,8,1,0.125,-0.04516993390134179,0.17632850241545905,True
ae4d72ec2babb16e,London,room,2017Q1,2016Q4,0.16348357524828128,58,67,6,9,True,True,2,2,True,9,0,0.0,-0.05788929956626073,0.07464760770299783,True
ae4d72ec2babb16e,London,service,2016Q3,2016Q2,0.18181818181818188,34,50,4,9,True,True,2,2,True,8,0,0.0,-0.07004771678599539,0.1428571428571428,True
ae4d72ec2babb16e,London,value,2016Q4,2016Q3,0.3090909090909091,12,10,5,9,True,True,2,2,True,8,2,0.25,0.00790179889444595,0.2769230769230768,True
ae95e2663593a95e,Paris,cleanliness,2016Q3,2016Q2,0.2857142857142856,11,11,4,9,True,True,2,2,True,10,4,0.4,0.08853583873867851,0.2857142857142858,True
ae95e2663593a95e,Paris,room,2016Q2,2016Q1,0.26556991774383076,27,13,3,9,True,True,2,2,True,7,0,0.0,0.0033378545573667295,0.12307692307692308,True
ae95e2663593a95e,Paris,service,2016Q3,2016Q2,0.3333333333333335,26,11,4,9,True,True,2,2,True,10,6,0.6,0.13629982762335704,0.32307692307692304,True
ae95e2663593a95e,Paris,value,2016Q2,2016Q1,0.2857142857142857,6,4,3,9,True,True,2,2,True,7,0,0.0,0.01921768707482994,0.09090909090909094,True
ae95e2663593a95e,Paris,value,2017Q1,2016Q4,0.16410256410256407,5,3,6,9,True,True,2,2,True,10,2,0.2,-0.03789543789543787,0.16666666666666674,True
af4175caabaa5e67,London,breakfast,2016Q3,2016Q2,0.15527950310559002,13,18,4,9,True,True,2,2,True,9,1,0.1111111111111111,-0.01617105529887554,0.22745098039215683,True
af4175caabaa5e67,London,cleanliness,2016Q2,2016Q1,0.3151515151515152,23,15,3,9,True,True,2,2,True,9,1,0.1111111111111111,-0.02426374555862112,0.41666666666666663,True
af4175caabaa5e67,London,noise,2016Q2,2016Q1,0.4004576659038902,36,9,3,9,True,True,2,2,True,9,2,0.2222222222222222,0.028363712136763697,0.2867647058823529,True
af4175caabaa5e67,London,noise,2017Q1,2016Q4,0.27180527383367137,24,19,6,9,True,True,2,2,True,9,3,0.3333333333333333,0.08051548271110004,0.49282296650717694,True
af4175caabaa5e67,London,value,2016Q1,2015Q4,0.27609427609427606,17,23,2,9,True,True,2,2,True,9,1,0.1111111111111111,-0.053170530484283475,0.30434782608695654,True
af4175caabaa5e67,London,value,2016Q4,2016Q3,0.15833333333333321,20,38,5,9,True,True,2,2,True,9,2,0.2222222222222222,-0.007396224195677709,0.4369747899159663,True
af459512fb484324,Paris,service,2016Q1,2015Q4,0.15909090909090917,6,1,2,9,True,True,2,2,True,8,1,0.125,-0.08889614310809965,0.17826086956521725,True
af46f7946ae60c79,London,breakfast,2016Q2,2016Q1,0.24242424242424243,8,1,3,9,True,True,2,2,True,10,1,0.1,0.020868822105113226,0.24242424242424243,True
af46f7946ae60c79,London,location,2016Q4,2016Q3,0.4025974025974026,12,4,5,9,True,True,2,2,True,10,0,0.0,0.020854019897097252,0.13333333333333353,True
af46f7946ae60c79,London,room,2016Q2,2016Q1,0.1965517241379311,19,10,3,9,True,True,2,2,True,10,1,0.1,-0.09263496657840645,0.22222222222222232,True
af46f7946ae60c79,London,room,2016Q4,2016Q3,0.30555555555555547,14,8,5,9,True,True,2,2,True,10,2,0.2,-0.00587798426406364,0.41666666666666674,True
af46f7946ae60c79,London,service,2016Q1,2015Q4,0.3582887700534759,7,12,2,9,True,True,2,2,True,10,3,0.3,0.05441659241367784,0.2250000000000001,True
af46f7946ae60c79,London,service,2016Q2,2016Q1,0.27180527383367137,19,7,3,9,True,True,2,2,True,10,0,0.0,-0.06715554016686662,0.14956521739130446,True
af5fc4a7604a079e,London,cleanliness,2016Q2,2016Q1,0.20833333333333326,6,2,3,9,True,True,2,2,True,10,3,0.3,-0.08662803506630357,0.19999999999999996,True
af5fc4a7604a079e,London,location,2016Q3,2016Q2,0.33484162895927616,7,3,4,9,True,True,2,2,True,10,2,0.2,0.08845330732391425,0.2569444444444444,True
af5fc4a7604a079e,London,location,2017Q1,2016Q4,0.2777777777777777,10,8,6,9,True,True,2,2,True,10,0,0.0,0.019185063262085,0.13846153846153864,True
af5fc4a7604a079e,London,noise,2017Q1,2016Q4,0.16666666666666663,6,2,6,9,True,True,2,2,True,10,1,0.1,-0.049584647378765036,0.16410256410256419,True
af5fc4a7604a079e,London,room,2016Q3,2016Q2,0.22307692307692317,10,16,4,9,True,True,2,2,True,10,1,0.1,-0.04910893892405906,0.19734345351043658,True
af5fc4a7604a079e,London,service,2016Q1,2015Q4,0.2255639097744362,9,4,2,9,True,True,2,2,True,10,2,0.2,0.015278378644595313,0.3116883116883118,True
af5fc4a7604a079e,London,service,2016Q2,2016Q1,0.1967963386727689,13,9,3,9,True,True,2,2,True,10,2,0.2,-0.019206213530391723,0.2920892494929006,True
af92593a06b614f9,Amsterdam,breakfast,2016Q4,2016Q3,0.2727272727272727,12,18,5,9,True,True,2,2,True,10,2,0.2,0.01269023576610433,0.5507246376811593,True
af92593a06b614f9,Amsterdam,cleanliness,2016Q1,2015Q4,0.35164835164835173,25,16,2,9,True,True,2,2,True,10,1,0.1,-0.0030755029284441184,0.21739130434782616,True
af92593a06b614f9,Amsterdam,cleanliness,2017Q1,2016Q4,0.15909090909090917,14,12,6,9,True,True,2,2,True,10,1,0.1,-0.08631152501769614,0.4126984126984128,True
af92593a06b614f9,Amsterdam,noise,2016Q2,2016Q1,0.22910216718266263,7,9,3,9,True,True,2,2,True,10,4,0.4,0.09482851350700323,0.3003952569169961,True
af92593a06b614f9,Amsterdam,noise,2016Q4,2016Q3,0.49411764705882344,5,7,5,9,True,True,2,2,True,10,1,0.1,-0.12435503866618416,0.1578947368421053,True
af92593a06b614f9,Amsterdam,service,2016Q1,2015Q4,0.16642477019835522,68,43,2,9,True,True,2,2,True,10,4,0.4,0.0783181346556315,0.28965517241379324,True
af92593a06b614f9,Amsterdam,service,2016Q4,2016Q3,0.21880877742946714,45,48,5,9,True,True,2,2,True,10,1,0.1,-0.04912417615307816,0.3484848484848484,True
afc4e4aaf5161ee4,Vienna,breakfast,2016Q4,2016Q3,0.36309523809523814,11,6,5,9,True,True,2,2,True,10,3,0.3,0.08706638228828832,0.2909090909090909,True
afdcb1a3fa8e275c,Barcelona,noise,2016Q1,2015Q4,0.3234782608695652,13,15,2,9,True,True,2,2,True,7,2,0.2857142857142857,0.09140180243578125,0.39743589743589747,True
afdcb1a3fa8e275c,Barcelona,noise,2016Q3,2016Q2,0.44232804232804235,25,17,4,9,True,True,2,2,True,9,3,0.3333333333333333,0.023651028862587187,0.23076923076923073,True
afdcb1a3fa8e275c,Barcelona,room,2016Q3,2016Q2,0.25434315830568033,99,84,4,9,True,True,2,2,True,9,0,0.0,-0.046262961083556445,0.1479166666666667,True
afdcb1a3fa8e275c,Barcelona,service,2017Q1,2016Q4,0.19117647058823528,54,58,6,9,True,True,2,2,True,9,4,0.4444444444444444,0.06017329228564846,0.3588516746411483,True
afdcb1a3fa8e275c,Barcelona,value,2016Q1,2015Q4,0.219298245614035,9,14,2,9,True,True,2,2,True,7,2,0.2857142857142857,0.05012598095304862,0.40701754385964917,True
afdcb1a3fa8e275c,Barcelona,value,2016Q3,2016Q2,0.2407407407407408,26,17,4,9,True,True,2,2,True,9,1,0.1111111111111111,-0.046637346517244035,0.2421052631578947,True
afea47de8e916e42,Milan,breakfast,2016Q1,2015Q4,0.5474137931034482,19,6,2,9,True,True,2,2,True,9,1,0.1111111111111111,0.013996670540788162,0.1938461538461539,True
afea47de8e916e42,Milan,breakfast,2016Q4,2016Q3,0.45123152709359604,25,19,5,9,True,True,2,2,True,9,3,0.3333333333333333,-0.0074312048670220655,0.30541871921182273,True
afea47de8e916e42,Milan,location,2016Q4,2016Q3,0.15467239527389898,39,28,5,9,True,True,2,2,True,9,0,0.0,-0.07939494036065224,0.0535714285714286,True
afea47de8e916e42,Milan,room,2016Q1,2015Q4,0.4190476190476189,20,11,2,9,True,True,2,2,True,9,2,0.2222222222222222,0.033173584603790524,0.26315789473684215,True
afea47de8e916e42,Milan,service,2016Q1,2015Q4,0.3369963369963369,16,11,2,9,True,True,2,2,True,9,1,0.1111111111111111,0.023626770505343602,0.15384615384615397,True
afea47de8e916e42,Milan,value,2016Q4,2016Q3,0.19999999999999996,10,6,5,9,True,True,2,2,True,9,2,0.2222222222222222,0.06353183853183852,0.5538461538461538,True
b05553d8e1eea410,Barcelona,breakfast,2016Q3,2016Q2,0.25,10,6,4,9,True,True,2,2,True,10,3,0.3,0.06427602507137042,0.46823956442831216,True
b05553d8e1eea410,Barcelona,location,2017Q1,2016Q4,0.2666666666666666,5,5,6,9,True,True,2,2,True,10,1,0.1,-0.03546833228491868,0.15356820234869017,True
b0652ebb77e0ef1a,Paris,breakfast,2016Q1,2015Q4,0.3742690058479532,9,8,2,9,True,True,2,2,True,9,2,0.2222222222222222,-0.004624961095549305,0.2431372549019608,True
b0652ebb77e0ef1a,Paris,breakfast,2016Q4,2016Q3,0.26900584795321647,8,9,5,9,True,True,2,2,True,10,2,0.2,0.04712751017098844,0.392156862745098,True
b0652ebb77e0ef1a,Paris,room,2016Q3,2016Q2,0.1961722488038279,28,23,4,9,True,True,2,2,True,9,2,0.2222222222222222,-0.034181756016936196,0.27586206896551735,True
b075567427a291bf,Amsterdam,breakfast,2016Q4,2016Q3,0.4155844155844156,12,11,5,9,True,True,2,2,True,9,2,0.2222222222222222,-0.04675235450448931,0.27142857142857135,True
b075567427a291bf,Amsterdam,cleanliness,2016Q3,2016Q2,0.16835016835016847,17,12,4,9,True,True,2,2,True,8,3,0.375,-0.005797486862876677,0.2666666666666666,True
b075567427a291bf,Amsterdam,cleanliness,2017Q1,2016Q4,0.23809523809523814,11,8,6,9,True,True,2,2,True,9,1,0.1111111111111111,-0.009824236518057479,0.3650793650793652,True
b075567427a291bf,Amsterdam,location,2016Q2,2016Q1,0.20401337792642127,36,29,3,9,True,True,2,2,True,7,4,0.5714285714285714,0.04776587432317351,0.21666666666666656,True
b075567427a291bf,Amsterdam,service,2016Q3,2016Q2,0.18211648892534882,43,36,4,9,True,True,2,2,True,8,1,0.125,0.015683619418062178,0.16666666666666674,True
b0c2071ed31d3384,London,breakfast,2016Q4,2016Q3,0.3088235294117647,6,7,5,9,True,True,2,2,True,10,2,0.2,-0.018616168455717487,0.26900584795321647,True
b0c2071ed31d3384,London,cleanliness,2016Q4,2016Q3,0.17500000000000004,6,5,5,9,True,True,2,2,True,10,1,0.1,-0.020729810669888826,0.44999999999999996,True
b0c2071ed31d3384,London,noise,2016Q4,2016Q3,0.22368421052631582,6,9,5,9,True,True,2,2,True,10,1,0.1,-0.018171674730498265,0.5098039215686275,True
b0c2071ed31d3384,London,room,2016Q2,2016Q1,0.2571428571428571,30,25,3,9,True,True,2,2,True,10,2,0.2,0.0258397806530145,0.1924999999999999,True
b0c2071ed31d3384,London,room,2016Q4,2016Q3,0.3284233496999456,37,29,5,9,True,True,2,2,True,10,0,0.0,-0.04444726653069879,0.13725490196078427,True
b0c2071ed31d3384,London,room,2017Q1,2016Q4,0.1843971631205672,38,37,6,9,True,True,2,2,True,10,4,0.4,0.10834182472987677,0.3620218579234974,True
b0c2071ed31d3384,London,service,2016Q3,2016Q2,0.20779220779220786,23,25,4,9,True,True,2,2,True,10,1,0.1,-0.025713231138099292,0.2055335968379446,True
b0c2071ed31d3384,London,value,2016Q4,2016Q3,0.20320855614973254,12,7,5,9,True,True,2,2,True,10,1,0.1,-0.12617886067127057,0.1568627450980392,True
b1bf88676e14d08a,Vienna,location,2016Q3,2016Q2,0.42307692307692313,10,3,4,9,True,True,2,2,True,10,3,0.3,0.03607758029258379,0.27920227920227925,True
b1bf88676e14d08a,Vienna,room,2016Q4,2016Q3,0.16000000000000014,15,15,5,9,True,True,2,2,True,10,3,0.3,0.03645259504532415,0.238213399503722,True
b1bf88676e14d08a,Vienna,service,2016Q3,2016Q2,0.25,6,0,4,9,True,True,2,2,True,10,1,0.1,0.024374914803903303,0.3047619047619048,True
b1c18459fbf7279a,Milan,room,2016Q2,2016Q1,0.19548872180451127,11,9,3,9,True,True,2,2,True,9,5,0.5555555555555556,0.10775431851675105,0.31301068510370833,True
b1c18459fbf7279a,Milan,room,2016Q4,2016Q3,0.17460317460317465,8,11,5,9,True,True,2,2,True,10,1,0.1,-0.1514432214842416,0.2435897435897436,True
b1c18459fbf7279a,Milan,service,2016Q2,2016Q1,0.2236842105263157,9,14,3,9,True,True,2,2,True,9,4,0.4444444444444444,0.07493809010104831,0.20175438596491224,True
b1c18459fbf7279a,Milan,service,2016Q4,2016Q3,0.3532608695652173,13,6,5,9,True,True,2,2,True,10,2,0.2,-0.0373111091823059,0.17194570135746612,True
b21951c2669bc3ac,Paris,breakfast,2016Q1,2015Q4,0.20320855614973277,7,1,2,9,True,True,2,2,True,10,5,0.5,0.07389610389610388,0.24761904761904763,True
b21951c2669bc3ac,Paris,location,2016Q1,2015Q4,0.2450980392156863,7,2,2,9,True,True,2,2,True,10,1,0.1,-0.03091490422053078,0.16176470588235303,True
b21951c2669bc3ac,Paris,location,2016Q3,2016Q2,0.20833333333333326,6,2,4,9,True,True,2,2,True,10,4,0.4,0.07560591924772073,0.2450980392156863,True
b21951c2669bc3ac,Paris,service,2016Q1,2015Q4,0.26923076923076916,10,3,2,9,True,True,2,2,True,10,1,0.1,0.01759168654199077,0.2738095238095237,True
b24727f9715a90d3,London,breakfast,2016Q3,2016Q2,0.2588235294117647,7,10,4,9,True,True,2,2,True,10,5,0.5,0.16012318571922607,0.37950664136622403,True
b24727f9715a90d3,London,cleanliness,2016Q4,2016Q3,0.3850931677018634,11,13,5,9,True,True,2,2,True,10,2,0.2,0.051984347572776334,0.2710505212510024,True
b24727f9715a90d3,London,noise,2016Q3,2016Q2,0.20833333333333326,8,6,4,9,True,True,2,2,True,10,3,0.3,0.05387000254647314,0.375,True
b24727f9715a90d3,London,room,2017Q1,2016Q4,0.21304347826086967,50,36,6,9,True,True,2,2,True,10,2,0.2,0.07492760459991302,0.2592592592592593,True
b24727f9715a90d3,London,value,2016Q1,2015Q4,0.3326315789473685,15,9,2,9,True,True,2,2,True,10,1,0.1,-0.000807383878591339,0.1575757575757576,True
b24727f9715a90d3,London,value,2016Q4,2016Q3,0.18181818181818188,12,12,5,9,True,True,2,2,True,10,0,0.0,-0.09354049643092585,0.1398601398601398,True
b289dd95ce811643,Vienna,breakfast,2016Q3,2016Q2,0.16666666666666674,22,11,4,9,True,True,2,2,True,10,3,0.3,0.045210234358841216,0.41176470588235303,True
b289dd95ce811643,Vienna,cleanliness,2016Q3,2016Q2,0.2255639097744362,9,4,4,9,True,True,2,2,True,10,4,0.4,0.08649683649683645,0.23376623376623373,True
b289dd95ce811643,Vienna,location,2016Q3,2016Q2,0.2597402597402596,25,12,4,9,True,True,2,2,True,10,3,0.3,0.06148120402189714,0.3571428571428572,True
b289dd95ce811643,Vienna,room,2016Q3,2016Q2,0.21553884711779436,28,11,4,9,True,True,2,2,True,10,2,0.2,0.09693388228518289,0.217741935483871,True
b289dd95ce811643,Vienna,service,2016Q3,2016Q2,0.4201680672268906,32,7,4,9,True,True,2,2,True,10,4,0.4,0.08555292228198033,0.37037037037037024,True
b29f2cf54f5ea1c3,Vienna,cleanliness,2016Q2,2016Q1,0.16666666666666652,8,2,3,9,True,True,2,2,True,10,2,0.2,-0.06092630718666383,0.4699872286079183,True
b29f2cf54f5ea1c3,Vienna,service,2016Q2,2016Q1,0.3015873015873016,8,4,3,9,True,True,2,2,True,10,1,0.1,-0.13145731629893834,0.16666666666666674,True
b2beb8a17d66e770,Paris,breakfast,2016Q2,2016Q1,0.375,14,6,3,9,True,True,2,2,True,9,1,0.1111111111111111,-0.04926142143802665,0.2575757575757577,True
b2beb8a17d66e770,Paris,cleanliness,2016Q2,2016Q1,0.17254901960784297,20,7,3,9,True,True,2,2,True,9,3,0.3333333333333333,0.07268427792724469,0.4782608695652173,True
b2beb8a17d66e770,Paris,location,2016Q2,2016Q1,0.21913043478260863,36,15,3,9,True,True,2,2,True,9,1,0.1111111111111111,-0.027465077842471652,0.4444444444444444,True
b2beb8a17d66e770,Paris,noise,2017Q1,2016Q4,0.1578947368421053,8,9,6,9,True,True,2,2,True,10,2,0.2,-0.00710799004916649,0.19480519480519498,True
b2beb8a17d66e770,Paris,room,2016Q2,2016Q1,0.15254237288135597,49,22,3,9,True,True,2,2,True,9,3,0.3333333333333333,0.09547317849667306,0.34090909090909094,True
b2beb8a17d66e770,Paris,service,2016Q2,2016Q1,0.2624434389140271,24,16,3,9,True,True,2,2,True,9,2,0.2222222222222222,0.046790344034253,0.368421052631579,True
b2c3c257a9b988cb,London,breakfast,2017Q1,2016Q4,0.33333333333333326,14,10,6,9,True,True,2,2,True,10,4,0.4,0.07328353567512685,0.6801346801346801,True
b2c3c257a9b988cb,London,location,2016Q4,2016Q3,0.18260869565217375,10,13,5,9,True,True,2,2,True,10,1,0.1,0.005302343699263768,0.3875968992248062,True
b2c3c257a9b988cb,London,noise,2017Q1,2016Q4,0.1722488038277512,9,1,6,9,True,True,2,2,True,10,2,0.2,-0.0327410463633374,0.22009569377990423,True
b2c3c257a9b988cb,London,room,2016Q2,2016Q1,0.2666666666666666,8,5,3,9,True,True,2,2,True,9,5,0.5555555555555556,0.1303021075025238,0.44534412955465585,True
b2c845bbf8b7c643,Paris,breakfast,2016Q2,2016Q1,0.33333333333333326,8,8,3,9,True,True,2,2,True,9,3,0.3333333333333333,0.08878925130215119,0.42245989304812825,True
b354bd727c5496ad,London,breakfast,2016Q1,2015Q4,0.16666666666666674,14,10,2,9,True,True,2,2,True,10,3,0.3,0.015017996774700348,0.3068688670829617,True
b354bd727c5496ad,London,breakfast,2016Q3,2016Q2,0.2395604395604395,16,25,4,9,True,True,2,2,True,10,1,0.1,-0.09715417839794706,0.21590909090909094,True
b354bd727c5496ad,London,cleanliness,2017Q1,2016Q4,0.19999999999999996,10,15,6,9,True,True,2,2,True,10,4,0.4,0.1063569277635199,0.2749999999999999,True
b354bd727c5496ad,London,room,2017Q1,2016Q4,0.22542498152254242,56,72,6,9,True,True,2,2,True,10,2,0.2,-0.07902435873621819,0.2435897435897436,True
b354bd727c5496ad,London,value,2016Q4,2016Q3,0.33867276887871844,9,13,5,9,True,True,2,2,True,10,1,0.1,-0.06784653942548682,0.17142857142857137,True
b3a4f045895e36eb,Paris,cleanliness,2016Q3,2016Q2,0.19999999999999996,5,2,4,9,True,True,2,2,True,8,0,0.0,-0.03407738095238094,0.09523809523809512,True
b3a4f045895e36eb,Paris,room,2016Q3,2016Q2,0.18461538461538463,16,5,4,9,True,True,2,2,True,8,2,0.25,0.014884760958004353,0.20238095238095255,True
b48924ccb26a0e64,London,room,2016Q3,2016Q2,0.22549019607843135,7,2,4,9,True,True,2,2,True,10,0,0.0,-0.18156991077255438,0.1098039215686275,True
b48924ccb26a0e64,London,service,2016Q3,2016Q2,0.1578947368421053,9,2,4,9,True,True,2,2,True,10,0,0.0,-0.12287561991550033,0.04082332761578056,True
b522dc9fbaf32ebf,Barcelona,breakfast,2016Q1,2015Q4,0.3125,22,6,2,9,True,True,2,2,True,9,3,0.3333333333333333,-0.035317049205938096,0.45238095238095244,True
b522dc9fbaf32ebf,Barcelona,cleanliness,2016Q1,2015Q4,0.3988095238095237,11,6,2,9,True,True,2,2,True,9,0,0.0,-0.06925000390428668,0.051948051948051965,True
b522dc9fbaf32ebf,Barcelona,location,2016Q1,2015Q4,0.2030651340996168,48,26,2,9,True,True,2,2,True,9,0,0.0,-0.04305733640032986,0.11421911421911424,True
b522dc9fbaf32ebf,Barcelona,room,2016Q2,2016Q1,0.23939393939393927,23,50,3,9,True,True,2,2,True,10,1,0.1,0.045398081855381446,0.20952380952380945,True
b522dc9fbaf32ebf,Barcelona,room,2017Q1,2016Q4,0.21314102564102555,29,22,6,9,True,True,2,2,True,10,2,0.2,-0.007639141886215261,0.34078711985688737,True
b56f04688d657ba1,Milan,breakfast,2016Q2,2016Q1,0.3799999999999999,18,15,3,9,True,True,2,2,True,9,1,0.1111111111111111,-0.09615732259231913,0.1785714285714286,True
b56f04688d657ba1,Milan,breakfast,2016Q4,2016Q3,0.19373219373219386,16,17,5,9,True,True,2,2,True,9,5,0.5555555555555556,0.04910885065903203,0.45123152709359604,True
b56f04688d657ba1,Milan,cleanliness,2016Q1,2015Q4,0.33333333333333326,10,2,2,9,True,True,2,2,True,9,0,0.0,-0.09546905203133102,0.08974358974358987,True
b56f04688d657ba1,Milan,cleanliness,2016Q4,2016Q3,0.26666666666666683,15,14,5,9,True,True,2,2,True,9,2,0.2222222222222222,0.06075599429527734,0.1890909090909092,True
b56f04688d657ba1,Milan,location,2016Q4,2016Q3,0.2578397212543555,25,31,5,9,True,True,2,2,True,9,1,0.1111111111111111,-0.009644520347083851,0.15467239527389898,True
b56f04688d657ba1,Milan,room,2016Q1,2015Q4,0.2769230769230768,20,3,2,9,True,True,2,2,True,9,2,0.2222222222222222,0.06381488599313984,0.4190476190476189,True
b56f04688d657ba1,Milan,room,2016Q3,2016Q2,0.1558441558441559,23,32,4,9,True,True,2,2,True,9,0,0.0,-0.0445660864180899,0.09677419354838701,True
b56f04688d657ba1,Milan,service,2016Q1,2015Q4,0.28787878787878785,12,2,2,9,True,True,2,2,True,9,2,0.2222222222222222,0.033728511289144655,0.3369963369963369,True
b56f04688d657ba1,Milan,value,2016Q4,2016Q3,0.3921568627450981,7,5,5,9,True,True,2,2,True,9,2,0.2222222222222222,0.03923506465523271,0.5538461538461538,True
b58c3a47a8da7f12,Barcelona,breakfast,2016Q3,2016Q2,0.19999999999999996,15,10,4,9,True,True,2,2,True,10,3,0.3,0.11597474302008837,0.46823956442831216,True
b58c3a47a8da7f12,Barcelona,cleanliness,2016Q2,2016Q1,0.36190476190476195,11,5,3,9,True,True,2,2,True,10,2,0.2,0.05080498933022824,0.26515151515151514,True
b58c3a47a8da7f12,Barcelona,noise,2016Q2,2016Q1,0.22689075630252098,7,4,3,9,True,True,2,2,True,10,0,0.0,-0.05586133992463914,0.11764705882352944,True
b58c3a47a8da7f12,Barcelona,room,2016Q4,2016Q3,0.19047619047619058,32,39,5,9,True,True,2,2,True,10,0,0.0,-0.06337801646918807,0.13793103448275867,True
b58c3a47a8da7f12,Barcelona,service,2016Q3,2016Q2,0.22152560083594586,23,19,4,9,True,True,2,2,True,10,3,0.3,0.06560718705654925,0.26956521739130435,True
b5ac89c290670d14,Barcelona,location,2016Q2,2016Q1,0.2236842105263157,9,6,3,9,True,True,2,2,True,7,3,0.42857142857142855,0.012606286395010111,0.3015873015873016,True
b5ac89c290670d14,Barcelona,room,2016Q2,2016Q1,0.22910216718266263,7,9,3,9,True,True,2,2,True,7,1,0.14285714285714285,-0.0919796782082527,0.28132992327365725,True
b5ac89c290670d14,Barcelona,service,2016Q1,2015Q4,0.2272727272727273,10,12,2,9,True,True,2,2,True,7,4,0.5714285714285714,0.15186024295456563,0.29130434782608683,True
b5ac89c290670d14,Barcelona,service,2016Q4,2016Q3,0.25806451612903225,21,21,5,9,True,True,2,2,True,9,1,0.1111111111111111,-0.14128503059559439,0.5,True
b5b435c726b0a1ba,Amsterdam,breakfast,2016Q1,2015Q4,0.24660397074190177,23,19,2,9,True,True,2,2,True,8,2,0.25,0.016602206281708304,0.32167832167832155,True
b5b435c726b0a1ba,Amsterdam,location,2016Q2,2016Q1,0.19680851063829796,37,62,3,9,True,True,2,2,True,8,0,0.0,-0.08905326243927902,0.05555555555555558,True
b5b435c726b0a1ba,Amsterdam,noise,2016Q1,2015Q4,0.625,6,6,2,9,True,True,2,2,True,8,4,0.5,0.16699803109649658,0.47619047619047616,True
b5b435c726b0a1ba,Amsterdam,service,2017Q1,2016Q4,0.28341013824884786,21,18,6,9,True,True,2,2,True,10,3,0.3,0.05569481795223854,0.27083333333333326,True
b5d50d00bce4f5c2,London,breakfast,2017Q1,2016Q4,0.42307692307692313,29,26,6,9,True,True,2,2,True,9,5,0.5555555555555556,0.1809765475293151,0.5333333333333332,True
b5d50d00bce4f5c2,London,cleanliness,2017Q1,2016Q4,0.1534391534391535,32,17,6,9,True,True,2,2,True,9,3,0.3333333333333333,0.05130747891840469,0.6829810901001113,True
b5d50d00bce4f5c2,London,noise,2016Q3,2016Q2,0.20000000000000007,10,10,4,9,True,True,2,2,True,9,2,0.2222222222222222,-0.027677437742559978,0.24444444444444446,True
b5d50d00bce4f5c2,London,value,2016Q4,2016Q3,0.20606060606060606,23,25,5,9,True,True,2,2,True,9,2,0.2222222222222222,-0.05164296124618358,0.1820276497695853,True
b5d50d00bce4f5c2,London,value,2017Q1,2016Q4,0.3301096067053514,37,23,6,9,True,True,2,2,True,9,1,0.1111111111111111,0.06004351817771382,0.20263157894736838,True
b5efde3a9a9eff8d,London,breakfast,2016Q1,2015Q4,0.32499999999999996,10,6,2,9,True,True,2,2,True,10,5,0.5,0.12325869392319885,0.5126050420168067,True
b5efde3a9a9eff8d,London,breakfast,2017Q1,2016Q4,0.19047619047619058,11,32,6,9,True,True,2,2,True,10,2,0.2,-0.02937458295617181,0.22222222222222232,True
b5efde3a9a9eff8d,London,cleanliness,2017Q1,2016Q4,0.15384615384615385,10,16,6,9,True,True,2,2,True,10,0,0.0,0.010263658088468585,0.10526315789473695,True
b5efde3a9a9eff8d,London,location,2016Q2,2016Q1,0.17567567567567566,27,26,3,9,True,True,2,2,True,10,3,0.3,-0.004719298269060523,0.3384615384615386,True
b5efde3a9a9eff8d,London,location,2016Q3,2016Q2,0.1704781704781706,81,27,4,9,True,True,2,2,True,10,4,0.4,0.12282499901920123,0.27450980392156854,True
b5efde3a9a9eff8d,London,noise,2017Q1,2016Q4,0.354066985645933,9,12,6,9,True,True,2,2,True,10,1,0.1,-0.06754288976155985,0.16410256410256419,True
b5efde3a9a9eff8d,London,room,2016Q1,2015Q4,0.3197691197691197,45,53,2,9,True,True,2,2,True,10,2,0.2,0.07207836518928036,0.34285714285714275,True
b5efde3a9a9eff8d,London,room,2017Q1,2016Q4,0.19130434782608696,50,105,6,9,True,True,2,2,True,10,1,0.1,-0.05151892469688637,0.22435617634220872,True
b5efde3a9a9eff8d,London,service,2016Q3,2016Q2,0.15230769230769226,90,42,4,9,True,True,2,2,True,10,2,0.2,0.004821604854764872,0.314102564102564,True
b64444047825376f,Vienna,breakfast,2016Q1,2015Q4,0.21052631578947367,9,9,2,9,True,True,2,2,True,9,1,0.1111111111111111,-0.05300420538557501,0.2991913746630728,True
b64444047825376f,Vienna,breakfast,2016Q3,2016Q2,0.16541353383458657,11,9,4,9,True,True,2,2,True,9,1,0.1111111111111111,-0.011619565042504117,0.45128205128205123,True
b64444047825376f,Vienna,cleanliness,2016Q2,2016Q1,0.19047619047619047,5,4,3,9,True,True,2,2,True,9,2,0.2222222222222222,0.030115137063881494,0.37969924812030076,True
b64444047825376f,Vienna,service,2016Q1,2015Q4,0.2588235294117647,10,7,2,9,True,True,2,2,True,9,3,0.3333333333333333,0.02438287927758805,0.23232323232323226,True
b67ed0927d2de30f,Barcelona,breakfast,2017Q1,2016Q4,0.21671826625387003,9,7,6,7,True,True,2,2,True,10,2,0.2,-0.082447445800387,0.33333333333333337,True
b67ed0927d2de30f,Barcelona,room,2017Q1,2016Q4,0.1578947368421053,9,16,6,7,True,True,2,2,True,10,2,0.2,-0.0021145130063232377,0.34078711985688737,True
b67ed0927d2de30f,Barcelona,service,2017Q1,2016Q4,0.21553884711779436,9,11,6,7,True,True,2,2,True,10,1,0.1,-0.06341378297015705,0.2564102564102564,True
b6b72c89ea90ee0e,Paris,breakfast,2016Q1,2015Q4,0.25,6,2,2,9,True,True,2,2,True,10,1,0.1,0.003988603988603989,0.2407407407407407,True
b6b72c89ea90ee0e,Paris,location,2016Q1,2015Q4,0.22222222222222232,17,11,2,9,True,True,2,2,True,10,0,0.0,-0.04415340670043917,0.13765182186234814,True
b6b72c89ea90ee0e,Paris,room,2016Q2,2016Q1,0.1578947368421053,9,14,3,9,True,True,2,2,True,10,2,0.2,0.005680978200233689,0.6190476190476192,True
b6b72c89ea90ee0e,Paris,room,2016Q4,2016Q3,0.19323671497584538,13,17,5,9,True,True,2,2,True,10,2,0.2,-0.04397795044396431,0.20952380952380956,True
b6b72c89ea90ee0e,Paris,service,2016Q1,2015Q4,0.2850678733031673,16,7,2,9,True,True,2,2,True,10,1,0.1,-0.026136414250561534,0.3431372549019608,True
b6b72c89ea90ee0e,Paris,service,2016Q3,2016Q2,0.20833333333333326,14,6,4,9,True,True,2,2,True,10,2,0.2,-0.008682665286080814,0.3208556149732622,True
b719cad28fa96390,Barcelona,breakfast,2017Q1,2016Q4,0.15415821501014193,19,7,6,9,True,True,2,2,True,10,1,0.1,-0.060799278793625254,0.19138755980861255,True
b719cad28fa96390,Barcelona,cleanliness,2016Q1,2015Q4,0.4013377926421404,13,3,2,9,True,True,2,2,True,10,0,0.0,-0.018046529366895502,0.1457142857142859,True
b719cad28fa96390,Barcelona,location,2016Q1,2015Q4,0.22257053291536066,19,12,2,9,True,True,2,2,True,10,0,0.0,-0.03979368515381041,0.1200000000000001,True
b719cad28fa96390,Barcelona,location,2017Q1,2016Q4,0.29166666666666674,22,11,6,9,True,True,2,2,True,10,2,0.2,-0.03020418352875338,0.2666666666666666,True
b719cad28fa96390,Barcelona,room,2016Q2,2016Q1,0.2732558139534884,30,33,3,9,True,True,2,2,True,10,1,0.1,-0.013968375794150967,0.19384615384615378,True
b719cad28fa96390,Barcelona,service,2016Q1,2015Q4,0.3030303030303032,23,11,2,9,True,True,2,2,True,10,0,0.0,0.013560056740837689,0.12200435729847481,True
b719cad28fa96390,Barcelona,service,2017Q1,2016Q4,0.18846153846153846,30,16,6,9,True,True,2,2,True,10,1,0.1,-0.04852935564609924,0.18666666666666676,True
b73c6fe4bf27f2fc,Paris,location,2017Q1,2016Q4,0.5,10,6,6,6,True,True,2,2,True,10,1,0.1,-0.05473357560314076,0.23076923076923084,True
b73c6fe4bf27f2fc,Paris,noise,2017Q1,2016Q4,0.375,6,2,6,6,True,True,2,2,True,10,1,0.1,-0.046686646686646696,0.16666666666666674,True
b73c6fe4bf27f2fc,Paris,room,2017Q1,2016Q4,0.30501089324618724,17,7,6,6,True,True,2,2,True,10,3,0.3,0.009080869101733302,0.2909090909090909,True
b73c6fe4bf27f2fc,Paris,service,2017Q1,2016Q4,0.1967963386727689,13,9,6,6,True,True,2,2,True,10,1,0.1,-0.029161192837663396,0.4191176470588236,True
b749c978b6ac283b,Milan,breakfast,2016Q4,2016Q3,0.2857142857142858,11,18,5,9,True,True,2,2,True,10,2,0.2,-0.020628473425938876,0.30541871921182273,True
b749c978b6ac283b,Milan,location,2016Q1,2015Q4,0.26190476190476186,10,11,2,9,True,True,2,2,True,10,0,0.0,-0.011792536434417245,0.1333333333333333,True
b749c978b6ac283b,Milan,room,2016Q1,2015Q4,0.25396825396825407,8,11,2,9,True,True,2,2,True,10,2,0.2,0.00906177666675435,0.4861660079051384,True
b749c978b6ac283b,Milan,room,2017Q1,2016Q4,0.1515151515151516,12,23,6,9,True,True,2,2,True,10,0,0.0,-0.056714214148089505,0.0778032036613272,True
b749c978b6ac283b,Milan,service,2016Q2,2016Q1,0.20634920634920628,18,8,3,9,True,True,2,2,True,10,0,0.0,-0.057736469439632655,0.13142857142857145,True
b81a923c47ffe14a,London,breakfast,2017Q1,2016Q4,0.21052631578947367,9,9,6,9,True,True,2,2,True,10,2,0.2,-0.04282278108365063,0.23809523809523814,True
b81a923c47ffe14a,London,cleanliness,2016Q1,2015Q4,0.2857142857142857,6,4,2,9,True,True,2,2,True,9,0,0.0,0.01500598167264834,0.1428571428571428,True
b81a923c47ffe14a,London,noise,2016Q4,2016Q3,0.23333333333333328,5,2,5,9,True,True,2,2,True,10,1,0.1,0.006631701631701614,0.16666666666666663,True
b81a923c47ffe14a,London,service,2016Q1,2015Q4,0.21678321678321688,16,12,2,9,True,True,2,2,True,9,1,0.1111111111111111,0.028658757304475622,0.2991452991452992,True
b81a923c47ffe14a,London,value,2017Q1,2016Q4,0.45333333333333337,5,15,6,9,True,True,2,2,True,10,1,0.1,-0.008371585788465585,0.16666666666666663,True
b81f1e75251ae60d,Barcelona,location,2016Q1,2015Q4,0.16941176470588215,24,15,2,9,True,True,2,2,True,9,3,0.3333333333333333,0.05090634766954873,0.3090909090909091,True
b81f1e75251ae60d,Barcelona,noise,2017Q1,2016Q4,0.19999999999999996,5,6,6,9,True,True,2,2,True,10,3,0.3,0.03303159803159802,0.33333333333333337,True
b81f1e75251ae60d,Barcelona,room,2016Q1,2015Q4,0.1839080459770115,19,14,2,9,True,True,2,2,True,9,2,0.2222222222222222,0.026952812350816133,0.2592592592592593,True
b81f1e75251ae60d,Barcelona,service,2016Q1,2015Q4,0.15810276679841917,23,13,2,9,True,True,2,2,True,9,3,0.3333333333333333,0.0756720738426016,0.24575163398692812,True
b83830477054a88b,Barcelona,breakfast,2016Q3,2016Q2,0.2598039215686274,14,7,4,9,True,True,2,2,True,10,4,0.4,0.16302044446781286,0.44999999999999996,True
b83830477054a88b,Barcelona,breakfast,2017Q1,2016Q4,0.24444444444444446,8,10,6,9,True,True,2,2,True,10,1,0.1,-0.0765817515817516,0.18181818181818177,True
b83830477054a88b,Barcelona,cleanliness,2016Q1,2015Q4,0.5213675213675213,8,3,2,9,True,True,2,2,True,9,3,0.3333333333333333,0.0578461012671539,0.2857142857142858,True
b83830477054a88b,Barcelona,location,2017Q1,2016Q4,0.16666666666666674,14,14,6,9,True,True,2,2,True,10,3,0.3,-0.06843782722265693,0.2321428571428572,True
b83830477054a88b,Barcelona,noise,2016Q3,2016Q2,0.1568627450980391,5,7,4,9,True,True,2,2,True,10,4,0.4,0.09099575862733758,0.2857142857142857,True
b83830477054a88b,Barcelona,room,2016Q1,2015Q4,0.2757894736842106,28,15,2,9,True,True,2,2,True,9,1,0.1111111111111111,0.0004518223816469331,0.15384615384615385,True
b83830477054a88b,Barcelona,service,2016Q1,2015Q4,0.2272727272727273,22,12,2,9,True,True,2,2,True,9,2,0.2222222222222222,0.07536816659623675,0.39743589743589747,True
b87c5af634d411fd,London,noise,2016Q3,2016Q2,0.16993464052287588,7,8,4,9,True,True,2,2,True,10,1,0.1,-0.10698369263586653,0.2857142857142858,True
b87c5af634d411fd,London,room,2016Q1,2015Q4,0.22829268292682925,15,31,2,9,True,True,2,2,True,10,3,0.3,0.08306875229261781,0.4520123839009288,True
b87c5af634d411fd,London,room,2017Q1,2016Q4,0.18076923076923068,30,29,6,9,True,True,2,2,True,10,1,0.1,0.0008000670731665993,0.1706349206349207,True
b87c5af634d411fd,London,service,2017Q1,2016Q4,0.34195402298850563,14,19,6,9,True,True,2,2,True,10,0,0.0,-0.04433425319176716,0.09129967776584325,True
b89331730d84f8e6,London,breakfast,2016Q2,2016Q1,0.5341159207630226,48,37,3,9,True,True,2,2,True,8,2,0.25,-0.03364941591671296,0.23076923076923084,True
b89331730d84f8e6,London,breakfast,2017Q1,2016Q4,0.22985763143243454,89,117,6,9,True,True,2,2,True,9,4,0.4444444444444444,0.11344191774230875,0.3443609022556392,True
b89331730d84f8e6,London,cleanliness,2016Q2,2016Q1,0.19285714285714284,46,30,3,9,True,True,2,2,True,8,2,0.25,-0.05372627295297129,0.2857142857142858,True
b89331730d84f8e6,London,cleanliness,2016Q4,2016Q3,0.19377990430622005,56,66,5,9,True,True,2,2,True,8,2,0.25,0.049481113164482685,0.38888888888888895,True
b89331730d84f8e6,London,value,2016Q3,2016Q2,0.1738672286617492,63,42,4,9,True,True,2,2,True,8,1,0.125,-0.02133251855144644,0.31547619047619047,True
b90774aae86779d5,Paris,cleanliness,2016Q4,2016Q3,0.22222222222222232,8,0,5,9,True,True,2,2,True,9,2,0.2222222222222222,-0.04479138470366543,0.3095238095238094,True
b90774aae86779d5,Paris,room,2016Q1,2015Q4,0.6504347826086956,13,15,2,9,True,True,2,2,True,10,3,0.3,0.015281308364968571,0.2807692307692309,True
b90774aae86779d5,Paris,room,2016Q4,2016Q3,0.38181818181818183,12,25,5,9,True,True,2,2,True,9,1,0.1111111111111111,-0.00011055978892235728,0.3051851851851851,True
b90774aae86779d5,Paris,service,2017Q1,2016Q4,0.19999999999999996,10,14,6,9,True,True,2,2,True,9,2,0.2222222222222222,-0.022677401144893458,0.33333333333333326,True
b9297ecb03629fed,Paris,location,2016Q2,2016Q1,0.19333333333333336,15,14,3,9,True,True,2,2,True,9,3,0.3333333333333333,0.07329689154250557,0.2857142857142858,True
b9297ecb03629fed,Paris,service,2016Q1,2015Q4,0.2450980392156863,7,2,2,9,True,True,2,2,True,7,2,0.2857142857142857,0.0336470336927042,0.19444444444444442,True
b935a095fbdf0692,Paris,breakfast,2016Q3,2016Q2,0.22745098039215694,7,5,4,7,True,True,2,2,True,9,2,0.2222222222222222,0.021621279954613295,0.16666666666666674,True
b935a095fbdf0692,Paris,breakfast,2017Q1,2016Q4,0.3472222222222223,8,6,6,7,True,True,2,2,True,10,2,0.2,0.002379070205157141,0.16666666666666663,True
b935a095fbdf0692,Paris,cleanliness,2017Q1,2016Q4,0.20833333333333326,8,6,6,7,True,True,2,2,True,10,1,0.1,-0.0047150072150071946,0.16666666666666674,True
b935a095fbdf0692,Paris,location,2016Q3,2016Q2,0.2551724137931035,19,10,4,7,True,True,2,2,True,9,3,0.3333333333333333,0.08251622060737235,0.40701754385964906,True
b935a095fbdf0692,Paris,location,2017Q1,2016Q4,0.25,10,14,6,7,True,True,2,2,True,10,0,0.0,0.00417952309128784,0.13986013986014,True
b935a095fbdf0692,Paris,noise,2016Q3,2016Q2,0.1512605042016808,7,4,4,7,True,True,2,2,True,9,3,0.3333333333333333,0.0421837421837422,0.19999999999999996,True
b935a095fbdf0692,Paris,room,2016Q3,2016Q2,0.5428571428571428,20,11,4,7,True,True,2,2,True,9,2,0.2222222222222222,0.020399548982226796,0.2666666666666666,True
b935a095fbdf0692,Paris,service,2017Q1,2016Q4,0.30205949656750586,13,9,6,7,True,True,2,2,True,10,1,0.1,-0.005745088245088259,0.20833333333333326,True
b94f0b421694c972,London,breakfast,2016Q1,2015Q4,0.21929824561403521,14,9,2,9,True,True,2,2,True,9,3,0.3333333333333333,0.024746817935420058,0.3856806898353802,True
b94f0b421694c972,London,breakfast,2016Q2,2016Q1,0.2967479674796747,31,14,3,9,True,True,2,2,True,9,1,0.1111111111111111,-0.08447190688460911,0.28021978021978033,True
b94f0b421694c972,London,breakfast,2016Q3,2016Q2,0.17658536585365847,40,31,4,9,True,True,2,2,True,10,3,0.3,0.038100690979515274,0.40096038415366153,True
b94f0b421694c972,London,location,2016Q3,2016Q2,0.16858237547892707,48,35,4,9,True,True,2,2,True,10,1,0.1,0.027551249873097074,0.16666666666666674,True
b94f0b421694c972,London,room,2016Q2,2016Q1,0.16530654948734047,71,49,3,9,True,True,2,2,True,9,1,0.1111111111111111,0.04417431587723178,0.3682539682539683,True
b94f0b421694c972,London,value,2016Q2,2016Q1,0.3354037267080745,18,13,3,9,True,True,2,2,True,9,0,0.0,-0.19362905295399577,0.04347826086956519,True
b96655ffae8cb08a,Paris,location,2016Q4,2016Q3,0.27368421052631575,9,5,5,9,True,True,2,2,True,10,2,0.2,0.03461600491012253,0.33484162895927616,True
b9a2f8dda3f5956b,Paris,breakfast,2017Q1,2016Q4,0.2666666666666666,5,5,6,9,True,True,2,2,True,9,1,0.1111111111111111,-0.038299772123301504,0.5000000000000001,True
b9a2f8dda3f5956b,Paris,cleanliness,2016Q2,2016Q1,0.21367521367521358,8,3,3,9,True,True,2,2,True,7,1,0.14285714285714285,-0.017912039651170022,0.16666666666666674,True
b9a2f8dda3f5956b,Paris,room,2016Q1,2015Q4,0.22857142857142854,11,25,2,9,True,True,2,2,True,7,2,0.2857142857142857,0.06344109107267,0.19166666666666665,True
b9a2f8dda3f5956b,Paris,room,2017Q1,2016Q4,0.17836812144212522,24,21,6,9,True,True,2,2,True,9,1,0.1111111111111111,0.04051419124241613,0.25185185185185177,True
b9a2f8dda3f5956b,Paris,service,2016Q3,2016Q2,0.22619047619047605,14,18,4,9,True,True,2,2,True,8,1,0.125,0.052296684223928774,0.25210084033613445,True
b9a2f8dda3f5956b,Paris,value,2016Q2,2016Q1,0.1607142857142857,6,4,3,9,True,True,2,2,True,7,0,0.0,-0.04448884448884448,0.09090909090909094,True
b9b10533060bef93,London,cleanliness,2017Q1,2016Q4,0.2464985994397758,11,7,6,9,True,True,2,2,True,10,4,0.4,0.08742135353382802,0.2749999999999999,True
b9b10533060bef93,London,service,2016Q4,2016Q3,0.1724137931034483,22,19,5,9,True,True,2,2,True,10,1,0.1,-0.028859084547851376,0.16666666666666674,True
b9b10533060bef93,London,service,2017Q1,2016Q4,0.2727272727272727,23,22,6,9,True,True,2,2,True,10,2,0.2,0.03716327527179455,0.2407407407407407,True
b9b65456e1bdb0a1,Vienna,cleanliness,2016Q3,2016Q2,0.26900584795321647,8,9,4,9,True,True,2,2,True,10,3,0.3,0.03344564748976514,0.375,True
b9b65456e1bdb0a1,Vienna,cleanliness,2017Q1,2016Q4,0.27450980392156854,8,7,6,9,True,True,2,2,True,10,1,0.1,-0.07068400950753889,0.19166666666666665,True
b9b65456e1bdb0a1,Vienna,location,2017Q1,2016Q4,0.2892307692307692,15,3,6,9,True,True,2,2,True,10,1,0.1,-0.17550558811441833,0.2764976958525347,True
b9b65456e1bdb0a1,Vienna,room,2016Q3,2016Q2,0.19999999999999996,15,14,4,9,True,True,2,2,True,10,3,0.3,0.07343656549831258,0.4940711462450592,True
b9b65456e1bdb0a1,Vienna,room,2017Q1,2016Q4,0.2810810810810811,27,10,6,9,True,True,2,2,True,10,1,0.1,-0.03302278481530453,0.19797979797979814,True
b9b65456e1bdb0a1,Vienna,service,2017Q1,2016Q4,0.24,15,5,6,9,True,True,2,2,True,10,0,0.0,-0.0525918155859764,0.1251993620414673,True
b9b65456e1bdb0a1,Vienna,value,2017Q1,2016Q4,0.19999999999999996,5,0,6,9,True,True,2,2,True,10,2,0.2,-0.012006396125041896,0.1777777777777778,True
ba2230e6ec8c3d2f,Vienna,breakfast,2016Q2,2016Q1,0.2666666666666666,20,16,3,9,True,True,2,2,True,10,1,0.1,0.017540207973455735,0.15384615384615397,True
ba2230e6ec8c3d2f,Vienna,cleanliness,2016Q1,2015Q4,0.18233618233618243,17,16,2,9,True,True,2,2,True,10,5,0.5,0.12009257389692174,0.23076923076923084,True
ba2230e6ec8c3d2f,Vienna,cleanliness,2017Q1,2016Q4,0.17532467532467533,18,12,6,9,True,True,2,2,True,9,2,0.2222222222222222,-0.02546901174352155,0.2769230769230768,True
ba2230e6ec8c3d2f,Vienna,noise,2016Q4,2016Q3,0.2898550724637682,13,8,5,9,True,True,2,2,True,10,2,0.2,0.01458920650097123,0.2432432432432432,True
ba2230e6ec8c3d2f,Vienna,room,2016Q1,2015Q4,0.17180825818699563,33,39,2,9,True,True,2,2,True,10,1,0.1,0.05423436678370719,0.25,True
ba2230e6ec8c3d2f,Vienna,room,2016Q4,2016Q3,0.16253802694480668,29,49,5,9,True,True,2,2,True,10,4,0.4,0.03602094521353992,0.38978015448603676,True
ba2230e6ec8c3d2f,Vienna,service,2016Q2,2016Q1,0.3086312118570185,27,21,3,9,True,True,2,2,True,10,1,0.1,0.0036626829690243777,0.2941176470588236,True
ba2230e6ec8c3d2f,Vienna,value,2016Q2,2016Q1,0.16956521739130448,10,13,3,9,True,True,2,2,True,10,1,0.1,-0.04445762755060666,0.2941176470588236,True
ba2230e6ec8c3d2f,Vienna,value,2016Q4,2016Q3,0.45789473684210535,10,9,5,9,True,True,2,2,True,10,0,0.0,-0.07133699633699633,0.09090909090909094,True
ba3285c16c7a3c55,Paris,location,2016Q2,2016Q1,0.23232323232323226,12,8,3,9,True,True,2,2,True,10,2,0.2,0.04043502480695327,0.368421052631579,True
ba3285c16c7a3c55,Paris,location,2016Q4,2016Q3,0.18681318681318682,16,11,5,9,True,True,2,2,True,9,0,0.0,-0.03928664421911603,0.13986013986014,True
ba3285c16c7a3c55,Paris,noise,2017Q1,2016Q4,0.2857142857142857,8,4,6,9,True,True,2,2,True,9,0,0.0,-0.10985544669755197,0.07575757575757569,True
ba3285c16c7a3c55,Paris,room,2016Q1,2015Q4,0.19323671497584538,8,13,2,9,True,True,2,2,True,10,1,0.1,0.07304182944710882,0.16666666666666663,True
ba38de5e2245235e,London,breakfast,2016Q1,2015Q4,0.42647058823529416,7,6,2,9,True,True,2,2,True,10,1,0.1,0.01068129728514704,0.43492063492063493,True
ba38de5e2245235e,London,breakfast,2016Q3,2016Q2,0.19999999999999996,8,5,4,9,True,True,2,2,True,10,1,0.1,-0.1229251214805227,0.3529411764705883,True
ba38de5e2245235e,London,breakfast,2017Q1,2016Q4,0.18803418803418803,16,17,6,9,True,True,2,2,True,10,3,0.3,0.03816487999090588,0.4,True
ba38de5e2245235e,London,location,2016Q1,2015Q4,0.2084367245657568,29,21,2,9,True,True,2,2,True,10,2,0.2,0.11724346442378208,0.40973630831643004,True
ba38de5e2245235e,London,location,2016Q3,2016Q2,0.22490566037735849,43,15,4,9,True,True,2,2,True,10,0,0.0,0.006672605205467597,0.12807881773399,True
ba38de5e2245235e,London,room,2016Q1,2015Q4,0.25,38,22,2,9,True,True,2,2,True,10,1,0.1,0.007832667828826145,0.18181818181818188,True
ba38de5e2245235e,London,value,2016Q3,2016Q2,0.2783882783882784,11,3,4,9,True,True,2,2,True,10,3,0.3,0.016671209832821478,0.2941176470588236,True
ba61fa09071e832c,Vienna,breakfast,2016Q2,2016Q1,0.19999999999999996,5,6,3,9,True,True,2,2,True,10,2,0.2,0.06747613332807455,0.2857142857142858,True
ba61fa09071e832c,Vienna,room,2016Q4,2016Q3,0.238213399503722,16,21,5,9,True,True,2,2,True,10,3,0.3,0.028631255094951968,0.20147633521493702,True
ba61fa09071e832c,Vienna,service,2016Q3,2016Q2,0.3047619047619048,11,5,4,9,True,True,2,2,True,10,1,0.1,0.018898724327712824,0.25,True
ba61fa09071e832c,Vienna,value,2016Q3,2016Q2,0.564102564102564,5,3,4,9,True,True,2,2,True,10,1,0.1,-0.0033371449671759424,0.3911111111111112,True
ba9482692dad1657,London,breakfast,2016Q2,2016Q1,0.1751152073732719,21,39,3,9,True,True,2,2,True,10,3,0.3,-0.00369337132753218,0.21990740740740744,True
ba9482692dad1657,London,breakfast,2016Q3,2016Q2,0.37950664136622403,24,21,4,9,True,True,2,2,True,10,4,0.4,0.08240665392199917,0.33333333333333326,True
ba9482692dad1657,London,breakfast,2017Q1,2016Q4,0.19841269841269837,25,26,6,9,True,True,2,2,True,10,2,0.2,-0.06983795587301898,0.23809523809523814,True
ba9482692dad1657,London,cleanliness,2016Q1,2015Q4,0.392156862745098,17,7,2,9,True,True,2,2,True,10,0,0.0,0.021437451437451415,0.1428571428571428,True
ba9482692dad1657,London,noise,2016Q2,2016Q1,0.15384615384615385,12,16,3,9,True,True,2,2,True,10,2,0.2,-0.023011103103982335,0.16993464052287588,True
ba9482692dad1657,London,room,2016Q1,2015Q4,0.27915106117353317,79,35,2,9,True,True,2,2,True,10,2,0.2,0.05065111004580277,0.2205128205128204,True
ba9482692dad1657,London,room,2016Q3,2016Q2,0.3099219620958751,59,68,4,9,True,True,2,2,True,10,1,0.1,-0.03493850630217614,0.2657004830917875,True
ba9482692dad1657,London,value,2016Q3,2016Q2,0.18534482758620685,6,19,4,9,True,True,2,2,True,10,1,0.1,-0.07924289934351854,0.22689075630252098,True
ba9482692dad1657,London,value,2017Q1,2016Q4,0.17543859649122806,9,8,6,9,True,True,2,2,True,10,2,0.2,0.015751734767080028,0.6561264822134387,True
bac96c13a6a265ba,Amsterdam,cleanliness,2017Q1,2016Q4,0.5555555555555555,29,26,6,9,True,True,2,2,True,9,1,0.1111111111111111,-0.08121507375265172,0.36257309941520455,True
bac96c13a6a265ba,Amsterdam,room,2017Q1,2016Q4,0.19097187468721855,93,87,6,9,True,True,2,2,True,9,1,0.1111111111111111,-0.038221087776579704,0.19504876219054768,True
bae35180d69e667f,Barcelona,breakfast,2016Q1,2015Q4,0.17261904761904767,6,11,2,9,True,True,2,2,True,9,2,0.2222222222222222,0.021855921855921875,0.23076923076923084,True
bae35180d69e667f,Barcelona,breakfast,2016Q3,2016Q2,0.16666666666666652,26,26,4,9,True,True,2,2,True,10,3,0.3,0.058058328840062554,0.33333333333333337,True
bae35180d69e667f,Barcelona,cleanliness,2016Q1,2015Q4,0.34324942791762014,9,13,2,9,True,True,2,2,True,9,3,0.3333333333333333,0.08323891832663761,0.5213675213675213,True
bae35180d69e667f,Barcelona,cleanliness,2016Q4,2016Q3,0.1950844854070659,21,32,5,9,True,True,2,2,True,9,0,0.0,-0.16585230883476493,0.1278195488721805,True
bae35180d69e667f,Barcelona,location,2016Q1,2015Q4,0.39159891598915997,26,31,2,9,True,True,2,2,True,9,1,0.1111111111111111,0.01019279615770848,0.33333333333333337,True
bae35180d69e667f,Barcelona,location,2017Q1,2016Q4,0.20056100981767178,21,36,6,9,True,True,2,2,True,9,4,0.4444444444444444,-0.05041197765655968,0.2321428571428572,True
bae35180d69e667f,Barcelona,noise,2016Q2,2016Q1,0.17307692307692313,6,3,3,9,True,True,2,2,True,10,0,0.0,-0.028543417366946787,0.1333333333333333,True
bae35180d69e667f,Barcelona,room,2016Q3,2016Q2,0.17978494623655927,83,40,4,9,True,True,2,2,True,10,4,0.4,0.12083036218105443,0.5026737967914437,True
bae35180d69e667f,Barcelona,service,2016Q4,2016Q3,0.16883116883116878,32,56,5,9,True,True,2,2,True,9,1,0.1111111111111111,-0.09142107748918894,0.2941176470588236,True
bae35180d69e667f,Barcelona,value,2016Q3,2016Q2,0.33048433048433057,16,17,4,9,True,True,2,2,True,10,1,0.1,-0.0008262789841737117,0.2575757575757577,True
bae35180d69e667f,Barcelona,value,2017Q1,2016Q4,0.46153846153846156,8,16,6,9,True,True,2,2,True,9,1,0.1111111111111111,-0.01864801864801866,0.1678321678321677,True
bb255be8044155a9,Paris,service,2016Q2,2016Q1,0.33333333333333326,5,0,3,9,True,True,2,2,True,9,1,0.1111111111111111,-0.04824470753509037,0.2597402597402596,True
bbcca7bfde715173,Amsterdam,breakfast,2017Q1,2016Q4,0.5,6,6,6,9,True,True,2,2,True,10,1,0.1,-0.07448825954708306,0.20615384615384635,True
bbcca7bfde715173,Amsterdam,location,2016Q1,2015Q4,0.2073365231259967,23,9,2,9,True,True,2,2,True,9,0,0.0,-0.06972056659745042,0.1384783798576903,True
bbcca7bfde715173,Amsterdam,value,2016Q2,2016Q1,0.16842105263157903,10,9,3,9,True,True,2,2,True,10,0,0.0,-0.056482734448566815,0.09645232815964522,True
bbcca7bfde715173,Amsterdam,value,2017Q1,2016Q4,0.24342105263157898,6,9,6,9,True,True,2,2,True,10,2,0.2,-0.015202483661515998,0.2291128337639965,True
bbd85ad6def01bcd,Barcelona,breakfast,2016Q2,2016Q1,0.2666666666666666,17,5,3,9,True,True,2,2,True,8,1,0.125,-0.08136655011655008,0.16666666666666674,True
bbd85ad6def01bcd,Barcelona,cleanliness,2017Q1,2016Q4,0.15909090909090917,6,12,6,9,True,True,2,2,True,9,1,0.1111111111111111,-0.027267547267547283,0.20952380952380945,True
bbd85ad6def01bcd,Barcelona,location,2016Q1,2015Q4,0.22222222222222232,8,20,2,9,True,True,2,2,True,8,3,0.375,0.08356243981243981,0.2321428571428572,True
bbd85ad6def01bcd,Barcelona,location,2017Q1,2016Q4,0.22518518518518515,17,15,6,9,True,True,2,2,True,9,1,0.1111111111111111,-0.025898230309995014,0.196078431372549,True
bbd85ad6def01bcd,Barcelona,value,2017Q1,2016Q4,0.31666666666666665,5,6,6,9,True,True,2,2,True,9,3,0.3333333333333333,0.0953444703444703,0.25757575757575746,True
bbe8e383dfc762db,Vienna,breakfast,2016Q3,2016Q2,0.41176470588235303,7,4,4,9,True,True,2,2,True,10,5,0.5,0.08217662967662968,0.2833333333333332,True
bbe8e383dfc762db,Vienna,location,2017Q1,2016Q4,0.15555555555555567,17,10,6,9,True,True,2,2,True,10,0,0.0,-0.08523477036802278,0.11731557377049184,True
bbe8e383dfc762db,Vienna,room,2016Q2,2016Q1,0.30263157894736836,9,30,3,9,True,True,2,2,True,10,1,0.1,-0.05409227626729807,0.32567049808429116,True
bbe8e383dfc762db,Vienna,room,2017Q1,2016Q4,0.3031578947368422,15,9,6,9,True,True,2,2,True,10,2,0.2,-0.03068311077291328,0.25,True
bbe8e383dfc762db,Vienna,service,2017Q1,2016Q4,0.3110047846889952,12,9,6,9,True,True,2,2,True,10,1,0.1,-0.06895609462964955,0.16190476190476177,True
bbf39468fe22f821,London,breakfast,2016Q1,2015Q4,0.17882919005613473,48,33,2,9,True,True,2,2,True,9,0,0.0,-0.046136195561482914,0.14114114114114118,True
bbf39468fe22f821,London,cleanliness,2016Q2,2016Q1,0.33348115299334813,45,31,3,9,True,True,2,2,True,9,1,0.1111111111111111,-0.011530753378718585,0.1633986928104576,True
bbf39468fe22f821,London,cleanliness,2016Q4,2016Q3,0.2216634429400388,84,100,5,9,True,True,2,2,True,10,3,0.3,-0.01876653422306812,0.3025641025641026,True
bbf39468fe22f821,London,noise,2016Q2,2016Q1,0.23655913978494625,21,11,3,9,True,True,2,2,True,9,1,0.1111111111111111,0.03143957720386142,0.1678321678321678,True
bbf39468fe22f821,London,noise,2016Q4,2016Q3,0.15705128205128205,38,29,5,9,True,True,2,2,True,10,1,0.1,-0.054858675908249464,0.23769100169779278,True
bc3d3e99c9adfac1,London,breakfast,2016Q1,2015Q4,0.2707692307692309,29,15,2,9,True,True,2,2,True,10,1,0.1,-0.03078448024221695,0.18796068796068788,True
bc3d3e99c9adfac1,London,breakfast,2016Q3,2016Q2,0.1693443334780721,39,37,4,9,True,True,2,2,True,10,3,0.3,0.05873137335247776,0.43529411764705883,True
bc3d3e99c9adfac1,London,cleanliness,2016Q3,2016Q2,0.16296296296296298,15,17,4,9,True,True,2,2,True,10,1,0.1,-0.029155786945925778,0.2384615384615385,True
bc3d3e99c9adfac1,London,location,2016Q2,2016Q1,0.22866344605475053,59,44,3,9,True,True,2,2,True,10,0,0.0,-0.016771944725731756,0.14239631336405512,True
bc3d3e99c9adfac1,London,noise,2016Q2,2016Q1,0.36651583710407243,16,7,3,9,True,True,2,2,True,10,2,0.2,-0.0015509870076215516,0.2928509905254091,True
bc3d3e99c9adfac1,London,room,2016Q1,2015Q4,0.25186660029865604,88,72,2,9,True,True,2,2,True,10,1,0.1,0.061234048916529796,0.4655172413793104,True
bc3d3e99c9adfac1,London,room,2017Q1,2016Q4,0.1723356009070296,88,116,6,9,True,True,2,2,True,10,2,0.2,0.005342669828504709,0.2331128956069911,True
bc3d3e99c9adfac1,London,service,2016Q3,2016Q2,0.17573595004460296,85,108,4,9,True,True,2,2,True,10,0,0.0,-0.05161322522447691,0.1163522012578615,True
bc3d3e99c9adfac1,London,service,2017Q1,2016Q4,0.22771633051398843,77,96,6,9,True,True,2,2,True,10,2,0.2,0.05513819742779086,0.29494949494949496,True
bc3d3e99c9adfac1,London,value,2016Q1,2015Q4,0.20300751879699241,25,28,2,9,True,True,2,2,True,10,5,0.5,0.13740880765239954,0.38423645320197053,True
bc965d1ba060478c,Barcelona,noise,2016Q4,2016Q3,0.18888888888888888,10,8,5,8,True,True,2,2,True,9,1,0.1111111111111111,-0.02465404965404964,0.2857142857142857,True
bc965d1ba060478c,Barcelona,service,2017Q1,2016Q4,0.16666666666666674,44,42,6,8,True,True,2,2,True,9,1,0.1111111111111111,-0.003581143751983213,0.6032608695652173,True
bc965d1ba060478c,Barcelona,value,2017Q1,2016Q4,0.33333333333333337,8,11,6,8,True,True,2,2,True,9,2,0.2222222222222222,0.07342796480859032,0.2575757575757577,True
bca2ae6a3402eeb1,London,breakfast,2017Q1,2016Q4,0.1631070429697432,174,161,6,9,True,True,2,2,True,10,3,0.3,0.015973679314351973,0.2930756843800322,True
bca2ae6a3402eeb1,London,noise,2016Q3,2016Q2,0.19444444444444453,17,38,4,9,True,True,2,2,True,9,1,0.1111111111111111,-0.0723645583432088,0.36263736263736257,True
bca2ae6a3402eeb1,London,value,2017Q1,2016Q4,0.22911877394636015,80,77,6,9,True,True,2,2,True,10,5,0.5,0.1373846462423381,0.354066985645933,True
bce49153d0072cf0,Paris,breakfast,2016Q4,2016Q3,0.1633986928104575,7,8,5,9,True,True,2,2,True,10,1,0.1,0.04574954412483016,0.3298245614035087,True
bce49153d0072cf0,Paris,cleanliness,2016Q4,2016Q3,0.1691176470588236,7,6,5,9,True,True,2,2,True,10,3,0.3,0.03479001674653851,0.2898550724637682,True
bce49153d0072cf0,Paris,room,2016Q3,2016Q2,0.16165413533834583,18,28,4,9,True,True,2,2,True,8,2,0.25,0.017754917117634203,0.20238095238095255,True
bce49153d0072cf0,Paris,service,2016Q4,2016Q3,0.3116883116883118,12,11,5,9,True,True,2,2,True,10,1,0.1,-0.10701885108237194,0.15909090909090917,True
bce49153d0072cf0,Paris,value,2017Q1,2016Q4,0.3999999999999999,5,5,6,9,True,True,2,2,True,10,0,0.0,-0.016926504867681345,0.09090909090909083,True
bd69d68051d3bc7a,Paris,location,2016Q2,2016Q1,0.1809954751131222,7,3,3,9,True,True,2,2,True,9,1,0.1111111111111111,-0.03394492128372871,0.16923076923076907,True
bd69d68051d3bc7a,Paris,service,2016Q1,2015Q4,0.16666666666666652,5,2,2,9,True,True,2,2,True,9,0,0.0,-0.0836582119863854,0.12307692307692308,True
bd7288d7b4666e04,Barcelona,cleanliness,2016Q1,2015Q4,0.2564102564102564,8,3,2,9,True,True,2,2,True,9,1,0.1111111111111111,-0.007005703084134445,0.23076923076923084,True
bd7288d7b4666e04,Barcelona,location,2016Q1,2015Q4,0.22588235294117642,15,7,2,9,True,True,2,2,True,9,1,0.1111111111111111,-0.05047133277491785,0.17703349282296643,True
be3eeec75b3dc6fb,London,breakfast,2016Q1,2015Q4,0.32515991471215355,57,46,2,9,True,True,2,2,True,7,1,0.14285714285714285,-0.03381012097261631,0.19444444444444442,True
be3eeec75b3dc6fb,London,cleanliness,2016Q2,2016Q1,0.25726654298082874,39,23,3,9,True,True,2,2,True,7,1,0.14285714285714285,0.01047366055558298,0.23809523809523814,True
be3eeec75b3dc6fb,London,cleanliness,2016Q4,2016Q3,0.35204435204435214,29,27,5,9,True,True,2,2,True,8,1,0.125,-0.021230650141556326,0.22285714285714286,True
be3eeec75b3dc6fb,London,noise,2016Q4,2016Q3,0.22527472527472525,18,16,5,9,True,True,2,2,True,8,2,0.25,-0.05759899142252084,0.3999999999999999,True
be3eeec75b3dc6fb,London,value,2016Q3,2016Q2,0.15061475409836067,22,51,4,9,True,True,2,2,True,7,0,0.0,-0.004656134909974788,0.03174603174603163,True
bebd8343d3f7d39e,Paris,breakfast,2016Q3,2016Q2,0.3557692307692307,6,3,4,9,True,True,2,2,True,9,2,0.2222222222222222,0.001477770595417649,0.3626373626373627,True
bebd8343d3f7d39e,Paris,breakfast,2016Q4,2016Q3,0.2749999999999999,10,6,5,9,True,True,2,2,True,9,1,0.1111111111111111,0.03284177695942398,0.575,True
bebd8343d3f7d39e,Paris,cleanliness,2016Q4,2016Q3,0.2058823529411764,14,7,5,9,True,True,2,2,True,9,2,0.2222222222222222,-0.07799403898475109,0.23076923076923084,True
bebd8343d3f7d39e,Paris,location,2016Q3,2016Q2,0.2666666666666666,11,5,4,9,True,True,2,2,True,9,0,0.0,-0.0038372956020015104,0.12857142857142856,True
bebd8343d3f7d39e,Paris,service,2016Q3,2016Q2,0.18925831202046028,13,7,4,9,True,True,2,2,True,9,0,0.0,-0.04898725536225412,0.04761904761904745,True
bebd8343d3f7d39e,Paris,service,2016Q4,2016Q3,0.26956521739130435,10,13,5,9,True,True,2,2,True,9,1,0.1111111111111111,0.005820068163045293,0.315018315018315,True
bec11c6936a7406f,Paris,cleanliness,2016Q4,2016Q3,0.19047619047619047,5,4,5,9,True,True,2,2,True,9,0,0.0,-0.08667168131273285,0.09090909090909083,True
bec11c6936a7406f,Paris,location,2016Q2,2016Q1,0.17691154422788613,19,13,3,9,True,True,2,2,True,8,4,0.5,0.09887353464095402,0.3076923076923077,True
bec11c6936a7406f,Paris,room,2016Q3,2016Q2,0.1967592592592593,17,22,4,9,True,True,2,2,True,9,2,0.2222222222222222,0.04516409894410416,0.28181818181818186,True
beecedaf13f6f806,London,breakfast,2016Q1,2015Q4,0.18796068796068788,64,34,2,9,True,True,2,2,True,10,2,0.2,0.04017278851186214,0.2707692307692309,True
beecedaf13f6f806,London,cleanliness,2016Q4,2016Q3,0.23750000000000004,22,20,5,9,True,True,2,2,True,10,1,0.1,-0.07553826837525854,0.15873015873015883,True
beecedaf13f6f806,London,noise,2016Q1,2015Q4,0.3734115347018573,23,21,2,9,True,True,2,2,True,10,2,0.2,0.05579560574318794,0.2799999999999998,True
beecedaf13f6f806,London,noise,2016Q3,2016Q2,0.17989417989417988,11,17,4,9,True,True,2,2,True,10,2,0.2,0.016143394249725006,0.30000000000000004,True
beecedaf13f6f806,London,value,2016Q1,2015Q4,0.1626373626373625,25,16,2,9,True,True,2,2,True,10,5,0.5,0.1280187381859294,0.38423645320197053,True
beecedaf13f6f806,London,value,2016Q3,2016Q2,0.22701149425287348,14,19,4,9,True,True,2,2,True,10,2,0.2,0.0173203033111314,0.37472766884531583,True
bef47f3cfc707354,London,cleanliness,2016Q3,2016Q2,0.33333333333333326,11,8,4,9,True,True,2,2,True,7,3,0.42857142857142855,0.07639085213701272,0.33333333333333326,True
bef47f3cfc707354,London,location,2016Q2,2016Q1,0.2431372549019608,7,5,3,9,True,True,2,2,True,7,0,0.0,-0.026292626417074447,0.09999999999999987,True
bef47f3cfc707354,London,location,2016Q3,2016Q2,0.18716577540106938,12,7,4,9,True,True,2,2,True,7,3,0.42857142857142855,0.08118682286235537,0.2235897435897436,True
bef47f3cfc707354,London,room,2016Q2,2016Q1,0.29032258064516125,21,8,3,9,True,True,2,2,True,7,2,0.2857142857142857,0.050102508222574595,0.20031439479002922,True
bef47f3cfc707354,London,service,2016Q4,2016Q3,0.17045454545454541,12,22,5,9,True,True,2,2,True,8,1,0.125,-0.03587181513415669,0.25531914893617014,True
bef47f3cfc707354,London,value,2016Q4,2016Q3,0.48571428571428565,5,4,5,9,True,True,2,2,True,8,2,0.25,-0.07085081219209005,0.23076923076923084,True
bf7b6d46cdabfb66,Barcelona,location,2016Q1,2015Q4,0.3090909090909091,10,1,2,9,True,True,2,2,True,8,2,0.25,0.047555490715286,0.27826086956521734,True
bf7b6d46cdabfb66,Barcelona,room,2016Q3,2016Q2,0.19117647058823528,7,14,4,9,True,True,2,2,True,10,1,0.1,-0.0031296914570251634,0.20945083014048527,True
bf7b6d46cdabfb66,Barcelona,service,2016Q1,2015Q4,0.23333333333333317,10,2,2,9,True,True,2,2,True,8,1,0.125,0.022358939832012564,0.15810276679841917,True
c030763176d0a67d,Vienna,breakfast,2016Q2,2016Q1,0.24085365853658547,31,6,3,8,True,True,2,2,True,9,1,0.1111111111111111,-0.014176201848052239,0.16666666666666674,True
c030763176d0a67d,Vienna,cleanliness,2016Q2,2016Q1,0.22077922077922074,12,4,3,8,True,True,2,2,True,9,2,0.2222222222222222,0.013033597140924287,0.4285714285714285,True
c030763176d0a67d,Vienna,noise,2016Q3,2016Q2,0.2666666666666666,10,5,4,8,True,True,2,2,True,10,1,0.1,-0.01762637819846059,0.18306636155606404,True
c030763176d0a67d,Vienna,room,2016Q2,2016Q1,0.184257602862254,76,29,3,8,True,True,2,2,True,9,1,0.1111111111111111,-0.061755126671846,0.22077922077922074,True
c030763176d0a67d,Vienna,service,2016Q2,2016Q1,0.2666666666666666,53,20,3,8,True,True,2,2,True,9,0,0.0,-0.010579399688186367,0.125,True
c030763176d0a67d,Vienna,service,2016Q3,2016Q2,0.1523809523809525,60,53,4,8,True,True,2,2,True,10,1,0.1,0.03838917080195812,0.1570827489481066,True
c0bb788934b2c0e5,Paris,service,2016Q1,2015Q4,0.16666666666666652,5,2,2,9,True,True,2,2,True,9,2,0.2222222222222222,-0.008270481954692451,0.29807692307692313,True
c0c43bb38564566e,Paris,breakfast,2016Q2,2016Q1,0.16666666666666663,6,2,3,8,True,True,2,2,True,9,0,0.0,-0.07888130388130388,0.06666666666666665,True
c0c43bb38564566e,Paris,location,2016Q2,2016Q1,0.19444444444444442,8,6,3,8,True,True,2,2,True,9,3,0.3333333333333333,0.024399610524930154,0.20833333333333326,True
c0c43bb38564566e,Paris,room,2016Q1,2015Q4,0.4666666666666667,5,10,2,8,True,True,2,2,True,9,3,0.3333333333333333,0.08379650398127443,0.3333333333333335,True
c0c43bb38564566e,Paris,service,2016Q1,2015Q4,0.2666666666666666,8,5,2,8,True,True,2,2,True,9,3,0.3333333333333333,0.04845409521414049,0.29807692307692313,True
c0c43bb38564566e,Paris,service,2016Q4,2016Q3,0.20320855614973277,7,1,5,8,True,True,2,2,True,10,1,0.1,-0.10635301177523651,0.1678321678321677,True
c1424c529f6f525e,Paris,breakfast,2016Q3,2016Q2,0.2834008097165993,16,9,4,9,True,True,2,2,True,10,2,0.2,0.04198998370051001,0.45833333333333326,True
c1424c529f6f525e,Paris,location,2016Q2,2016Q1,0.19827586206896552,19,6,3,9,True,True,2,2,True,10,3,0.3,0.05236979193422027,0.2857142857142858,True
c1424c529f6f525e,Paris,service,2016Q2,2016Q1,0.2941176470588236,24,7,3,9,True,True,2,2,True,10,1,0.1,-0.019791809280591897,0.23076923076923084,True
c1460c7f249a491e,Amsterdam,breakfast,2016Q3,2016Q2,0.33974358974358965,29,6,4,9,True,True,2,2,True,10,6,0.6,0.16822957007333042,0.3571428571428572,True
c1460c7f249a491e,Amsterdam,location,2016Q3,2016Q2,0.1771771771771773,27,8,4,9,True,True,2,2,True,10,2,0.2,0.024676124527860367,0.24266144814090018,True
c1460c7f249a491e,Amsterdam,service,2017Q1,2016Q4,0.15212765957446805,37,30,6,9,True,True,2,2,True,10,2,0.2,-0.010898429825046841,0.36146540027137053,True
c1c21bcfd628692b,Paris,breakfast,2016Q2,2016Q1,0.24242424242424243,5,1,3,9,True,True,2,2,True,8,0,0.0,-0.09152212918660288,0.07692307692307687,True
c1c21bcfd628692b,Paris,location,2017Q1,2016Q4,0.33333333333333326,5,2,6,9,True,True,2,2,True,9,2,0.2222222222222222,0.09170676817735643,0.5,True
c1c21bcfd628692b,Paris,service,2016Q2,2016Q1,0.28409090909090917,6,1,3,9,True,True,2,2,True,8,2,0.25,0.018519142050572923,0.368421052631579,True
c20626d3a954342a,Milan,breakfast,2016Q3,2016Q2,0.25339366515837103,7,3,4,9,True,True,2,2,True,10,0,0.0,-0.06499579197192643,0.12613705275924803,True
c20626d3a954342a,Milan,breakfast,2016Q4,2016Q3,0.19852941176470584,6,7,5,9,True,True,2,2,True,10,3,0.3,0.009172524544844973,0.19999999999999996,True
c20626d3a954342a,Milan,location,2016Q3,2016Q2,0.17500000000000004,6,5,4,9,True,True,2,2,True,10,2,0.2,0.03475633354166256,0.23219086021505375,True
c20626d3a954342a,Milan,room,2016Q3,2016Q2,0.25,6,4,4,9,True,True,2,2,True,10,0,0.0,0.049118914535326894,0.13631484794275495,True
c20dc52ac88ff018,London,breakfast,2016Q1,2015Q4,0.43492063492063493,80,25,2,9,True,True,2,2,True,10,2,0.2,0.028904049466036242,0.42647058823529416,True
c20dc52ac88ff018,London,cleanliness,2016Q2,2016Q1,0.2292682926829268,20,31,3,9,True,True,2,2,True,10,0,0.0,-0.1622927209506157,0.10526315789473673,True
c20dc52ac88ff018,London,noise,2016Q1,2015Q4,0.20000000000000007,20,11,2,9,True,True,2,2,True,10,3,0.3,0.06620789341377578,0.6444444444444444,True
c20dc52ac88ff018,London,service,2016Q1,2015Q4,0.20285359801488845,94,52,2,9,True,True,2,2,True,10,2,0.2,0.05358950671652964,0.19999999999999996,True
c20dc52ac88ff018,London,value,2016Q1,2015Q4,0.28785607196401797,19,13,2,9,True,True,2,2,True,10,3,0.3,0.0763122666383536,0.38095238095238104,True
c20dc52ac88ff018,London,value,2017Q1,2016Q4,0.3306808134394341,19,29,6,9,True,True,2,2,True,10,4,0.4,0.10413370942782704,0.23921568627450984,True
c223d6d3dab15233,Barcelona,breakfast,2017Q1,2016Q4,0.33939393939393936,5,12,6,7,True,True,2,2,True,10,0,0.0,-0.1281935410373441,0.09122807017543866,True
c223d6d3dab15233,Barcelona,location,2016Q3,2016Q2,0.23148148148148162,44,14,4,7,True,True,2,2,True,9,1,0.1111111111111111,0.053812575762371556,0.2753623188405798,True
c223d6d3dab15233,Barcelona,service,2016Q3,2016Q2,0.2614015572858732,52,19,4,7,True,True,2,2,True,9,2,0.2222222222222222,0.08154974033890827,0.2592592592592593,True
c22412708a08fd5b,London,breakfast,2016Q4,2016Q3,0.19580419580419584,23,16,5,9,True,True,2,2,True,10,1,0.1,-0.07282804492422242,0.3893214682981089,True
c22412708a08fd5b,London,noise,2016Q1,2015Q4,0.26086956521739135,13,13,2,9,True,True,2,2,True,10,2,0.2,0.04273765321081939,0.3734115347018573,True
c22412708a08fd5b,London,room,2016Q4,2016Q3,0.19999999999999996,60,55,5,9,True,True,2,2,True,10,0,0.0,-0.058943410238584994,0.1203890006706908,True
c22412708a08fd5b,London,value,2017Q1,2016Q4,0.300395256916996,12,13,6,9,True,True,2,2,True,10,3,0.3,0.052153888746912014,0.35164835164835173,True
c23b42b839624238,Paris,breakfast,2016Q1,2015Q4,0.2407407407407407,17,2,2,9,True,True,2,2,True,9,2,0.2222222222222222,0.07484182484182485,0.25,True
c23b42b839624238,Paris,cleanliness,2016Q4,2016Q3,0.19117647058823528,6,7,5,9,True,True,2,2,True,10,0,0.0,-0.0795879120879121,0.10000000000000009,True
c23b42b839624238,Paris,noise,2016Q1,2015Q4,0.2777777777777778,8,2,2,9,True,True,2,2,True,9,4,0.4444444444444444,0.07459207459207458,0.2575757575757577,True
c23b42b839624238,Paris,value,2016Q1,2015Q4,0.30000000000000004,10,2,2,9,True,True,2,2,True,9,1,0.1111111111111111,-0.02684630184630183,0.36263736263736257,True
c23b42b839624238,Paris,value,2016Q4,2016Q3,0.20952380952380956,5,4,5,9,True,True,2,2,True,10,1,0.1,-0.04706078235489999,0.23076923076923073,True
c26fb01484ffaf5b,London,breakfast,2016Q1,2015Q4,0.2573099415204678,17,9,2,9,True,True,2,2,True,6,0,0.0,-0.13775492464482494,0.08031599736668849,True
c26fb01484ffaf5b,London,breakfast,2017Q1,2016Q4,0.5710144927536233,13,20,6,9,True,True,2,2,True,8,2,0.25,0.0203431583094896,0.3941176470588236,True
c26fb01484ffaf5b,London,cleanliness,2016Q3,2016Q2,0.32867132867132876,34,16,4,9,True,True,2,2,True,6,4,0.6666666666666666,0.19309655486126073,0.41025641025641013,True
c26fb01484ffaf5b,London,location,2016Q4,2016Q3,0.2028985507246377,36,59,5,9,True,True,2,2,True,8,4,0.5,0.050949968877255225,0.32380952380952377,True
c26fb01484ffaf5b,London,noise,2016Q2,2016Q1,0.430622009569378,12,9,3,9,True,True,2,2,True,6,1,0.16666666666666666,0.03007796549085114,0.24827586206896557,True
c26fb01484ffaf5b,London,noise,2016Q4,2016Q3,0.15607580824972123,13,29,5,9,True,True,2,2,True,8,1,0.125,-0.008245077291129943,0.416267942583732,True
c26fb01484ffaf5b,London,room,2016Q1,2015Q4,0.19372225745085614,73,66,2,9,True,True,2,2,True,6,0,0.0,-0.007670463893528619,0.08695652173913038,True
c26fb01484ffaf5b,London,value,2017Q1,2016Q4,0.6285714285714286,25,25,6,9,True,True,2,2,True,8,3,0.375,0.08159818315617931,0.5833333333333333,True
c28ca48e902e40e6,Paris,breakfast,2016Q3,2016Q2,0.18306636155606404,13,9,4,9,True,True,2,2,True,9,1,0.1111111111111111,-0.05117645798760351,0.2974358974358975,True
c28ca48e902e40e6,Paris,cleanliness,2016Q1,2015Q4,0.4607843137254902,7,2,2,9,True,True,2,2,True,9,1,0.1111111111111111,0.028229069405539993,0.3626373626373627,True
c28ca48e902e40e6,Paris,location,2016Q1,2015Q4,0.28490028490028485,29,17,2,9,True,True,2,2,True,9,0,0.0,-0.06369465283593967,0.04334365325077405,True
c28ca48e902e40e6,Paris,location,2016Q3,2016Q2,0.25696969696969707,23,15,4,9,True,True,2,2,True,9,2,0.2222222222222222,0.06536897596409116,0.39676113360323884,True
c28ca48e902e40e6,Paris,noise,2016Q1,2015Q4,0.47619047619047616,5,4,2,9,True,True,2,2,True,9,1,0.1111111111111111,-0.0007733007733007583,0.19999999999999996,True
c28ca48e902e40e6,Paris,value,2016Q3,2016Q2,0.21904761904761905,5,4,4,9,True,True,2,2,True,9,0,0.0,-0.021296296296296296,0.09090909090909094,True
c31402f5247b31e9,Paris,location,2016Q2,2016Q1,0.2450980392156863,7,2,3,9,True,True,2,2,True,10,4,0.4,0.10440047661914667,0.3535353535353536,True
c31402f5247b31e9,Paris,room,2016Q3,2016Q2,0.19999999999999996,5,6,4,9,True,True,2,2,True,10,3,0.3,0.05975199005558825,0.20952380952380956,True
c35c2e67e9925127,Paris,room,2016Q2,2016Q1,0.19032258064516117,21,10,3,9,True,True,2,2,True,9,2,0.2222222222222222,-0.02360822296045136,0.25,True
c35c2e67e9925127,Paris,room,2017Q1,2016Q4,0.4347826086956521,13,13,6,9,True,True,2,2,True,10,0,0.0,-0.059141038805912226,0.05882352941176472,True
c35c2e67e9925127,Paris,service,2016Q2,2016Q1,0.2710997442455243,13,7,3,9,True,True,2,2,True,9,0,0.0,-0.027612150644413185,0.13475177304964547,True
c395621e1b622c33,Paris,location,2016Q2,2016Q1,0.3535353535353536,8,1,3,9,True,True,2,2,True,9,4,0.4444444444444444,0.10516136006332082,0.26190476190476186,True
c395621e1b622c33,Paris,service,2016Q3,2016Q2,0.17543859649122795,5,9,4,9,True,True,2,2,True,9,1,0.1111111111111111,0.010234014351661443,0.3216783216783218,True
c3e44a1d7b3d16d8,Amsterdam,breakfast,2016Q1,2015Q4,0.4272445820433437,7,9,2,9,True,True,2,2,True,9,5,0.5555555555555556,0.19479449537121937,0.6956521739130433,True
c3e44a1d7b3d16d8,Amsterdam,cleanliness,2017Q1,2016Q4,0.1649175412293854,19,13,6,9,True,True,2,2,True,9,2,0.2222222222222222,0.0012935058775466314,0.4126984126984128,True
c3e44a1d7b3d16d8,Amsterdam,noise,2016Q4,2016Q3,0.16959064327485374,9,8,5,9,True,True,2,2,True,9,1,0.1111111111111111,-0.16527334130533303,0.1578947368421053,True
c3e44a1d7b3d16d8,Amsterdam,value,2017Q1,2016Q4,0.3921568627450981,7,5,6,9,True,True,2,2,True,9,2,0.2222222222222222,0.0009468186999135689,0.17647058823529416,True
c3e6cefe15eb8ade,Paris,location,2016Q4,2016Q3,0.19061583577712615,12,21,5,9,True,True,2,2,True,9,2,0.2222222222222222,-0.05606204915667837,0.26797385620915026,True
c3e6cefe15eb8ade,Paris,service,2016Q4,2016Q3,0.3447293447293448,16,17,5,9,True,True,2,2,True,9,0,0.0,-0.13852259425014846,0.09090909090909083,True
c3e6cefe15eb8ade,Paris,value,2016Q3,2016Q2,0.27368421052631586,15,9,4,9,True,True,2,2,True,9,2,0.2222222222222222,0.010213618909271046,0.18181818181818177,True
c3ebba7ff9429239,Paris,breakfast,2016Q2,2016Q1,0.171945701357466,7,3,3,9,True,True,2,2,True,9,2,0.2222222222222222,0.008276908276908253,0.2974358974358974,True
c3ebba7ff9429239,Paris,breakfast,2016Q4,2016Q3,0.22456140350877196,9,5,5,9,True,True,2,2,True,10,1,0.1,0.012350027423556832,0.29999999999999993,True
c3ebba7ff9429239,Paris,cleanliness,2016Q3,2016Q2,0.17500000000000004,10,6,4,9,True,True,2,2,True,10,3,0.3,0.06199426390602862,0.3434343434343434,True
c3ebba7ff9429239,Paris,cleanliness,2017Q1,2016Q4,0.3015873015873014,11,8,6,9,True,True,2,2,True,10,1,0.1,-0.05120133489698712,0.2282608695652173,True
c3ebba7ff9429239,Paris,location,2016Q1,2015Q4,0.27,15,6,2,9,True,True,2,2,True,8,0,0.0,-0.06834495688267034,0.07843137254901977,True
c3ebba7ff9429239,Paris,noise,2016Q4,2016Q3,0.19999999999999996,5,8,5,9,True,True,2,2,True,10,0,0.0,-0.14567319934966996,0.0,True
c3ebba7ff9429239,Paris,room,2016Q2,2016Q1,0.34285714285714275,25,20,3,9,True,True,2,2,True,9,1,0.1111111111111111,-0.07715169438595651,0.2317948717948719,True
c3ebba7ff9429239,Paris,room,2017Q1,2016Q4,0.1567717996289425,39,34,6,9,True,True,2,2,True,10,0,0.0,0.023162052090837694,0.1428571428571429,True
c3ebba7ff9429239,Paris,service,2016Q2,2016Q1,0.2775862068965518,30,19,3,9,True,True,2,2,True,9,1,0.1111111111111111,-0.008722794872220187,0.2450980392156863,True
c3ebba7ff9429239,Paris,value,2016Q2,2016Q1,0.3557692307692307,6,3,3,9,True,True,2,2,True,9,0,0.0,-0.08157120657120656,0.0641025641025641,True
c3ebba7ff9429239,Paris,value,2017Q1,2016Q4,0.3418803418803419,8,3,6,9,True,True,2,2,True,10,1,0.1,0.055501165501165496,0.2435897435897435,True
c4417bea8fddf5c0,London,breakfast,2016Q2,2016Q1,0.304516129032258,52,40,3,9,True,True,2,2,True,10,4,0.4,0.021227376261575948,0.2222222222222222,True
c4417bea8fddf5c0,London,breakfast,2017Q1,2016Q4,0.18124536693847304,66,61,6,9,True,True,2,2,True,10,1,0.1,-0.03161499057339778,0.19323671497584538,True
c4417bea8fddf5c0,London,cleanliness,2016Q1,2015Q4,0.19580419580419584,45,29,2,9,True,True,2,2,True,10,3,0.3,0.04230930206743788,0.34333733493397345,True
c4417bea8fddf5c0,London,cleanliness,2017Q1,2016Q4,0.18538324420677355,41,56,6,9,True,True,2,2,True,10,0,0.0,-0.0166268272790012,0.12745098039215685,True
c4417bea8fddf5c0,London,room,2017Q1,2016Q4,0.19622783855148995,231,210,6,9,True,True,2,2,True,10,3,0.3,0.03598789677572547,0.288888888888889,True
c4417bea8fddf5c0,London,value,2016Q4,2016Q3,0.20569737328893822,43,41,5,9,True,True,2,2,True,10,2,0.2,0.001341019888253192,0.32307692307692315,True
c4417bea8fddf5c0,London,value,2017Q1,2016Q4,0.18145323163388194,37,43,6,9,True,True,2,2,True,10,2,0.2,0.05453258782846935,0.41159420289855075,True
c46646d3364cd889,London,breakfast,2016Q3,2016Q2,0.43529411764705883,50,41,4,9,True,True,2,2,True,10,3,0.3,0.006434018048095569,0.2055555555555555,True
c46646d3364cd889,London,noise,2016Q2,2016Q1,0.2928509905254091,17,33,3,9,True,True,2,2,True,10,2,0.2,0.012869084032975786,0.36651583710407243,True
c46646d3364cd889,London,value,2016Q1,2015Q4,0.38423645320197053,19,25,2,9,True,True,2,2,True,10,5,0.5,0.09115903616880607,0.38248847926267293,True
c46646d3364cd889,London,value,2016Q3,2016Q2,0.2588235294117647,20,24,4,9,True,True,2,2,True,10,2,0.2,0.007979255740661394,0.37472766884531583,True
c47d2c9a0bd54b46,Vienna,breakfast,2016Q2,2016Q1,0.1802656546489565,24,21,3,9,True,True,2,2,True,8,2,0.25,0.07516833384480444,0.23809523809523814,True
c47d2c9a0bd54b46,Vienna,breakfast,2017Q1,2016Q4,0.17142857142857149,18,25,6,9,True,True,2,2,True,8,2,0.25,-0.024527148576061586,0.2597402597402596,True
c47d2c9a0bd54b46,Vienna,cleanliness,2016Q2,2016Q1,0.2378167641325536,17,9,3,9,True,True,2,2,True,8,0,0.0,-0.0018220284243204155,0.07575757575757591,True
c47d2c9a0bd54b46,Vienna,room,2016Q2,2016Q1,0.2526315789473683,28,25,3,9,True,True,2,2,True,8,1,0.125,-0.024002668239083355,0.2256410256410255,True
c47d2c9a0bd54b46,Vienna,room,2016Q3,2016Q2,0.2126745435016113,39,28,4,9,True,True,2,2,True,8,1,0.125,0.006305224637395454,0.1743589743589744,True
c47d2c9a0bd54b46,Vienna,service,2016Q1,2015Q4,0.15384615384615397,16,16,2,9,True,True,2,2,True,9,0,0.0,0.0014460501837781174,0.125,True
c4beb026abe5fe09,Amsterdam,breakfast,2016Q2,2016Q1,0.5675057208237986,28,13,3,9,True,True,2,2,True,9,2,0.2222222222222222,0.07000144478347377,0.2706766917293233,True
c4beb026abe5fe09,Amsterdam,noise,2017Q1,2016Q4,0.19852941176470584,6,7,6,9,True,True,2,2,True,9,0,0.0,-0.11785693437601512,0.08172043010752694,True
c4beb026abe5fe09,Amsterdam,room,2016Q1,2015Q4,0.15759915759915755,64,67,2,9,True,True,2,2,True,9,2,0.2222222222222222,0.08765808216007984,0.320754716981132,True
c4beb026abe5fe09,Amsterdam,service,2016Q2,2016Q1,0.22274289284598559,87,56,3,9,True,True,2,2,True,9,0,0.0,-0.02833422545388224,0.14392059553349879,True
c4beb026abe5fe09,Amsterdam,service,2016Q4,2016Q3,0.1814030718140307,56,63,5,9,True,True,2,2,True,9,0,0.0,-0.0010604381389139267,0.1372549019607845,True
c4beb026abe5fe09,Amsterdam,value,2016Q2,2016Q1,0.19819819819819828,27,29,3,9,True,True,2,2,True,9,0,0.0,-0.06752789634729102,0.05692599620493355,True
c4ebcc9a75f87615,Paris,breakfast,2016Q2,2016Q1,0.19999999999999996,5,2,3,9,True,True,2,2,True,7,0,0.0,-0.06659610231038801,0.09090909090909094,True
c4ebcc9a75f87615,Paris,service,2016Q2,2016Q1,0.3787878787878787,12,2,3,9,True,True,2,2,True,7,1,0.14285714285714285,0.034430832128847566,0.35164835164835173,True
c51b72dc5dd1c98d,Vienna,room,2016Q4,2016Q3,0.30000000000000004,10,6,5,9,True,True,2,2,True,9,0,0.0,-0.12961884751201522,0.10526315789473695,True
c51b72dc5dd1c98d,Vienna,service,2016Q2,2016Q1,0.25,6,6,3,9,True,True,2,2,True,8,2,0.25,0.0056137714448815795,0.2575757575757577,True
c51b72dc5dd1c98d,Vienna,service,2016Q4,2016Q3,0.26388888888888884,6,8,5,9,True,True,2,2,True,9,1,0.1111111111111111,-0.005795278959685223,0.2333333333333334,True
c53b8f1a6a27c9dc,London,breakfast,2016Q2,2016Q1,0.1737891737891737,17,16,3,9,True,True,2,2,True,10,2,0.2,0.022454615697485757,0.24242424242424243,True
c53b8f1a6a27c9dc,London,breakfast,2017Q1,2016Q4,0.15151515151515138,14,12,6,9,True,True,2,2,True,10,3,0.3,0.06391426749330381,0.6801346801346801,True
c53b8f1a6a27c9dc,London,cleanliness,2016Q1,2015Q4,0.26315789473684204,9,6,2,9,True,True,2,2,True,10,3,0.3,0.10633417021574916,0.2526315789473683,True
c53b8f1a6a27c9dc,London,cleanliness,2017Q1,2016Q4,0.22745098039215694,7,5,6,9,True,True,2,2,True,10,4,0.4,0.055007809793053176,0.2464985994397758,True
c53b8f1a6a27c9dc,London,room,2016Q1,2015Q4,0.28071790151863774,43,31,2,9,True,True,2,2,True,10,3,0.3,0.09266495924273203,0.4117647058823529,True
c53b8f1a6a27c9dc,London,service,2016Q1,2015Q4,0.18333333333333335,46,50,2,9,True,True,2,2,True,10,4,0.4,0.05148792118425607,0.2255639097744362,True
c53b8f1a6a27c9dc,London,value,2016Q2,2016Q1,0.365079365079365,11,8,3,9,True,True,2,2,True,10,1,0.1,-0.1310621005982381,0.24242424242424243,True
c54c6dc8e83c6958,Amsterdam,location,2016Q2,2016Q1,0.24444444444444446,8,5,3,9,True,True,2,2,True,9,0,0.0,0.0022335278293335284,0.1333333333333333,True
c54c6dc8e83c6958,Amsterdam,room,2016Q1,2015Q4,0.15238095238095228,11,5,2,9,True,True,2,2,True,9,1,0.1111111111111111,0.024920737992724516,0.49075630252100844,True
c54c6dc8e83c6958,Amsterdam,room,2016Q3,2016Q2,0.4047619047619049,14,11,4,9,True,True,2,2,True,9,0,0.0,-0.006593237398627161,0.08461538461538454,True
c560d70c7c145a5e,Paris,service,2016Q3,2016Q2,0.20634920634920628,8,11,4,9,True,True,2,2,True,9,1,0.1111111111111111,0.02147563686353113,0.23809523809523814,True
c60710a9222e8ae4,Barcelona,breakfast,2016Q3,2016Q2,0.44999999999999996,6,5,4,9,True,True,2,2,True,10,1,0.1,-0.004138652884782901,0.3868421052631579,True
c60710a9222e8ae4,Barcelona,cleanliness,2016Q3,2016Q2,0.33333333333333326,11,2,4,9,True,True,2,2,True,10,1,0.1,-0.004299591989052209,0.19480519480519498,True
c60710a9222e8ae4,Barcelona,cleanliness,2017Q1,2016Q4,0.19047619047619047,5,4,6,9,True,True,2,2,True,10,3,0.3,-0.09012716042127804,0.16666666666666674,True
c60710a9222e8ae4,Barcelona,location,2016Q2,2016Q1,0.32307692307692304,10,3,3,9,True,True,2,2,True,10,1,0.1,-0.0006245104905510778,0.17346938775510212,True
c613400b3bacc7dc,Barcelona,breakfast,2016Q2,2016Q1,0.18253968253968256,18,8,3,9,True,True,2,2,True,8,1,0.125,-0.03996022359992947,0.3272727272727274,True
c613400b3bacc7dc,Barcelona,breakfast,2016Q4,2016Q3,0.2222222222222221,23,26,5,9,True,True,2,2,True,8,2,0.25,0.03548599649218841,0.25816993464052285,True
c613400b3bacc7dc,Barcelona,cleanliness,2016Q2,2016Q1,0.26388888888888884,26,22,3,9,True,True,2,2,True,8,3,0.375,0.041262816501396044,0.4285714285714286,True
c613400b3bacc7dc,Barcelona,cleanliness,2017Q1,2016Q4,0.2666666666666666,20,30,6,9,True,True,2,2,True,9,0,0.0,-0.006774365042616292,0.11403508771929838,True
c613400b3bacc7dc,Barcelona,location,2016Q1,2015Q4,0.22071563088512236,35,49,2,9,True,True,2,2,True,8,1,0.125,-0.046236941546286714,0.15204678362573087,True
c613400b3bacc7dc,Barcelona,location,2016Q3,2016Q2,0.5515151515151515,65,34,4,9,True,True,2,2,True,8,2,0.25,-0.018719643194895302,0.22557651991614258,True
c613400b3bacc7dc,Barcelona,room,2017Q1,2016Q4,0.20694060038322348,51,67,6,9,True,True,2,2,True,9,1,0.1111111111111111,-0.08751280463565865,0.16500000000000004,True
c679dae1e5d2e62a,Vienna,location,2016Q2,2016Q1,0.20320855614973277,7,1,3,8,True,True,2,2,True,10,1,0.1,-0.029972454577528573,0.160427807486631,True
c696fbb342cdb58b,Barcelona,cleanliness,2016Q1,2015Q4,0.1575757575757576,5,1,2,9,True,True,2,2,True,10,3,0.3,0.03923199808497295,0.2962962962962963,True
c696fbb342cdb58b,Barcelona,service,2016Q2,2016Q1,0.2748538011695908,8,9,3,9,True,True,2,2,True,10,4,0.4,0.03327214389441974,0.41025641025641013,True
c69e84ee0f8ff7b8,Amsterdam,cleanliness,2016Q2,2016Q1,0.1578947368421053,9,12,3,9,True,True,2,2,True,10,0,0.0,-0.1356737836200311,0.06666666666666665,True
c69e84ee0f8ff7b8,Amsterdam,cleanliness,2017Q1,2016Q4,0.1578947368421053,9,6,6,9,True,True,2,2,True,10,3,0.3,0.06989843337129795,0.5213675213675213,True
c69e84ee0f8ff7b8,Amsterdam,location,2016Q3,2016Q2,0.23809523809523825,32,11,4,9,True,True,2,2,True,10,2,0.2,0.010749313318640619,0.24242424242424243,True
c69e84ee0f8ff7b8,Amsterdam,service,2017Q1,2016Q4,0.20557491289198593,32,31,6,9,True,True,2,2,True,10,1,0.1,-0.004666334280199869,0.4444444444444444,True
c69e84ee0f8ff7b8,Amsterdam,value,2017Q1,2016Q4,0.20320855614973254,12,7,6,9,True,True,2,2,True,10,2,0.2,0.00011771663344539718,0.24342105263157898,True
c6c8bdeaaacb3808,Milan,service,2017Q1,2016Q4,0.2523809523809524,10,11,6,9,True,True,2,2,True,10,1,0.1,-0.03689632005421482,0.18479532163742673,True
c6d71978c7e31916,London,breakfast,2016Q3,2016Q2,0.38095238095238093,5,11,4,9,True,True,2,2,True,10,0,0.0,-0.07452784305152385,0.125,True
c6d71978c7e31916,London,value,2016Q1,2015Q4,0.24552429667519182,7,13,2,9,True,True,2,2,True,9,5,0.5555555555555556,0.1448677108033833,0.5986842105263158,True
c6d71978c7e31916,London,value,2016Q4,2016Q3,0.17647058823529416,10,7,5,9,True,True,2,2,True,10,3,0.3,0.027742974260002117,0.3421052631578947,True
c6e9808c325c68c4,Paris,cleanliness,2016Q1,2015Q4,0.2090909090909091,10,34,2,9,True,True,2,2,True,8,2,0.25,-0.012164918414918416,0.20320855614973277,True
c6e9808c325c68c4,Paris,cleanliness,2016Q4,2016Q3,0.2898550724637682,13,20,5,9,True,True,2,2,True,10,3,0.3,-0.020079577285459616,0.2857142857142858,True
c6e9808c325c68c4,Paris,cleanliness,2017Q1,2016Q4,0.37681159420289845,5,13,6,9,True,True,2,2,True,10,1,0.1,-0.054270239564357226,0.18181818181818177,True
c6e9808c325c68c4,Paris,noise,2016Q3,2016Q2,0.2007575757575757,22,23,4,9,True,True,2,2,True,8,1,0.125,0.036838161838161826,0.1678321678321678,True
c6e9808c325c68c4,Paris,room,2017Q1,2016Q4,0.15003061849357013,36,61,6,9,True,True,2,2,True,10,0,0.0,-0.12713602488477047,-0.0025542784163474774,True
c6e9808c325c68c4,Paris,service,2016Q1,2015Q4,0.2052472718829812,49,63,2,9,True,True,2,2,True,8,0,0.0,-0.04018216841616001,0.10576923076923084,True
c6e9808c325c68c4,Paris,value,2016Q1,2015Q4,0.23333333333333328,10,20,2,9,True,True,2,2,True,8,2,0.25,0.018652181152181105,0.25757575757575746,True
c6e9808c325c68c4,Paris,value,2016Q3,2016Q2,0.19412515964240096,17,19,4,9,True,True,2,2,True,8,1,0.125,-0.013101481851481842,0.23076923076923073,True
c70072220e22f2ef,London,cleanliness,2017Q1,2016Q4,0.21590909090909094,6,1,6,9,True,True,2,2,True,10,5,0.5,0.10936297464310407,0.2857142857142857,True
c70072220e22f2ef,London,location,2016Q2,2016Q1,0.25,6,6,3,9,True,True,2,2,True,10,1,0.1,0.02123272668164309,0.16666666666666674,True
c70072220e22f2ef,London,noise,2017Q1,2016Q4,0.16666666666666652,5,2,6,9,True,True,2,2,True,10,1,0.1,-0.055617920628724074,0.2554347826086957,True
c70072220e22f2ef,London,service,2016Q4,2016Q3,0.22857142857142865,11,5,5,9,True,True,2,2,True,10,4,0.4,0.13129098854018956,0.329192546583851,True
c7504aab178bb3f4,Barcelona,breakfast,2016Q2,2016Q1,0.17989417989417988,17,11,3,9,True,True,2,2,True,9,3,0.3333333333333333,0.07449915014944385,0.2870370370370371,True
c7504aab178bb3f4,Barcelona,breakfast,2016Q3,2016Q2,0.20434227330779065,19,17,4,9,True,True,2,2,True,10,2,0.2,-0.05252920395062042,0.21052631578947367,True
c7504aab178bb3f4,Barcelona,cleanliness,2016Q2,2016Q1,0.32307692307692304,10,3,3,9,True,True,2,2,True,9,1,0.1111111111111111,-0.02808326825870682,0.17460317460317465,True
c7504aab178bb3f4,Barcelona,location,2016Q3,2016Q2,0.16666666666666674,32,38,4,9,True,True,2,2,True,10,3,0.3,0.08890929975670352,0.2615384615384615,True
c7504aab178bb3f4,Barcelona,room,2016Q2,2016Q1,0.3733333333333333,40,20,3,9,True,True,2,2,True,9,0,0.0,-0.08029844501827349,0.03968253968253954,True
c7504aab178bb3f4,Barcelona,service,2017Q1,2016Q4,0.3588516746411483,28,23,6,9,True,True,2,2,True,10,2,0.2,-0.02174302540096009,0.19117647058823528,True
c7a10c20af359ccf,Barcelona,breakfast,2016Q1,2015Q4,0.18181818181818188,12,0,2,9,True,True,2,2,True,8,1,0.125,-0.05925482605629667,0.15384615384615374,True
c7a10c20af359ccf,Barcelona,cleanliness,2016Q3,2016Q2,0.17500000000000004,6,5,4,9,True,True,2,2,True,10,4,0.4,0.07683225958767756,0.22307692307692317,True
c7a10c20af359ccf,Barcelona,location,2016Q1,2015Q4,0.27826086956521734,13,5,2,9,True,True,2,2,True,8,3,0.375,0.06814299178602842,0.3090909090909091,True
c7a10c20af359ccf,Barcelona,room,2016Q3,2016Q2,0.20945083014048527,19,17,4,9,True,True,2,2,True,10,2,0.2,0.014374844232589435,0.19117647058823528,True
c7a10c20af359ccf,Barcelona,service,2017Q1,2016Q4,0.19565217391304346,14,13,6,9,True,True,2,2,True,10,1,0.1,-0.027904998383259237,0.18666666666666676,True
c7afb62e2d02afe5,Milan,cleanliness,2016Q3,2016Q2,0.24242424242424243,8,1,4,9,True,True,2,2,True,9,2,0.2222222222222222,0.026537789695684447,0.39743589743589747,True
c7afb62e2d02afe5,Milan,service,2016Q4,2016Q3,0.16993464052287588,7,8,5,9,True,True,2,2,True,9,0,0.0,-0.05102706542427858,0.096551724137931,True
c7c195c6a467944a,Barcelona,location,2016Q2,2016Q1,0.19999999999999996,5,2,3,9,True,True,2,2,True,8,2,0.25,0.0038690476190475914,0.375,True
c7c195c6a467944a,Barcelona,room,2016Q2,2016Q1,0.30833333333333335,6,5,3,9,True,True,2,2,True,8,2,0.25,0.006466837900661437,0.30952380952380965,True
c7c195c6a467944a,Barcelona,service,2016Q2,2016Q1,0.19047619047619047,5,4,3,9,True,True,2,2,True,8,2,0.25,0.0463078588078588,0.25,True
c7c53900db6047f0,Paris,breakfast,2016Q1,2015Q4,0.19999999999999996,5,4,2,9,True,True,2,2,True,10,4,0.4,0.024216959511077153,0.24761904761904763,True
c7c53900db6047f0,Paris,breakfast,2016Q4,2016Q3,0.1578947368421053,9,6,5,9,True,True,2,2,True,9,1,0.1111111111111111,0.03072233724407636,0.2857142857142857,True
c7c53900db6047f0,Paris,cleanliness,2016Q2,2016Q1,0.20192307692307687,6,3,3,9,True,True,2,2,True,10,2,0.2,0.05668081918081917,0.5714285714285715,True
c7c53900db6047f0,Paris,service,2016Q4,2016Q3,0.18018018018018034,27,32,5,9,True,True,2,2,True,9,1,0.1111111111111111,-0.059342986535568944,0.15159345391903534,True
c80d0d580253fab3,London,cleanliness,2016Q1,2015Q4,0.1980952380952381,32,15,2,9,True,True,2,2,True,9,3,0.3333333333333333,0.04462733327401472,0.5476190476190474,True
c80d0d580253fab3,London,cleanliness,2016Q4,2016Q3,0.24900962082625933,21,47,5,9,True,True,2,2,True,9,2,0.2222222222222222,0.057676864783584275,0.35204435204435214,True
c80d0d580253fab3,London,noise,2016Q1,2015Q4,0.6651835372636262,19,21,2,9,True,True,2,2,True,9,3,0.3333333333333333,0.04147165346643427,0.27450980392156865,True
c80d0d580253fab3,London,noise,2017Q1,2016Q4,0.2971014492753622,13,14,6,9,True,True,2,2,True,9,1,0.1111111111111111,0.035835789279201696,0.33333333333333326,True
c80d0d580253fab3,London,room,2016Q1,2015Q4,0.1607142857142857,116,102,2,9,True,True,2,2,True,9,1,0.1111111111111111,0.06493111803328488,0.26046511627906965,True
c80d0d580253fab3,London,room,2016Q4,2016Q3,0.277356986246761,106,163,5,9,True,True,2,2,True,9,0,0.0,0.008440895281501012,0.1237463878973315,True
c80d0d580253fab3,London,service,2016Q1,2015Q4,0.24856711915535445,68,75,2,9,True,True,2,2,True,9,1,0.1111111111111111,-0.005761872051257579,0.18352059925093633,True
c80d0d580253fab3,London,service,2016Q3,2016Q2,0.2564655172413792,86,77,4,9,True,True,2,2,True,9,1,0.1111111111111111,-0.02676683156024278,0.15668628129687323,True
c80d0d580253fab3,London,value,2017Q1,2016Q4,0.2077687443541102,17,31,6,9,True,True,2,2,True,9,1,0.1111111111111111,-0.05331775032261816,0.23284313725490202,True
c82279245f4202d4,London,cleanliness,2016Q2,2016Q1,0.19221753398968588,98,69,3,9,True,True,2,2,True,8,2,0.25,-0.05364632184453917,0.2857142857142858,True
c82279245f4202d4,London,noise,2016Q3,2016Q2,0.4129870129870129,45,32,4,9,True,True,2,2,True,8,2,0.25,0.012967473914648836,0.368421052631579,True
c8bea78b4efa1ffb,Vienna,breakfast,2016Q2,2016Q1,0.15019762845849804,12,13,3,9,True,True,2,2,True,10,0,0.0,-0.01362333094904894,0.10675381263616557,True
c8bea78b4efa1ffb,Vienna,cleanliness,2016Q3,2016Q2,0.19444444444444442,14,8,4,9,True,True,2,2,True,10,3,0.3,0.02315255407360669,0.2255639097744362,True
c8bea78b4efa1ffb,Vienna,noise,2016Q3,2016Q2,0.5333333333333332,5,5,4,9,True,True,2,2,True,10,1,0.1,0.025763712103394433,0.18306636155606404,True
c8bea78b4efa1ffb,Vienna,room,2016Q3,2016Q2,0.24312896405919648,34,33,4,9,True,True,2,2,True,10,2,0.2,-0.008589152109690457,0.2577949212471874,True
c8bea78b4efa1ffb,Vienna,service,2016Q1,2015Q4,0.37571354436948634,31,37,2,9,True,True,2,2,True,10,0,0.0,-0.039674535524249654,0.09523809523809534,True
c8bea78b4efa1ffb,Vienna,service,2016Q3,2016Q2,0.24731182795698925,38,21,4,9,True,True,2,2,True,10,2,0.2,0.06452502996421054,0.4201680672268906,True
c8bea78b4efa1ffb,Vienna,value,2016Q2,2016Q1,0.3764705882352941,7,10,3,9,True,True,2,2,True,10,0,0.0,-0.12452258525787938,0.0,True
c8c19f5271ada4c0,Vienna,breakfast,2016Q3,2016Q2,0.45128205128205123,16,5,4,9,True,True,2,2,True,9,2,0.2222222222222222,0.00975755052065794,0.3076923076923076,True
c8c19f5271ada4c0,Vienna,cleanliness,2016Q2,2016Q1,0.1809954751131222,7,3,3,9,True,True,2,2,True,8,2,0.25,0.10810633530392488,0.6914765906362546,True
c8c19f5271ada4c0,Vienna,location,2016Q3,2016Q2,0.24537815126050422,25,7,4,9,True,True,2,2,True,9,2,0.2222222222222222,0.06091951322763256,0.3090909090909091,True
c8c19f5271ada4c0,Vienna,room,2016Q4,2016Q3,0.23181818181818192,12,30,5,9,True,True,2,2,True,9,1,0.1111111111111111,-0.09157216411798416,0.1507863089731729,True
c8c19f5271ada4c0,Vienna,value,2016Q3,2016Q2,0.33333333333333326,5,0,4,9,True,True,2,2,True,9,3,0.3333333333333333,0.07147140318997938,0.2800417972831766,True
c9430bf39187dddb,Milan,breakfast,2016Q2,2016Q1,0.1722488038277512,9,1,3,9,True,True,2,2,True,10,4,0.4,0.09751008677063272,0.34736842105263155,True
c9430bf39187dddb,Milan,cleanliness,2016Q2,2016Q1,0.2450980392156863,7,2,3,9,True,True,2,2,True,10,3,0.3,0.07803154153504134,0.37142857142857144,True
c9430bf39187dddb,Milan,location,2016Q2,2016Q1,0.21505376344086025,21,5,3,9,True,True,2,2,True,10,1,0.1,0.02553935783137824,0.20175438596491224,True
c9430bf39187dddb,Milan,location,2016Q3,2016Q2,0.1574952561669829,24,21,4,9,True,True,2,2,True,10,1,0.1,0.02674261250363792,0.3362068965517242,True
c9430bf39187dddb,Milan,service,2016Q3,2016Q2,0.2282608695652173,13,14,4,9,True,True,2,2,True,10,4,0.4,0.066863844748416,0.20454545454545459,True
c98d39dace94cc6b,Paris,breakfast,2016Q1,2015Q4,0.2666666666666666,5,5,2,9,True,True,2,2,True,9,1,0.1111111111111111,-0.012123738953007286,0.33333333333333326,True
c98d39dace94cc6b,Paris,breakfast,2016Q4,2016Q3,0.26956521739130435,10,13,5,9,True,True,2,2,True,8,1,0.125,-0.037084438039587525,0.19480519480519498,True
c98d39dace94cc6b,Paris,cleanliness,2016Q3,2016Q2,0.23369565217391308,22,13,4,9,True,True,2,2,True,9,2,0.2222222222222222,0.024366788394112524,0.3208556149732622,True
c98d39dace94cc6b,Paris,noise,2016Q1,2015Q4,0.44444444444444453,8,8,2,9,True,True,2,2,True,9,3,0.3333333333333333,0.037823187279709014,0.2435897435897436,True
c98d39dace94cc6b,Paris,noise,2016Q3,2016Q2,0.2142857142857144,14,11,4,9,True,True,2,2,True,9,2,0.2222222222222222,-0.021296296296296282,0.23076923076923084,True
c98d39dace94cc6b,Paris,room,2016Q3,2016Q2,0.41880341880341887,44,29,4,9,True,True,2,2,True,9,0,0.0,-0.00013779398721724956,0.1204481792717087,True
c98d39dace94cc6b,Paris,service,2016Q2,2016Q1,0.17142857142857126,39,25,3,9,True,True,2,2,True,9,2,0.2222222222222222,-0.003606217928803495,0.28409090909090917,True
c98d39dace94cc6b,Paris,service,2017Q1,2016Q4,0.18333333333333335,14,20,6,9,True,True,2,2,True,8,1,0.125,-0.1252124068112569,0.37662337662337675,True
c9aa6bc73ff0aa80,Amsterdam,breakfast,2016Q2,2016Q1,0.15555555555555567,8,5,3,9,True,True,2,2,True,10,2,0.2,0.006321197867172767,0.2680538555691555,True
c9aa6bc73ff0aa80,Amsterdam,breakfast,2016Q4,2016Q3,0.2222222222222221,14,8,5,9,True,True,2,2,True,10,1,0.1,-0.027336890210164076,0.3721804511278195,True
c9aa6bc73ff0aa80,Amsterdam,cleanliness,2016Q2,2016Q1,0.24291497975708487,9,3,3,9,True,True,2,2,True,10,4,0.4,0.031134203187456733,0.37777777777777777,True
c9aa6bc73ff0aa80,Amsterdam,cleanliness,2016Q4,2016Q3,0.25,10,14,5,9,True,True,2,2,True,10,1,0.1,-0.04035032493069111,0.23529411764705888,True
c9aa6bc73ff0aa80,Amsterdam,location,2016Q4,2016Q3,0.21357063403781984,19,21,5,9,True,True,2,2,True,10,2,0.2,0.0068770454010921075,0.18952062430323302,True
c9aa6bc73ff0aa80,Amsterdam,noise,2016Q2,2016Q1,0.28409090909090917,6,1,3,9,True,True,2,2,True,10,3,0.3,0.08067999252209782,0.2857142857142858,True
c9aa6bc73ff0aa80,Amsterdam,room,2016Q1,2015Q4,0.1866028708133971,9,12,2,9,True,True,2,2,True,9,3,0.3333333333333333,0.08240037202566847,0.320754716981132,True
c9aa6bc73ff0aa80,Amsterdam,room,2016Q2,2016Q1,0.22132253711201066,29,9,3,9,True,True,2,2,True,10,3,0.3,0.0062824681999076645,0.2513904338153503,True
c9aa6bc73ff0aa80,Amsterdam,service,2016Q2,2016Q1,0.22113022113022107,27,12,3,9,True,True,2,2,True,10,2,0.2,0.002845383462554185,0.3844476744186047,True
c9aa6bc73ff0aa80,Amsterdam,value,2016Q4,2016Q3,0.4272445820433437,7,9,5,9,True,True,2,2,True,10,4,0.4,0.054571072488437025,0.2666666666666667,True
c9bb34d69212de5c,Barcelona,location,2016Q2,2016Q1,0.16666666666666652,5,2,3,9,True,True,2,2,True,9,3,0.3333333333333333,0.12368896147915308,0.49242424242424243,True
c9bb34d69212de5c,Barcelona,room,2016Q3,2016Q2,0.1578947368421053,8,9,4,9,True,True,2,2,True,9,1,0.1111111111111111,-0.03180691139220895,0.2561224489795917,True
c9ccb15668166868,Paris,location,2016Q1,2015Q4,0.16666666666666674,10,5,2,9,True,True,2,2,True,9,1,0.1111111111111111,-0.04840043761612393,0.1795665634674921,True
c9ccb15668166868,Paris,location,2016Q3,2016Q2,0.23809523809523792,11,4,4,9,True,True,2,2,True,9,1,0.1111111111111111,0.04272259730546716,0.2857142857142858,True
ca44e1b4c8f06011,Barcelona,cleanliness,2016Q1,2015Q4,0.22549019607843135,7,2,2,9,True,True,2,2,True,6,1,0.16666666666666666,-0.018695356930651053,0.2575757575757577,True
ca44e1b4c8f06011,Barcelona,location,2016Q3,2016Q2,0.2753623188405798,20,13,4,9,True,True,2,2,True,8,2,0.25,0.09190718018372276,0.49870801033591716,True
ca44e1b4c8f06011,Barcelona,room,2016Q1,2015Q4,0.2286634460547503,44,13,2,9,True,True,2,2,True,6,3,0.5,-0.0023511603319696928,0.2647058823529411,True
caab25c0ce8ceba0,Paris,cleanliness,2016Q2,2016Q1,0.2321428571428572,6,4,3,9,True,True,2,2,True,10,3,0.3,0.07303946053946052,0.3216783216783218,True
caab25c0ce8ceba0,Paris,location,2016Q2,2016Q1,0.26923076923076916,10,3,3,9,True,True,2,2,True,10,2,0.2,0.05678332388084713,0.36752136752136755,True
caab25c0ce8ceba0,Paris,location,2016Q4,2016Q3,0.33484162895927616,7,3,5,9,True,True,2,2,True,10,1,0.1,-0.06784075702419361,0.27368421052631575,True
caab25c0ce8ceba0,Paris,room,2016Q1,2015Q4,0.19461697722567295,11,13,2,9,True,True,2,2,True,10,3,0.3,0.05604386955780144,0.3666666666666667,True
caab25c0ce8ceba0,Paris,service,2016Q2,2016Q1,0.17142857142857149,15,11,3,9,True,True,2,2,True,10,5,0.5,0.06363522142933904,0.2930402930402929,True
cb038cd9a5b61272,Milan,breakfast,2016Q4,2016Q3,0.15204678362573087,9,8,5,9,True,True,2,2,True,10,3,0.3,0.02895054114683273,0.23529411764705888,True
cb139dd2cc0ee87d,Paris,cleanliness,2016Q1,2015Q4,0.16666666666666652,5,2,2,9,True,True,2,2,True,7,0,0.0,-0.02636191638250664,0.09090909090909083,True
cb139dd2cc0ee87d,Paris,location,2016Q2,2016Q1,0.26890756302521,11,7,3,9,True,True,2,2,True,9,4,0.4444444444444444,0.11054575976973412,0.40476190476190466,True
cb139dd2cc0ee87d,Paris,room,2016Q2,2016Q1,0.1568627450980391,14,7,3,9,True,True,2,2,True,9,2,0.2222222222222222,-0.020135783604607178,0.1777777777777778,True
cb139dd2cc0ee87d,Paris,room,2017Q1,2016Q4,0.2807017543859649,17,9,6,9,True,True,2,2,True,8,1,0.125,0.011666114549201564,0.24541062801932367,True
cb53605156f42876,Milan,breakfast,2016Q4,2016Q3,0.21719457013574672,7,3,5,9,True,True,2,2,True,10,4,0.4,0.12692587529020388,0.3565217391304347,True
cb53605156f42876,Milan,location,2016Q4,2016Q3,0.2321428571428572,6,4,5,9,True,True,2,2,True,10,2,0.2,0.0113224667278486,0.3411764705882352,True
cb75ad67cc37e5c8,Vienna,cleanliness,2017Q1,2016Q4,0.16666666666666663,10,14,6,9,True,True,2,2,True,10,2,0.2,-0.045316061647330985,0.17647058823529416,True
cb75ad67cc37e5c8,Vienna,location,2016Q3,2016Q2,0.1517857142857142,32,22,4,9,True,True,2,2,True,10,2,0.2,0.017679658462664172,0.3571428571428572,True
cb75ad67cc37e5c8,Vienna,room,2016Q4,2016Q3,0.20147633521493702,37,39,5,9,True,True,2,2,True,10,1,0.1,-0.07864644461085765,0.28352490421455945,True
cb75ad67cc37e5c8,Vienna,service,2017Q1,2016Q4,0.43666666666666676,15,14,6,9,True,True,2,2,True,10,0,0.0,-0.02254486523334982,0.11204481792717069,True
cb891539e9f9ebb1,Milan,breakfast,2016Q2,2016Q1,0.17500000000000004,30,38,3,9,True,True,2,2,True,10,5,0.5,0.07763718913628603,0.34736842105263155,True
cb891539e9f9ebb1,Milan,cleanliness,2016Q3,2016Q2,0.19615773508594558,33,13,4,9,True,True,2,2,True,10,1,0.1,-0.018529475340620848,0.46153846153846156,True
cb891539e9f9ebb1,Milan,noise,2016Q3,2016Q2,0.25339366515837103,7,3,4,9,True,True,2,2,True,10,2,0.2,0.03293955270735456,0.18181818181818166,True
cb891539e9f9ebb1,Milan,value,2016Q1,2015Q4,0.3110047846889952,9,12,2,9,True,True,2,2,True,10,4,0.4,0.13452435176573108,0.4242424242424242,True
cb891539e9f9ebb1,Milan,value,2016Q2,2016Q1,0.21052631578947378,9,9,3,9,True,True,2,2,True,10,2,0.2,0.022102866563614876,0.25757575757575746,True
cb891539e9f9ebb1,Milan,value,2016Q4,2016Q3,0.16993464052287588,7,17,5,9,True,True,2,2,True,10,1,0.1,-0.0707647186454319,0.3216783216783218,True
cb9698ae7a52985e,Barcelona,noise,2016Q3,2016Q2,0.2333333333333334,10,8,4,7,True,True,2,2,True,10,2,0.2,-0.017076991635815164,0.23076923076923084,True
cba8965b48cf6b32,Barcelona,breakfast,2016Q1,2015Q4,0.3111111111111111,10,8,2,9,True,True,2,2,True,9,2,0.2222222222222222,-0.03296919071455048,0.3999999999999999,True
cba8965b48cf6b32,Barcelona,cleanliness,2017Q1,2016Q4,0.19047619047619047,5,4,6,9,True,True,2,2,True,9,0,0.0,-0.07099217865060431,0.09090909090909094,True
cba8965b48cf6b32,Barcelona,location,2017Q1,2016Q4,0.2178649237472765,17,7,6,9,True,True,2,2,True,9,0,0.0,-0.06774855167219959,0.09090909090909083,True
cba8965b48cf6b32,Barcelona,room,2016Q1,2015Q4,0.15292712066905612,17,21,2,9,True,True,2,2,True,9,2,0.2222222222222222,0.03318088095915127,0.2983870967741935,True
cba8965b48cf6b32,Barcelona,service,2016Q1,2015Q4,0.2281167108753317,16,19,2,9,True,True,2,2,True,9,1,0.1111111111111111,-0.029571982787831796,0.4533947065592636,True
cba8965b48cf6b32,Barcelona,value,2016Q1,2015Q4,0.16911764705882348,6,7,2,9,True,True,2,2,True,9,2,0.2222222222222222,0.04798134155719296,0.16666666666666674,True
cc24ce8901b5d947,Barcelona,service,2016Q1,2015Q4,0.20175438596491224,9,2,2,9,True,True,2,2,True,8,2,0.25,0.018741001645413397,0.33333333333333326,True
cc8953a58145ac2e,Paris,location,2016Q1,2015Q4,0.33333333333333326,8,6,2,9,True,True,2,2,True,8,3,0.375,0.055726000574322726,0.30065359477124187,True
cc8953a58145ac2e,Paris,room,2016Q2,2016Q1,0.16666666666666663,14,14,3,9,True,True,2,2,True,10,3,0.3,0.07176575979667113,0.34090909090909094,True
cc8953a58145ac2e,Paris,room,2016Q4,2016Q3,0.3752860411899315,13,9,5,9,True,True,2,2,True,10,3,0.3,0.01818046061172649,0.35185185185185197,True
cc8953a58145ac2e,Paris,service,2016Q1,2015Q4,0.19047619047619047,11,4,2,9,True,True,2,2,True,8,2,0.25,-0.010150353076920582,0.41395432476173344,True
cc8953a58145ac2e,Paris,service,2016Q3,2016Q2,0.22705314009661826,8,13,4,9,True,True,2,2,True,10,1,0.1,-0.015949280936256492,0.19047619047619047,True
ccaf0d02c34ecbc1,Vienna,breakfast,2016Q4,2016Q3,0.16464237516869096,29,28,5,9,True,True,2,2,True,10,1,0.1,-0.01088093211243547,0.24444444444444446,True
ccaf0d02c34ecbc1,Vienna,location,2016Q3,2016Q2,0.23850574712643668,19,14,4,9,True,True,2,2,True,10,1,0.1,0.07353143103587315,0.15157894736842104,True
ccaf0d02c34ecbc1,Vienna,noise,2016Q1,2015Q4,0.2954545454545454,12,6,2,9,True,True,2,2,True,10,1,0.1,0.022295578518488735,0.17647058823529416,True
ccaf0d02c34ecbc1,Vienna,value,2016Q1,2015Q4,0.19999999999999996,5,4,2,9,True,True,2,2,True,10,3,0.3,0.0680306416351297,0.21978021978021967,True
ccaf0d02c34ecbc1,Vienna,value,2016Q3,2016Q2,0.15909090909090917,6,1,4,9,True,True,2,2,True,10,0,0.0,-0.022052099946836812,0.09090909090909094,True
ccaf0d02c34ecbc1,Vienna,value,2017Q1,2016Q4,0.15909090909090917,6,1,6,9,True,True,2,2,True,9,4,0.4444444444444444,0.07606619959561137,0.2974358974358974,True
ccb2054f952250c5,Barcelona,location,2016Q4,2016Q3,0.20320855614973277,7,1,5,9,True,True,2,2,True,10,1,0.1,-0.084895346790585,0.15750915750915762,True
ccbd6cab76b3f3dc,Vienna,breakfast,2017Q1,2016Q4,0.2575757575757577,14,23,6,9,True,True,2,2,True,9,2,0.2222222222222222,-0.01886610238945678,0.2406417112299466,True
ccbd6cab76b3f3dc,Vienna,cleanliness,2017Q1,2016Q4,0.23484848484848486,14,12,6,9,True,True,2,2,True,9,3,0.3333333333333333,0.014286237700871871,0.2171428571428573,True
ccbd6cab76b3f3dc,Vienna,location,2016Q1,2015Q4,0.25546218487394956,25,24,2,9,True,True,2,2,True,8,0,0.0,-0.09325933706870285,0.09351432880844635,True
ccbd6cab76b3f3dc,Vienna,service,2017Q1,2016Q4,0.21111111111111103,20,26,6,9,True,True,2,2,True,9,2,0.2222222222222222,0.036666894710322334,0.2142857142857142,True
ccbd6cab76b3f3dc,Vienna,value,2016Q1,2015Q4,0.21111111111111114,8,10,2,9,True,True,2,2,True,8,0,0.0,-0.02726717726717727,0.11111111111111116,True
cd02f72994acb2ee,Paris,breakfast,2016Q2,2016Q1,0.22222222222222232,8,8,3,9,True,True,2,2,True,8,1,0.125,-0.028433372183372135,0.23076923076923084,True
cd02f72994acb2ee,Paris,cleanliness,2016Q2,2016Q1,0.1691176470588236,7,6,3,9,True,True,2,2,True,8,1,0.125,0.013942042434689508,0.23076923076923084,True
cd02f72994acb2ee,Paris,location,2017Q1,2016Q4,0.25,18,14,6,9,True,True,2,2,True,10,1,0.1,-0.021441812164562268,0.16666666666666652,True
cd02f72994acb2ee,Paris,room,2016Q1,2015Q4,0.17510259917920656,24,33,2,9,True,True,2,2,True,8,2,0.25,0.03832749978394259,0.2807692307692309,True
cd02f72994acb2ee,Paris,room,2016Q4,2016Q3,0.2222222222222222,16,26,5,9,True,True,2,2,True,10,3,0.3,-0.02683386014810818,0.3051851851851851,True
cd02f72994acb2ee,Paris,value,2016Q2,2016Q1,0.2272727272727273,12,10,3,9,True,True,2,2,True,8,1,0.125,-0.07505411255411254,0.15384615384615385,True
cd02f72994acb2ee,Paris,value,2016Q4,2016Q3,0.20000000000000007,5,10,5,9,True,True,2,2,True,10,1,0.1,-0.011445221445221466,0.1678321678321677,True
cd4b069bc9683911,Amsterdam,breakfast,2016Q2,2016Q1,0.1870882740447959,13,23,3,9,True,True,2,2,True,9,2,0.2222222222222222,-0.0534029647721676,0.2666666666666666,True
cd4b069bc9683911,Amsterdam,cleanliness,2016Q1,2015Q4,0.1512605042016808,7,4,2,9,True,True,2,2,True,8,3,0.375,0.11022364181226411,0.19999999999999996,True
cd4b069bc9683911,Amsterdam,cleanliness,2016Q3,2016Q2,0.18623481781376516,9,3,4,9,True,True,2,2,True,9,4,0.4444444444444444,0.05082969570068956,0.3450980392156864,True
cd4b069bc9683911,Amsterdam,location,2016Q3,2016Q2,0.21367521367521358,42,26,4,9,True,True,2,2,True,9,2,0.2222222222222222,0.05240755828659598,0.30255839822024466,True
cd4b069bc9683911,Amsterdam,noise,2016Q3,2016Q2,0.25757575757575746,12,2,4,9,True,True,2,2,True,9,2,0.2222222222222222,0.052641031807698475,0.3472222222222222,True
cd4b069bc9683911,Amsterdam,room,2016Q3,2016Q2,0.1549407114624506,59,45,4,9,True,True,2,2,True,9,1,0.1111111111111111,0.009069549983093098,0.2938689217758985,True
cd4b069bc9683911,Amsterdam,service,2016Q3,2016Q2,0.15032679738562083,58,35,4,9,True,True,2,2,True,9,1,0.1111111111111111,-0.009481330363305304,0.2021276595744681,True
cd4b069bc9683911,Amsterdam,service,2017Q1,2016Q4,0.1578947368421053,28,28,6,9,True,True,2,2,True,10,2,0.2,0.06637127971354917,0.1977094635322485,True
cd8652ffd35340b2,Amsterdam,breakfast,2016Q2,2016Q1,0.33333333333333326,5,0,3,9,True,True,2,2,True,10,2,0.2,-0.025442479104479398,0.35882352941176476,True
cd8652ffd35340b2,Amsterdam,noise,2016Q3,2016Q2,0.2673796791443851,7,1,4,9,True,True,2,2,True,10,2,0.2,0.047825726755259666,0.33333333333333337,True
cd8652ffd35340b2,Amsterdam,service,2016Q2,2016Q1,0.1969696969696968,12,2,3,9,True,True,2,2,True,10,0,0.0,-0.055826307769024086,0.12609970674486792,True
cd9cd51274543dda,London,noise,2016Q2,2016Q1,0.21739130434782605,18,13,3,9,True,True,2,2,True,10,3,0.3,0.05760721846358956,0.36651583710407243,True
cd9cd51274543dda,London,noise,2016Q3,2016Q2,0.2592592592592593,17,18,4,9,True,True,2,2,True,10,3,0.3,-0.012763193419540153,0.30000000000000004,True
cd9cd51274543dda,London,service,2016Q1,2015Q4,0.2094117647058822,41,40,2,9,True,True,2,2,True,10,4,0.4,0.0985553608596716,0.290909090909091,True
cd9cd51274543dda,London,value,2017Q1,2016Q4,0.18461538461538463,15,16,6,9,True,True,2,2,True,9,4,0.4444444444444444,0.05345141832242054,0.2596153846153846,True
ce196f5bb2702e80,London,breakfast,2016Q1,2015Q4,0.2195121951219512,31,34,2,9,True,True,2,2,True,10,2,0.2,0.005157168321874239,0.26315789473684215,True
ce196f5bb2702e80,London,breakfast,2016Q2,2016Q1,0.15191637630662025,25,31,3,9,True,True,2,2,True,10,1,0.1,0.004965947136782345,0.2272727272727273,True
ce196f5bb2702e80,London,breakfast,2017Q1,2016Q4,0.16129032258064524,21,26,6,9,True,True,2,2,True,10,4,0.4,0.059762059386310504,0.44264507422402166,True
ce196f5bb2702e80,London,cleanliness,2017Q1,2016Q4,0.16748768472906406,19,11,6,9,True,True,2,2,True,10,5,0.5,0.10888616373987973,0.30434782608695654,True
ce196f5bb2702e80,London,location,2017Q1,2016Q4,0.15629666500746642,31,39,6,9,True,True,2,2,True,10,0,0.0,-0.040938684830939584,0.08461538461538454,True
ce196f5bb2702e80,London,noise,2016Q1,2015Q4,0.34195402298850563,19,38,2,9,True,True,2,2,True,10,1,0.1,-0.006970214970214983,0.2909090909090908,True
ce196f5bb2702e80,London,noise,2017Q1,2016Q4,0.2554347826086957,6,13,6,9,True,True,2,2,True,10,2,0.2,0.014157171428976678,0.25,True
ce196f5bb2702e80,London,room,2016Q1,2015Q4,0.15770869210550165,108,177,2,9,True,True,2,2,True,10,2,0.2,0.020427451857454114,0.21441441441441433,True
ce196f5bb2702e80,London,service,2016Q1,2015Q4,0.1885304659498208,80,114,2,9,True,True,2,2,True,10,3,0.3,0.07336372870689353,0.2218246869409659,True
ce196f5bb2702e80,London,service,2016Q4,2016Q3,0.26144994246260067,45,69,5,9,True,True,2,2,True,10,4,0.4,0.02682222510660035,0.3076923076923077,True
ce196f5bb2702e80,London,value,2016Q2,2016Q1,0.4545454545454546,12,12,3,9,True,True,2,2,True,10,2,0.2,-0.09473980848168542,0.23076923076923084,True
ce6da3e7e56a7891,Barcelona,breakfast,2017Q1,2016Q4,0.49122807017543857,11,9,6,9,True,True,2,2,True,10,3,0.3,0.05744020685197156,0.36263736263736257,True
ce6da3e7e56a7891,Barcelona,cleanliness,2016Q1,2015Q4,0.21818181818181803,10,12,2,9,True,True,2,2,True,8,2,0.25,0.0214007193786606,0.19480519480519498,True
ce6da3e7e56a7891,Barcelona,location,2016Q3,2016Q2,0.16425120772946866,36,26,4,9,True,True,2,2,True,9,1,0.1111111111111111,-0.07271535266113557,0.23076923076923084,True
ce6da3e7e56a7891,Barcelona,location,2017Q1,2016Q4,0.196078431372549,24,20,6,9,True,True,2,2,True,10,1,0.1,0.01789730639730641,0.22518518518518515,True
ce6da3e7e56a7891,Barcelona,noise,2017Q1,2016Q4,0.25263157894736843,5,9,6,9,True,True,2,2,True,10,0,0.0,-0.10017094017094015,0.09090909090909094,True
ce6da3e7e56a7891,Barcelona,room,2016Q1,2015Q4,0.30907830907830913,29,27,2,9,True,True,2,2,True,8,3,0.375,0.04679011971001139,0.38502673796791453,True
ceda7607171de991,London,location,2016Q1,2015Q4,0.23030303030303023,20,23,2,9,True,True,2,2,True,8,0,0.0,-0.12615395735800147,0.07777777777777772,True
ceda7607171de991,London,room,2016Q2,2016Q1,0.17261904761904767,38,46,3,9,True,True,2,2,True,9,1,0.1111111111111111,0.06052834530865344,0.29032258064516125,True
ceda7607171de991,London,service,2016Q1,2015Q4,0.16061925495887763,29,43,2,9,True,True,2,2,True,8,0,0.0,-0.062062445404501565,0.10866032040863716,True
ceda7607171de991,London,service,2017Q1,2016Q4,0.2272727272727273,36,34,6,9,True,True,2,2,True,10,3,0.3,-0.0012267930501953961,0.23850931677018639,True
cf1787e1e42e0720,London,breakfast,2016Q3,2016Q2,0.15804597701149437,19,14,4,9,True,True,2,2,True,10,0,0.0,-0.06122295110085809,0.1333333333333333,True
cf1787e1e42e0720,London,cleanliness,2016Q1,2015Q4,0.22077922077922074,12,4,2,9,True,True,2,2,True,10,3,0.3,0.009245876741408065,0.274247491638796,True
cf1787e1e42e0720,London,location,2016Q3,2016Q2,0.2569444444444444,54,35,4,9,True,True,2,2,True,10,5,0.5,0.1350311309225895,0.33484162895927616,True
cf1787e1e42e0720,London,noise,2016Q2,2016Q1,0.22943722943722944,11,12,3,9,True,True,2,2,True,10,2,0.2,0.05289885908547161,0.5416666666666666,True
cf1787e1e42e0720,London,value,2016Q4,2016Q3,0.17543859649122806,9,17,5,9,True,True,2,2,True,10,2,0.2,0.039796869796869826,0.30000000000000004,True
cf37465afb681b21,Paris,breakfast,2016Q2,2016Q1,0.368421052631579,9,8,3,9,True,True,2,2,True,8,2,0.25,0.06206688774613402,0.42245989304812825,True
cf37465afb681b21,Paris,breakfast,2017Q1,2016Q4,0.22222222222222232,8,12,6,9,True,True,2,2,True,9,0,0.0,-0.13697783697783697,0.09090909090909094,True
cf37465afb681b21,Paris,cleanliness,2016Q3,2016Q2,0.27826086956521734,13,10,4,9,True,True,2,2,True,8,1,0.125,-0.06426007183351126,0.16923076923076907,True
cf37465afb681b21,Paris,location,2016Q3,2016Q2,0.19782214156079836,48,28,4,9,True,True,2,2,True,8,0,0.0,-0.0773436561548488,0.13786848072562363,True
cf37465afb681b21,Paris,noise,2016Q3,2016Q2,0.24291497975708487,9,3,4,9,True,True,2,2,True,8,1,0.125,-0.11053807303807303,0.16666666666666674,True
cf37465afb681b21,Paris,room,2016Q1,2015Q4,0.32586872586872595,27,25,2,9,True,True,2,2,True,6,3,0.5,0.13918680162582603,0.32571428571428584,True
cf3c773913ea5d66,Vienna,location,2016Q3,2016Q2,0.18001855861429017,43,51,4,9,True,True,2,2,True,10,1,0.1,0.02074164865805008,0.15384615384615397,True
cf590695c7543ff2,Paris,location,2016Q4,2016Q3,0.24242424242424243,5,1,5,9,True,True,2,2,True,10,0,0.0,-0.0032580691193510036,0.13986013986014,True
cf590695c7543ff2,Paris,room,2016Q3,2016Q2,0.20952380952380956,5,4,4,9,True,True,2,2,True,9,3,0.3333333333333333,0.05729563648702913,0.19999999999999996,True
cf67b45a691b33c8,Paris,cleanliness,2017Q1,2016Q4,0.25,6,0,6,8,True,True,2,2,True,8,1,0.125,0.10899775043796783,0.29807692307692313,True
cfd152387e234818,Barcelona,breakfast,2016Q2,2016Q1,0.40245775729646693,21,11,3,9,True,True,2,2,True,9,4,0.4444444444444444,-0.05157779105147526,0.21590909090909094,True
cfd152387e234818,Barcelona,breakfast,2016Q4,2016Q3,0.36086607858861264,33,19,5,9,True,True,2,2,True,10,1,0.1,-0.015865758618820947,0.7083333333333333,True
cfd152387e234818,Barcelona,cleanliness,2016Q4,2016Q3,0.24761904761904763,32,20,5,9,True,True,2,2,True,10,3,0.3,0.005602642971064009,0.33333333333333326,True
cfd152387e234818,Barcelona,noise,2016Q1,2015Q4,0.2272727272727273,12,18,2,9,True,True,2,2,True,9,3,0.3333333333333333,0.07337389689209135,0.31313131313131304,True
cfd152387e234818,Barcelona,noise,2016Q3,2016Q2,0.1875,22,14,4,9,True,True,2,2,True,9,2,0.2222222222222222,0.06265062098395431,0.4545454545454546,True
cfd152387e234818,Barcelona,room,2016Q1,2015Q4,0.15871860211139432,31,57,2,9,True,True,2,2,True,9,4,0.4444444444444444,0.019314256352914592,0.36296296296296293,True
cfd152387e234818,Barcelona,service,2017Q1,2016Q4,0.17443064182194612,59,46,6,9,True,True,2,2,True,10,0,0.0,-0.037025295452068896,0.11111111111111116,True
cfd152387e234818,Barcelona,value,2016Q2,2016Q1,0.3107769423558898,11,9,3,9,True,True,2,2,True,9,0,0.0,-0.21991138853883946,-0.07692307692307687,True
cfd152387e234818,Barcelona,value,2017Q1,2016Q4,0.31428571428571417,18,10,6,9,True,True,2,2,True,10,4,0.4,0.08443788846770403,0.3203661327231121,True
cfd449b016f2b6a6,Barcelona,breakfast,2016Q1,2015Q4,0.2564102564102564,11,3,2,9,True,True,2,2,True,8,1,0.125,0.014985210867563784,0.16849816849816845,True
cfd449b016f2b6a6,Barcelona,breakfast,2016Q3,2016Q2,0.17419354838709666,30,21,4,9,True,True,2,2,True,8,0,0.0,-0.09591787416340346,0.09090909090909094,True
cfd449b016f2b6a6,Barcelona,cleanliness,2016Q2,2016Q1,0.15909090909090917,6,1,3,9,True,True,2,2,True,8,3,0.375,0.026209076960126892,0.26388888888888884,True
cfd449b016f2b6a6,Barcelona,cleanliness,2017Q1,2016Q4,0.19047619047619047,5,4,6,9,True,True,2,2,True,10,4,0.4,0.07668566906833489,0.37083333333333335,True
cfd449b016f2b6a6,Barcelona,location,2016Q3,2016Q2,0.19999999999999996,20,20,4,9,True,True,2,2,True,8,3,0.375,0.11257095018593806,0.5515151515151515,True
cfd449b016f2b6a6,Barcelona,service,2016Q1,2015Q4,0.3308270676691729,9,4,2,9,True,True,2,2,True,8,2,0.25,0.00029045348150585903,0.30959752321981426,True
cfd449b016f2b6a6,Barcelona,service,2016Q3,2016Q2,0.2166112956810633,33,25,4,9,True,True,2,2,True,8,2,0.25,0.030617180935344865,0.19999999999999996,True
cfe4424e848a1e8a,Amsterdam,breakfast,2016Q2,2016Q1,0.19047619047619047,18,11,3,9,True,True,2,2,True,10,2,0.2,0.03600513246670835,0.2680538555691555,True
cfe4424e848a1e8a,Amsterdam,cleanliness,2016Q1,2015Q4,0.21176470588235308,7,5,2,9,True,True,2,2,True,9,0,0.0,-0.02162855625853726,0.1428571428571429,True
cfe4424e848a1e8a,Amsterdam,cleanliness,2017Q1,2016Q4,0.36257309941520455,9,8,6,9,True,True,2,2,True,10,3,0.3,0.08008798285838133,0.5555555555555555,True
cfe4424e848a1e8a,Amsterdam,location,2016Q4,2016Q3,0.16770186335403725,18,36,5,9,True,True,2,2,True,10,2,0.2,-0.04599407034599976,0.18952062430323302,True
cfe4424e848a1e8a,Amsterdam,location,2017Q1,2016Q4,0.17142857142857149,25,18,6,9,True,True,2,2,True,10,1,0.1,-0.02184129485146369,0.19999999999999996,True
cfe4424e848a1e8a,Amsterdam,noise,2016Q2,2016Q1,0.2857142857142858,18,8,3,9,True,True,2,2,True,10,1,0.1,0.016296598138703423,0.16666666666666663,True
cfe4424e848a1e8a,Amsterdam,noise,2016Q3,2016Q2,0.2142857142857142,18,18,4,9,True,True,2,2,True,10,1,0.1,-0.028291759128740056,0.3999999999999999,True
cfe4424e848a1e8a,Amsterdam,room,2016Q2,2016Q1,0.22285443338074917,47,27,3,9,True,True,2,2,True,10,1,0.1,-0.03596349616850823,0.21111111111111125,True
cfe4424e848a1e8a,Amsterdam,room,2016Q3,2016Q2,0.3122807017543858,40,47,4,9,True,True,2,2,True,10,2,0.2,0.028579149216653266,0.4047619047619049,True
cfe4424e848a1e8a,Amsterdam,room,2017Q1,2016Q4,0.19504876219054768,33,21,6,9,True,True,2,2,True,10,1,0.1,0.0025167907282582893,0.19097187468721855,True
cfe4424e848a1e8a,Amsterdam,value,2016Q3,2016Q2,0.4,5,8,4,9,True,True,2,2,True,10,4,0.4,0.09029430345555715,0.30175438596491233,True
cfeaf865a01cd5f6,Amsterdam,breakfast,2016Q4,2016Q3,0.33333333333333337,8,5,5,9,True,True,2,2,True,10,1,0.1,-0.08791980017354296,0.25,True
cfeaf865a01cd5f6,Amsterdam,location,2016Q4,2016Q3,0.20329670329670346,18,16,5,9,True,True,2,2,True,10,1,0.1,-0.0074269941396434055,0.15079365079365092,True
cfeaf865a01cd5f6,Amsterdam,value,2016Q1,2015Q4,0.20872865275142316,7,21,2,9,True,True,2,2,True,9,3,0.3333333333333333,-0.0255507001121036,0.4242424242424242,True
cfeaf865a01cd5f6,Amsterdam,value,2017Q1,2016Q4,0.29166666666666663,6,14,6,9,True,True,2,2,True,10,1,0.1,-0.038359675512446546,0.19148936170212771,True
d09326a29fa9ba49,Milan,breakfast,2016Q3,2016Q2,0.3066202090592334,46,31,4,8,True,True,2,2,True,9,2,0.2222222222222222,-0.009489710114065138,0.2941176470588235,True
d09326a29fa9ba49,Milan,breakfast,2016Q4,2016Q3,0.23809523809523814,26,46,5,8,True,True,2,2,True,9,2,0.2222222222222222,-0.1277207144166208,0.2333333333333334,True
d09326a29fa9ba49,Milan,cleanliness,2016Q4,2016Q3,0.1890909090909092,15,23,5,8,True,True,2,2,True,9,1,0.1111111111111111,-0.04953239192369622,0.15384615384615397,True
d09326a29fa9ba49,Milan,noise,2016Q4,2016Q3,0.22222222222222232,8,6,5,8,True,True,2,2,True,9,0,0.0,-0.030357605357605358,0.12307692307692308,True
d09326a29fa9ba49,Milan,room,2016Q4,2016Q3,0.17460317460317476,32,53,5,8,True,True,2,2,True,9,0,0.0,-0.07373121596335612,0.12299465240641716,True
d09326a29fa9ba49,Milan,service,2016Q4,2016Q3,0.5420918367346939,22,39,5,8,True,True,2,2,True,9,2,0.2222222222222222,-0.1695684333240734,0.2857142857142858,True
d0e378c8e566a11a,Vienna,location,2016Q2,2016Q1,0.19047619047619047,11,5,3,8,True,True,2,2,True,9,0,0.0,-0.05227970591703975,0.12711864406779672,True
d0e378c8e566a11a,Vienna,location,2016Q4,2016Q3,0.1967963386727689,13,9,5,8,True,True,2,2,True,10,1,0.1,-0.004158115041197052,0.16666666666666674,True
d0e378c8e566a11a,Vienna,room,2016Q2,2016Q1,0.22077922077922074,11,12,3,8,True,True,2,2,True,9,2,0.2222222222222222,-0.05386760793161411,0.25396825396825395,True
d103d070b5cc4bed,London,cleanliness,2016Q1,2015Q4,0.3031007751937983,33,50,2,9,True,True,2,2,True,10,4,0.4,0.0985103506523716,0.3076923076923077,True
d103d070b5cc4bed,London,room,2017Q1,2016Q4,0.2331128956069911,136,106,6,9,True,True,2,2,True,9,2,0.2222222222222222,0.03488279548645448,0.1843971631205672,True
d103d070b5cc4bed,London,service,2016Q1,2015Q4,0.17575757575757578,56,50,2,9,True,True,2,2,True,10,3,0.3,0.04393207821063738,0.2571428571428571,True
d103d070b5cc4bed,London,service,2016Q4,2016Q3,0.22597402597402594,56,60,5,9,True,True,2,2,True,9,2,0.2222222222222222,-0.0004008499501834005,0.2815126050420169,True
d103d070b5cc4bed,London,value,2016Q1,2015Q4,0.38248847926267293,18,21,2,9,True,True,2,2,True,10,3,0.3,0.042828078927399836,0.37362637362637374,True
d103d070b5cc4bed,London,value,2017Q1,2016Q4,0.2078431372549019,20,24,6,9,True,True,2,2,True,9,2,0.2222222222222222,0.09664466893294596,0.5896656534954409,True
d1431feafe959337,London,breakfast,2016Q1,2015Q4,0.20094007050528795,36,27,2,9,True,True,2,2,True,8,4,0.5,0.17185972594398707,0.5839243498817966,True
d1431feafe959337,London,breakfast,2016Q4,2016Q3,0.20133037694013312,31,45,5,9,True,True,2,2,True,10,4,0.4,0.027806372228394504,0.43088803088803096,True
d1431feafe959337,London,breakfast,2017Q1,2016Q4,0.18048780487804872,30,31,6,9,True,True,2,2,True,10,2,0.2,0.011535531147685473,0.6617647058823529,True
d1431feafe959337,London,cleanliness,2016Q4,2016Q3,0.24831081081081074,22,27,5,9,True,True,2,2,True,10,2,0.2,0.02248875828355219,0.5296296296296295,True
d1431feafe959337,London,value,2016Q1,2015Q4,0.2607407407407407,17,15,2,9,True,True,2,2,True,8,6,0.75,0.20554603514610686,0.4307692307692308,True
d1431feafe959337,London,value,2017Q1,2016Q4,0.2584615384615384,15,29,6,9,True,True,2,2,True,10,2,0.2,0.011748873761257684,0.2435897435897435,True
d146efe363cef64f,Barcelona,breakfast,2016Q3,2016Q2,0.17647058823529416,7,2,4,9,True,True,2,2,True,10,1,0.1,-0.06731295227057939,0.1678321678321678,True
d146efe363cef64f,Barcelona,location,2017Q1,2016Q4,0.1615384615384614,16,10,6,9,True,True,2,2,True,10,1,0.1,-0.03513790822159568,0.32894736842105265,True
d146efe363cef64f,Barcelona,room,2016Q1,2015Q4,0.4172335600907029,39,8,2,9,True,True,2,2,True,9,1,0.1111111111111111,-0.04664113975837758,0.19999999999999996,True
d146efe363cef64f,Barcelona,service,2016Q4,2016Q3,0.3580901856763925,16,19,5,9,True,True,2,2,True,10,0,0.0,-0.051732806478425174,0.1423728813559324,True
d1a63b1c1b263009,Milan,location,2016Q1,2015Q4,0.20000000000000018,15,10,2,9,True,True,2,2,True,10,0,0.0,-0.1118901808517769,0.05630354957160333,True
d1a63b1c1b263009,Milan,room,2016Q2,2016Q1,0.23111111111111116,8,15,3,9,True,True,2,2,True,10,6,0.6,0.11379720772023909,0.31301068510370833,True
d1a63b1c1b263009,Milan,service,2016Q1,2015Q4,0.16666666666666674,18,8,2,9,True,True,2,2,True,10,2,0.2,-0.017263853643163983,0.5757575757575757,True
d1e5ee62ac8c13dc,Barcelona,breakfast,2016Q2,2016Q1,0.20936170212765948,37,15,3,9,True,True,2,2,True,7,2,0.2857142857142857,-0.009741623348220438,0.25396825396825395,True
d1e5ee62ac8c13dc,Barcelona,breakfast,2017Q1,2016Q4,0.3454790823211875,28,29,6,9,True,True,2,2,True,9,3,0.3333333333333333,0.07429846534481523,0.35,True
d1e5ee62ac8c13dc,Barcelona,cleanliness,2017Q1,2016Q4,0.37083333333333335,22,20,6,9,True,True,2,2,True,9,3,0.3333333333333333,0.06752351878203638,0.19047619047619047,True
d1e5ee62ac8c13dc,Barcelona,location,2016Q4,2016Q3,0.16864295125164697,59,111,5,9,True,True,2,2,True,7,1,0.14285714285714285,-0.04302629556314757,0.2493345164152616,True
d1e5ee62ac8c13dc,Barcelona,noise,2016Q1,2015Q4,0.1717171717171717,12,8,2,9,True,True,2,2,True,7,1,0.14285714285714285,-0.02355200355200355,0.5666666666666665,True
d1e5ee62ac8c13dc,Barcelona,service,2016Q3,2016Q2,0.16752136752136737,107,80,4,9,True,True,2,2,True,7,1,0.14285714285714285,0.04960664538648718,0.2166112956810633,True
d1e5ee62ac8c13dc,Barcelona,value,2016Q2,2016Q1,0.20855614973262038,24,12,3,9,True,True,2,2,True,7,2,0.2857142857142857,0.010951218094075208,0.2678062678062677,True
d2acc90f675e9cc7,Paris,breakfast,2016Q4,2016Q3,0.22910216718266252,9,7,5,9,True,True,2,2,True,10,0,0.0,-0.07979575733685906,0.10526315789473695,True
d2acc90f675e9cc7,Paris,cleanliness,2016Q3,2016Q2,0.5111111111111111,8,5,4,9,True,True,2,2,True,10,2,0.2,-0.00861543202006032,0.33333333333333326,True
d2acc90f675e9cc7,Paris,noise,2016Q2,2016Q1,0.22222222222222232,8,4,3,9,True,True,2,2,True,9,2,0.2222222222222222,0.0019731176593921823,0.16666666666666674,True
d2acc90f675e9cc7,Paris,room,2016Q1,2015Q4,0.3083003952569171,13,12,2,9,True,True,2,2,True,8,4,0.5,0.1498551843852709,0.35164835164835173,True
d2acc90f675e9cc7,Paris,room,2016Q3,2016Q2,0.21307189542483673,24,35,4,9,True,True,2,2,True,10,0,0.0,0.025473530918101218,0.14761904761904776,True
d2acc90f675e9cc7,Paris,value,2017Q1,2016Q4,0.2678571428571429,6,4,6,9,True,True,2,2,True,10,4,0.4,0.02418344813081652,0.19999999999999996,True
d325f0ca87a39fb1,Vienna,breakfast,2017Q1,2016Q4,0.2564102564102564,8,3,6,9,True,True,2,2,True,10,2,0.2,0.016684863971006103,0.33333333333333326,True
d325f0ca87a39fb1,Vienna,cleanliness,2016Q1,2015Q4,0.3090909090909091,10,1,2,9,True,True,2,2,True,10,4,0.4,0.028696557140829592,0.2865497076023391,True
d325f0ca87a39fb1,Vienna,location,2016Q1,2015Q4,0.15594541910331383,17,9,2,9,True,True,2,2,True,10,0,0.0,-0.08264099045147758,0.07427536231884058,True
d325f0ca87a39fb1,Vienna,room,2017Q1,2016Q4,0.25,14,6,6,9,True,True,2,2,True,10,3,0.3,0.016353612827143205,0.3031578947368422,True
d325f0ca87a39fb1,Vienna,service,2016Q2,2016Q1,0.18545454545454532,12,15,3,9,True,True,2,2,True,10,0,0.0,-0.1269382305149668,0.07692307692307687,True
d3af210bdcdd5d54,Paris,room,2017Q1,2016Q4,0.2020202020202021,17,12,6,8,True,True,2,2,True,10,2,0.2,0.03562840679189429,0.20952380952380956,True
d3af210bdcdd5d54,Paris,service,2016Q3,2016Q2,0.20000000000000018,15,10,4,8,True,True,2,2,True,10,4,0.4,0.07205574586600678,0.33333333333333326,True
d3ea9e57baf069a7,London,breakfast,2016Q1,2015Q4,0.45529953917050703,21,25,2,9,True,True,2,2,True,9,4,0.4444444444444444,0.03977541348642774,0.32515991471215355,True
d3ea9e57baf069a7,London,breakfast,2016Q3,2016Q2,0.18059855521155832,47,24,4,9,True,True,2,2,True,9,1,0.1111111111111111,-0.010246758770462217,0.18918918918918926,True
d3ea9e57baf069a7,London,cleanliness,2016Q3,2016Q2,0.32234432234432253,32,16,4,9,True,True,2,2,True,9,0,0.0,-0.032755436979541086,0.11642689862830369,True
d3ea9e57baf069a7,London,location,2016Q1,2015Q4,0.26068376068376065,26,29,2,9,True,True,2,2,True,9,1,0.1111111111111111,0.013747915073444996,0.2477064220183487,True
d3ea9e57baf069a7,London,noise,2016Q1,2015Q4,0.1785714285714286,18,14,2,9,True,True,2,2,True,9,3,0.3333333333333333,0.07770914152087062,0.6651835372636262,True
d3ea9e57baf069a7,London,noise,2016Q3,2016Q2,0.3600000000000001,15,10,4,9,True,True,2,2,True,9,2,0.2222222222222222,-0.014803721170926567,0.4061302681992336,True
d3ea9e57baf069a7,London,service,2016Q3,2016Q2,0.15668628129687323,97,71,4,9,True,True,2,2,True,9,1,0.1111111111111111,-0.015450206080326446,0.2564655172413792,True
d3ea9e57baf069a7,London,value,2016Q3,2016Q2,0.2777777777777778,35,14,4,9,True,True,2,2,True,9,3,0.3333333333333333,0.06347146436794035,0.22307692307692317,True
d417f53df4cafe5b,Milan,breakfast,2016Q2,2016Q1,0.16231884057971024,59,30,3,8,True,True,2,2,True,10,1,0.1,0.059540737803349855,0.4260536398467434,True
d417f53df4cafe5b,Milan,breakfast,2016Q3,2016Q2,0.15768115942028982,65,59,4,8,True,True,2,2,True,10,2,0.2,-0.02471858176762488,0.36476426799007444,True
d417f53df4cafe5b,Milan,cleanliness,2017Q1,2016Q4,0.19590643274853803,26,28,6,8,True,True,2,2,True,10,1,0.1,0.02368313678658507,0.41666666666666674,True
d417f53df4cafe5b,Milan,noise,2016Q2,2016Q1,0.22742474916387967,13,3,3,8,True,True,2,2,True,10,2,0.2,0.009778903586953136,0.18181818181818177,True
d417f53df4cafe5b,Milan,noise,2016Q4,2016Q3,0.17647058823529416,7,10,5,8,True,True,2,2,True,10,1,0.1,0.02357022062904418,0.28959276018099556,True
d417f53df4cafe5b,Milan,service,2016Q2,2016Q1,0.2377347911410148,77,31,3,8,True,True,2,2,True,10,3,0.3,0.1232010932537014,0.5666666666666667,True
d417f53df4cafe5b,Milan,value,2016Q3,2016Q2,0.19999999999999996,12,15,4,8,True,True,2,2,True,10,0,0.0,-0.04226893849184869,0.015037593984962405,True
d417f53df4cafe5b,Milan,value,2017Q1,2016Q4,0.20434782608695656,10,13,6,8,True,True,2,2,True,10,1,0.1,0.011606187929717349,0.375,True
d444a53975c6185c,Amsterdam,breakfast,2016Q3,2016Q2,0.21176470588235308,7,10,4,9,True,True,2,2,True,10,6,0.6,0.19565914637489484,0.3571428571428572,True
d444a53975c6185c,Amsterdam,cleanliness,2017Q1,2016Q4,0.21553884711779436,9,11,6,9,True,True,2,2,True,10,0,0.0,-0.13238430080610855,0.056690837178641984,True
d444a53975c6185c,Amsterdam,location,2016Q2,2016Q1,0.20105820105820094,17,25,3,9,True,True,2,2,True,10,2,0.2,-0.04685863393321845,0.32269503546099276,True
d444a53975c6185c,Amsterdam,noise,2016Q2,2016Q1,0.3697478991596639,7,11,3,9,True,True,2,2,True,10,2,0.2,0.006540773783957632,0.1741176470588235,True
d49b3d6ce03462f4,Paris,location,2017Q1,2016Q4,0.19047619047619047,11,11,6,9,True,True,2,2,True,10,0,0.0,-0.0627651937434546,0.029239766081871288,True
d49b3d6ce03462f4,Paris,room,2016Q3,2016Q2,0.16475972540045758,9,13,4,9,True,True,2,2,True,10,1,0.1,0.0033656852936029048,0.30833333333333335,True
d49b3d6ce03462f4,Paris,service,2016Q1,2015Q4,0.39572192513368987,12,7,2,9,True,True,2,2,True,10,1,0.1,-0.023987742757591923,0.2016806722689075,True
d54eae433ecd2ac4,Barcelona,breakfast,2016Q3,2016Q2,0.2255639097744362,9,4,4,9,True,True,2,2,True,9,1,0.1111111111111111,-0.030819909173882318,0.1964912280701755,True
d54eae433ecd2ac4,Barcelona,cleanliness,2016Q3,2016Q2,0.45192307692307687,6,3,4,9,True,True,2,2,True,9,2,0.2222222222222222,-0.019922367233580082,0.27826086956521734,True
d54eae433ecd2ac4,Barcelona,cleanliness,2017Q1,2016Q4,0.23333333333333317,10,2,6,9,True,True,2,2,True,10,1,0.1,-0.010916860916860916,0.20952380952380945,True
d54eae433ecd2ac4,Barcelona,location,2016Q2,2016Q1,0.33333333333333326,11,4,3,9,True,True,2,2,True,8,4,0.5,0.056996193041589455,0.28671328671328666,True
d54eae433ecd2ac4,Barcelona,room,2016Q1,2015Q4,0.38502673796791453,7,1,2,9,True,True,2,2,True,8,2,0.25,0.0028317904575644315,0.2777777777777777,True
d54eae433ecd2ac4,Barcelona,room,2016Q4,2016Q3,0.16666666666666674,11,18,5,9,True,True,2,2,True,9,1,0.1111111111111111,0.017670437386389983,0.3018181818181819,True
d54eae433ecd2ac4,Barcelona,service,2016Q2,2016Q1,0.20833333333333326,8,6,3,9,True,True,2,2,True,8,3,0.375,0.0004961949814890898,0.3146853146853146,True
d54eae433ecd2ac4,Barcelona,value,2017Q1,2016Q4,0.1575757575757576,5,1,6,9,True,True,2,2,True,10,0,0.0,-0.025087412587412605,0.09090909090909083,True
d555c0f03fa3cc5b,London,breakfast,2016Q3,2016Q2,0.3529411764705883,7,7,4,9,True,True,2,2,True,10,2,0.2,-0.06774761982775965,0.25263157894736843,True
d555c0f03fa3cc5b,London,breakfast,2017Q1,2016Q4,0.21176470588235308,7,5,6,9,True,True,2,2,True,10,4,0.4,0.05179915421341537,0.4,True
d555c0f03fa3cc5b,London,room,2016Q2,2016Q1,0.1924999999999999,22,15,3,9,True,True,2,2,True,10,2,0.2,0.04041679427753865,0.2571428571428571,True
d555c0f03fa3cc5b,London,service,2017Q1,2016Q4,0.3232323232323231,12,8,6,9,True,True,2,2,True,10,2,0.2,0.0044787123466010995,0.2501291989664083,True
d555f5734a7cbf0d,Amsterdam,breakfast,2016Q3,2016Q2,0.6578947368421053,14,9,4,9,True,True,2,2,True,10,2,0.2,0.011322496595007402,0.24653922214897817,True
d555f5734a7cbf0d,Amsterdam,cleanliness,2016Q2,2016Q1,0.37777777777777777,8,5,3,9,True,True,2,2,True,10,4,0.4,0.07686896550116643,0.24291497975708487,True
d555f5734a7cbf0d,Amsterdam,location,2016Q2,2016Q1,0.4173913043478261,13,10,3,9,True,True,2,2,True,10,1,0.1,-0.028786580549150963,0.24825783972125426,True
d555f5734a7cbf0d,Amsterdam,noise,2016Q2,2016Q1,0.22222222222222232,8,0,3,9,True,True,2,2,True,10,3,0.3,0.099334393676499,0.2857142857142858,True
d555f5734a7cbf0d,Amsterdam,noise,2017Q1,2016Q4,0.1575757575757576,5,1,6,9,True,True,2,2,True,10,0,0.0,-0.0748395902343271,0.10000000000000009,True
d555f5734a7cbf0d,Amsterdam,room,2016Q2,2016Q1,0.2513904338153503,21,19,3,9,True,True,2,2,True,10,3,0.3,0.06224107029847736,0.22285443338074917,True
d555f5734a7cbf0d,Amsterdam,service,2016Q2,2016Q1,0.18623481781376516,9,16,3,9,True,True,2,2,True,10,3,0.3,0.07333380039581663,0.3844476744186047,True
d555f5734a7cbf0d,Amsterdam,value,2016Q4,2016Q3,0.2666666666666667,5,5,5,9,True,True,2,2,True,10,4,0.4,0.12187635579694915,0.4272445820433437,True
d57f5b9cb3a98650,Amsterdam,breakfast,2017Q1,2016Q4,0.33436532507739947,9,7,6,9,True,True,2,2,True,10,1,0.1,-0.03348275174493237,0.30117647058823527,True
d57f5b9cb3a98650,Amsterdam,cleanliness,2016Q1,2015Q4,0.32198142414860675,9,7,2,9,True,True,2,2,True,10,1,0.1,-0.035570117559033054,0.1973587674247983,True
d57f5b9cb3a98650,Amsterdam,cleanliness,2017Q1,2016Q4,0.37681159420289845,11,13,6,9,True,True,2,2,True,10,2,0.2,0.04743138119834146,0.5555555555555555,True
d57f5b9cb3a98650,Amsterdam,room,2016Q1,2015Q4,0.21889400921658986,21,18,2,9,True,True,2,2,True,10,3,0.3,0.0765154135524089,0.320754716981132,True
d57f5b9cb3a98650,Amsterdam,value,2016Q3,2016Q2,0.18181818181818188,23,17,4,9,True,True,2,2,True,10,2,0.2,0.03596993305797776,0.30175438596491233,True
d57f5b9cb3a98650,Amsterdam,value,2017Q1,2016Q4,0.4736842105263158,6,9,6,9,True,True,2,2,True,10,3,0.3,0.033672865344419586,0.5506072874493927,True
d5c381b1cf1a037e,London,location,2017Q1,2016Q4,0.1568627450980391,11,7,6,9,True,True,2,2,True,9,1,0.1111111111111111,-0.0311434427199221,0.2450980392156863,True
d5c381b1cf1a037e,London,room,2017Q1,2016Q4,0.2592592592592593,17,10,6,9,True,True,2,2,True,9,2,0.2222222222222222,0.06235220469311783,0.21304347826086967,True
d5c381b1cf1a037e,London,value,2016Q1,2015Q4,0.1575757575757576,5,1,2,9,True,True,2,2,True,8,1,0.125,0.025859964553849965,0.3326315789473685,True
d630d1520e0ce09e,Paris,location,2016Q3,2016Q2,0.21719457013574672,7,3,4,9,True,True,2,2,True,7,0,0.0,-0.024240521383378573,0.11904761904761907,True
d630d1520e0ce09e,Paris,location,2017Q1,2016Q4,0.15909090909090917,6,1,6,9,True,True,2,2,True,5,0,0.0,-0.10726037247776384,0.07580824972129308,True
d630d1520e0ce09e,Paris,room,2016Q4,2016Q3,0.3298245614035088,5,9,5,9,True,True,2,2,True,7,3,0.42857142857142855,0.0705197331048724,0.29166666666666674,True
d630d1520e0ce09e,Paris,service,2016Q3,2016Q2,0.33333333333333326,11,4,4,9,True,True,2,2,True,7,1,0.14285714285714285,0.04933687609879368,0.16666666666666652,True
d644539a7b90d4b6,Vienna,breakfast,2016Q1,2015Q4,0.2991913746630728,43,32,2,9,True,True,2,2,True,8,1,0.125,-0.07440177319240786,0.21052631578947367,True
d644539a7b90d4b6,Vienna,breakfast,2016Q4,2016Q3,0.23589743589743595,29,30,5,9,True,True,2,2,True,9,1,0.1111111111111111,0.0014571063493345163,0.2909090909090909,True
d644539a7b90d4b6,Vienna,cleanliness,2016Q1,2015Q4,0.24444444444444424,35,26,2,9,True,True,2,2,True,8,1,0.125,0.06927093456910943,0.36866359447004604,True
d644539a7b90d4b6,Vienna,cleanliness,2017Q1,2016Q4,0.19674796747967482,31,20,6,9,True,True,2,2,True,9,2,0.2222222222222222,-0.08553390956271562,0.26,True
d644539a7b90d4b6,Vienna,location,2016Q3,2016Q2,0.20150862068965525,54,48,4,9,True,True,2,2,True,9,3,0.3333333333333333,0.10797523029770002,0.3090909090909091,True
d644539a7b90d4b6,Vienna,noise,2017Q1,2016Q4,0.21052631578947378,9,9,6,9,True,True,2,2,True,9,1,0.1111111111111111,0.0041181041181041055,0.16666666666666663,True
d644539a7b90d4b6,Vienna,room,2016Q3,2016Q2,0.23756708407871197,76,55,4,9,True,True,2,2,True,9,4,0.4444444444444444,0.02133156278810755,0.2304761904761905,True
d644539a7b90d4b6,Vienna,room,2017Q1,2016Q4,0.20943762120232723,81,58,6,9,True,True,2,2,True,9,3,0.3333333333333333,0.005331250719959151,0.24444444444444446,True
d644539a7b90d4b6,Vienna,service,2017Q1,2016Q4,0.20150273224043724,51,38,6,9,True,True,2,2,True,9,1,0.1111111111111111,-0.007602757293159821,0.2142857142857142,True
d644539a7b90d4b6,Vienna,value,2016Q3,2016Q2,0.26322580645161286,21,15,4,9,True,True,2,2,True,9,4,0.4444444444444444,0.10963075876868979,0.33333333333333326,True
d65ec5fdbfe14bbb,London,breakfast,2016Q3,2016Q2,0.34018264840182644,63,50,4,9,True,True,2,2,True,10,1,0.1,0.04640796223783543,0.16025641025641024,True
d65ec5fdbfe14bbb,London,cleanliness,2017Q1,2016Q4,0.18599791013584122,48,23,6,9,True,True,2,2,True,10,2,0.2,0.07748136732765905,0.4758454106280192,True
d65ec5fdbfe14bbb,London,noise,2016Q2,2016Q1,0.38,15,18,3,9,True,True,2,2,True,10,4,0.4,0.05800472952966351,0.3928571428571428,True
d65ec5fdbfe14bbb,London,service,2016Q3,2016Q2,0.28496124031007763,76,65,4,9,True,True,2,2,True,10,0,0.0,-0.0383364345608153,0.1288537549407116,True
d65ec5fdbfe14bbb,London,value,2016Q2,2016Q1,0.339527027027027,22,27,3,9,True,True,2,2,True,10,3,0.3,0.028376948781592415,0.30263157894736836,True
d65ec5fdbfe14bbb,London,value,2017Q1,2016Q4,0.2941176470588235,34,24,6,9,True,True,2,2,True,10,7,0.7,0.23753471170967694,0.40882694541231124,True
d6a9d6e8310916a3,Paris,location,2016Q1,2015Q4,0.2777777777777777,8,2,2,9,True,True,2,2,True,7,2,0.2857142857142857,0.041124289244589995,0.27368421052631575,True
d6a9d6e8310916a3,Paris,location,2017Q1,2016Q4,0.20833333333333326,6,2,6,9,True,True,2,2,True,9,2,0.2222222222222222,0.0031742971550273846,0.16666666666666674,True
d6a9d6e8310916a3,Paris,service,2016Q1,2015Q4,0.20175438596491224,9,2,2,9,True,True,2,2,True,7,1,0.14285714285714285,0.046293631929026295,0.3194444444444444,True
d6d3518edd56b52f,London,breakfast,2016Q2,2016Q1,0.5451505016722407,16,13,3,9,True,True,2,2,True,10,1,0.1,-0.027217069202330857,0.20192307692307687,True
d6d3518edd56b52f,London,breakfast,2016Q4,2016Q3,0.3369175627240144,21,8,5,9,True,True,2,2,True,10,1,0.1,-0.10833399807732205,0.17481481481481476,True
d6d3518edd56b52f,London,cleanliness,2016Q2,2016Q1,0.392156862745098,5,7,3,9,True,True,2,2,True,10,3,0.3,0.007286052942301169,0.3236363636363635,True
d6d3518edd56b52f,London,location,2016Q4,2016Q3,0.21666666666666679,30,29,5,9,True,True,2,2,True,10,2,0.2,0.032184987530745966,0.2374193548387098,True
d6d3518edd56b52f,London,noise,2016Q2,2016Q1,0.22222222222222232,8,8,3,9,True,True,2,2,True,10,3,0.3,0.10059201391480296,0.3076923076923077,True
d6d3518edd56b52f,London,noise,2017Q1,2016Q4,0.20833333333333326,5,6,6,9,True,True,2,2,True,10,0,0.0,-0.06165835918467497,0.1333333333333333,True
d6d3518edd56b52f,London,service,2016Q2,2016Q1,0.22634049913516185,47,61,3,9,True,True,2,2,True,10,1,0.1,0.01736857931482274,0.21118012422360244,True
d6d3518edd56b52f,London,value,2016Q3,2016Q2,0.20000000000000007,10,10,4,9,True,True,2,2,True,10,4,0.4,0.09885837911152845,0.33333333333333326,True
d6e5cc3db0e9b8ab,London,location,2016Q2,2016Q1,0.20647773279352222,28,16,3,9,True,True,2,2,True,10,1,0.1,0.014554601493342067,0.25,True
d6e5cc3db0e9b8ab,London,location,2016Q4,2016Q3,0.2592592592592593,18,17,5,9,True,True,2,2,True,10,1,0.1,-0.02571149574596876,0.27826086956521734,True
d6e5cc3db0e9b8ab,London,value,2016Q2,2016Q1,0.2142857142857143,11,14,3,9,True,True,2,2,True,10,2,0.2,0.05501791466187754,0.4545454545454546,True
d6e9ca534f75f7a3,Barcelona,cleanliness,2017Q1,2016Q4,0.22222222222222232,8,2,6,5,True,True,2,2,True,10,2,0.2,0.037263523123800435,0.4999999999999999,True
d6e9ca534f75f7a3,Barcelona,room,2017Q1,2016Q4,0.3068181818181819,12,6,6,5,True,True,2,2,True,10,1,0.1,0.0013104120858111966,0.3111111111111111,True
d6e9ca534f75f7a3,Barcelona,service,2017Q1,2016Q4,0.16117216117216127,11,3,6,5,True,True,2,2,True,10,3,0.3,0.04360487667115211,0.43939393939393934,True
d6f047a12be34044,London,location,2016Q2,2016Q1,0.1967963386727689,13,9,3,9,True,True,2,2,True,9,1,0.1111111111111111,-0.04727913739733696,0.3123732251521296,True
d6f047a12be34044,London,room,2016Q3,2016Q2,0.1578947368421053,38,28,4,9,True,True,2,2,True,10,2,0.2,-0.03389916780713216,0.22580645161290325,True
d6f047a12be34044,London,room,2017Q1,2016Q4,0.17669172932330823,18,28,6,9,True,True,2,2,True,10,2,0.2,0.0721372435301458,0.3620218579234974,True
d6f047a12be34044,London,service,2016Q1,2015Q4,0.2991452991452992,8,16,2,9,True,True,2,2,True,9,2,0.2222222222222222,0.06067858550092282,0.35352071863228063,True
d6f047a12be34044,London,value,2017Q1,2016Q4,0.16666666666666663,6,2,6,9,True,True,2,2,True,10,2,0.2,0.05926096343743401,0.45333333333333337,True
d71f8eef92407a50,Paris,cleanliness,2016Q1,2015Q4,0.19999999999999996,5,2,2,9,True,True,2,2,True,8,2,0.25,0.004757130124777215,0.2090909090909091,True
d71f8eef92407a50,Paris,location,2016Q3,2016Q2,0.20175438596491224,9,2,4,9,True,True,2,2,True,8,0,0.0,-0.01870568481979193,0.08222811671087515,True
d71f8eef92407a50,Paris,room,2016Q4,2016Q3,0.33436532507739947,7,9,5,9,True,True,2,2,True,10,1,0.1,-0.0409854425281395,0.1568627450980391,True
d73aba809b16e55c,Paris,cleanliness,2016Q4,2016Q3,0.17647058823529416,7,4,5,9,True,True,2,2,True,9,2,0.2222222222222222,0.017663436781083827,0.23076923076923084,True
d73aba809b16e55c,Paris,location,2016Q4,2016Q3,0.22463768115942018,13,2,5,9,True,True,2,2,True,9,0,0.0,-0.10379801536529672,0.023809523809523947,True
d73aba809b16e55c,Paris,service,2016Q4,2016Q3,0.16000000000000014,15,5,5,9,True,True,2,2,True,9,0,0.0,-0.040663312276659286,0.13684210526315788,True
d7780444652ad227,Milan,breakfast,2016Q3,2016Q2,0.3921568627450981,41,41,4,7,True,True,2,2,True,10,1,0.1,-0.017643731340204326,0.16666666666666663,True
d7780444652ad227,Milan,breakfast,2017Q1,2016Q4,0.1705426356589146,11,33,6,7,True,True,2,2,True,10,0,0.0,-0.05868710323044692,0.09090909090909094,True
d7780444652ad227,Milan,noise,2016Q3,2016Q2,0.16993464052287588,7,8,4,7,True,True,2,2,True,10,0,0.0,-0.06926602808955748,0.03361344537815136,True
d7d6b8f4a475ee60,Milan,cleanliness,2016Q2,2016Q1,0.24696356275303644,28,16,3,9,True,True,2,2,True,10,3,0.3,0.10346036316624552,0.37142857142857144,True
d7d6b8f4a475ee60,Milan,noise,2016Q3,2016Q2,0.2748538011695908,8,9,4,9,True,True,2,2,True,10,1,0.1,-0.03439761992393573,0.18181818181818166,True
d7d6b8f4a475ee60,Milan,room,2016Q2,2016Q1,0.26114045780847883,97,59,3,9,True,True,2,2,True,10,1,0.1,0.02226312869312701,0.43853820598006643,True
d7d6b8f4a475ee60,Milan,value,2016Q3,2016Q2,0.15151515151515138,11,12,4,9,True,True,2,2,True,10,1,0.1,-0.011038627026468939,0.17647058823529416,True
d8386c9839f5ebfa,London,breakfast,2016Q1,2015Q4,0.19715447154471544,31,14,2,9,True,True,2,2,True,8,2,0.25,-0.00955237572884636,0.22549019607843135,True
d8386c9839f5ebfa,London,breakfast,2016Q4,2016Q3,0.2955738934733684,21,33,5,9,True,True,2,2,True,8,1,0.125,-0.029833227201648244,0.20606060606060606,True
d8386c9839f5ebfa,London,cleanliness,2016Q3,2016Q2,0.2606516290726817,32,28,4,9,True,True,2,2,True,8,1,0.125,-0.03637558533440777,0.19927536231884058,True
d8386c9839f5ebfa,London,noise,2016Q1,2015Q4,0.3913043478260869,13,12,2,9,True,True,2,2,True,8,4,0.5,0.06881670771756981,0.33333333333333337,True
d8386c9839f5ebfa,London,service,2017Q1,2016Q4,0.18520084566596196,76,45,6,9,True,True,2,2,True,9,2,0.2222222222222222,0.0013896472348435829,0.25,True
d880749e2da29565,Amsterdam,location,2016Q4,2016Q3,0.20740305522914237,64,82,5,9,True,True,2,2,True,10,0,0.0,-0.0657740083917971,0.05602240896358546,True
d880749e2da29565,Amsterdam,noise,2016Q2,2016Q1,0.1741176470588235,15,7,3,9,True,True,2,2,True,10,2,0.2,0.026103798994041673,0.3697478991596639,True
d880749e2da29565,Amsterdam,room,2017Q1,2016Q4,0.1977193478465743,121,71,6,9,True,True,2,2,True,10,0,0.0,-0.040194666884561095,0.10588235294117654,True
d880749e2da29565,Amsterdam,service,2017Q1,2016Q4,0.36146540027137053,57,45,6,9,True,True,2,2,True,10,2,0.2,-0.029476986890599587,0.1662433618102055,True
d880749e2da29565,Amsterdam,value,2016Q1,2015Q4,0.4285714285714286,10,11,2,9,True,True,2,2,True,9,2,0.2222222222222222,0.03191604064006526,0.33333333333333337,True
d880749e2da29565,Amsterdam,value,2016Q4,2016Q3,0.39564428312159705,9,19,5,9,True,True,2,2,True,10,2,0.2,0.08584038401685459,0.3571428571428571,True
d8c4702ad03464df,Paris,location,2016Q2,2016Q1,0.1512605042016808,7,4,3,9,True,True,2,2,True,7,2,0.2857142857142857,0.010493116714314901,0.19354838709677402,True
d8c4702ad03464df,Paris,room,2017Q1,2016Q4,0.23448275862068957,10,19,6,9,True,True,2,2,True,8,1,0.125,-0.07759033351705763,0.17261904761904767,True
d8c4702ad03464df,Paris,service,2016Q3,2016Q2,0.20454545454545459,12,6,4,9,True,True,2,2,True,9,4,0.4444444444444444,0.07087218337218337,0.2909090909090909,True
d8c4702ad03464df,Paris,service,2017Q1,2016Q4,0.2236842105263157,9,6,6,9,True,True,2,2,True,8,1,0.125,0.07956812716681139,0.4191176470588236,True
d8e03b3926310ca9,Paris,breakfast,2016Q4,2016Q3,0.32499999999999996,5,6,5,9,True,True,2,2,True,10,2,0.2,0.05652930402930402,0.4807692307692307,True
d8e03b3926310ca9,Paris,location,2016Q2,2016Q1,0.20833333333333326,6,2,3,9,True,True,2,2,True,9,1,0.1111111111111111,0.026319575451356374,0.19480519480519498,True
d8e03b3926310ca9,Paris,noise,2016Q3,2016Q2,0.4999999999999999,5,2,4,9,True,True,2,2,True,10,3,0.3,0.03517871017871014,0.23076923076923084,True
d8e03b3926310ca9,Paris,room,2016Q4,2016Q3,0.16666666666666674,14,14,5,9,True,True,2,2,True,10,0,0.0,-0.10495139461804537,0.09586056644880181,True
d8e03b3926310ca9,Paris,service,2016Q3,2016Q2,0.27368421052631575,9,5,4,9,True,True,2,2,True,10,4,0.4,0.04917151709168514,0.3701298701298701,True
d8f99f97b211924b,London,location,2016Q1,2015Q4,0.17151813703537844,67,48,2,9,True,True,2,2,True,10,0,0.0,0.022441507866610543,0.12962210483543268,True
d91675d710b9a797,London,room,2016Q2,2016Q1,0.2588235294117647,7,5,3,8,True,True,2,2,True,9,5,0.5555555555555556,0.13445142592272405,0.44534412955465585,True
d91675d710b9a797,London,service,2016Q4,2016Q3,0.1568627450980391,8,7,5,8,True,True,2,2,True,10,0,0.0,-0.011545267669992743,0.1445221445221445,True
d92de14a976691b5,Paris,breakfast,2016Q2,2016Q1,0.19047619047619047,8,4,3,9,True,True,2,2,True,8,0,0.0,-0.05510752688172042,0.09090909090909083,True
d92de14a976691b5,Paris,breakfast,2017Q1,2016Q4,0.16666666666666663,5,10,6,9,True,True,2,2,True,7,1,0.14285714285714285,-0.014817871960729114,0.4617760617760618,True
d92de14a976691b5,Paris,location,2017Q1,2016Q4,0.2649572649572649,16,17,6,9,True,True,2,2,True,7,0,0.0,-0.09537405243580853,0.04024044080814826,True
d92de14a976691b5,Paris,room,2016Q2,2016Q1,0.1507024265644954,17,19,3,9,True,True,2,2,True,8,1,0.125,-0.07781969932071353,0.1777777777777778,True
d92de14a976691b5,Paris,service,2016Q2,2016Q1,0.174825174825175,16,12,3,9,True,True,2,2,True,8,3,0.375,0.12147948421713559,0.47430830039525707,True
d92de14a976691b5,Paris,value,2016Q4,2016Q3,0.3400809716599189,9,3,5,9,True,True,2,2,True,8,0,0.0,0.01905869324473973,0.09999999999999998,True
d92e04cba9a3e5bf,Barcelona,location,2016Q3,2016Q2,0.19999999999999996,5,2,4,9,True,True,2,2,True,10,2,0.2,0.005540802408927093,0.35164835164835173,True
d937c28a384b3c9e,Amsterdam,breakfast,2016Q3,2016Q2,0.3007518796992482,9,11,4,8,True,True,2,2,True,9,2,0.2222222222222222,-0.04783170343326172,0.28622950819672144,True
d937c28a384b3c9e,Amsterdam,location,2016Q2,2016Q1,0.19047619047619047,65,53,3,8,True,True,2,2,True,9,3,0.3333333333333333,0.04099440144810909,0.24777327935222682,True
d937c28a384b3c9e,Amsterdam,location,2017Q1,2016Q4,0.16287600880410857,19,37,6,8,True,True,2,2,True,10,1,0.1,-0.05636639829840685,0.16296296296296298,True
d937c28a384b3c9e,Amsterdam,noise,2016Q2,2016Q1,0.3999999999999999,8,5,3,8,True,True,2,2,True,9,1,0.1111111111111111,0.025688730805689883,0.375,True
d937c28a384b3c9e,Amsterdam,value,2016Q3,2016Q2,0.26767676767676774,23,26,4,8,True,True,2,2,True,9,3,0.3333333333333333,0.10940395806714726,0.4226579520697168,True
d950b26dc096e2bc,London,breakfast,2016Q2,2016Q1,0.2097902097902098,34,16,3,9,True,True,2,2,True,10,5,0.5,0.10306453971397582,0.3153988868274583,True
d950b26dc096e2bc,London,breakfast,2017Q1,2016Q4,0.19891891891891889,15,27,6,9,True,True,2,2,True,10,5,0.5,0.11364119815043638,0.6801346801346801,True
d950b26dc096e2bc,London,cleanliness,2016Q2,2016Q1,0.16666666666666674,22,14,3,9,True,True,2,2,True,10,2,0.2,0.03177449657325819,0.588235294117647,True
d950b26dc096e2bc,London,room,2016Q1,2015Q4,0.17535853976531945,49,42,2,9,True,True,2,2,True,10,3,0.3,0.011691068358737877,0.28071790151863774,True
d950b26dc096e2bc,London,room,2016Q4,2016Q3,0.15718349928876252,64,66,5,9,True,True,2,2,True,10,2,0.2,0.030844844379767457,0.24363636363636365,True
d950b26dc096e2bc,London,service,2016Q2,2016Q1,0.2864848666466888,61,37,3,9,True,True,2,2,True,10,2,0.2,0.06447210913478103,0.3376623376623378,True
d950b26dc096e2bc,London,value,2016Q1,2015Q4,0.48538011695906447,8,9,2,9,True,True,2,2,True,10,2,0.2,-0.025582234598728625,0.30952380952380965,True
d950b26dc096e2bc,London,value,2016Q3,2016Q2,0.3511705685618729,13,16,4,9,True,True,2,2,True,10,2,0.2,-0.052499521349793556,0.2429149797570851,True
d95a8577be0b7d1a,Barcelona,room,2016Q2,2016Q1,0.19384615384615378,16,15,3,9,True,True,2,2,True,10,2,0.2,-0.0004699990208534732,0.2732558139534884,True
d9cd0ce692f260f1,London,breakfast,2016Q1,2015Q4,0.29807692307692313,42,70,2,9,True,True,2,2,True,9,3,0.3333333333333333,-0.020293641155236908,0.32285791028740274,True
d9cd0ce692f260f1,London,location,2016Q4,2016Q3,0.20420420420420426,64,44,5,9,True,True,2,2,True,9,2,0.2222222222222222,0.03346032535739897,0.26086956521739135,True
d9cd0ce692f260f1,London,value,2016Q1,2015Q4,0.24532019704433505,25,48,2,9,True,True,2,2,True,9,1,0.1111111111111111,-0.048884215889292676,0.39420289855072466,True
d9cd0ce692f260f1,London,value,2016Q3,2016Q2,0.3504273504273505,26,29,4,9,True,True,2,2,True,9,2,0.2222222222222222,0.022398590136586096,0.4825396825396826,True
d9cd0ce692f260f1,London,value,2017Q1,2016Q4,0.3048387096774192,21,30,6,9,True,True,2,2,True,9,2,0.2222222222222222,0.024455606188144328,0.222309814741821,True
d9e9c0a7d5423c35,London,breakfast,2016Q4,2016Q3,0.19762845849802368,56,59,5,9,True,True,2,2,True,9,4,0.4444444444444444,0.04461705170852946,0.4530075187969924,True
d9e9c0a7d5423c35,London,cleanliness,2016Q1,2015Q4,0.4940577249575553,28,21,2,9,True,True,2,2,True,8,2,0.25,0.01574718938722003,0.21491228070175428,True
d9e9c0a7d5423c35,London,cleanliness,2016Q3,2016Q2,0.16899224806201563,33,20,4,9,True,True,2,2,True,8,1,0.125,-0.08446755832577937,0.1512605042016808,True
d9e9c0a7d5423c35,London,cleanliness,2016Q4,2016Q3,0.29767441860465116,25,33,5,9,True,True,2,2,True,9,1,0.1111111111111111,-0.03206611430080021,0.18181818181818166,True
d9e9c0a7d5423c35,London,noise,2016Q3,2016Q2,0.18925831202046028,13,7,4,9,True,True,2,2,True,8,2,0.25,-0.0454469373219373,0.36263736263736257,True
d9e9c0a7d5423c35,London,room,2016Q1,2015Q4,0.22462333189840733,192,105,2,9,True,True,2,2,True,8,0,0.0,0.021835649280724484,0.10453986652616787,True
d9e9c0a7d5423c35,London,service,2016Q1,2015Q4,0.2520325203252034,154,68,2,9,True,True,2,2,True,8,2,0.25,0.08985909370361078,0.3106741573033709,True
d9e9c0a7d5423c35,London,value,2016Q1,2015Q4,0.20452985586822237,37,21,2,9,True,True,2,2,True,8,0,0.0,-0.11061576814201393,0.14761904761904754,True
d9fb4313821bce59,Milan,breakfast,2016Q4,2016Q3,0.2727272727272727,12,12,5,9,True,True,2,2,True,10,3,0.3,-0.005769246701009434,0.48076923076923084,True
d9fb4313821bce59,Milan,location,2016Q1,2015Q4,0.19649122807017538,9,5,2,9,True,True,2,2,True,10,3,0.3,0.05416057538429324,0.375,True
d9fb4313821bce59,Milan,location,2016Q2,2016Q1,0.16541353383458657,11,9,3,9,True,True,2,2,True,10,1,0.1,-0.04113740339766718,0.2222222222222221,True
d9fb4313821bce59,Milan,room,2016Q1,2015Q4,0.19999999999999996,20,5,2,9,True,True,2,2,True,10,3,0.3,-0.012206100146419074,0.18181818181818188,True
d9fb4313821bce59,Milan,room,2016Q4,2016Q3,0.3678160919540229,17,19,5,9,True,True,2,2,True,10,0,0.0,-0.1385974793244571,0.038277511961722466,True
d9fb4313821bce59,Milan,service,2016Q1,2015Q4,0.2129032258064516,21,10,2,9,True,True,2,2,True,10,1,0.1,-0.020173158827257363,0.24919441460794833,True
da4a0e5f16ee9978,Barcelona,service,2016Q2,2016Q1,0.2564102564102564,5,3,3,9,True,True,2,2,True,10,1,0.1,0.04424625747142219,0.23333333333333317,True
dab9923627456d05,Vienna,cleanliness,2017Q1,2016Q4,0.2222222222222222,6,8,6,9,True,True,2,2,True,10,3,0.3,0.02396408773868729,0.3216783216783218,True
dab9923627456d05,Vienna,room,2016Q1,2015Q4,0.2155555555555556,26,40,2,9,True,True,2,2,True,10,1,0.1,0.03161256461259669,0.4285714285714287,True
dab9923627456d05,Vienna,room,2017Q1,2016Q4,0.17391304347826086,28,36,6,9,True,True,2,2,True,10,4,0.4,0.08045534975177016,0.3031578947368422,True
dab9923627456d05,Vienna,service,2016Q3,2016Q2,0.25,10,14,4,9,True,True,2,2,True,10,4,0.4,0.08910468241035603,0.29333333333333345,True
dae58de62c4617ca,Barcelona,breakfast,2016Q1,2015Q4,0.3034482758620689,19,15,2,9,True,True,2,2,True,10,1,0.1,-0.028582711234414016,0.18181818181818188,True
dae58de62c4617ca,Barcelona,breakfast,2016Q2,2016Q1,0.15581098339719035,44,19,3,9,True,True,2,2,True,10,3,0.3,0.04829818027837668,0.48571428571428565,True
dae58de62c4617ca,Barcelona,noise,2016Q2,2016Q1,0.21739130434782616,13,4,3,9,True,True,2,2,True,10,2,0.2,0.06442381148263503,0.22689075630252098,True
dae58de62c4617ca,Barcelona,noise,2017Q1,2016Q4,0.22456140350877196,5,9,6,9,True,True,2,2,True,10,3,0.3,0.030864037922861454,0.33333333333333337,True
dae58de62c4617ca,Barcelona,room,2017Q1,2016Q4,0.1961147086031454,59,84,6,9,True,True,2,2,True,10,1,0.1,0.026891633569807737,0.3128342245989306,True
dae58de62c4617ca,Barcelona,service,2016Q4,2016Q3,0.28948587308939344,58,117,5,9,True,True,2,2,True,10,2,0.2,0.01644692950820139,0.27932136710105726,True
dae58de62c4617ca,Barcelona,value,2016Q1,2015Q4,0.32380952380952377,11,20,2,9,True,True,2,2,True,10,1,0.1,-0.015174270174270154,0.19999999999999996,True
db1c74e64a6362fa,London,cleanliness,2016Q2,2016Q1,0.15151515151515138,8,12,3,9,True,True,2,2,True,6,1,0.16666666666666666,0.0013639872906160422,0.2857142857142858,True
db1c74e64a6362fa,London,location,2016Q3,2016Q2,0.2235897435897436,29,15,4,9,True,True,2,2,True,6,1,0.16666666666666666,0.04127424528612963,0.16666666666666652,True
db1c74e64a6362fa,London,noise,2016Q2,2016Q1,0.24827586206896557,10,19,3,9,True,True,2,2,True,6,0,0.0,-0.05588506838506837,0.072972972972973,True
db1c74e64a6362fa,London,noise,2016Q4,2016Q3,0.416267942583732,9,12,5,9,True,True,2,2,True,7,2,0.2857142857142857,0.01886296083128244,0.21994884910485935,True
db1c74e64a6362fa,London,room,2016Q2,2016Q1,0.20031439479002922,63,112,3,9,True,True,2,2,True,6,1,0.16666666666666666,0.06673865480142442,0.23251231527093608,True
db1c74e64a6362fa,London,value,2016Q4,2016Q3,0.1568627450980392,7,14,5,9,True,True,2,2,True,7,1,0.14285714285714285,-0.0387489087072732,0.2769230769230768,True
db4911bdd98621bc,London,breakfast,2016Q2,2016Q1,0.2588811759902001,69,114,3,9,True,True,2,2,True,10,1,0.1,-0.019938924279710467,0.1678321678321678,True
db4911bdd98621bc,London,breakfast,2017Q1,2016Q4,0.2504697689841937,99,73,6,9,True,True,2,2,True,10,0,0.0,-0.08757239675900559,0.10457264132741662,True
db4911bdd98621bc,London,value,2017Q1,2016Q4,0.35164835164835173,16,25,6,9,True,True,2,2,True,10,2,0.2,0.07239850114176656,0.5896656534954409,True
db50462289b4e0ca,London,breakfast,2016Q2,2016Q1,0.20168067226890762,7,4,3,9,True,True,2,2,True,10,1,0.1,-0.02235758427926108,0.20952380952380945,True
db50462289b4e0ca,London,cleanliness,2017Q1,2016Q4,0.3666666666666666,5,2,6,9,True,True,2,2,True,10,2,0.2,0.07296762251069927,0.219298245614035,True
db50462289b4e0ca,London,room,2016Q2,2016Q1,0.28787878787878796,34,32,3,9,True,True,2,2,True,10,1,0.1,0.0031818458567977824,0.30263157894736836,True
db50462289b4e0ca,London,room,2017Q1,2016Q4,0.1792114695340501,35,21,6,9,True,True,2,2,True,10,3,0.3,0.04943707939304857,0.30000000000000004,True
db50462289b4e0ca,London,service,2017Q1,2016Q4,0.16296296296296298,35,17,6,9,True,True,2,2,True,10,3,0.3,0.05233856793568921,0.19038368139873718,True
db85fb25e66bfae9,London,breakfast,2016Q4,2016Q3,0.31313131313131326,8,12,5,9,True,True,2,2,True,10,2,0.2,-0.18607127270491355,0.2089093701996929,True
db85fb25e66bfae9,London,room,2016Q2,2016Q1,0.3682539682539683,25,8,3,9,True,True,2,2,True,9,0,0.0,0.027541989741811077,0.13978494623655902,True
db85fb25e66bfae9,London,service,2016Q3,2016Q2,0.18012422360248448,18,13,4,9,True,True,2,2,True,10,1,0.1,-0.02967091430913509,0.16666666666666674,True
db85fb25e66bfae9,London,value,2016Q4,2016Q3,0.36078431372549014,5,7,5,9,True,True,2,2,True,10,1,0.1,-0.08092359546326072,0.17887931034482762,True
dc1d7fec4731f7aa,London,cleanliness,2016Q3,2016Q2,0.3600000000000001,15,6,4,9,True,True,2,2,True,10,1,0.1,0.03805680783377785,0.1839080459770115,True
dc1d7fec4731f7aa,London,cleanliness,2017Q1,2016Q4,0.5309090909090909,15,12,6,9,True,True,2,2,True,10,1,0.1,-0.04550928514489798,0.22352941176470575,True
dc1d7fec4731f7aa,London,noise,2016Q2,2016Q1,0.3555555555555556,8,20,3,9,True,True,2,2,True,10,4,0.4,0.04241804392194757,0.5645933014354066,True
dc1d7fec4731f7aa,London,noise,2017Q1,2016Q4,0.1909090909090908,12,10,6,9,True,True,2,2,True,10,2,0.2,-0.07388365074897583,0.2666666666666666,True
dc1d7fec4731f7aa,London,service,2016Q3,2016Q2,0.27601809954751144,24,16,4,9,True,True,2,2,True,10,2,0.2,0.0037810085492528287,0.20574162679425823,True
dc89ac58db0a235a,Paris,location,2016Q2,2016Q1,0.20833333333333326,6,2,3,9,True,True,2,2,True,9,3,0.3333333333333333,0.022856400648386947,0.19444444444444442,True
dc89ac58db0a235a,Paris,location,2017Q1,2016Q4,0.25,6,6,6,9,True,True,2,2,True,10,0,0.0,-0.02457197085680063,0.12878787878787867,True
dc89ac58db0a235a,Paris,service,2016Q3,2016Q2,0.24444444444444446,8,5,4,9,True,True,2,2,True,10,2,0.2,-0.008515949672672307,0.4444444444444444,True
dc8a200ac28cc0be,Paris,breakfast,2016Q1,2015Q4,0.1620370370370371,6,17,2,9,True,True,2,2,True,9,2,0.2222222222222222,0.00014974323539860033,0.4436090225563911,True
dc8a200ac28cc0be,Paris,breakfast,2016Q3,2016Q2,0.23076923076923073,8,3,4,9,True,True,2,2,True,9,1,0.1111111111111111,-0.10691030443128079,0.5579710144927535,True
dc8a200ac28cc0be,Paris,cleanliness,2016Q1,2015Q4,0.17763157894736847,6,9,2,9,True,True,2,2,True,9,2,0.2222222222222222,0.06199585874508476,0.31904761904761925,True
dc8a200ac28cc0be,Paris,cleanliness,2016Q4,2016Q3,0.19999999999999996,6,5,5,9,True,True,2,2,True,9,0,0.0,-0.1975704412546518,0.06666666666666665,True
dc8a200ac28cc0be,Paris,service,2016Q1,2015Q4,0.24242424242424243,12,23,2,9,True,True,2,2,True,9,0,0.0,0.01571909702245697,0.1411290322580645,True
dc8a200ac28cc0be,Paris,service,2016Q3,2016Q2,0.2350000000000001,15,6,4,9,True,True,2,2,True,9,5,0.5555555555555556,0.14330564216164154,0.4817927170868346,True
dc8bb97ee62adbe9,Paris,service,2016Q4,2016Q3,0.15909090909090917,6,1,5,9,True,True,2,2,True,10,1,0.1,-0.03476774924303481,0.3116883116883118,True
dcb73bc416f5e889,London,location,2016Q2,2016Q1,0.3384615384615386,16,5,3,9,True,True,2,2,True,10,1,0.1,-0.002826337304237525,0.4242424242424242,True
dcb73bc416f5e889,London,service,2016Q1,2015Q4,0.3116883116883118,12,4,2,9,True,True,2,2,True,10,1,0.1,0.04395333720872181,0.15503875968992253,True
dcbca10e296c16d8,Paris,breakfast,2017Q1,2016Q4,0.28888888888888886,5,8,6,9,True,True,2,2,True,10,1,0.1,-0.04301387444609951,0.23076923076923084,True
dcbca10e296c16d8,Paris,cleanliness,2016Q3,2016Q2,0.17647058823529416,7,2,4,9,True,True,2,2,True,9,0,0.0,-0.017751692046123764,0.12077294685990347,True
dcbca10e296c16d8,Paris,location,2016Q1,2015Q4,0.1785714285714286,11,6,2,9,True,True,2,2,True,10,0,0.0,-0.08348684653167086,0.0931677018633541,True
dcbca10e296c16d8,Paris,noise,2016Q4,2016Q3,0.2914979757085021,9,3,5,9,True,True,2,2,True,10,2,0.2,0.025855076296252756,0.25757575757575746,True
dcbca10e296c16d8,Paris,room,2016Q3,2016Q2,0.17763157894736847,22,9,4,9,True,True,2,2,True,9,1,0.1111111111111111,-0.025904969010011516,0.21038961038961046,True
dccd1e2cdcdb0d2e,Paris,breakfast,2017Q1,2016Q4,0.20833333333333326,5,6,6,6,True,True,2,2,True,10,1,0.1,-0.035451215451215455,0.3216783216783218,True
dccd1e2cdcdb0d2e,Paris,room,2017Q1,2016Q4,0.2803030303030303,12,14,6,6,True,True,2,2,True,10,2,0.2,0.04627220329704803,0.23076923076923084,True
dcfa69ace8037a8a,Paris,breakfast,2016Q3,2016Q2,0.4242424242424242,5,1,4,9,True,True,2,2,True,10,2,0.2,0.0009544402965455557,0.38383838383838387,True
dcfa69ace8037a8a,Paris,room,2016Q1,2015Q4,0.18888888888888888,8,10,2,9,True,True,2,2,True,7,2,0.2857142857142857,0.10071287108881091,0.3736263736263735,True
dcfa69ace8037a8a,Paris,room,2016Q3,2016Q2,0.2857142857142857,12,4,4,9,True,True,2,2,True,10,2,0.2,-7.080534846815034e-05,0.26439482961222094,True
dd11e1bd15197920,London,breakfast,2016Q2,2016Q1,0.22745098039215683,5,7,3,9,True,True,2,2,True,10,2,0.2,0.08976561141296614,0.4098258706467661,True
dd11e1bd15197920,London,cleanliness,2016Q1,2015Q4,0.33333333333333326,8,0,2,9,True,True,2,2,True,10,6,0.6,0.11947347933910976,0.4806763285024156,True
dd11e1bd15197920,London,cleanliness,2016Q4,2016Q3,0.44999999999999996,6,5,5,9,True,True,2,2,True,10,1,0.1,-0.13391289189158553,0.2421052631578946,True
dd11e1bd15197920,London,location,2016Q1,2015Q4,0.38620689655172424,19,5,2,9,True,True,2,2,True,10,2,0.2,0.028692548421747798,0.24505928853754955,True
dd11e1bd15197920,London,location,2017Q1,2016Q4,0.19886363636363646,22,12,6,9,True,True,2,2,True,10,1,0.1,0.009249762757656165,0.18382352941176472,True
dd11e1bd15197920,London,noise,2016Q2,2016Q1,0.19166666666666665,6,5,3,9,True,True,2,2,True,10,4,0.4,0.1254735994775031,0.5645933014354066,True
dd11e1bd15197920,London,noise,2016Q4,2016Q3,0.2828947368421053,9,6,5,9,True,True,2,2,True,10,0,0.0,-0.07687868316053062,0.10000000000000009,True
dd11e1bd15197920,London,room,2016Q4,2016Q3,0.23858341099720404,19,27,5,9,True,True,2,2,True,10,0,0.0,-0.03155614779335244,0.12380952380952381,True
dd11e1bd15197920,London,service,2016Q3,2016Q2,0.20574162679425823,12,9,4,9,True,True,2,2,True,10,1,0.1,-0.017458533888835826,0.27601809954751144,True
dd11e1bd15197920,London,service,2017Q1,2016Q4,0.3551724137931034,19,10,6,9,True,True,2,2,True,10,1,0.1,-0.027203209816068406,0.2849498327759199,True
dd11e1bd15197920,London,value,2016Q2,2016Q1,0.33333333333333337,8,8,3,9,True,True,2,2,True,10,0,0.0,-0.04792270094972924,0.12923076923076926,True
dd341f4d642e84f7,London,cleanliness,2017Q1,2016Q4,0.1558441558441559,11,12,6,9,True,True,2,2,True,10,3,0.3,0.035702920870531396,0.31666666666666665,True
dd341f4d642e84f7,London,noise,2016Q1,2015Q4,0.1515151515151516,12,5,2,9,True,True,2,2,True,10,3,0.3,0.04419306587704821,0.2492753623188404,True
dd341f4d642e84f7,London,noise,2016Q3,2016Q2,0.38095238095238104,11,18,4,9,True,True,2,2,True,10,4,0.4,0.04373088899404689,0.4303030303030302,True
dd341f4d642e84f7,London,room,2016Q2,2016Q1,0.28289782506649974,67,73,3,9,True,True,2,2,True,10,2,0.2,-0.01290973671307728,0.31499999999999995,True
dd341f4d642e84f7,London,service,2016Q2,2016Q1,0.24143835616438358,63,70,3,9,True,True,2,2,True,10,1,0.1,-0.022537491655500008,0.16034271725826188,True
dd341f4d642e84f7,London,service,2017Q1,2016Q4,0.15124016938898976,48,47,6,9,True,True,2,2,True,10,1,0.1,-0.015235345456496917,0.2849498327759199,True
dd341f4d642e84f7,London,value,2016Q3,2016Q2,0.30024813895781644,21,16,4,9,True,True,2,2,True,10,3,0.3,0.01809214475047578,0.6083916083916083,True
dd40cc1d1f4df707,Barcelona,breakfast,2016Q2,2016Q1,0.26960784313725505,24,14,3,9,True,True,2,2,True,10,4,0.4,0.07076283572046284,0.33333333333333326,True
dd40cc1d1f4df707,Barcelona,cleanliness,2016Q1,2015Q4,0.16521739130434798,13,20,2,9,True,True,2,2,True,10,3,0.3,0.006040585145848298,0.35151515151515156,True
ddce2b2e2bfceca6,Paris,breakfast,2016Q1,2015Q4,0.15714285714285725,10,4,2,9,True,True,2,2,True,9,1,0.1111111111111111,-0.03849534029272591,0.1620370370370371,True
ddce2b2e2bfceca6,Paris,breakfast,2017Q1,2016Q4,0.2673796791443851,7,1,6,9,True,True,2,2,True,8,1,0.125,0.05504805651864475,0.31932773109243695,True
ddce2b2e2bfceca6,Paris,cleanliness,2016Q3,2016Q2,0.52,15,4,4,9,True,True,2,2,True,9,2,0.2222222222222222,0.10529043730798117,0.7485380116959065,True
ddce2b2e2bfceca6,Paris,cleanliness,2017Q1,2016Q4,0.354066985645933,9,1,6,9,True,True,2,2,True,8,1,0.125,-0.012631118881118883,0.1678321678321677,True
ddce2b2e2bfceca6,Paris,location,2016Q3,2016Q2,0.158119658119658,26,16,4,9,True,True,2,2,True,9,2,0.2222222222222222,0.04611670412334382,0.19736842105263164,True
ddce2b2e2bfceca6,Paris,location,2017Q1,2016Q4,0.375,6,2,6,9,True,True,2,2,True,8,0,0.0,-0.08182311253131688,0.039215686274509665,True
ddce2b2e2bfceca6,Paris,room,2016Q3,2016Q2,0.21739130434782616,36,14,4,9,True,True,2,2,True,9,3,0.3333333333333333,0.0941559233968724,0.3600000000000001,True
ddfb039c73640386,Barcelona,room,2016Q2,2016Q1,0.23529411764705876,7,7,3,9,True,True,2,2,True,10,2,0.2,-0.02016911873564552,0.25,True
ddff2a466b5e5619,Amsterdam,breakfast,2016Q3,2016Q2,0.20175438596491224,9,14,4,9,True,True,2,2,True,10,0,0.0,-0.027844542239362037,0.13043478260869557,True
ddff2a466b5e5619,Amsterdam,cleanliness,2016Q2,2016Q1,0.17307692307692313,6,3,3,9,True,True,2,2,True,10,0,0.0,-0.07424637279858216,0.09090909090909094,True
ddff2a466b5e5619,Amsterdam,cleanliness,2016Q4,2016Q3,0.23529411764705888,7,7,5,9,True,True,2,2,True,10,2,0.2,-0.05519441038936129,0.20000000000000007,True
ddff2a466b5e5619,Amsterdam,location,2016Q1,2015Q4,0.16666666666666674,14,14,2,9,True,True,2,2,True,9,1,0.1111111111111111,-0.022849206956656723,0.2073365231259967,True
ddff2a466b5e5619,Amsterdam,service,2016Q1,2015Q4,0.4612068965517242,19,22,2,9,True,True,2,2,True,9,0,0.0,-0.013002450840394357,0.11764705882352922,True
ddff2a466b5e5619,Amsterdam,service,2017Q1,2016Q4,0.20370370370370372,17,26,6,9,True,True,2,2,True,10,0,0.0,-0.03435747653008938,0.1428571428571428,True
ddff2a466b5e5619,Amsterdam,value,2016Q3,2016Q2,0.30175438596491233,5,9,4,9,True,True,2,2,True,10,5,0.5,0.12147354466202158,0.4,True
de2905733772aed1,Paris,location,2016Q2,2016Q1,0.16666666666666652,5,2,3,9,True,True,2,2,True,9,2,0.2222222222222222,0.12468374920207825,0.3056653491436101,True
de2905733772aed1,Paris,location,2016Q3,2016Q2,0.16666666666666674,10,5,4,9,True,True,2,2,True,9,0,0.0,-0.03662331395572482,0.05555555555555558,True
de2905733772aed1,Paris,room,2016Q2,2016Q1,0.34239130434782616,13,6,3,9,True,True,2,2,True,9,1,0.1111111111111111,0.03864391644702633,0.22000000000000008,True
de2905733772aed1,Paris,room,2016Q4,2016Q3,0.3492063492063493,8,11,5,9,True,True,2,2,True,10,1,0.1,-0.0035778212310360047,0.18039215686274512,True
de2905733772aed1,Paris,service,2016Q1,2015Q4,0.20833333333333326,5,6,2,9,True,True,2,2,True,10,0,0.0,-0.055148656746108006,0.14358974358974352,True
de2905733772aed1,Paris,service,2016Q4,2016Q3,0.21118012422360244,11,13,5,9,True,True,2,2,True,10,0,0.0,-0.01196060010200306,0.13540372670807455,True
de50560187f0de59,Amsterdam,cleanliness,2016Q1,2015Q4,0.1973587674247983,37,48,2,9,True,True,2,2,True,8,0,0.0,-0.023017384752995834,0.13095238095238093,True
de50560187f0de59,Amsterdam,location,2016Q1,2015Q4,0.15846066779852852,83,104,2,9,True,True,2,2,True,8,0,0.0,-0.02781915938732127,0.04434456928838948,True
de50560187f0de59,Amsterdam,noise,2016Q2,2016Q1,0.18518518518518512,17,8,3,9,True,True,2,2,True,8,1,0.125,-0.0619440111545375,0.1578947368421053,True
de50560187f0de59,Amsterdam,service,2016Q3,2016Q2,0.23863636363636354,188,134,4,9,True,True,2,2,True,8,1,0.125,0.032730335749910466,0.22557172557172556,True
de50560187f0de59,Amsterdam,value,2016Q1,2015Q4,0.21437173825772782,37,43,2,9,True,True,2,2,True,8,1,0.125,0.025450775545540094,0.23611111111111116,True
dedfa7d4421e6f3f,Paris,location,2016Q3,2016Q2,0.26890756302521024,7,4,4,9,True,True,2,2,True,10,1,0.1,-0.06517019987608226,0.21719457013574672,True
dedfa7d4421e6f3f,Paris,service,2016Q3,2016Q2,0.27751196172248815,9,1,4,9,True,True,2,2,True,10,1,0.1,-0.038394498100380495,0.1568627450980391,True
df03521410af64c6,Milan,breakfast,2016Q3,2016Q2,0.4858299595141702,16,9,4,9,True,True,2,2,True,9,0,0.0,-0.16950428967235695,-0.06666666666666665,True
df03521410af64c6,Milan,location,2016Q2,2016Q1,0.2769230769230768,5,3,3,9,True,True,2,2,True,9,2,0.2222222222222222,0.053816388478224245,0.2564102564102564,True
df03521410af64c6,Milan,location,2016Q3,2016Q2,0.18461538461538463,16,5,4,9,True,True,2,2,True,9,2,0.2222222222222222,0.0349959502360753,0.2857142857142858,True
df03521410af64c6,Milan,room,2016Q1,2015Q4,0.19166666666666665,5,6,2,9,True,True,2,2,True,9,1,0.1111111111111111,-0.022495994676445807,0.3153988868274582,True
df03521410af64c6,Milan,room,2016Q3,2016Q2,0.21164021164021163,17,11,4,9,True,True,2,2,True,9,2,0.2222222222222222,0.056707729216977455,0.3216783216783218,True
df03521410af64c6,Milan,service,2016Q2,2016Q1,0.33333333333333326,10,2,3,9,True,True,2,2,True,9,2,0.2222222222222222,0.07385880100755521,0.4526315789473684,True
df03521410af64c6,Milan,value,2017Q1,2016Q4,0.20952380952380956,5,4,6,9,True,True,2,2,True,9,0,0.0,-0.016454535030386432,0.07692307692307687,True
df73dc1ec0d97b00,London,location,2016Q1,2015Q4,0.26890756302521024,7,4,2,9,True,True,2,2,True,9,0,0.0,-0.004965930033699249,0.13636363636363646,True
df73dc1ec0d97b00,London,location,2016Q3,2016Q2,0.4068627450980391,14,7,4,9,True,True,2,2,True,10,1,0.1,0.03498965104030305,0.1661290322580644,True
df73dc1ec0d97b00,London,service,2016Q2,2016Q1,0.2142857142857142,10,4,3,9,True,True,2,2,True,9,1,0.1111111111111111,0.008360887863690936,0.17142857142857149,True
df73dc1ec0d97b00,London,service,2017Q1,2016Q4,0.19736842105263164,14,9,6,9,True,True,2,2,True,10,3,0.3,0.04911090591063059,0.463157894736842,True
dfb8b8dba3ca7025,Paris,breakfast,2016Q1,2015Q4,0.23809523809523814,11,8,2,9,True,True,2,2,True,8,1,0.125,0.007429029304029319,0.48571428571428565,True
dfb8b8dba3ca7025,Paris,breakfast,2016Q4,2016Q3,0.29999999999999993,5,10,5,9,True,True,2,2,True,10,1,0.1,-0.011572037353771103,0.22456140350877196,True
dfb8b8dba3ca7025,Paris,cleanliness,2016Q1,2015Q4,0.16666666666666652,11,2,2,9,True,True,2,2,True,8,4,0.5,0.11951272411798723,0.3308270676691729,True
dfb8b8dba3ca7025,Paris,location,2016Q3,2016Q2,0.24285714285714288,18,10,4,9,True,True,2,2,True,10,2,0.2,0.026092316299052686,0.36105476673427983,True
dfb8b8dba3ca7025,Paris,noise,2017Q1,2016Q4,0.28409090909090917,6,1,6,9,True,True,2,2,True,10,0,0.0,-0.008438228438228423,0.13986013986014,True
dfb8b8dba3ca7025,Paris,room,2016Q2,2016Q1,0.2317948717948719,15,29,3,9,True,True,2,2,True,9,2,0.2222222222222222,-0.05017091916988719,0.34285714285714275,True
dfb8b8dba3ca7025,Paris,service,2016Q1,2015Q4,0.15555555555555567,17,10,2,9,True,True,2,2,True,8,2,0.25,0.04179034566965595,0.3639846743295019,True
dfb8b8dba3ca7025,Paris,service,2016Q3,2016Q2,0.1862068965517243,19,10,4,9,True,True,2,2,True,10,2,0.2,-0.028487534172613117,0.18350754936120794,True
e01e8f41d1663cb9,Paris,breakfast,2016Q3,2016Q2,0.20952380952380956,5,4,4,9,True,True,2,2,True,9,1,0.1111111111111111,0.016467382590570998,0.3290043290043291,True
e01e8f41d1663cb9,Paris,cleanliness,2016Q2,2016Q1,0.17647058823529416,7,0,3,9,True,True,2,2,True,9,4,0.4444444444444444,0.11779033087082623,0.2573099415204678,True
e01e8f41d1663cb9,Paris,service,2016Q2,2016Q1,0.19444444444444442,14,8,3,9,True,True,2,2,True,9,3,0.3333333333333333,0.09530779066763112,0.3992773261065943,True
e0265bd27641e364,Amsterdam,breakfast,2016Q2,2016Q1,0.2706766917293233,46,28,3,9,True,True,2,2,True,8,2,0.25,0.04131590125711543,0.5675057208237986,True
e0265bd27641e364,Amsterdam,cleanliness,2016Q2,2016Q1,0.23394185260311007,48,41,3,9,True,True,2,2,True,8,2,0.25,0.0012784730109876158,0.17307692307692313,True
e0265bd27641e364,Amsterdam,location,2016Q3,2016Q2,0.16958576591604113,99,89,4,9,True,True,2,2,True,8,1,0.125,-0.038738784336395105,0.17647058823529416,True
e0265bd27641e364,Amsterdam,noise,2016Q3,2016Q2,0.4285714285714286,18,10,4,9,True,True,2,2,True,8,1,0.125,-0.02494177602069668,0.37246963562753055,True
e0265bd27641e364,Amsterdam,value,2017Q1,2016Q4,0.1636363636363637,45,20,6,9,True,True,2,2,True,8,4,0.5,0.1637054048573477,0.5506072874493927,True
e03a00a1b0f40ae7,Barcelona,breakfast,2016Q2,2016Q1,0.18333333333333335,6,5,3,9,True,True,2,2,True,10,3,0.3,-0.018724608724608717,0.33333333333333326,True
e03a00a1b0f40ae7,Barcelona,location,2016Q2,2016Q1,0.33333333333333326,10,5,3,9,True,True,2,2,True,10,2,0.2,0.0397967336993786,0.21367521367521358,True
e03a00a1b0f40ae7,Barcelona,room,2016Q2,2016Q1,0.21904761904761916,18,5,3,9,True,True,2,2,True,10,3,0.3,-0.010314344556925514,0.19384615384615378,True
e0862621a22d24e2,Amsterdam,breakfast,2016Q1,2015Q4,0.16993464052287588,17,7,2,9,True,True,2,2,True,10,5,0.5,0.2407552835576169,0.6956521739130433,True
e0862621a22d24e2,Amsterdam,breakfast,2016Q4,2016Q3,0.32567049808429127,8,19,5,9,True,True,2,2,True,10,2,0.2,-0.009387303552814308,0.5507246376811593,True
e0862621a22d24e2,Amsterdam,cleanliness,2016Q3,2016Q2,0.25396825396825407,8,11,4,9,True,True,2,2,True,10,1,0.1,-0.09813213456215483,0.1962864721485411,True
e0862621a22d24e2,Amsterdam,room,2016Q1,2015Q4,0.49075630252100844,41,25,2,9,True,True,2,2,True,10,1,0.1,0.0021558401498178005,0.15238095238095228,True
e0862621a22d24e2,Amsterdam,service,2016Q1,2015Q4,0.20097560975609752,31,15,2,9,True,True,2,2,True,10,4,0.4,0.06880244463925123,0.28965517241379324,True
e0862621a22d24e2,Amsterdam,service,2017Q1,2016Q4,0.15294117647058836,24,25,6,9,True,True,2,2,True,10,4,0.4,0.0060807762063594725,0.3947750362844702,True
e08fdee7c21680b3,London,breakfast,2016Q1,2015Q4,0.4,5,8,2,9,True,True,2,2,True,8,1,0.125,-0.07134258320934776,0.2573099415204678,True
e08fdee7c21680b3,London,breakfast,2016Q3,2016Q2,0.30000000000000004,10,10,4,9,True,True,2,2,True,9,0,0.0,-0.007542376297328223,0.1333333333333333,True
e08fdee7c21680b3,London,cleanliness,2016Q4,2016Q3,0.2748538011695908,8,9,5,9,True,True,2,2,True,10,1,0.1,-0.09692321246326543,0.15458937198067635,True
e08fdee7c21680b3,London,location,2016Q4,2016Q3,0.27826086956521734,13,15,5,9,True,True,2,2,True,10,5,0.5,0.1392682733269928,0.4204545454545454,True
e08fdee7c21680b3,London,noise,2016Q3,2016Q2,0.19047619047619047,11,11,4,9,True,True,2,2,True,9,3,0.3333333333333333,0.044780852675589525,0.23076923076923084,True
e08fdee7c21680b3,London,noise,2017Q1,2016Q4,0.19318181818181823,12,6,6,9,True,True,2,2,True,10,3,0.3,0.024491848025123976,0.3161764705882353,True
e08fdee7c21680b3,London,service,2016Q4,2016Q3,0.484848484848485,23,23,5,9,True,True,2,2,True,10,1,0.1,-0.054046187044062874,0.17045454545454541,True
e096d9a0405e536f,London,breakfast,2017Q1,2016Q4,0.15925058548009363,39,51,6,9,True,True,2,2,True,10,2,0.2,0.017744033359979407,0.4764705882352942,True
e096d9a0405e536f,London,cleanliness,2016Q1,2015Q4,0.179268292682927,30,31,2,9,True,True,2,2,True,10,1,0.1,-0.05581285369970551,0.18181818181818177,True
e096d9a0405e536f,London,cleanliness,2016Q3,2016Q2,0.21052631578947367,28,36,4,9,True,True,2,2,True,10,2,0.2,-0.05754356571094791,0.23111111111111127,True
e096d9a0405e536f,London,cleanliness,2016Q4,2016Q3,0.15311004784688986,34,28,5,9,True,True,2,2,True,10,1,0.1,-0.08925066410971498,0.28857858933046887,True
e096d9a0405e536f,London,service,2017Q1,2016Q4,0.18946508779093518,69,83,6,9,True,True,2,2,True,10,2,0.2,0.05055542373039401,0.2761904761904763,True
e096d9a0405e536f,London,value,2017Q1,2016Q4,0.29729729729729726,16,27,6,9,True,True,2,2,True,10,3,0.3,0.07497622688865883,0.4,True
e0be64fce7db0a10,London,breakfast,2016Q1,2015Q4,0.20551378446115298,11,9,2,9,True,True,2,2,True,9,3,0.3333333333333333,0.017578931922743218,0.3445378151260504,True
e0be64fce7db0a10,London,breakfast,2016Q2,2016Q1,0.21164021164021163,17,11,3,9,True,True,2,2,True,9,3,0.3333333333333333,0.012718521600667394,0.2666666666666666,True
e0be64fce7db0a10,London,breakfast,2016Q4,2016Q3,0.3919413919413919,16,11,5,9,True,True,2,2,True,9,3,0.3333333333333333,0.054700932530430055,0.2727272727272727,True
e0be64fce7db0a10,London,room,2016Q1,2015Q4,0.19761904761904758,30,32,2,9,True,True,2,2,True,9,3,0.3333333333333333,0.03271986235167469,0.25751243781094535,True
e0be64fce7db0a10,London,value,2016Q3,2016Q2,0.2706766917293233,9,18,4,9,True,True,2,2,True,9,2,0.2222222222222222,-0.02967681386297389,0.6083916083916083,True
e0ebf729bd4c5986,Milan,breakfast,2016Q2,2016Q1,0.34736842105263155,10,9,3,9,True,True,2,2,True,9,4,0.4444444444444444,0.0286932710022091,0.27368421052631575,True
e0ebf729bd4c5986,Milan,breakfast,2017Q1,2016Q4,0.21350762527233125,7,17,6,9,True,True,2,2,True,9,0,0.0,-0.08833185904330898,0.13043478260869568,True
e0ebf729bd4c5986,Milan,cleanliness,2016Q2,2016Q1,0.2321428571428572,6,4,3,9,True,True,2,2,True,9,1,0.1111111111111111,0.013353756832017708,0.37142857142857144,True
e0ebf729bd4c5986,Milan,service,2016Q2,2016Q1,0.25,6,8,3,9,True,True,2,2,True,9,0,0.0,-0.0878339998296514,0.13142857142857145,True
e0ebf729bd4c5986,Milan,service,2016Q3,2016Q2,0.20454545454545459,12,6,4,9,True,True,2,2,True,9,1,0.1111111111111111,0.05138751967468829,0.15363881401617263,True
e0ebf729bd4c5986,Milan,service,2017Q1,2016Q4,0.47426470588235303,7,22,6,9,True,True,2,2,True,9,1,0.1111111111111111,0.03510269918129663,0.43817204301075263,True
e1074075b99813d0,Milan,breakfast,2016Q4,2016Q3,0.17142857142857149,5,11,5,9,True,True,2,2,True,10,5,0.5,0.12375577440132146,0.48076923076923084,True
e1074075b99813d0,Milan,cleanliness,2016Q3,2016Q2,0.2666666666666666,8,5,4,9,True,True,2,2,True,10,2,0.2,0.022149296370998384,0.43999999999999995,True
e1074075b99813d0,Milan,location,2016Q1,2015Q4,0.375,6,0,2,9,True,True,2,2,True,10,2,0.2,-0.00041453664292474547,0.2749999999999999,True
e1074075b99813d0,Milan,room,2016Q2,2016Q1,0.18095238095238098,20,11,3,9,True,True,2,2,True,10,1,0.1,0.019314559686742182,0.26114045780847883,True
e1074075b99813d0,Milan,service,2016Q4,2016Q3,0.17927170868347342,11,24,5,9,True,True,2,2,True,10,2,0.2,0.008677103890085669,0.25357142857142856,True
e1074075b99813d0,Milan,value,2016Q3,2016Q2,0.17500000000000004,10,6,4,9,True,True,2,2,True,10,5,0.5,0.0806546394781689,0.42261904761904767,True
e1145e2572eeafea,Paris,breakfast,2016Q2,2016Q1,0.2666666666666666,5,10,3,9,True,True,2,2,True,8,0,0.0,-0.025334649011119606,0.11555555555555563,True
e1145e2572eeafea,Paris,location,2016Q2,2016Q1,0.19354838709677402,21,21,3,9,True,True,2,2,True,8,2,0.25,-0.034339802354508175,0.15909090909090917,True
e1145e2572eeafea,Paris,location,2017Q1,2016Q4,0.1795665634674921,9,7,6,9,True,True,2,2,True,10,2,0.2,0.00726611729007749,0.26190476190476186,True
e1145e2572eeafea,Paris,service,2016Q1,2015Q4,0.33333333333333326,20,5,2,9,True,True,2,2,True,8,0,0.0,-0.010084321527019297,0.13986013986014,True
e1145e2572eeafea,Paris,value,2016Q3,2016Q2,0.16993464052287588,7,8,4,9,True,True,2,2,True,10,1,0.1,-0.013493173493173494,0.2666666666666666,True
e11be82388abf928,Milan,breakfast,2017Q1,2016Q4,0.49411764705882355,7,5,6,9,True,True,2,2,True,10,1,0.1,-0.07123175733070927,0.15925925925925932,True
e11be82388abf928,Milan,room,2016Q2,2016Q1,0.16410256410256419,16,5,3,9,True,True,2,2,True,10,2,0.2,0.041772033289884616,0.2748538011695908,True
e13266ce83a398cf,Paris,room,2016Q1,2015Q4,0.2807692307692309,16,30,2,9,True,True,2,2,True,9,4,0.4444444444444444,0.092230765021407,0.6504347826086956,True
e13266ce83a398cf,Paris,room,2016Q4,2016Q3,0.3051851851851851,17,15,5,9,True,True,2,2,True,9,3,0.3333333333333333,0.021123619663344084,0.38181818181818183,True
e1a2e61e1bb21962,London,breakfast,2017Q1,2016Q4,0.19999999999999996,5,2,6,9,True,True,2,2,True,10,2,0.2,-0.025783355548168175,0.22222222222222232,True
e1a2e61e1bb21962,London,cleanliness,2016Q1,2015Q4,0.25,6,0,2,9,True,True,2,2,True,10,3,0.3,0.017041695684850866,0.274247491638796,True
e1a2e61e1bb21962,London,room,2016Q1,2015Q4,0.20370370370370383,14,17,2,9,True,True,2,2,True,10,2,0.2,0.016381941974822067,0.3197691197691197,True
e1a2e61e1bb21962,London,service,2016Q2,2016Q1,0.17703349282296643,12,9,3,9,True,True,2,2,True,10,3,0.3,-0.008068477540278474,0.2920892494929006,True
e1a51e5b67b9a3d1,London,location,2016Q2,2016Q1,0.16666666666666652,5,2,3,9,True,True,2,2,True,9,0,0.0,-0.010095418795109248,0.10256410256410242,True
e1a51e5b67b9a3d1,London,room,2016Q2,2016Q1,0.15263157894736856,10,9,3,9,True,True,2,2,True,9,1,0.1111111111111111,-0.0013402241988413393,0.16666666666666674,True
e1a51e5b67b9a3d1,London,service,2016Q4,2016Q3,0.2142857142857142,10,18,5,9,True,True,2,2,True,10,2,0.2,0.06739097474079389,0.20779220779220786,True
e1e862788ec4dd94,Paris,breakfast,2016Q2,2016Q1,0.21111111111111125,10,8,3,9,True,True,2,2,True,9,1,0.1111111111111111,0.02171171908014015,0.3253588516746412,True
e1e862788ec4dd94,Paris,cleanliness,2016Q3,2016Q2,0.23333333333333317,5,10,4,9,True,True,2,2,True,9,4,0.4444444444444444,0.10663410663410669,0.2857142857142858,True
e1e862788ec4dd94,Paris,noise,2016Q2,2016Q1,0.46590909090909094,6,1,3,9,True,True,2,2,True,9,1,0.1111111111111111,0.0024605024605024698,0.32167832167832155,True
e1e862788ec4dd94,Paris,service,2017Q1,2016Q4,0.2065217391304348,6,13,6,9,True,True,2,2,True,10,3,0.3,0.012341739357349247,0.38095238095238104,True
e27927848d610237,Barcelona,cleanliness,2016Q4,2016Q3,0.1515151515151515,16,56,5,9,True,True,2,2,True,10,1,0.1,-0.03734534062265158,0.24649859943977592,True
e27927848d610237,Barcelona,noise,2016Q4,2016Q3,0.16748768472906395,11,19,5,9,True,True,2,2,True,10,1,0.1,-0.05873097662571349,0.1678321678321677,True
e27927848d610237,Barcelona,room,2016Q4,2016Q3,0.1921739130434783,40,174,5,9,True,True,2,2,True,10,1,0.1,0.00011374128130786643,0.2909090909090908,True
e27927848d610237,Barcelona,service,2016Q4,2016Q3,0.47328767123287685,30,136,5,9,True,True,2,2,True,10,1,0.1,-0.11703676629219757,0.22189866045428053,True
e3374cca5ea0cf25,London,cleanliness,2016Q1,2015Q4,0.2526315789473683,9,5,2,9,True,True,2,2,True,10,3,0.3,0.1069539013617961,0.26315789473684204,True
e3374cca5ea0cf25,London,cleanliness,2017Q1,2016Q4,0.1558441558441559,12,18,6,9,True,True,2,2,True,10,5,0.5,0.07724424982361086,0.2749999999999999,True
e3374cca5ea0cf25,London,noise,2016Q1,2015Q4,0.30000000000000004,5,10,2,9,True,True,2,2,True,10,2,0.2,-0.01925334741124215,0.23076923076923084,True
e3374cca5ea0cf25,London,noise,2017Q1,2016Q4,0.16842105263157903,5,9,6,9,True,True,2,2,True,10,2,0.2,-0.02098980796349218,0.22009569377990423,True
e3374cca5ea0cf25,London,room,2016Q2,2016Q1,0.16541353383458646,47,39,3,9,True,True,2,2,True,10,2,0.2,0.005549351481845266,0.2666666666666666,True
e3374cca5ea0cf25,London,value,2016Q3,2016Q2,0.2429149797570851,16,9,4,9,True,True,2,2,True,10,2,0.2,-0.005112301907654215,0.3511705685618729,True
e3374cca5ea0cf25,London,value,2017Q1,2016Q4,0.29691876750700286,7,11,6,9,True,True,2,2,True,10,4,0.4,0.0767077866222186,0.41025641025641024,True
e381ef9e2f589990,Amsterdam,breakfast,2016Q2,2016Q1,0.23863636363636354,12,6,3,9,True,True,2,2,True,8,0,0.0,-0.1330210559465823,0.07692307692307687,True
e381ef9e2f589990,Amsterdam,breakfast,2016Q4,2016Q3,0.16315789473684195,9,10,5,9,True,True,2,2,True,8,1,0.125,-0.07346638436191692,0.18181818181818188,True
e381ef9e2f589990,Amsterdam,cleanliness,2016Q2,2016Q1,0.16883116883116878,12,4,3,9,True,True,2,2,True,8,2,0.25,0.03460232754085826,0.3007246376811593,True
e381ef9e2f589990,Amsterdam,location,2016Q3,2016Q2,0.17647058823529416,24,24,4,9,True,True,2,2,True,8,0,0.0,-0.03005042866872948,0.12631578947368438,True
e381ef9e2f589990,Amsterdam,room,2016Q4,2016Q3,0.18001046572475166,29,39,5,9,True,True,2,2,True,8,1,0.125,-0.003649531901376263,0.17296918767507008,True
e381ef9e2f589990,Amsterdam,value,2016Q3,2016Q2,0.22222222222222232,8,6,4,9,True,True,2,2,True,8,2,0.25,0.011422142566307289,0.33867276887871844,True
e417a1f1adfad634,Amsterdam,breakfast,2016Q1,2015Q4,0.27450980392156854,11,7,2,9,True,True,2,2,True,9,0,0.0,-0.014679909484055386,0.13622291021671817,True
e417a1f1adfad634,Amsterdam,location,2016Q1,2015Q4,0.3210702341137124,16,13,2,9,True,True,2,2,True,9,1,0.1111111111111111,-0.06102266093545177,0.21212121212121204,True
e417a1f1adfad634,Amsterdam,noise,2016Q2,2016Q1,0.375,6,0,3,9,True,True,2,2,True,9,2,0.2222222222222222,0.12113195446528785,0.3999999999999999,True
e417a1f1adfad634,Amsterdam,service,2016Q1,2015Q4,0.27555555555555555,17,15,2,9,True,True,2,2,True,9,3,0.3333333333333333,0.0854537292862825,0.20380434782608692,True
e4679fee075f02f4,Paris,cleanliness,2016Q3,2016Q2,0.16176470588235303,7,6,4,9,True,True,2,2,True,10,2,0.2,0.012557834322540184,0.17647058823529416,True
e47635180de9eb65,Milan,location,2016Q3,2016Q2,0.17500000000000004,6,5,4,9,True,True,2,2,True,10,2,0.2,0.1364973615553219,0.43333333333333335,True
e5354fff1255f45b,London,breakfast,2017Q1,2016Q4,0.5333333333333332,8,5,6,9,True,True,2,2,True,10,5,0.5,0.14492879775861944,0.42307692307692313,True
e5354fff1255f45b,London,location,2016Q1,2015Q4,0.21491228070175428,14,9,2,9,True,True,2,2,True,10,0,0.0,-0.004888863561055801,0.13899613899613894,True
e5354fff1255f45b,London,location,2016Q3,2016Q2,0.21212121212121215,12,5,4,9,True,True,2,2,True,10,0,0.0,-0.0015633003891577068,0.14781297134238303,True
e5354fff1255f45b,London,room,2016Q1,2015Q4,0.16296296296296298,15,17,2,9,True,True,2,2,True,10,2,0.2,0.08535564312377142,0.25751243781094535,True
e553c07ecfb9de9f,Paris,service,2017Q1,2016Q4,0.2807017543859649,11,9,6,9,True,True,2,2,True,10,4,0.4,0.050395071835234104,0.23076923076923084,True
e55a71225ee19937,Paris,breakfast,2016Q2,2016Q1,0.17307692307692313,6,3,3,9,True,True,2,2,True,9,1,0.1111111111111111,0.0011877011877011734,0.21978021978021967,True
e588fa3bdf7665f5,Vienna,cleanliness,2016Q1,2015Q4,0.20916568742655706,27,13,2,9,True,True,2,2,True,10,4,0.4,0.10902976794920531,0.23076923076923084,True
e588fa3bdf7665f5,Vienna,noise,2016Q4,2016Q3,0.2432432432432432,6,27,5,9,True,True,2,2,True,10,2,0.2,0.01712584729848159,0.2898550724637682,True
e588fa3bdf7665f5,Vienna,noise,2017Q1,2016Q4,0.1578947368421053,9,6,6,9,True,True,2,2,True,9,0,0.0,-0.054813196181482664,0.07692307692307687,True
e588fa3bdf7665f5,Vienna,room,2016Q4,2016Q3,0.38978015448603676,41,89,5,9,True,True,2,2,True,10,4,0.4,-0.008540874378189933,0.26315789473684204,True
e607a9960515d7ca,Barcelona,breakfast,2016Q1,2015Q4,0.22222222222222232,8,22,2,9,True,True,2,2,True,9,3,0.3333333333333333,-0.028681246736802318,0.45238095238095244,True
e607a9960515d7ca,Barcelona,breakfast,2016Q4,2016Q3,0.21111111111111125,10,17,5,9,True,True,2,2,True,10,1,0.1,0.008443187474876091,0.36111111111111116,True
e607a9960515d7ca,Barcelona,breakfast,2017Q1,2016Q4,0.23333333333333317,14,10,6,9,True,True,2,2,True,10,2,0.2,-0.07115893955832037,0.33333333333333337,True
e607a9960515d7ca,Barcelona,cleanliness,2016Q2,2016Q1,0.17999999999999994,15,10,3,9,True,True,2,2,True,10,2,0.2,-0.00364168231074945,0.2909090909090908,True
e607a9960515d7ca,Barcelona,noise,2016Q2,2016Q1,0.21904761904761905,5,4,3,9,True,True,2,2,True,10,2,0.2,0.04091839447102606,0.42105263157894735,True
e607a9960515d7ca,Barcelona,service,2016Q4,2016Q3,0.1992337164750957,19,26,5,9,True,True,2,2,True,10,0,0.0,-0.04388816420810201,0.12353741496598625,True
e607a9960515d7ca,Barcelona,value,2016Q2,2016Q1,0.19999999999999996,8,5,3,9,True,True,2,2,True,10,0,0.0,-0.15908702408702408,-0.03208556149732611,True
e611371468279c9b,London,breakfast,2016Q1,2015Q4,0.3445378151260504,7,4,2,9,True,True,2,2,True,9,3,0.3333333333333333,0.04842625268870479,0.5357142857142857,True
e611371468279c9b,London,breakfast,2016Q3,2016Q2,0.17272727272727273,10,12,4,9,True,True,2,2,True,9,4,0.4444444444444444,0.09557324047355362,0.37950664136622403,True
e611371468279c9b,London,cleanliness,2016Q3,2016Q2,0.20434782608695645,13,10,4,9,True,True,2,2,True,9,1,0.1111111111111111,-0.061706110094557766,0.23529411764705888,True
e611371468279c9b,London,noise,2016Q4,2016Q3,0.29166666666666663,6,2,5,9,True,True,2,2,True,9,0,0.0,-0.06858355037921604,0.13736263736263743,True
e6587d473e6a304c,London,breakfast,2017Q1,2016Q4,0.16999999999999993,30,40,6,8,True,True,2,2,True,10,4,0.4,0.10273868960642854,0.2869855394883203,True
e6587d473e6a304c,London,noise,2016Q2,2016Q1,0.34674922600619185,9,7,3,8,True,True,2,2,True,9,1,0.1111111111111111,0.0071992273724225,0.23376623376623373,True
e6587d473e6a304c,London,noise,2016Q4,2016Q3,0.15934065934065933,18,16,5,8,True,True,2,2,True,10,3,0.3,0.06948789514578987,0.41025641025641024,True
e6587d473e6a304c,London,room,2016Q3,2016Q2,0.15357670625581532,111,141,4,8,True,True,2,2,True,10,0,0.0,-0.0658062761031292,0.10784313725490202,True
e6587d473e6a304c,London,service,2016Q4,2016Q3,0.15689327106037032,113,84,5,8,True,True,2,2,True,10,3,0.3,0.05285692578062036,0.2644787644787645,True
e6587d473e6a304c,London,value,2016Q4,2016Q3,0.3421052631578947,28,14,5,8,True,True,2,2,True,10,3,0.3,0.011179506767742065,0.30000000000000004,True
e68978757ef9155c,Paris,location,2016Q3,2016Q2,0.15850815850815847,23,16,4,9,True,True,2,2,True,10,2,0.2,0.056927555737960864,0.39676113360323884,True
e68978757ef9155c,Paris,room,2016Q2,2016Q1,0.2142857142857142,18,10,3,9,True,True,2,2,True,9,0,0.0,-0.1000018614569698,0.06666666666666665,True
e68978757ef9155c,Paris,service,2016Q3,2016Q2,0.3701298701298701,18,12,4,9,True,True,2,2,True,10,4,0.4,0.08939311609811387,0.33333333333333326,True
e6b365c24728d43d,London,breakfast,2016Q1,2015Q4,0.15873015873015883,17,32,2,9,True,True,2,2,True,9,4,0.4444444444444444,0.10616583273163172,0.45529953917050703,True
e6b365c24728d43d,London,breakfast,2016Q3,2016Q2,0.18918918918918926,27,46,4,9,True,True,2,2,True,9,1,0.1111111111111111,-0.029933766654064515,0.18059855521155832,True
e6b365c24728d43d,London,noise,2016Q1,2015Q4,0.27450980392156865,7,17,2,9,True,True,2,2,True,9,3,0.3333333333333333,0.08487984605999623,0.6651835372636262,True
e6b365c24728d43d,London,noise,2016Q3,2016Q2,0.4061302681992336,17,19,4,9,True,True,2,2,True,9,2,0.2222222222222222,-0.021940367360987194,0.3600000000000001,True
e6b365c24728d43d,London,service,2016Q2,2016Q1,0.19259962049335866,58,21,3,9,True,True,2,2,True,9,1,0.1111111111111111,-0.025726398941796784,0.1763585038814396,True
e6b365c24728d43d,London,value,2016Q3,2016Q2,0.22307692307692317,10,16,4,9,True,True,2,2,True,9,3,0.3333333333333333,0.06268533024847288,0.2777777777777778,True
e6f927f7a55c5314,London,cleanliness,2016Q1,2015Q4,0.17948717948717952,11,16,2,9,True,True,2,2,True,7,2,0.2857142857142857,-0.003329020395818077,0.5476190476190474,True
e6f927f7a55c5314,London,room,2016Q2,2016Q1,0.18755328218243816,59,58,3,9,True,True,2,2,True,8,0,0.0,0.06272724471001445,0.14281331492560212,True
e6f927f7a55c5314,London,service,2016Q2,2016Q1,0.28663446054750397,36,44,3,9,True,True,2,2,True,8,2,0.25,0.06627219880694644,0.24431904834527973,True
e6f927f7a55c5314,London,value,2016Q1,2015Q4,0.4155844155844155,11,12,2,9,True,True,2,2,True,7,2,0.2857142857142857,-0.011209911766021327,0.44444444444444453,True
e731153d42aa4d62,Milan,cleanliness,2016Q1,2015Q4,0.15109890109890123,46,16,2,9,True,True,2,2,True,10,0,0.0,-0.1030159037205746,0.0641025641025641,True
e731153d42aa4d62,Milan,noise,2016Q3,2016Q2,0.18181818181818166,12,12,4,9,True,True,2,2,True,10,2,0.2,0.01506578217104534,0.2748538011695908,True
e731153d42aa4d62,Milan,room,2016Q1,2015Q4,0.3657542224810717,91,75,2,9,True,True,2,2,True,10,2,0.2,-0.022924252748369976,0.4950980392156864,True
e731153d42aa4d62,Milan,service,2016Q1,2015Q4,0.17330609465440916,79,56,2,9,True,True,2,2,True,10,3,0.3,0.022979432632071407,0.3799999999999999,True
e731153d42aa4d62,Milan,value,2016Q1,2015Q4,0.2886334610472542,19,17,2,9,True,True,2,2,True,10,3,0.3,0.06259198318021848,0.4242424242424242,True
e731153d42aa4d62,Milan,value,2016Q2,2016Q1,0.21570066030814372,37,19,3,9,True,True,2,2,True,10,2,0.2,-0.022819402819402822,0.25757575757575746,True
e731153d42aa4d62,Milan,value,2017Q1,2016Q4,0.3830171635049684,17,31,6,9,True,True,2,2,True,10,3,0.3,0.0016444855454143203,0.23076923076923073,True
e743dc4f94b9c0b0,Paris,cleanliness,2016Q2,2016Q1,0.3400809716599189,9,3,3,9,True,True,2,2,True,8,1,0.125,0.009803921568627444,0.3208556149732622,True
e743dc4f94b9c0b0,Paris,location,2016Q2,2016Q1,0.31986531986531985,34,17,3,9,True,True,2,2,True,8,3,0.375,0.10575063168573395,0.3535353535353536,True
e743dc4f94b9c0b0,Paris,noise,2016Q2,2016Q1,0.2036199095022624,16,7,3,9,True,True,2,2,True,8,2,0.25,0.01923076923076926,0.16666666666666674,True
e743dc4f94b9c0b0,Paris,service,2016Q1,2015Q4,0.25274725274725274,16,18,2,9,True,True,2,2,True,7,1,0.14285714285714285,0.010784265859453785,0.16666666666666674,True
e743dc4f94b9c0b0,Paris,value,2016Q2,2016Q1,0.24880382775119625,9,1,3,9,True,True,2,2,True,8,0,0.0,-0.050480769230769246,0.09090909090909083,True
e794d5f63f134d8b,Vienna,cleanliness,2016Q2,2016Q1,0.29807692307692313,6,3,3,8,True,True,2,2,True,10,1,0.1,-0.029422238501522403,0.2592592592592593,True
e794d5f63f134d8b,Vienna,service,2016Q1,2015Q4,0.29239766081871355,17,9,2,8,True,True,2,2,True,10,0,0.0,0.004635308584723852,0.12693798449612403,True
e7bb51c7c62b0565,Milan,breakfast,2016Q2,2016Q1,0.19940476190476186,22,32,3,9,True,True,2,2,True,9,3,0.3333333333333333,0.016673679316699955,0.23076923076923084,True
e7bb51c7c62b0565,Milan,breakfast,2016Q4,2016Q3,0.4438669438669439,27,42,5,9,True,True,2,2,True,10,5,0.5,0.10819272666331492,0.33333333333333326,True
e7bb51c7c62b0565,Milan,noise,2017Q1,2016Q4,0.17647058823529416,7,6,6,9,True,True,2,2,True,9,1,0.1111111111111111,-0.03282230898329968,0.16666666666666663,True
e7bb51c7c62b0565,Milan,service,2016Q4,2016Q3,0.17488076311605716,27,41,5,9,True,True,2,2,True,10,2,0.2,0.015008623872285154,0.24242424242424243,True
e7bb51c7c62b0565,Milan,value,2016Q1,2015Q4,0.27647058823529425,10,7,2,9,True,True,2,2,True,9,3,0.3333333333333333,0.08164551497884831,0.32167832167832155,True
e7bb51c7c62b0565,Milan,value,2016Q4,2016Q3,0.44802867383512557,8,21,5,9,True,True,2,2,True,10,0,0.0,-0.05358940576331881,0.11111111111111116,True
e7d26c42919ea093,Barcelona,breakfast,2016Q2,2016Q1,0.19999999999999996,5,0,3,9,True,True,2,2,True,10,2,0.2,-0.018090243090243086,0.23809523809523814,True
e7d26c42919ea093,Barcelona,room,2016Q2,2016Q1,0.30952380952380965,14,4,3,9,True,True,2,2,True,10,3,0.3,0.028546546193605016,0.30833333333333335,True
e7d79824ff865be0,Paris,breakfast,2016Q4,2016Q3,0.15555555555555567,8,5,5,9,True,True,2,2,True,10,2,0.2,-0.0026143301143301103,0.2575757575757577,True
e7d79824ff865be0,Paris,cleanliness,2016Q3,2016Q2,0.22222222222222232,8,0,4,9,True,True,2,2,True,9,3,0.3333333333333333,0.09779240367475667,0.2941176470588236,True
e7d79824ff865be0,Paris,room,2016Q3,2016Q2,0.1875,22,14,4,9,True,True,2,2,True,9,3,0.3333333333333333,0.0615708945348047,0.25,True
e7d79824ff865be0,Paris,service,2016Q1,2015Q4,0.18333333333333335,6,5,2,9,True,True,2,2,True,9,1,0.1111111111111111,-0.03225937938528239,0.38655462184873945,True
e7e84dff1eb2db10,Barcelona,breakfast,2016Q2,2016Q1,0.25396825396825395,11,8,3,9,True,True,2,2,True,9,2,0.2222222222222222,-0.053100013192725976,0.21904761904761916,True
e7e84dff1eb2db10,Barcelona,cleanliness,2016Q2,2016Q1,0.213903743315508,12,7,3,9,True,True,2,2,True,9,3,0.3333333333333333,0.005516709368330918,0.1859070464767616,True
e7e84dff1eb2db10,Barcelona,noise,2016Q3,2016Q2,0.34509803921568627,5,7,4,9,True,True,2,2,True,9,1,0.1111111111111111,-0.03781189074713623,0.16835016835016847,True
e7e84dff1eb2db10,Barcelona,room,2016Q3,2016Q2,0.1909090909090908,23,30,4,9,True,True,2,2,True,9,0,0.0,-0.0702629464260928,0.1272727272727272,True
e7e84dff1eb2db10,Barcelona,room,2017Q1,2016Q4,0.2020202020202021,26,12,6,9,True,True,2,2,True,9,3,0.3333333333333333,0.03232165008480797,0.2586580086580087,True
e840306ad69ac5f8,London,breakfast,2016Q1,2015Q4,0.20350877192982453,9,20,2,9,True,True,2,2,True,10,2,0.2,0.03784480545728534,0.26315789473684215,True
e840306ad69ac5f8,London,breakfast,2016Q4,2016Q3,0.17481481481481476,17,15,5,9,True,True,2,2,True,10,2,0.2,-0.10160345547880882,0.33333333333333326,True
e840306ad69ac5f8,London,cleanliness,2016Q3,2016Q2,0.23111111111111127,15,17,4,9,True,True,2,2,True,10,1,0.1,0.005310036541410945,0.16458196181698492,True
e840306ad69ac5f8,London,cleanliness,2017Q1,2016Q4,0.30434782608695654,13,12,6,9,True,True,2,2,True,10,4,0.4,0.052323710671260584,0.3911111111111112,True
e840306ad69ac5f8,London,noise,2016Q2,2016Q1,0.22924901185770752,13,12,3,9,True,True,2,2,True,10,1,0.1,0.029674248047030716,0.1523809523809524,True
e840306ad69ac5f8,London,service,2016Q1,2015Q4,0.17668776371308015,69,86,2,9,True,True,2,2,True,10,2,0.2,0.06381612076515997,0.2218246869409659,True
e840306ad69ac5f8,London,service,2017Q1,2016Q4,0.2647058823529411,58,54,6,9,True,True,2,2,True,10,2,0.2,0.016657475586215977,0.2222222222222221,True
e840306ad69ac5f8,London,value,2016Q2,2016Q1,0.1767676767676768,26,12,3,9,True,True,2,2,True,10,2,0.2,-0.10498034414191255,0.4545454545454546,True
e8466803c130dd5d,London,noise,2017Q1,2016Q4,0.1777777777777778,8,10,6,5,True,True,2,2,True,9,4,0.4444444444444444,0.0676361510081776,0.4396284829721363,True
e89a7934c652fc08,Amsterdam,breakfast,2016Q2,2016Q1,0.2840579710144928,13,5,3,9,True,True,2,2,True,9,0,0.0,-0.04074058055556667,0.06382978723404253,True
e89a7934c652fc08,Amsterdam,breakfast,2016Q4,2016Q3,0.25,14,10,5,9,True,True,2,2,True,10,1,0.1,-0.07958646684020962,0.33333333333333337,True
e89a7934c652fc08,Amsterdam,location,2016Q2,2016Q1,0.24777327935222682,55,9,3,9,True,True,2,2,True,9,3,0.3333333333333333,0.07143526531748834,0.4173913043478261,True
e89a7934c652fc08,Amsterdam,service,2016Q2,2016Q1,0.21518054532056008,49,13,3,9,True,True,2,2,True,9,3,0.3333333333333333,0.05259265924414964,0.3844476744186047,True
e89a7934c652fc08,Amsterdam,service,2016Q3,2016Q2,0.29707241910631743,45,49,4,9,True,True,2,2,True,9,0,0.0,-0.0622567669426598,0.130781499202552,True
e89a7934c652fc08,Amsterdam,value,2016Q3,2016Q2,0.1523809523809524,25,11,4,9,True,True,2,2,True,9,5,0.5555555555555556,0.18727134757033415,0.4226579520697168,True
e8b82d3d036ea3dc,Paris,cleanliness,2016Q3,2016Q2,0.27180527383367137,19,7,4,9,True,True,2,2,True,10,4,0.4,0.11908895026542084,0.2857142857142858,True
e8b82d3d036ea3dc,Paris,location,2016Q1,2015Q4,0.26666666666666683,20,8,2,9,True,True,2,2,True,8,2,0.25,-0.012021523340558601,0.37662337662337675,True
e8b82d3d036ea3dc,Paris,location,2016Q3,2016Q2,0.160427807486631,23,7,4,9,True,True,2,2,True,10,2,0.2,0.04284041258457274,0.23076923076923084,True
e8b82d3d036ea3dc,Paris,noise,2016Q3,2016Q2,0.3666666666666666,5,2,4,9,True,True,2,2,True,10,1,0.1,0.02825507825507826,0.16666666666666674,True
e8b82d3d036ea3dc,Paris,room,2016Q3,2016Q2,0.20168067226890762,41,18,4,9,True,True,2,2,True,10,2,0.2,0.023992872932312635,0.22549019607843135,True
e8b82d3d036ea3dc,Paris,room,2017Q1,2016Q4,0.21994884910485935,7,13,6,9,True,True,2,2,True,10,2,0.2,-0.03072778099093887,0.2909090909090909,True
e8b82d3d036ea3dc,Paris,value,2016Q3,2016Q2,0.2666666666666666,5,5,4,9,True,True,2,2,True,10,1,0.1,-0.06371221915339562,0.16993464052287588,True
e9109fdbe4240a71,London,breakfast,2016Q1,2015Q4,0.17732558139534893,33,22,2,9,True,True,2,2,True,9,3,0.3333333333333333,0.11807433231710027,0.5098039215686274,True
e9109fdbe4240a71,London,cleanliness,2016Q1,2015Q4,0.18893387314439947,28,29,2,9,True,True,2,2,True,9,1,0.1111111111111111,-0.00012926613096392932,0.2914979757085021,True
e9109fdbe4240a71,London,noise,2016Q3,2016Q2,0.29807692307692313,29,22,4,9,True,True,2,2,True,10,1,0.1,-0.050393535399256215,0.18181818181818177,True
e9109fdbe4240a71,London,room,2016Q1,2015Q4,0.24453781512605044,130,92,2,9,True,True,2,2,True,9,3,0.3333333333333333,0.05707503894961393,0.2356979405034324,True
e9109fdbe4240a71,London,room,2016Q3,2016Q2,0.16767676767676765,188,155,4,9,True,True,2,2,True,10,0,0.0,-0.06254408021243794,0.13267813267813267,True
e9109fdbe4240a71,London,value,2016Q1,2015Q4,0.5194805194805194,23,25,2,9,True,True,2,2,True,9,2,0.2222222222222222,0.05957627286895581,0.5151515151515151,True
e92ac218fdf61ef5,Paris,location,2016Q3,2016Q2,0.2364532019704435,19,11,4,9,True,True,2,2,True,9,2,0.2222222222222222,0.08263910488423232,0.47159090909090917,True
e92ac218fdf61ef5,Paris,location,2017Q1,2016Q4,0.1785714285714286,14,11,6,9,True,True,2,2,True,10,0,0.0,-0.035679586667202765,0.12605042016806722,True
e92ac218fdf61ef5,Paris,room,2016Q2,2016Q1,0.2633228840125391,12,19,3,9,True,True,2,2,True,7,0,0.0,-0.03440590396373971,0.07692307692307687,True
e92ac218fdf61ef5,Paris,room,2017Q1,2016Q4,0.1678321678321678,16,12,6,9,True,True,2,2,True,10,0,0.0,-0.024884116794917876,0.07999999999999996,True
e92ac218fdf61ef5,Paris,service,2016Q1,2015Q4,0.26923076923076916,14,16,2,9,True,True,2,2,True,5,0,0.0,-0.014215842636895282,0.10526315789473673,True
e957e4ce93650782,Paris,location,2016Q1,2015Q4,0.26315789473684204,9,2,2,9,True,True,2,2,True,6,1,0.16666666666666666,-0.04416684679842572,0.23076923076923084,True
e957e4ce93650782,Paris,service,2016Q4,2016Q3,0.2450980392156863,7,2,5,9,True,True,2,2,True,10,0,0.0,-0.11275418418100173,0.13765182186234814,True
e99702a9a074531a,Vienna,breakfast,2016Q4,2016Q3,0.17004048582995956,16,9,5,9,True,True,2,2,True,10,1,0.1,0.012374596417743477,0.43333333333333335,True
e99702a9a074531a,Vienna,location,2016Q3,2016Q2,0.3571428571428572,10,4,4,9,True,True,2,2,True,10,3,0.3,0.04129184822909062,0.2597402597402596,True
e99702a9a074531a,Vienna,noise,2016Q3,2016Q2,0.33333333333333326,5,0,4,9,True,True,2,2,True,10,1,0.1,0.0424998211507163,0.16666666666666674,True
e99702a9a074531a,Vienna,service,2016Q4,2016Q3,0.18666666666666676,15,11,5,9,True,True,2,2,True,10,0,0.0,-0.11173417208291617,-0.010893246187363648,True
e9ee294ff5920e69,London,breakfast,2016Q3,2016Q2,0.2807017543859649,32,47,4,9,True,True,2,2,True,10,1,0.1,-0.10679846566184192,0.3445378151260504,True
e9ee294ff5920e69,London,cleanliness,2016Q4,2016Q3,0.22630992196209587,29,36,5,9,True,True,2,2,True,10,1,0.1,-0.0014893860043929009,0.15384615384615374,True
e9ee294ff5920e69,London,noise,2016Q1,2015Q4,0.35828877005347604,12,7,2,9,True,True,2,2,True,10,1,0.1,0.007380534504459735,0.1678321678321677,True
e9ee294ff5920e69,London,room,2016Q1,2015Q4,0.18611929307805597,102,87,2,9,True,True,2,2,True,10,3,0.3,0.08636439929542385,0.42481203007518786,True
e9ee294ff5920e69,London,service,2016Q3,2016Q2,0.22577319587628852,87,70,4,9,True,True,2,2,True,10,0,0.0,-0.1480010077404092,0.023809523809523725,True
e9ee294ff5920e69,London,value,2017Q1,2016Q4,0.2857142857142857,11,18,6,9,True,True,2,2,True,10,6,0.6,0.20856464648169712,0.4999999999999999,True
ea528a31020a70b0,London,breakfast,2017Q1,2016Q4,0.3941176470588236,10,7,6,6,True,True,2,2,True,8,1,0.125,0.012553429984196104,0.3472222222222222,True
ea528a31020a70b0,London,cleanliness,2017Q1,2016Q4,0.24242424242424243,8,12,6,6,True,True,2,2,True,8,1,0.125,0.03653453528178263,0.30877192982456125,True
ea528a31020a70b0,London,service,2017Q1,2016Q4,0.2407407407407407,50,44,6,6,True,True,2,2,True,8,2,0.25,0.021825156283203334,0.17999999999999994,True
ea9ea5c90347d5f5,Paris,cleanliness,2016Q3,2016Q2,0.19999999999999996,10,4,4,9,True,True,2,2,True,7,0,0.0,-0.07231459017173303,0.09090909090909083,True
ea9ea5c90347d5f5,Paris,location,2016Q2,2016Q1,0.22857142857142865,25,11,3,9,True,True,2,2,True,7,1,0.14285714285714285,0.045466613218714,0.15966386554621836,True
ea9ea5c90347d5f5,Paris,room,2016Q1,2015Q4,0.35776397515527947,13,25,2,9,True,True,2,2,True,7,1,0.14285714285714285,0.023193712079275373,0.25,True
ea9ea5c90347d5f5,Paris,room,2016Q3,2016Q2,0.19617224880382766,56,28,4,9,True,True,2,2,True,7,1,0.14285714285714285,0.002966801865587224,0.27142857142857135,True
ea9ea5c90347d5f5,Paris,value,2016Q2,2016Q1,0.19117647058823528,7,6,3,9,True,True,2,2,True,7,0,0.0,-0.05817991532277248,0.09090909090909083,True
ea9f9db29d79f4af,Barcelona,room,2017Q1,2016Q4,0.20176544766708715,51,29,6,6,True,True,2,2,True,9,1,0.1111111111111111,0.03171719127555945,0.20387096774193547,True
eb1d29d6a778524a,Paris,location,2017Q1,2016Q4,0.3208556149732622,7,1,6,9,True,True,2,2,True,10,2,0.2,0.003897401992128846,0.2564102564102564,True
eb1d29d6a778524a,Paris,room,2016Q3,2016Q2,0.17763157894736836,9,6,4,9,True,True,2,2,True,10,2,0.2,0.04968225910760101,0.25219941348973596,True
eb4d0d18bc56320c,Amsterdam,breakfast,2017Q1,2016Q4,0.1792114695340501,21,8,6,9,True,True,2,2,True,10,0,0.0,-0.07763129371494139,0.14761904761904765,True
eb4d0d18bc56320c,Amsterdam,cleanliness,2016Q4,2016Q3,0.33333333333333326,17,8,5,9,True,True,2,2,True,10,2,0.2,0.06209836607956119,0.24148606811145523,True
eb4d0d18bc56320c,Amsterdam,room,2016Q1,2015Q4,0.15708812260536398,48,44,2,9,True,True,2,2,True,9,2,0.2222222222222222,0.03560174255028744,0.1767626613704072,True
eb4d0d18bc56320c,Amsterdam,room,2016Q4,2016Q3,0.24716981132075477,43,30,5,9,True,True,2,2,True,10,1,0.1,0.058968004382918035,0.42285714285714293,True
eb4d0d18bc56320c,Amsterdam,service,2016Q4,2016Q3,0.16179337231968804,28,17,5,9,True,True,2,2,True,10,1,0.1,-0.029026446294622386,0.22651222651222636,True
eb4d0d18bc56320c,Amsterdam,service,2017Q1,2016Q4,0.17894736842105274,50,28,6,9,True,True,2,2,True,10,5,0.5,0.0907092690012101,0.26190476190476186,True
eb4e953df9ce0ab8,Vienna,breakfast,2016Q3,2016Q2,0.18181818181818188,12,2,4,8,True,True,2,2,True,10,1,0.1,-0.07025017585089903,0.17813765182186225,True
eb4e953df9ce0ab8,Vienna,location,2016Q2,2016Q1,0.16842105263157903,9,5,3,8,True,True,2,2,True,10,0,0.0,-0.029117806369657218,0.12605042016806722,True
eb4e953df9ce0ab8,Vienna,location,2016Q3,2016Q2,0.15157894736842104,15,9,4,8,True,True,2,2,True,10,2,0.2,0.0742970292776449,0.29065040650406493,True
eb4e953df9ce0ab8,Vienna,room,2016Q4,2016Q3,0.1523809523809524,5,25,5,8,True,True,2,2,True,10,2,0.2,-0.049771634241767615,0.36956521739130443,True
eb4e953df9ce0ab8,Vienna,service,2016Q2,2016Q1,0.2941176470588236,7,4,3,8,True,True,2,2,True,10,0,0.0,-0.055440973976443084,0.11904761904761907,True
eb4e953df9ce0ab8,Vienna,service,2016Q3,2016Q2,0.16742081447963786,16,7,4,8,True,True,2,2,True,10,5,0.5,0.10672267071570803,0.3055555555555556,True
eb525315ef4bfaeb,Paris,cleanliness,2016Q3,2016Q2,0.33333333333333326,11,0,4,9,True,True,2,2,True,10,2,0.2,0.00916234575771746,0.5111111111111111,True
eb525315ef4bfaeb,Paris,location,2016Q1,2015Q4,0.20454545454545459,12,6,2,9,True,True,2,2,True,8,2,0.25,0.05239349503072677,0.2777777777777777,True
eb525315ef4bfaeb,Paris,location,2016Q3,2016Q2,0.29761904761904745,14,4,4,9,True,True,2,2,True,10,1,0.1,0.012142197891750172,0.36923076923076925,True
eb525315ef4bfaeb,Paris,room,2016Q1,2015Q4,0.2250000000000001,10,6,2,9,True,True,2,2,True,8,4,0.5,0.16026773379238554,0.35164835164835173,True
eb525315ef4bfaeb,Paris,service,2016Q4,2016Q3,0.19826086956521727,13,15,5,9,True,True,2,2,True,10,1,0.1,-0.065845143944275,0.26595744680851063,True
ebaee218190160d2,London,breakfast,2016Q4,2016Q3,0.2222222222222222,8,8,5,9,True,True,2,2,True,7,3,0.42857142857142855,-0.03598946910142352,0.31932773109243695,True
ebaee218190160d2,London,cleanliness,2016Q3,2016Q2,0.2769230769230768,10,3,4,9,True,True,2,2,True,7,2,0.2857142857142857,0.06977762558690581,0.41025641025641013,True
ebaee218190160d2,London,location,2017Q1,2016Q4,0.18181818181818166,12,12,6,9,True,True,2,2,True,8,1,0.125,-0.00596166744176288,0.3050239234449761,True
ebaee218190160d2,London,noise,2016Q3,2016Q2,0.23076923076923073,10,3,4,9,True,True,2,2,True,7,0,0.0,-0.13048389358364962,-0.03409090909090917,True
ebaee218190160d2,London,room,2016Q2,2016Q1,0.23251231527093608,25,19,3,9,True,True,2,2,True,7,1,0.14285714285714285,0.044831061554408004,0.282258064516129,True
ebaee218190160d2,London,service,2016Q2,2016Q1,0.1696969696969699,23,20,3,9,True,True,2,2,True,7,4,0.5714285714285714,0.07674282775571248,0.36003445305770887,True
ebaee218190160d2,London,value,2016Q1,2015Q4,0.44166666666666665,5,6,2,9,True,True,2,2,True,7,1,0.14285714285714285,-0.03212642544940679,0.30434782608695654,True
ebb06ac568f67181,Paris,breakfast,2017Q1,2016Q4,0.22745098039215694,7,5,6,9,True,True,2,2,True,9,1,0.1111111111111111,-0.06712791565732742,0.2575757575757577,True
ebb06ac568f67181,Paris,location,2017Q1,2016Q4,0.26190476190476186,11,2,6,9,True,True,2,2,True,9,2,0.2222222222222222,0.017443293458907962,0.23076923076923084,True
ebb06ac568f67181,Paris,room,2016Q1,2015Q4,0.25339366515837103,7,3,2,9,True,True,2,2,True,8,2,0.25,0.05602284607419396,0.1678321678321678,True
ebb06ac568f67181,Paris,room,2017Q1,2016Q4,0.17261904761904767,11,6,6,9,True,True,2,2,True,9,2,0.2222222222222222,-0.03765667866999553,0.23448275862068957,True
ebb06ac568f67181,Paris,service,2016Q3,2016Q2,0.2909090909090909,5,1,4,9,True,True,2,2,True,9,4,0.4444444444444444,0.059757372257372245,0.22307692307692317,True
ebe541c183b41f92,Amsterdam,breakfast,2016Q1,2015Q4,0.32499999999999996,6,10,2,9,True,True,2,2,True,10,6,0.6,0.2524899274826633,0.6956521739130433,True
ebe541c183b41f92,Amsterdam,breakfast,2016Q4,2016Q3,0.5507246376811593,11,13,5,9,True,True,2,2,True,10,2,0.2,-0.021859272696447607,0.32567049808429127,True
ebe541c183b41f92,Amsterdam,location,2016Q4,2016Q3,0.22710622710622697,32,29,5,9,True,True,2,2,True,10,0,0.0,-0.0766730181213506,0.0888888888888888,True
ebe541c183b41f92,Amsterdam,noise,2016Q2,2016Q1,0.19580419580419584,12,3,3,9,True,True,2,2,True,10,4,0.4,0.11365947614601542,0.3003952569169961,True
ebe541c183b41f92,Amsterdam,room,2016Q2,2016Q1,0.1724137931034483,44,19,3,9,True,True,2,2,True,10,1,0.1,-0.011014929398415852,0.15238095238095228,True
ebe541c183b41f92,Amsterdam,service,2016Q1,2015Q4,0.28965517241379324,20,19,2,9,True,True,2,2,True,10,4,0.4,0.050588395869494415,0.20097560975609752,True
ebe541c183b41f92,Amsterdam,value,2016Q4,2016Q3,0.368421052631579,6,9,5,9,True,True,2,2,True,10,0,0.0,-0.05457281978354371,0.13809523809523816,True
ec1b0aa6168e9fb5,Milan,breakfast,2016Q3,2016Q2,0.1607142857142858,6,18,4,9,True,True,2,2,True,10,2,0.2,-0.0016555400770769558,0.16666666666666674,True
ec1b0aa6168e9fb5,Milan,cleanliness,2016Q2,2016Q1,0.24242424242424243,5,1,3,9,True,True,2,2,True,9,1,0.1111111111111111,-0.022495804848746012,0.23076923076923084,True
ec1b0aa6168e9fb5,Milan,location,2016Q2,2016Q1,0.4285714285714286,18,4,3,9,True,True,2,2,True,9,2,0.2222222222222222,0.07617330450663785,0.31235431235431244,True
ec1b0aa6168e9fb5,Milan,noise,2016Q2,2016Q1,0.33333333333333326,8,0,3,9,True,True,2,2,True,9,3,0.3333333333333333,0.09564270152505447,0.47619047619047616,True
ec1b0aa6168e9fb5,Milan,room,2016Q2,2016Q1,0.1983193277310924,25,7,3,9,True,True,2,2,True,9,1,0.1111111111111111,-0.04828889885100815,0.1661661661661662,True
ec1b0aa6168e9fb5,Milan,room,2016Q3,2016Q2,0.15952380952380962,14,25,4,9,True,True,2,2,True,10,2,0.2,0.05196047743302148,0.2857142857142857,True
ec1b0aa6168e9fb5,Milan,service,2016Q2,2016Q1,0.20740740740740748,17,5,3,9,True,True,2,2,True,9,0,0.0,-0.03483306665547373,0.11067193675889331,True
ec330949450d158a,Amsterdam,location,2016Q4,2016Q3,0.19047619047619047,5,4,5,9,True,True,2,2,True,9,0,0.0,0.008722706100846626,0.14438063986874505,True
ec330949450d158a,Amsterdam,room,2016Q2,2016Q1,0.24137931034482762,19,10,3,9,True,True,2,2,True,8,1,0.125,-0.04762116551653256,0.228937728937729,True
ec330949450d158a,Amsterdam,service,2017Q1,2016Q4,0.24019607843137258,14,7,6,9,True,True,2,2,True,9,2,0.2222222222222222,0.023705117996006164,0.1977094635322485,True
ec52fa93b58fade5,London,service,2016Q1,2015Q4,0.2255639097744362,9,4,2,9,True,True,2,2,True,10,4,0.4,0.03851186525376615,0.2142857142857142,True
ec5f50113df82af4,Vienna,breakfast,2016Q4,2016Q3,0.19999999999999996,5,6,5,9,True,True,2,2,True,10,2,0.2,-0.00285434299391184,0.22956521739130453,True
ec5f50113df82af4,Vienna,cleanliness,2016Q3,2016Q2,0.5238095238095237,11,0,4,9,True,True,2,2,True,10,1,0.1,-0.08456055333195049,0.1806451612903226,True
ec5f50113df82af4,Vienna,cleanliness,2017Q1,2016Q4,0.15636363636363648,15,12,6,9,True,True,2,2,True,10,3,0.3,-0.03162698355422814,0.17647058823529416,True
ec5f50113df82af4,Vienna,location,2017Q1,2016Q4,0.18981481481481488,22,17,6,9,True,True,2,2,True,10,3,0.3,0.0072727093006214934,0.23684210526315796,True
ec5f50113df82af4,Vienna,noise,2017Q1,2016Q4,0.25263157894736843,5,9,6,9,True,True,2,2,True,10,1,0.1,-0.07731933700973945,0.2575757575757577,True
ec5f50113df82af4,Vienna,service,2017Q1,2016Q4,0.2904411764705883,24,22,6,9,True,True,2,2,True,10,1,0.1,0.02154867984717764,0.43666666666666676,True
ec5f50113df82af4,Vienna,value,2016Q4,2016Q3,0.22456140350877196,5,9,5,9,True,True,2,2,True,10,1,0.1,-0.029773048932491653,0.21978021978021978,True
ec9c6a79580b41bd,Paris,location,2017Q1,2016Q4,0.20105820105820094,17,11,6,5,True,True,2,2,True,9,0,0.0,-0.008498788829115157,0.11764705882352944,True
ed2298b584baa353,London,room,2017Q1,2016Q4,0.16117216117216127,11,3,6,9,True,True,2,2,True,8,1,0.125,-0.05378316423804275,0.15171592347204643,True
ed300a4eb5940ba8,Barcelona,breakfast,2016Q2,2016Q1,0.19999999999999996,5,2,3,9,True,True,2,2,True,10,4,0.4,0.07621695367450884,0.40245775729646693,True
ed300a4eb5940ba8,Barcelona,breakfast,2016Q4,2016Q3,0.33333333333333326,10,5,5,9,True,True,2,2,True,10,2,0.2,-0.07183136354899884,0.36086607858861264,True
ed300a4eb5940ba8,Barcelona,cleanliness,2016Q2,2016Q1,0.27368421052631575,9,5,3,9,True,True,2,2,True,10,0,0.0,-0.07714884735757606,0.0959595959595958,True
ed300a4eb5940ba8,Barcelona,service,2017Q1,2016Q4,0.18055555555555558,17,22,6,9,True,True,2,2,True,10,2,0.2,0.06683310458722402,0.4444444444444444,True
ed300a4eb5940ba8,Barcelona,value,2017Q1,2016Q4,0.3666666666666666,5,2,6,9,True,True,2,2,True,10,2,0.2,0.08589444868856631,0.31428571428571417,True
ed59fc92498c2855,Vienna,breakfast,2016Q1,2015Q4,0.19047619047619047,11,8,2,9,True,True,2,2,True,10,1,0.1,0.03667572127086497,0.16666666666666663,True
ed59fc92498c2855,Vienna,service,2016Q3,2016Q2,0.2058823529411764,14,7,4,9,True,True,2,2,True,10,4,0.4,0.14425931977940448,0.4201680672268906,True
ed5e1ae6b955914f,Paris,room,2016Q3,2016Q2,0.2857142857142858,18,12,4,8,True,True,2,2,True,8,3,0.375,0.01205182282634519,0.2989214175654855,True
edd4838d778834f5,Milan,location,2016Q2,2016Q1,0.4329004329004329,11,1,3,9,True,True,2,2,True,10,1,0.1,-0.009478121358859726,0.2222222222222221,True
edd4838d778834f5,Milan,service,2016Q2,2016Q1,0.19999999999999996,5,2,3,9,True,True,2,2,True,10,1,0.1,-0.02261133733603633,0.1841432225063937,True
edd4838d778834f5,Milan,service,2016Q3,2016Q2,0.27368421052631575,9,5,4,9,True,True,2,2,True,10,3,0.3,0.02801092780018921,0.26497277676951003,True
ee01c71902dd3c79,London,cleanliness,2017Q1,2016Q4,0.3911111111111112,15,8,6,9,True,True,2,2,True,10,2,0.2,-0.012406586247389828,0.30434782608695654,True
ee01c71902dd3c79,London,noise,2016Q3,2016Q2,0.15277777777777768,6,8,4,9,True,True,2,2,True,10,0,0.0,-0.021235883445455885,0.125,True
ee01c71902dd3c79,London,room,2016Q2,2016Q1,0.18518518518518523,62,44,3,9,True,True,2,2,True,10,0,0.0,-0.00619282468832838,0.09306370950206566,True
ee01c71902dd3c79,London,value,2016Q1,2015Q4,0.3913043478260869,12,13,2,9,True,True,2,2,True,10,2,0.2,0.032651268630862276,0.46185997910135845,True
ee886e09daaed099,London,location,2016Q2,2016Q1,0.24242424242424243,5,1,3,8,True,True,2,2,True,9,2,0.2222222222222222,0.010585337484271977,0.23076923076923084,True
ee886e09daaed099,London,service,2016Q4,2016Q3,0.22463768115942018,13,2,5,8,True,True,2,2,True,10,6,0.6,0.14959453146773777,0.42773207990599305,True
eed4d8ba917a5ddb,Paris,room,2017Q1,2016Q4,0.2909090909090908,12,5,6,9,True,True,2,2,True,10,3,0.3,0.08428527250794139,0.5320197044334976,True
eed4d8ba917a5ddb,Paris,service,2016Q4,2016Q3,0.19047619047619047,5,4,5,9,True,True,2,2,True,10,1,0.1,-0.0337293581791495,0.31159420289855055,True
eedd52ee1e17424e,London,breakfast,2016Q1,2015Q4,0.19999999999999996,5,8,2,9,True,True,2,2,True,10,5,0.5,0.1539463939043771,0.5126050420168067,True
eedd52ee1e17424e,London,breakfast,2017Q1,2016Q4,0.22222222222222232,8,8,6,9,True,True,2,2,True,10,2,0.2,-0.06837669578281277,0.19999999999999996,True
eedd52ee1e17424e,London,cleanliness,2016Q3,2016Q2,0.2909090909090909,5,1,4,9,True,True,2,2,True,10,2,0.2,-0.03527332544693969,0.17683215130023633,True
eedd52ee1e17424e,London,location,2016Q3,2016Q2,0.27450980392156854,11,7,4,9,True,True,2,2,True,10,5,0.5,0.14050068999358797,0.33484162895927616,True
eedd52ee1e17424e,London,room,2016Q4,2016Q3,0.33739130434782616,13,15,5,9,True,True,2,2,True,10,2,0.2,-0.02627568444969658,0.44700460829493094,True
eedd52ee1e17424e,London,service,2016Q3,2016Q2,0.1535087719298247,14,9,4,9,True,True,2,2,True,10,2,0.2,0.026739719796205964,0.314102564102564,True
ef0bf6749591508d,Vienna,breakfast,2016Q3,2016Q2,0.2333333333333334,10,5,4,9,True,True,2,2,True,10,1,0.1,-0.05292455417899761,0.4476190476190476,True
ef0bf6749591508d,Vienna,breakfast,2017Q1,2016Q4,0.25,10,6,6,9,True,True,2,2,True,10,1,0.1,-0.019122223565621054,0.23011583011583014,True
ef0bf6749591508d,Vienna,cleanliness,2016Q3,2016Q2,0.375,6,2,4,9,True,True,2,2,True,10,3,0.3,0.01132301159097363,0.26900584795321647,True
ef0bf6749591508d,Vienna,room,2016Q4,2016Q3,0.24979321753515316,29,21,5,9,True,True,2,2,True,10,1,0.1,-0.0361077842687282,0.3977272727272727,True
ef0bf6749591508d,Vienna,service,2016Q2,2016Q1,0.23684210526315796,10,9,3,9,True,True,2,2,True,9,1,0.1111111111111111,0.004387397192569,0.375,True
ef610c92db608fd8,Milan,breakfast,2016Q4,2016Q3,0.3208395802098951,13,19,5,9,True,True,2,2,True,10,3,0.3,0.06680772280809448,0.3565217391304347,True
ef610c92db608fd8,Milan,cleanliness,2016Q1,2015Q4,0.2666666666666666,10,5,2,9,True,True,2,2,True,10,0,0.0,-0.08258309193012428,0.10666666666666669,True
ef610c92db608fd8,Milan,location,2016Q2,2016Q1,0.1855072463768117,36,20,3,9,True,True,2,2,True,10,3,0.3,0.0864675044591207,0.3675675675675676,True
ef610c92db608fd8,Milan,room,2017Q1,2016Q4,0.19999999999999996,28,30,6,9,True,True,2,2,True,10,3,0.3,0.08740713135764391,0.2666666666666667,True
ef610c92db608fd8,Milan,service,2016Q2,2016Q1,0.24761904761904763,20,11,3,9,True,True,2,2,True,10,4,0.4,0.0055883105204060255,0.2350000000000001,True
ef610c92db608fd8,Milan,service,2016Q4,2016Q3,0.3313748531139835,13,27,5,9,True,True,2,2,True,10,1,0.1,0.006324756746109117,0.24242424242424243,True
f0179d9287cafcda,London,noise,2017Q1,2016Q4,0.21212121212121215,23,8,6,5,True,True,2,2,True,8,0,0.0,-0.09553199934216025,0.040000000000000036,True
f0179d9287cafcda,London,value,2017Q1,2016Q4,0.4519056261343013,28,19,6,5,True,True,2,2,True,8,2,0.25,0.029898899787708974,0.5833333333333333,True
f02a389723bf350e,Paris,location,2016Q2,2016Q1,0.21510297482837526,13,9,3,9,True,True,2,2,True,9,1,0.1111111111111111,0.026617471758136693,0.4571428571428573,True
f02a389723bf350e,Paris,location,2017Q1,2016Q4,0.2282608695652173,13,6,6,9,True,True,2,2,True,9,0,0.0,-0.04115358500893418,0.1428571428571428,True
f02a389723bf350e,Paris,noise,2016Q2,2016Q1,0.375,6,4,3,9,True,True,2,2,True,9,0,0.0,-0.14230676730676728,-0.013986013986013957,True
f02a389723bf350e,Paris,room,2016Q1,2015Q4,0.19166666666666665,6,5,2,9,True,True,2,2,True,8,1,0.125,0.01182221917516034,0.22857142857142854,True
f02a389723bf350e,Paris,room,2017Q1,2016Q4,0.25185185185185177,17,5,6,9,True,True,2,2,True,9,2,0.2222222222222222,0.05047336862030763,0.17836812144212522,True
f02a389723bf350e,Paris,service,2016Q1,2015Q4,0.29807692307692313,6,3,2,9,True,True,2,2,True,8,3,0.375,0.07879484443886065,0.3639846743295019,True
f02a389723bf350e,Paris,service,2017Q1,2016Q4,0.24444444444444446,8,5,6,9,True,True,2,2,True,9,2,0.2222222222222222,0.03539871293494477,0.4444444444444444,True
f0a151f5556059b8,London,breakfast,2017Q1,2016Q4,0.16927899686520376,12,19,6,9,True,True,2,2,True,9,2,0.2222222222222222,0.009057196587027281,0.27329192546583847,True
f0a151f5556059b8,London,cleanliness,2016Q1,2015Q4,0.256578947368421,22,9,2,9,True,True,2,2,True,8,1,0.125,-0.0028777713452726172,0.4285714285714286,True
f0a151f5556059b8,London,location,2016Q1,2015Q4,0.1918103448275863,19,22,2,9,True,True,2,2,True,8,0,0.0,-0.08400987989486736,0.10983981693363831,True
f0a151f5556059b8,London,location,2017Q1,2016Q4,0.21153846153846145,16,30,6,9,True,True,2,2,True,9,1,0.1111111111111111,-0.011678397100757762,0.2944297082228118,True
f0a151f5556059b8,London,noise,2016Q1,2015Q4,0.19166666666666665,5,6,2,9,True,True,2,2,True,8,3,0.375,0.039517753516356974,0.33333333333333337,True
f0a151f5556059b8,London,noise,2016Q2,2016Q1,0.22745098039215694,7,5,3,9,True,True,2,2,True,8,1,0.125,-0.05505308016605831,0.3742690058479533,True
f0a151f5556059b8,London,room,2016Q1,2015Q4,0.3142857142857143,40,25,2,9,True,True,2,2,True,8,1,0.125,0.04187566272237887,0.1535698248765156,True
f0a151f5556059b8,London,service,2016Q4,2016Q3,0.2333333333333334,26,20,5,9,True,True,2,2,True,8,2,0.25,0.0420803418227402,0.3668447694038244,True
f0a151f5556059b8,London,value,2016Q1,2015Q4,0.36024844720496885,11,13,2,9,True,True,2,2,True,8,2,0.25,0.007280772552479928,0.39420289855072466,True
f0b55e6ae180b918,London,breakfast,2017Q1,2016Q4,0.3114754098360655,112,112,6,8,True,True,2,2,True,8,0,0.0,-0.16420462598257096,0.07692307692307687,True
f0b55e6ae180b918,London,cleanliness,2016Q4,2016Q3,0.22285714285714286,60,40,5,8,True,True,2,2,True,7,1,0.14285714285714285,0.040614389096919425,0.35204435204435214,True
f0b55e6ae180b918,London,location,2016Q2,2016Q1,0.2522935779816513,186,99,3,8,True,True,2,2,True,7,0,0.0,-0.03384555683387764,0.08340425531914897,True
f0b55e6ae180b918,London,location,2017Q1,2016Q4,0.23943798449612408,119,150,6,8,True,True,2,2,True,8,1,0.125,0.08905588766177705,0.5319693094629154,True
f0b55e6ae180b918,London,noise,2016Q2,2016Q1,0.45333333333333337,15,5,3,8,True,True,2,2,True,7,1,0.14285714285714285,-0.06040154286833802,0.20612356478950244,True
f0b55e6ae180b918,London,noise,2016Q4,2016Q3,0.22000000000000008,15,10,5,8,True,True,2,2,True,7,2,0.2857142857142857,0.008909484539736612,0.3999999999999999,True
f0bf65bf92b08f38,Barcelona,location,2016Q2,2016Q1,0.3535353535353536,8,1,3,8,True,True,2,2,True,8,5,0.625,0.11388506407061944,0.32000000000000006,True
f0d8502a7bc8df1a,Vienna,breakfast,2016Q2,2016Q1,0.22580645161290325,21,10,3,9,True,True,2,2,True,10,0,0.0,-0.06752067770285894,0.125,True
f0d8502a7bc8df1a,Vienna,breakfast,2017Q1,2016Q4,0.39682539682539675,8,11,6,9,True,True,2,2,True,10,1,0.1,-0.06145006349083976,0.2857142857142856,True
f0d8502a7bc8df1a,Vienna,noise,2016Q1,2015Q4,0.38815789473684204,9,6,2,9,True,True,2,2,True,10,4,0.4,0.0010708898944193246,0.16666666666666674,True
f0d8502a7bc8df1a,Vienna,service,2016Q2,2016Q1,0.2350332594235034,23,31,3,9,True,True,2,2,True,10,3,0.3,0.06985994614632465,0.28676470588235303,True
f16347876ea4e993,Milan,cleanliness,2016Q3,2016Q2,0.1587301587301586,8,4,4,9,True,True,2,2,True,10,2,0.2,0.048221549165571975,0.18181818181818177,True
f16347876ea4e993,Milan,room,2016Q2,2016Q1,0.25,14,14,3,9,True,True,2,2,True,10,3,0.3,-0.06613275685309264,0.2857142857142857,True
f16347876ea4e993,Milan,service,2016Q2,2016Q1,0.2727272727272727,12,12,3,9,True,True,2,2,True,10,2,0.2,0.034197608319136194,0.375,True
f1b1bc40d25c7850,Barcelona,service,2016Q2,2016Q1,0.25,6,0,3,9,True,True,2,2,True,9,3,0.3333333333333333,0.024609035059073168,0.288888888888889,True
f1b6d234f2329148,Milan,breakfast,2016Q4,2016Q3,0.33333333333333326,5,0,5,8,True,True,2,2,True,10,1,0.1,0.0027600945024079506,0.33333333333333337,True
f1b6d234f2329148,Milan,location,2016Q2,2016Q1,0.24242424242424243,5,1,3,8,True,True,2,2,True,10,2,0.2,-0.04608595999412912,0.19696969696969702,True
f1b6d234f2329148,Milan,location,2016Q4,2016Q3,0.16176470588235303,7,6,5,8,True,True,2,2,True,10,0,0.0,-0.04426979129370273,0.10989010989010994,True
f1cc4413ebf22183,London,cleanliness,2016Q2,2016Q1,0.18717948717948718,50,68,3,9,True,True,2,2,True,10,0,0.0,-0.006194714557411563,0.1272727272727272,True
f1cc4413ebf22183,London,cleanliness,2017Q1,2016Q4,0.16296296296296298,50,44,6,9,True,True,2,2,True,10,4,0.4,0.029435344861125146,0.4758454106280192,True
f1cc4413ebf22183,London,noise,2016Q2,2016Q1,0.1968787515006003,39,41,3,9,True,True,2,2,True,10,5,0.5,0.10247541009936283,0.38,True
f1cc4413ebf22183,London,noise,2016Q3,2016Q2,0.29666500746640123,31,39,4,9,True,True,2,2,True,10,2,0.2,-0.035502173845785835,0.23963133640552992,True
f1cc4413ebf22183,London,value,2016Q1,2015Q4,0.20740740740740737,35,17,2,9,True,True,2,2,True,10,4,0.4,-0.020705139227544224,0.36585365853658536,True
f1cc4413ebf22183,London,value,2016Q3,2016Q2,0.15742793791574272,31,34,4,9,True,True,2,2,True,10,1,0.1,-0.03302841388897182,0.2657004830917875,True
f1f104f375ee4ee8,London,cleanliness,2016Q1,2015Q4,0.29714285714285715,15,18,2,9,True,True,2,2,True,9,0,0.0,-0.07063007892115403,0.1499999999999999,True
f1f104f375ee4ee8,London,cleanliness,2016Q4,2016Q3,0.4069264069264069,12,11,5,9,True,True,2,2,True,10,0,0.0,-0.07566421172812152,0.13157894736842102,True
f1f104f375ee4ee8,London,location,2016Q4,2016Q3,0.16018610834164182,49,41,5,9,True,True,2,2,True,10,2,0.2,0.0005121052520896785,0.3216783216783218,True
f1f104f375ee4ee8,London,room,2016Q1,2015Q4,0.15500000000000003,70,90,2,9,True,True,2,2,True,9,2,0.2222222222222222,0.07364805472709952,0.2222222222222222,True
f1f104f375ee4ee8,London,service,2016Q4,2016Q3,0.18764568764568756,56,42,5,9,True,True,2,2,True,10,1,0.1,0.0020891587359702867,0.16959064327485396,True
f1f104f375ee4ee8,London,value,2017Q1,2016Q4,0.4912280701754387,9,11,6,9,True,True,2,2,True,10,1,0.1,-0.015656739474183713,0.25757575757575746,True
f22337f6948b495f,Barcelona,breakfast,2016Q4,2016Q3,0.2941970310391362,28,29,5,9,True,True,2,2,True,9,1,0.1111111111111111,-0.05887394740335916,0.24285714285714277,True
f22337f6948b495f,Barcelona,cleanliness,2016Q1,2015Q4,0.4593301435406699,9,1,2,9,True,True,2,2,True,9,3,0.3333333333333333,0.045778703866939136,0.2536764705882353,True
f22337f6948b495f,Barcelona,cleanliness,2017Q1,2016Q4,0.19191919191919204,17,12,6,9,True,True,2,2,True,9,4,0.4444444444444444,0.0874947029409272,0.33333333333333337,True
f22337f6948b495f,Barcelona,location,2016Q1,2015Q4,0.18840579710144945,26,13,2,9,True,True,2,2,True,9,2,0.2222222222222222,0.04561532279394003,0.2538699690402477,True
f22337f6948b495f,Barcelona,noise,2016Q1,2015Q4,0.28409090909090917,6,1,2,9,True,True,2,2,True,9,2,0.2222222222222222,0.015055315055315037,0.23076923076923073,True
f22337f6948b495f,Barcelona,value,2016Q4,2016Q3,0.19117647058823528,7,6,5,9,True,True,2,2,True,9,1,0.1111111111111111,-0.056057939881469294,0.15714285714285714,True
f2775c4c9a84053d,Paris,breakfast,2016Q4,2016Q3,0.4807692307692307,6,3,5,9,True,True,2,2,True,10,0,0.0,-0.05236013986013986,0.1428571428571428,True
f2775c4c9a84053d,Paris,location,2016Q4,2016Q3,0.32352941176470584,18,7,5,9,True,True,2,2,True,10,0,0.0,-0.08899480835404823,0.14035087719298245,True
f2775c4c9a84053d,Paris,room,2016Q3,2016Q2,0.15263157894736834,9,10,4,9,True,True,2,2,True,10,3,0.3,0.08822548521061108,0.33333333333333326,True
f2775c4c9a84053d,Paris,service,2016Q2,2016Q1,0.22857142857142865,11,5,3,9,True,True,2,2,True,9,0,0.0,-0.06374007101806993,0.03409090909090917,True
f31bd12ab79f4aae,Paris,cleanliness,2016Q1,2015Q4,0.2941176470588236,7,0,2,9,True,True,2,2,True,8,2,0.25,0.050228679988741906,0.2575757575757577,True
f31bd12ab79f4aae,Paris,value,2016Q4,2016Q3,0.20952380952380956,5,4,5,9,True,True,2,2,True,9,1,0.1111111111111111,0.012755871579400958,0.2435897435897435,True
f3241063a0b6eede,Paris,location,2016Q2,2016Q1,0.15909090909090917,6,1,3,9,True,True,2,2,True,7,0,0.0,-0.07762712495131775,0.13986013986014,True
f3241063a0b6eede,Paris,location,2016Q4,2016Q3,0.16190476190476177,10,11,5,9,True,True,2,2,True,10,4,0.4,0.0356860459801636,0.28205128205128216,True
f35768eaa92e5222,Paris,room,2016Q3,2016Q2,0.25,6,8,4,9,True,True,2,2,True,10,2,0.2,-0.0293045786196481,0.33333333333333326,True
f368a6644a2c1729,Paris,location,2016Q2,2016Q1,0.16666666666666652,5,2,3,9,True,True,2,2,True,9,4,0.4444444444444444,0.04649600580973128,0.20833333333333326,True
f368a6644a2c1729,Paris,service,2016Q3,2016Q2,0.2236842105263157,9,6,4,9,True,True,2,2,True,10,3,0.3,0.024368154527221363,0.4444444444444444,True
f39416febaf257a7,Amsterdam,breakfast,2016Q1,2015Q4,0.16410256410256407,5,3,2,9,True,True,2,2,True,9,2,0.2222222222222222,-0.05638746956151719,0.2917647058823529,True
f39416febaf257a7,Amsterdam,cleanliness,2017Q1,2016Q4,0.3742690058479533,17,9,6,9,True,True,2,2,True,10,1,0.1,-0.032806679833129605,0.31313131313131326,True
f39416febaf257a7,Amsterdam,location,2016Q3,2016Q2,0.30255839822024466,21,19,4,9,True,True,2,2,True,10,3,0.3,0.05159888381416646,0.21367521367521358,True
f39416febaf257a7,Amsterdam,room,2016Q1,2015Q4,0.19999999999999996,26,25,2,9,True,True,2,2,True,9,4,0.4444444444444444,0.12659312370106918,0.2940721649484537,True
f39416febaf257a7,Amsterdam,room,2017Q1,2016Q4,0.16207759699624535,58,37,6,9,True,True,2,2,True,10,1,0.1,0.013167875876322122,0.5777777777777777,True
f39684512b07336a,Paris,location,2016Q3,2016Q2,0.16666666666666674,26,14,4,9,True,True,2,2,True,9,2,0.2222222222222222,0.05192522750520068,0.375,True
f39684512b07336a,Paris,room,2016Q3,2016Q2,0.4976076555023924,28,12,4,9,True,True,2,2,True,9,2,0.2222222222222222,0.0438905140262584,0.23376623376623373,True
f39684512b07336a,Paris,service,2016Q1,2015Q4,0.2564784053156146,33,25,2,9,True,True,2,2,True,8,1,0.125,-0.023944679546459735,0.2857142857142858,True
f39684512b07336a,Paris,value,2016Q4,2016Q3,0.2222222222222222,8,8,5,9,True,True,2,2,True,10,1,0.1,-0.02984931734931736,0.1607142857142857,True
f3ae035d8869555c,Vienna,cleanliness,2016Q2,2016Q1,0.5,6,6,3,9,True,True,2,2,True,8,0,0.0,-0.025311705838021628,0.09090909090909094,True
f3ae035d8869555c,Vienna,room,2016Q2,2016Q1,0.18181818181818177,12,12,3,9,True,True,2,2,True,8,1,0.125,0.011517310319928573,0.18181818181818177,True
f3ae035d8869555c,Vienna,service,2016Q2,2016Q1,0.17647058823529416,7,10,3,9,True,True,2,2,True,8,2,0.25,0.04747950331831918,0.23076923076923084,True
f3da10a4d3bd19c8,Vienna,cleanliness,2016Q2,2016Q1,0.33333333333333326,10,5,3,9,True,True,2,2,True,10,2,0.2,-0.012053049289891404,0.2941176470588236,True
f3da10a4d3bd19c8,Vienna,cleanliness,2016Q4,2016Q3,0.16965352449223414,21,17,5,9,True,True,2,2,True,10,1,0.1,-0.031165327274613443,0.23076923076923084,True
f3da10a4d3bd19c8,Vienna,room,2016Q2,2016Q1,0.19047619047619047,32,20,3,9,True,True,2,2,True,10,2,0.2,-0.012732582447662667,0.4365079365079364,True
f3da10a4d3bd19c8,Vienna,service,2016Q3,2016Q2,0.15934065934065944,42,18,4,9,True,True,2,2,True,10,4,0.4,0.07619577233289425,0.2564784053156146,True
f3da10a4d3bd19c8,Vienna,service,2017Q1,2016Q4,0.276086956521739,30,36,6,9,True,True,2,2,True,9,3,0.3333333333333333,0.04982526630408904,0.31493506493506507,True
f3da10a4d3bd19c8,Vienna,value,2017Q1,2016Q4,0.22736842105263155,9,15,6,9,True,True,2,2,True,9,4,0.4444444444444444,0.14360877813899753,0.6267942583732057,True
f3e9fb2feeb21155,Milan,location,2016Q4,2016Q3,0.16666666666666652,5,2,5,9,True,True,2,2,True,10,3,0.3,0.029327545457825944,0.3411764705882352,True
f3e9fb2feeb21155,Milan,service,2016Q4,2016Q3,0.24242424242424243,5,1,5,9,True,True,2,2,True,10,1,0.1,0.0367031937741625,0.3313748531139835,True
f475361a8052ed66,Barcelona,cleanliness,2016Q3,2016Q2,0.15909090909090917,6,1,4,9,True,True,2,2,True,10,3,0.3,0.04622928241349296,0.39743589743589747,True
f475361a8052ed66,Barcelona,location,2016Q2,2016Q1,0.16666666666666674,14,0,3,9,True,True,2,2,True,10,2,0.2,0.07090878565878564,0.375,True
f475361a8052ed66,Barcelona,room,2016Q4,2016Q3,0.19047619047619047,11,32,5,9,True,True,2,2,True,9,1,0.1111111111111111,-0.09727129070965221,0.18037135278514582,True
f475361a8052ed66,Barcelona,service,2016Q2,2016Q1,0.15428571428571414,15,4,3,9,True,True,2,2,True,10,5,0.5,0.04634270980694544,0.5462365591397849,True
f4d45ff35e6be383,Vienna,room,2016Q3,2016Q2,0.25,6,6,4,9,True,True,2,2,True,10,4,0.4,0.06821279299253948,0.5416666666666667,True
f4d45ff35e6be383,Vienna,room,2016Q4,2016Q3,0.20833333333333326,8,6,5,9,True,True,2,2,True,10,4,0.4,0.04426227189443201,0.38978015448603676,True
f4d45ff35e6be383,Vienna,service,2016Q3,2016Q2,0.19852941176470584,6,7,4,9,True,True,2,2,True,10,3,0.3,0.07766561989565625,0.3055555555555556,True
f4e3f29196ab653c,London,breakfast,2017Q1,2016Q4,0.16129032258064524,21,2,6,5,True,True,2,2,True,10,2,0.2,0.011603427525573973,0.6617647058823529,True
f4e3f29196ab653c,London,cleanliness,2017Q1,2016Q4,0.2142857142857142,18,2,6,5,True,True,2,2,True,10,1,0.1,-0.07944174693042609,0.4078947368421053,True
f4e3f29196ab653c,London,location,2017Q1,2016Q4,0.217687074829932,39,8,6,5,True,True,2,2,True,10,0,0.0,-0.028839506038062245,0.1431451612903225,True
f4e3f29196ab653c,London,service,2017Q1,2016Q4,0.23809523809523814,46,8,6,5,True,True,2,2,True,10,3,0.3,0.07752359662595294,0.4292929292929293,True
f4ecb6804d1dc7bd,London,location,2016Q2,2016Q1,0.4242424242424242,5,1,3,8,True,True,2,2,True,10,1,0.1,-0.019268768118600475,0.3384615384615386,True
f4ecb6804d1dc7bd,London,service,2016Q2,2016Q1,0.16923076923076907,10,3,3,8,True,True,2,2,True,10,1,0.1,-0.0731089845871445,0.16749585406301826,True
f4ecb6804d1dc7bd,London,service,2016Q3,2016Q2,0.2129032258064516,21,10,4,8,True,True,2,2,True,10,0,0.0,-0.14259302596444204,0.11500701262272095,True
f581d0fe454e403d,Barcelona,breakfast,2016Q2,2016Q1,0.26315789473684204,9,6,3,9,True,True,2,2,True,10,3,0.3,0.006167704844175415,0.20192307692307687,True
f581d0fe454e403d,Barcelona,breakfast,2016Q3,2016Q2,0.3868421052631579,30,9,4,9,True,True,2,2,True,10,3,0.3,0.09287491919844862,0.44999999999999996,True
f581d0fe454e403d,Barcelona,room,2016Q2,2016Q1,0.2907268170426066,11,9,3,9,True,True,2,2,True,10,0,0.0,-0.1190430090840644,0.09610983981693355,True
f581d0fe454e403d,Barcelona,service,2016Q2,2016Q1,0.288888888888889,8,5,3,9,True,True,2,2,True,10,3,0.3,0.027050451455485756,0.25,True
f581d0fe454e403d,Barcelona,service,2016Q3,2016Q2,0.22777777777777763,30,8,4,9,True,True,2,2,True,10,2,0.2,0.06633246526435381,0.23809523809523814,True
f5abd1dffc090d62,Milan,location,2016Q2,2016Q1,0.31235431235431244,23,16,3,9,True,True,2,2,True,9,2,0.2222222222222222,0.07484740818074154,0.4285714285714286,True
f5abd1dffc090d62,Milan,room,2016Q4,2016Q3,0.25,8,6,5,9,True,True,2,2,True,10,0,0.0,-0.12235070185087893,0.07809847198641773,True
f5abd1dffc090d62,Milan,service,2016Q3,2016Q2,0.2666666666666667,12,20,4,9,True,True,2,2,True,10,2,0.2,0.023589448701341265,0.2857142857142857,True
f5abd1dffc090d62,Milan,value,2016Q2,2016Q1,0.19166666666666665,5,6,3,9,True,True,2,2,True,9,1,0.1111111111111111,-0.02760942760942759,0.16666666666666663,True
f5af11ef65a6d087,Amsterdam,noise,2016Q3,2016Q2,0.37246963562753055,28,16,4,9,True,True,2,2,True,9,3,0.3333333333333333,0.04249624383219863,0.4285714285714286,True
f5af11ef65a6d087,Amsterdam,value,2017Q1,2016Q4,0.2945578231292517,39,50,6,9,True,True,2,2,True,9,3,0.3333333333333333,0.08720033384912945,0.5506072874493927,True
f5c0fbfc41881320,London,breakfast,2016Q3,2016Q2,0.2791154791154793,27,45,4,9,True,True,2,2,True,10,1,0.1,-0.07295064009010874,0.1678321678321678,True
f5c0fbfc41881320,London,breakfast,2017Q1,2016Q4,0.3323996265172737,24,53,6,9,True,True,2,2,True,10,3,0.3,0.02469431153641678,0.19138755980861255,True
f5c0fbfc41881320,London,cleanliness,2016Q4,2016Q3,0.37438423645320185,32,19,5,9,True,True,2,2,True,10,2,0.2,-0.024786879786879757,0.23333333333333328,True
f5c0fbfc41881320,London,noise,2016Q1,2015Q4,0.15384615384615385,10,16,2,9,True,True,2,2,True,10,2,0.2,0.05967032967032968,0.23076923076923084,True
f5c0fbfc41881320,London,service,2016Q4,2016Q3,0.4100529100529101,98,74,5,9,True,True,2,2,True,10,5,0.5,0.12673948014623013,0.42773207990599305,True
f5c0fbfc41881320,London,value,2016Q1,2015Q4,0.24942791762013738,28,36,2,9,True,True,2,2,True,10,0,0.0,0.009646464646464636,0.1428571428571428,True
f5c0fbfc41881320,London,value,2016Q3,2016Q2,0.18373983739837396,20,31,4,9,True,True,2,2,True,10,0,0.0,-0.07869481395797183,0.013986013986014068,True
f5c0fbfc41881320,London,value,2017Q1,2016Q4,0.1693121693121693,17,25,6,9,True,True,2,2,True,10,2,0.2,0.0667860897272662,0.5428571428571428,True
f5f7111049aaac41,London,breakfast,2016Q2,2016Q1,0.26388888888888884,8,6,3,9,True,True,2,2,True,9,2,0.2222222222222222,0.020307186234233776,0.19548872180451127,True
f5f7111049aaac41,London,breakfast,2016Q4,2016Q3,0.6339869281045752,7,8,5,9,True,True,2,2,True,10,2,0.2,-0.0481264007846543,0.31264367816091965,True
f5f7111049aaac41,London,noise,2016Q2,2016Q1,0.26388888888888884,6,8,3,9,True,True,2,2,True,9,3,0.3333333333333333,0.07662500721679467,0.4444444444444444,True
f63a8d6efc2f76f9,Paris,location,2016Q1,2015Q4,0.24242424242424243,5,1,2,9,True,True,2,2,True,7,0,0.0,-0.08518663875806734,0.0535714285714286,True
f63a8d6efc2f76f9,Paris,location,2016Q4,2016Q3,0.19047619047619047,11,8,5,9,True,True,2,2,True,10,0,0.0,-0.10575496215451938,0.037878787878787845,True
f63a8d6efc2f76f9,Paris,room,2016Q1,2015Q4,0.17647058823529416,7,0,2,9,True,True,2,2,True,7,3,0.42857142857142855,0.07528125945718789,0.2450980392156863,True
f63a8d6efc2f76f9,Paris,service,2016Q1,2015Q4,0.28409090909090917,6,1,2,9,True,True,2,2,True,7,0,0.0,-0.08093052458377535,0.13765182186234814,True
f658969bc4f71267,Paris,service,2017Q1,2016Q4,0.30833333333333335,6,5,6,7,True,True,2,2,True,9,0,0.0,-0.1009841264176146,0.02164502164502169,True
f67a5ef522028c41,Vienna,breakfast,2016Q2,2016Q1,0.19047619047619047,23,18,3,9,True,True,2,2,True,10,3,0.3,0.04870352081876579,0.35403726708074523,True
f67a5ef522028c41,Vienna,breakfast,2016Q4,2016Q3,0.2564102564102564,29,29,5,9,True,True,2,2,True,10,1,0.1,-0.017294968498109898,0.19376026272577995,True
f67a5ef522028c41,Vienna,cleanliness,2016Q3,2016Q2,0.430622009569378,12,9,4,9,True,True,2,2,True,10,3,0.3,0.057637956899416996,0.375,True
f67a5ef522028c41,Vienna,noise,2016Q1,2015Q4,0.20833333333333337,6,8,2,9,True,True,2,2,True,10,2,0.2,-0.033918898439022294,0.27751196172248815,True
f67a5ef522028c41,Vienna,service,2016Q1,2015Q4,0.2532338308457711,50,57,2,9,True,True,2,2,True,10,0,0.0,-0.05793833654697844,0.08823529411764697,True
f67a5ef522028c41,Vienna,value,2016Q1,2015Q4,0.16149068322981364,11,13,2,9,True,True,2,2,True,10,3,0.3,0.08259768009768009,0.2857142857142857,True
f67a5ef522028c41,Vienna,value,2017Q1,2016Q4,0.3569794050343249,9,13,6,9,True,True,2,2,True,10,4,0.4,0.11204437768450419,0.6267942583732057,True
f6c00afc14989dfa,Paris,cleanliness,2016Q2,2016Q1,0.26190476190476186,11,2,3,9,True,True,2,2,True,8,1,0.125,0.025152196659549597,0.20879120879120894,True
f6c00afc14989dfa,Paris,service,2016Q3,2016Q2,0.2315789473684211,15,9,4,9,True,True,2,2,True,8,1,0.125,0.03254070539412088,0.1568627450980391,True
f7003dbd845340ae,Paris,room,2016Q1,2015Q4,0.30690537084398983,7,13,2,9,True,True,2,2,True,9,3,0.3333333333333333,0.03129272766953924,0.2666666666666666,True
f7003dbd845340ae,Paris,room,2016Q3,2016Q2,0.25,6,6,4,9,True,True,2,2,True,9,3,0.3333333333333333,0.04476904746809973,0.23703703703703694,True
f718fd0ed82f84f4,London,breakfast,2016Q2,2016Q1,0.2857142857142858,11,11,3,9,True,True,2,2,True,10,3,0.3,0.0687167801718229,0.47953216374269014,True
f718fd0ed82f84f4,London,cleanliness,2016Q4,2016Q3,0.17543859649122795,5,9,5,9,True,True,2,2,True,10,0,0.0,-0.0771707209419501,0.07189542483660127,True
f718fd0ed82f84f4,London,location,2017Q1,2016Q4,0.22924901185770752,12,13,6,9,True,True,2,2,True,10,2,0.2,-0.018476913265441763,0.2057971014492752,True
f718fd0ed82f84f4,London,noise,2017Q1,2016Q4,0.17500000000000004,6,5,6,9,True,True,2,2,True,10,2,0.2,0.0011333971139462773,0.2554347826086957,True
f718fd0ed82f84f4,London,value,2016Q1,2015Q4,0.3055555555555556,14,17,2,9,True,True,2,2,True,10,4,0.4,0.02571194124969871,0.375,True
f718fd0ed82f84f4,London,value,2016Q2,2016Q1,0.25,12,14,3,9,True,True,2,2,True,10,2,0.2,0.035869820641660735,0.4545454545454546,True
f746113ef99df8bf,Vienna,location,2016Q2,2016Q1,0.19047619047619047,11,5,3,9,True,True,2,2,True,10,0,0.0,-0.022218645284948525,0.10153846153846136,True
f746113ef99df8bf,Vienna,room,2016Q1,2015Q4,0.3999999999999999,5,5,2,9,True,True,2,2,True,10,4,0.4,0.09090999246222443,0.38095238095238093,True
f746113ef99df8bf,Vienna,service,2016Q2,2016Q1,0.28676470588235303,7,6,3,9,True,True,2,2,True,10,2,0.2,0.04350715801070124,0.2350332594235034,True
f78f4f9f9253b23f,London,breakfast,2016Q1,2015Q4,0.22249896222498955,63,56,2,9,True,True,2,2,True,10,1,0.1,-0.08357579896697209,0.15458937198067635,True
f78f4f9f9253b23f,London,cleanliness,2016Q1,2015Q4,0.25032092426187424,28,31,2,9,True,True,2,2,True,10,1,0.1,-0.05737378030031691,0.19999999999999996,True
f78f4f9f9253b23f,London,location,2016Q4,2016Q3,0.15159401431359787,77,96,5,9,True,True,2,2,True,10,2,0.2,0.00787631156046229,0.17142857142857149,True
f78f4f9f9253b23f,London,noise,2016Q1,2015Q4,0.1938461538461539,15,16,2,9,True,True,2,2,True,10,3,0.3,0.023617495908517562,0.2333333333333334,True
f78f4f9f9253b23f,London,value,2016Q2,2016Q1,0.22079772079772086,42,17,3,9,True,True,2,2,True,10,0,0.0,-0.14532982780033601,0.0,True
f7f63b4207832dd6,London,breakfast,2016Q2,2016Q1,0.24437927663734116,23,21,3,9,True,True,2,2,True,10,1,0.1,-0.05294684215736846,0.19789473684210535,True
f7f63b4207832dd6,London,cleanliness,2016Q1,2015Q4,0.40000000000000013,20,20,2,9,True,True,2,2,True,10,1,0.1,0.036932180016510906,0.19999999999999996,True
f7f63b4207832dd6,London,cleanliness,2017Q1,2016Q4,0.6829810901001113,19,21,6,9,True,True,2,2,True,10,2,0.2,-0.057879112946579145,0.4181818181818182,True
f7f63b4207832dd6,London,noise,2016Q2,2016Q1,0.27330779054916987,19,17,3,9,True,True,2,2,True,10,1,0.1,-0.013991933986516047,0.2769230769230768,True
f7f63b4207832dd6,London,value,2016Q1,2015Q4,0.23611111111111116,17,22,2,9,True,True,2,2,True,10,2,0.2,0.005592685831006294,0.493421052631579,True
f7f63b4207832dd6,London,value,2016Q4,2016Q3,0.1707317073170732,24,31,5,9,True,True,2,2,True,10,3,0.3,0.0019437361128876508,0.20606060606060606,True
f81a47ed4fe0f143,Paris,location,2016Q3,2016Q2,0.33999999999999986,15,10,4,9,True,True,2,2,True,8,2,0.25,0.06199112096881962,0.24749163879598646,True
f86ed2d845122098,London,cleanliness,2017Q1,2016Q4,0.2070175438596491,35,28,6,7,True,True,2,2,True,9,2,0.2222222222222222,-0.048620163743594826,0.2250000000000001,True
f86ed2d845122098,London,noise,2016Q3,2016Q2,0.4242424242424242,23,26,4,7,True,True,2,2,True,8,0,0.0,-0.09286940815878197,0.1333333333333333,True
f86ed2d845122098,London,service,2017Q1,2016Q4,0.1660231660231659,102,101,6,7,True,True,2,2,True,9,2,0.2222222222222222,0.014196354938262965,0.23850931677018639,True
f8ccf8d8dafee500,London,service,2017Q1,2016Q4,0.15909090909090917,6,1,6,8,True,True,2,2,True,10,2,0.2,0.0016925368972531053,0.27368421052631575,True
f8fd31c2a1931a8b,Amsterdam,location,2016Q1,2015Q4,0.19117647058823528,6,7,2,9,True,True,2,2,True,10,0,0.0,-0.02409421019453295,0.08274894810659195,True
f8fd31c2a1931a8b,Amsterdam,service,2017Q1,2016Q4,0.19565217391304346,10,13,6,9,True,True,2,2,True,10,4,0.4,0.049545747438594134,0.3947750362844702,True
f904bda85fb7c4ca,Paris,breakfast,2016Q3,2016Q2,0.38383838383838387,23,17,4,9,True,True,2,2,True,8,1,0.125,-0.12687518048109087,0.16666666666666674,True
f904bda85fb7c4ca,Paris,cleanliness,2016Q2,2016Q1,0.5249999999999999,10,6,3,9,True,True,2,2,True,8,4,0.5,0.1317758834302952,0.27450980392156854,True
f904bda85fb7c4ca,Paris,noise,2016Q2,2016Q1,0.19999999999999996,5,2,3,9,True,True,2,2,True,8,2,0.25,0.04736790986790987,0.2777777777777777,True
f904bda85fb7c4ca,Paris,room,2016Q1,2015Q4,0.32571428571428584,18,40,2,9,True,True,2,2,True,6,3,0.5,0.1853113774562842,0.3736263736263735,True
f904bda85fb7c4ca,Paris,room,2016Q3,2016Q2,0.23131903833658218,71,28,4,9,True,True,2,2,True,8,1,0.125,-0.048573021923071,0.1967592592592593,True
f904bda85fb7c4ca,Paris,service,2016Q3,2016Q2,0.2875816993464053,58,26,4,9,True,True,2,2,True,8,1,0.125,-0.03820650098369238,0.19195046439628483,True
f904bda85fb7c4ca,Paris,value,2016Q2,2016Q1,0.17460317460317454,8,4,3,9,True,True,2,2,True,8,1,0.125,-0.01711401343754286,0.1678321678321677,True
f98344dea4b21989,Amsterdam,breakfast,2016Q2,2016Q1,0.35882352941176476,10,7,3,9,True,True,2,2,True,10,1,0.1,-0.06662814656339601,0.1652542372881356,True
f98344dea4b21989,Amsterdam,breakfast,2016Q3,2016Q2,0.3571428571428572,25,10,4,9,True,True,2,2,True,10,6,0.6,0.18112133124884444,0.33974358974358965,True
f98344dea4b21989,Amsterdam,cleanliness,2016Q2,2016Q1,0.37528604118993136,9,13,3,9,True,True,2,2,True,10,2,0.2,0.032998409089179614,0.5303030303030302,True
f98344dea4b21989,Amsterdam,location,2016Q3,2016Q2,0.24266144814090018,63,32,4,9,True,True,2,2,True,10,2,0.2,0.022760751006297198,0.17730496453900724,True
f98344dea4b21989,Amsterdam,room,2016Q2,2016Q1,0.26363636363636367,34,45,3,9,True,True,2,2,True,10,1,0.1,-0.003742265012054169,0.25877192982456143,True
f98344dea4b21989,Amsterdam,service,2016Q3,2016Q2,0.2911051212938005,43,25,4,9,True,True,2,2,True,10,1,0.1,-0.01329326247459316,0.17368421052631566,True
f9c05c985d152429,London,breakfast,2016Q2,2016Q1,0.1866028708133971,9,12,3,9,True,True,2,2,True,10,3,0.3,0.10377406526260051,0.4098258706467661,True
f9c05c985d152429,London,cleanliness,2016Q1,2015Q4,0.24444444444444446,8,5,2,9,True,True,2,2,True,10,6,0.6,0.14909979290182346,0.4806763285024156,True
f9c05c985d152429,London,cleanliness,2016Q4,2016Q3,0.2421052631578946,10,9,5,9,True,True,2,2,True,9,1,0.1111111111111111,-0.12040168160607806,0.44999999999999996,True
f9c05c985d152429,London,room,2016Q1,2015Q4,0.2567693744164332,53,24,2,9,True,True,2,2,True,10,2,0.2,0.030033296514908304,0.2990134075385783,True
f9c05c985d152429,London,service,2016Q1,2015Q4,0.16802168021680197,71,31,2,9,True,True,2,2,True,10,1,0.1,0.06382283400880784,0.23875092205556925,True
f9c973e1fb8fda94,Paris,location,2016Q4,2016Q3,0.1691176470588236,7,6,5,8,True,True,2,2,True,10,3,0.3,-0.039031122359722815,0.2564102564102564,True
f9c973e1fb8fda94,Paris,service,2016Q3,2016Q2,0.22307692307692317,10,3,4,8,True,True,2,2,True,10,5,0.5,0.10201506826506827,0.3333333333333335,True
f9d6a0a2d1d3ce82,Milan,breakfast,2016Q2,2016Q1,0.2966507177033493,12,9,3,9,True,True,2,2,True,8,0,0.0,-0.02685422942392174,0.10559006211180111,True
f9d6a0a2d1d3ce82,Milan,breakfast,2016Q4,2016Q3,0.40271493212669673,16,7,5,9,True,True,2,2,True,9,2,0.2222222222222222,-0.04036931935482657,0.2222222222222221,True
f9d6a0a2d1d3ce82,Milan,room,2016Q3,2016Q2,0.2373626373626374,16,25,4,9,True,True,2,2,True,8,4,0.5,0.04623609380573003,0.2222222222222222,True
f9d6a0a2d1d3ce82,Milan,service,2016Q2,2016Q1,0.17454545454545456,23,15,3,9,True,True,2,2,True,8,1,0.125,0.011082577438959934,0.20175438596491224,True
f9eeccb081f247a8,London,breakfast,2016Q4,2016Q3,0.18181818181818177,12,23,5,9,True,True,2,2,True,10,2,0.2,-0.00025634835910616217,0.2857142857142857,True
f9eeccb081f247a8,London,cleanliness,2016Q1,2015Q4,0.2279411764705883,24,6,2,9,True,True,2,2,True,9,2,0.2222222222222222,0.02567500522576026,0.4942857142857142,True
f9eeccb081f247a8,London,cleanliness,2016Q3,2016Q2,0.18461538461538463,29,15,4,9,True,True,2,2,True,10,0,0.0,-0.1380414140992222,0.10989010989010994,True
f9eeccb081f247a8,London,room,2016Q3,2016Q2,0.16444885799404174,85,43,4,9,True,True,2,2,True,10,1,0.1,-0.030464364427358847,0.18771929824561406,True
f9eeccb081f247a8,London,room,2017Q1,2016Q4,0.19239130434782625,105,70,6,9,True,True,2,2,True,10,1,0.1,0.01800213496869041,0.19047619047619047,True
f9eeccb081f247a8,London,service,2016Q1,2015Q4,0.20851267336202772,72,41,2,9,True,True,2,2,True,9,2,0.2222222222222222,0.030726541923555492,0.21169354838709675,True
f9eeccb081f247a8,London,service,2017Q1,2016Q4,0.2485294117647059,75,54,6,9,True,True,2,2,True,10,1,0.1,-0.003841114067603213,0.2564102564102564,True
f9eeccb081f247a8,London,value,2016Q2,2016Q1,0.15000000000000002,14,20,3,9,True,True,2,2,True,9,4,0.4444444444444444,0.0749730066010964,0.34444444444444433,True
f9eeccb081f247a8,London,value,2017Q1,2016Q4,0.19130434782608696,20,13,6,9,True,True,2,2,True,10,5,0.5,0.13299524507246643,0.2727272727272726,True
fa029c4db23ef26b,Paris,breakfast,2016Q3,2016Q2,0.22586872586872597,27,18,4,8,True,True,2,2,True,8,1,0.125,0.01260154534148343,0.5512820512820512,True
fa029c4db23ef26b,Paris,cleanliness,2016Q2,2016Q1,0.16190476190476177,10,11,3,8,True,True,2,2,True,8,2,0.25,0.03183630095394803,0.20320855614973277,True
fa029c4db23ef26b,Paris,cleanliness,2017Q1,2016Q4,0.17307692307692313,6,3,6,8,True,True,2,2,True,9,2,0.2222222222222222,-0.012250712250712257,0.16666666666666674,True
fa1b606567117b2d,Paris,location,2016Q3,2016Q2,0.40701754385964906,9,5,4,9,True,True,2,2,True,9,3,0.3333333333333333,0.0656445394888673,0.26923076923076916,True
fa1b606567117b2d,Paris,noise,2016Q3,2016Q2,0.19999999999999996,5,0,4,9,True,True,2,2,True,9,3,0.3333333333333333,0.036768242650595626,0.19480519480519498,True
fa1b606567117b2d,Paris,room,2016Q3,2016Q2,0.2666666666666666,14,5,4,9,True,True,2,2,True,9,2,0.2222222222222222,0.051087379670057484,0.5428571428571428,True
fa1b606567117b2d,Paris,service,2016Q3,2016Q2,0.15966386554621836,18,7,4,9,True,True,2,2,True,9,2,0.2222222222222222,0.061138718143549015,0.27368421052631575,True
fa1d70ba8360cdb2,Paris,location,2016Q2,2016Q1,0.30000000000000004,10,5,3,8,True,True,2,2,True,9,2,0.2222222222222222,0.009313824850909258,0.28409090909090917,True
fa1d70ba8360cdb2,Paris,service,2016Q2,2016Q1,0.2597402597402596,12,4,3,8,True,True,2,2,True,9,2,0.2222222222222222,-0.002196059474058407,0.33333333333333326,True
fa2b50d9a4ea88d4,Paris,cleanliness,2017Q1,2016Q4,0.2564102564102564,5,3,6,9,True,True,2,2,True,10,2,0.2,0.03911669502630598,0.2282608695652173,True
fa2b50d9a4ea88d4,Paris,location,2016Q3,2016Q2,0.2914979757085021,9,3,4,9,True,True,2,2,True,10,3,0.3,0.13924536180323555,0.36105476673427983,True
fa2b50d9a4ea88d4,Paris,room,2016Q1,2015Q4,0.22222222222222232,8,8,2,9,True,True,2,2,True,7,3,0.42857142857142855,0.05649380964507016,0.2450980392156863,True
fa2b50d9a4ea88d4,Paris,room,2017Q1,2016Q4,0.3626373626373627,18,16,6,9,True,True,2,2,True,10,0,0.0,-0.0847741154807608,0.14347826086956517,True
fa69e0253db4dd08,Milan,location,2016Q3,2016Q2,0.18207282913165268,32,41,4,9,True,True,2,2,True,10,3,0.3,-0.027449962554870644,0.35238095238095224,True
fa69e0253db4dd08,Milan,noise,2016Q3,2016Q2,0.3856209150326797,7,8,4,9,True,True,2,2,True,10,4,0.4,0.08385170385170385,0.36263736263736257,True
fa69e0253db4dd08,Milan,room,2016Q1,2015Q4,0.16083916083916083,34,42,2,9,True,True,2,2,True,10,3,0.3,0.027209967656745503,0.19999999999999996,True
fa69e0253db4dd08,Milan,room,2016Q3,2016Q2,0.1713900134952766,42,47,4,9,True,True,2,2,True,10,2,0.2,0.01421565238787822,0.2222222222222222,True
fa69e0253db4dd08,Milan,service,2017Q1,2016Q4,0.16216216216216206,27,27,6,9,True,True,2,2,True,10,1,0.1,-0.1091724328373945,0.27662957074721795,True
fa69e0253db4dd08,Milan,value,2016Q3,2016Q2,0.42261904761904767,6,11,4,9,True,True,2,2,True,10,4,0.4,0.04493016787134434,0.32167832167832155,True
faaf45db9637597a,Barcelona,breakfast,2016Q2,2016Q1,0.2564102564102564,8,3,3,9,True,True,2,2,True,8,1,0.125,-0.028446427798207954,0.1678321678321678,True
faaf45db9637597a,Barcelona,location,2016Q2,2016Q1,0.16883116883116878,12,4,3,9,True,True,2,2,True,8,4,0.5,0.07755896360436002,0.33333333333333326,True
faaf45db9637597a,Barcelona,room,2016Q2,2016Q1,0.248868778280543,16,7,3,9,True,True,2,2,True,8,1,0.125,-0.00781339089859752,0.28132992327365725,True
faaf45db9637597a,Barcelona,service,2016Q2,2016Q1,0.3146853146853146,12,3,3,9,True,True,2,2,True,8,3,0.375,-0.012797802687508575,0.2333333333333334,True
faaf45db9637597a,Barcelona,service,2017Q1,2016Q4,0.24342105263157898,9,6,6,9,True,True,2,2,True,10,2,0.2,-0.03660744067893611,0.32692307692307687,True
fb1856077397ea28,Amsterdam,breakfast,2016Q3,2016Q2,0.2701298701298702,12,25,4,9,True,True,2,2,True,10,1,0.1,0.07934025627578503,0.4858156028368793,True
fb1856077397ea28,Amsterdam,location,2017Q1,2016Q4,0.16138917262512753,79,56,6,9,True,True,2,2,True,10,1,0.1,-0.025362535206930725,0.375,True
fb1856077397ea28,Amsterdam,noise,2016Q2,2016Q1,0.2101806239737274,11,19,3,9,True,True,2,2,True,10,1,0.1,-0.13805553023881695,0.17317487266553488,True
fb1856077397ea28,Amsterdam,noise,2016Q4,2016Q3,0.4375,10,22,5,9,True,True,2,2,True,10,1,0.1,-0.11866207359443326,0.1607142857142858,True
fb1856077397ea28,Amsterdam,room,2016Q1,2015Q4,0.2940721649484537,70,87,2,9,True,True,2,2,True,9,4,0.4444444444444444,0.13122945244577022,0.2717391304347826,True
fb1856077397ea28,Amsterdam,service,2016Q1,2015Q4,0.1845228675423327,61,79,2,9,True,True,2,2,True,9,2,0.2222222222222222,0.09193692691313311,0.5820105820105819,True
fb1856077397ea28,Amsterdam,value,2016Q1,2015Q4,0.2087542087542088,12,17,2,9,True,True,2,2,True,9,0,0.0,-0.03395544933628406,0.1398601398601398,True
fb3fddb2ae8e550d,London,room,2016Q1,2015Q4,0.4520123839009288,9,7,2,9,True,True,2,2,True,10,3,0.3,0.03490584520066305,0.19946332737030414,True
fb3fddb2ae8e550d,London,room,2016Q3,2016Q2,0.2222222222222222,6,8,4,9,True,True,2,2,True,10,0,0.0,-0.009775630967346715,0.13002693415064537,True
fb48c50015b5a8dd,Paris,breakfast,2017Q1,2016Q4,0.19999999999999996,12,5,6,6,True,True,2,2,True,7,1,0.14285714285714285,-0.08544897131853654,0.15384615384615374,True
fb48c50015b5a8dd,Paris,cleanliness,2016Q4,2016Q3,0.15909090909090917,6,1,5,6,True,True,2,2,True,9,1,0.1111111111111111,-0.07579185520361993,0.18181818181818177,True
fb48c50015b5a8dd,Paris,location,2016Q4,2016Q3,0.2795031055900621,13,4,5,6,True,True,2,2,True,9,1,0.1111111111111111,-0.06308272624062103,0.2097902097902098,True
fb48c50015b5a8dd,Paris,room,2016Q4,2016Q3,0.24,15,5,5,6,True,True,2,2,True,9,2,0.2222222222222222,0.0287634198409538,0.3298245614035088,True
fb48c50015b5a8dd,Paris,service,2017Q1,2016Q4,0.17886178861788626,31,17,6,6,True,True,2,2,True,7,1,0.14285714285714285,-0.0034148293104507843,0.22377622377622375,True
fb827cf4f3fc780c,Paris,room,2016Q1,2015Q4,0.25,6,6,2,9,True,True,2,2,True,7,2,0.2857142857142857,0.046166006966070504,0.35776397515527947,True
fb833aae20b851d7,Milan,cleanliness,2016Q3,2016Q2,0.36714975845410613,13,8,4,9,True,True,2,2,True,9,2,0.2222222222222222,-0.030405084193245207,0.2674418604651163,True
fb833aae20b851d7,Milan,room,2016Q3,2016Q2,0.3392857142857143,38,18,4,9,True,True,2,2,True,9,0,0.0,-0.07922157794029022,0.13246425567703968,True
fb833aae20b851d7,Milan,service,2016Q1,2015Q4,0.3090909090909091,10,12,2,9,True,True,2,2,True,9,4,0.4444444444444444,0.048899880707376754,0.6065162907268171,True
fb833aae20b851d7,Milan,service,2016Q4,2016Q3,0.17575757575757578,20,23,5,9,True,True,2,2,True,9,0,0.0,-0.25247787614714273,0.0,True
fb9c28afba73b22a,Barcelona,location,2016Q2,2016Q1,0.16666666666666674,10,5,3,9,True,True,2,2,True,8,2,0.25,0.08398991855000987,0.28409090909090917,True
fb9c28afba73b22a,Barcelona,service,2017Q1,2016Q4,0.20833333333333326,5,6,6,9,True,True,2,2,True,10,3,0.3,0.03888875945503491,0.43939393939393934,True
fbafd3685aee1de5,Vienna,cleanliness,2016Q4,2016Q3,0.2670454545454546,12,22,5,9,True,True,2,2,True,10,1,0.1,-0.07964118922013656,0.2255639097744362,True
fbafd3685aee1de5,Vienna,noise,2016Q4,2016Q3,0.27647058823529413,7,10,5,9,True,True,2,2,True,10,1,0.1,-0.008727661227661243,0.2991452991452991,True
fbafd3685aee1de5,Vienna,room,2016Q3,2016Q2,0.18535353535353538,78,35,4,9,True,True,2,2,True,10,1,0.1,-0.04381461803757251,0.217741935483871,True
fbafd3685aee1de5,Vienna,service,2016Q3,2016Q2,0.29333333333333345,65,32,4,9,True,True,2,2,True,10,4,0.4,0.09204101416303341,0.2833333333333332,True
fbafd3685aee1de5,Vienna,value,2016Q4,2016Q3,0.4273504273504273,8,16,5,9,True,True,2,2,True,10,1,0.1,-0.022044534412955463,0.16666666666666663,True
fbcf96767ab39a82,Paris,location,2016Q3,2016Q2,0.16666666666666652,5,2,4,9,True,True,2,2,True,10,0,0.0,-0.05297538228607834,0.13157894736842102,True
fbcf96767ab39a82,Paris,room,2016Q4,2016Q3,0.18382352941176472,7,6,5,9,True,True,2,2,True,10,0,0.0,-0.09300540119144361,0.037509377344336126,True
fbcf96767ab39a82,Paris,service,2016Q4,2016Q3,0.15277777777777768,6,8,5,9,True,True,2,2,True,10,0,0.0,-0.16445430386606857,0.04761904761904745,True
fc1bcb92adc860c6,London,noise,2016Q1,2015Q4,0.2333333333333334,5,10,2,9,True,True,2,2,True,10,2,0.2,-0.04061114549930449,0.18925831202046028,True
fc1bcb92adc860c6,London,noise,2017Q1,2016Q4,0.30000000000000004,6,10,6,9,True,True,2,2,True,10,4,0.4,0.014841197385661998,0.2142857142857142,True
fc1bcb92adc860c6,London,service,2016Q1,2015Q4,0.22916666666666674,22,17,2,9,True,True,2,2,True,10,2,0.2,0.014183824100644716,0.28131459280694515,True
fc1bcb92adc860c6,London,value,2016Q1,2015Q4,0.2917647058823529,7,15,2,9,True,True,2,2,True,10,3,0.3,0.0983118131430624,0.5684210526315789,True
fc2ae79775a0fc9b,London,breakfast,2016Q1,2015Q4,0.1568627450980392,7,5,2,9,True,True,2,2,True,10,1,0.1,-0.052227113920852684,0.2730739893211289,True
fc2ae79775a0fc9b,London,breakfast,2016Q3,2016Q2,0.15555555555555556,5,8,4,9,True,True,2,2,True,10,0,0.0,-0.0787470724331866,0.09090909090909094,True
fc2ae79775a0fc9b,London,breakfast,2017Q1,2016Q4,0.18181818181818177,12,12,6,9,True,True,2,2,True,9,3,0.3333333333333333,0.023045163836238915,0.2666666666666667,True
fc2ae79775a0fc9b,London,cleanliness,2016Q1,2015Q4,0.1902173913043479,13,6,2,9,True,True,2,2,True,10,6,0.6,0.1545224982158331,0.4806763285024156,True
fc2ae79775a0fc9b,London,room,2016Q1,2015Q4,0.15510204081632661,39,25,2,9,True,True,2,2,True,10,2,0.2,0.04020002987491896,0.2990134075385783,True
fc2ae79775a0fc9b,London,service,2016Q2,2016Q1,0.23326572008113589,19,24,3,9,True,True,2,2,True,10,0,0.0,-0.05325632404483205,0.14379084967320255,True
fc2ae79775a0fc9b,London,value,2016Q1,2015Q4,0.3697478991596639,7,11,2,9,True,True,2,2,True,10,3,0.3,0.005760034760034749,0.38095238095238104,True
fc45155ac3615063,Paris,room,2017Q1,2016Q4,0.2016806722689075,11,7,6,9,True,True,2,2,True,10,1,0.1,-0.10169164169164172,0.1678321678321678,True
fc45155ac3615063,Paris,service,2016Q2,2016Q1,0.3111111111111111,5,8,3,9,True,True,2,2,True,10,1,0.1,0.022757488320148168,0.37142857142857144,True
fc45155ac3615063,Paris,service,2017Q1,2016Q4,0.38095238095238104,11,4,6,9,True,True,2,2,True,10,3,0.3,0.0021195829970854117,0.2065217391304348,True
fc9eaaf063d03f34,Vienna,location,2016Q4,2016Q3,0.39676113360323884,9,3,5,9,True,True,2,2,True,10,0,0.0,0.01876762126762126,0.13538461538461544,True
fce65a27f0d71095,Barcelona,breakfast,2016Q2,2016Q1,0.15932203389830524,49,30,3,8,True,True,2,2,True,10,5,0.5,0.08196050307559256,0.33333333333333326,True
fce65a27f0d71095,Barcelona,cleanliness,2016Q2,2016Q1,0.22764227642276436,31,26,3,8,True,True,2,2,True,10,1,0.1,-0.01920548749496114,0.16666666666666674,True
fce65a27f0d71095,Barcelona,noise,2016Q2,2016Q1,0.2727272727272727,16,12,3,8,True,True,2,2,True,10,5,0.5,0.06294064872325743,0.46031746031746035,True
fce65a27f0d71095,Barcelona,noise,2017Q1,2016Q4,0.1633986928104575,7,8,6,8,True,True,2,2,True,10,3,0.3,0.014900530841707293,0.33818181818181825,True
fce65a27f0d71095,Barcelona,room,2016Q4,2016Q3,0.22153846153846146,55,65,5,8,True,True,2,2,True,10,0,0.0,-0.033072691821195065,0.08615384615384625,True
fce8463c35c4f5bd,London,breakfast,2016Q2,2016Q1,0.2222222222222222,8,8,3,9,True,True,2,2,True,9,2,0.2222222222222222,-0.04697059045819882,0.304516129032258,True
fce8463c35c4f5bd,London,room,2016Q1,2015Q4,0.2356979405034324,36,28,2,9,True,True,2,2,True,9,2,0.2222222222222222,0.039337510615572335,0.24453781512605044,True
fce8463c35c4f5bd,London,room,2016Q4,2016Q3,0.23384253819036438,27,36,5,9,True,True,2,2,True,10,2,0.2,0.025579253266513315,0.32478632478632474,True
fce8463c35c4f5bd,London,service,2016Q4,2016Q3,0.17619047619047623,20,18,5,9,True,True,2,2,True,10,3,0.3,0.06431191530535771,0.40664711632453576,True
fce8463c35c4f5bd,London,value,2016Q2,2016Q1,0.18888888888888888,8,10,3,9,True,True,2,2,True,9,1,0.1111111111111111,-0.11336115801028081,0.19789473684210535,True
fce8463c35c4f5bd,London,value,2016Q4,2016Q3,0.17366946778711478,11,7,5,9,True,True,2,2,True,10,4,0.4,0.11512402321409858,0.32307692307692315,True
fd00bb1c94cbb5c8,Paris,cleanliness,2016Q2,2016Q1,0.15909090909090917,6,1,3,9,True,True,2,2,True,9,2,0.2222222222222222,0.07065527065527065,0.2909090909090909,True
fd00bb1c94cbb5c8,Paris,location,2016Q2,2016Q1,0.4444444444444444,26,2,3,9,True,True,2,2,True,9,1,0.1111111111111111,0.006843240913202776,0.16666666666666652,True
fd00bb1c94cbb5c8,Paris,service,2016Q2,2016Q1,0.2175066312997347,19,3,3,9,True,True,2,2,True,9,3,0.3333333333333333,0.06643437898339861,0.21719457013574672,True
fd00bb1c94cbb5c8,Paris,service,2017Q1,2016Q4,0.1795665634674921,9,7,6,9,True,True,2,2,True,9,2,0.2222222222222222,0.05196233658121136,0.3793103448275863,True
fda26654aa1c313a,Amsterdam,breakfast,2016Q4,2016Q3,0.2657004830917874,13,8,5,9,True,True,2,2,True,10,2,0.2,0.015090130777069055,0.3721804511278195,True
fda26654aa1c313a,Amsterdam,cleanliness,2016Q2,2016Q1,0.36521739130434794,13,5,3,9,True,True,2,2,True,10,4,0.4,-0.010130882705370669,0.24291497975708487,True
fda26654aa1c313a,Amsterdam,location,2017Q1,2016Q4,0.3108695652173914,36,30,6,9,True,True,2,2,True,10,1,0.1,-0.11178853605189003,0.19999999999999996,True
fda26654aa1c313a,Amsterdam,noise,2016Q3,2016Q2,0.375,6,6,4,9,True,True,2,2,True,10,2,0.2,-0.02578347326532445,0.4285714285714286,True
fda26654aa1c313a,Amsterdam,room,2017Q1,2016Q4,0.2533333333333332,50,40,6,9,True,True,2,2,True,10,1,0.1,-0.008090135003958743,0.19097187468721855,True
fda26654aa1c313a,Amsterdam,service,2017Q1,2016Q4,0.22142857142857153,25,30,6,9,True,True,2,2,True,10,2,0.2,-0.04713537391039224,0.20370370370370372,True
fdc3fd086704add1,Vienna,noise,2016Q2,2016Q1,0.19117647058823528,14,7,3,9,True,True,2,2,True,10,0,0.0,0.013366019944967323,0.125,True
fdc3fd086704add1,Vienna,noise,2016Q3,2016Q2,0.16666666666666674,14,14,4,9,True,True,2,2,True,10,1,0.1,-0.014736038814986186,0.2435897435897435,True
fdc3fd086704add1,Vienna,room,2016Q4,2016Q3,0.1647361647361647,32,64,5,9,True,True,2,2,True,10,1,0.1,-0.021476479150883375,0.36956521739130443,True
fdc3fd086704add1,Vienna,service,2017Q1,2016Q4,0.18974358974358974,29,30,6,9,True,True,2,2,True,10,3,0.3,-0.017589411508471108,0.276086956521739,True
fdc3fd086704add1,Vienna,value,2016Q3,2016Q2,0.38596491228070173,11,9,4,9,True,True,2,2,True,10,2,0.2,-0.06823206120392822,0.37681159420289845,True
fdc65eda150beb4c,London,breakfast,2016Q2,2016Q1,0.19047619047619047,11,11,3,9,True,True,2,2,True,8,1,0.125,-0.0102502549260831,0.2222222222222222,True
fdc65eda150beb4c,London,cleanliness,2016Q2,2016Q1,0.36752136752136755,8,3,3,9,True,True,2,2,True,8,2,0.25,0.03353098674895952,0.2857142857142858,True
fdc65eda150beb4c,London,location,2016Q4,2016Q3,0.22705314009661826,8,13,5,9,True,True,2,2,True,8,1,0.125,-0.01953713204208818,0.24291497975708487,True
fe00826c8c5a03b6,London,cleanliness,2017Q1,2016Q4,0.2749999999999999,10,6,6,8,True,True,2,2,True,10,4,0.4,0.0774105310230055,0.2464985994397758,True
fe00826c8c5a03b6,London,location,2016Q3,2016Q2,0.3827751196172249,9,1,4,8,True,True,2,2,True,10,0,0.0,-0.05390912089432318,0.08380952380952378,True
fe00826c8c5a03b6,London,location,2017Q1,2016Q4,0.16402116402116396,18,17,6,8,True,True,2,2,True,10,1,0.1,0.007495789764508665,0.16666666666666674,True
fe00826c8c5a03b6,London,room,2016Q3,2016Q2,0.3846153846153846,16,4,4,8,True,True,2,2,True,10,2,0.2,-0.022400737214456245,0.39743589743589747,True
fe5c511caf6e9c06,London,breakfast,2017Q1,2016Q4,0.3472222222222222,6,8,6,9,True,True,2,2,True,8,2,0.25,0.07927786792354706,0.3941176470588236,True
fe5c511caf6e9c06,London,service,2017Q1,2016Q4,0.17999999999999994,34,40,6,9,True,True,2,2,True,8,1,0.125,0.028134140381337658,0.2407407407407407,True
fe5c511caf6e9c06,London,value,2016Q2,2016Q1,0.2941176470588235,8,7,3,9,True,True,2,2,True,6,0,0.0,-0.13482076101444632,0.09090909090909094,True
fe5c511caf6e9c06,London,value,2017Q1,2016Q4,0.5833333333333333,8,14,6,9,True,True,2,2,True,8,2,0.25,0.013470436387829979,0.4519056261343013,True
fea3d3bcb58b2080,Barcelona,breakfast,2016Q1,2015Q4,0.2914979757085021,9,3,2,9,True,True,2,2,True,9,0,0.0,-0.08207614825261882,0.13986013986014,True
fea3d3bcb58b2080,Barcelona,breakfast,2016Q3,2016Q2,0.17316017316017307,18,23,4,9,True,True,2,2,True,9,1,0.1111111111111111,-0.039796633661276296,0.25757575757575746,True
fea3d3bcb58b2080,Barcelona,cleanliness,2016Q2,2016Q1,0.16083916083916083,16,12,3,9,True,True,2,2,True,9,1,0.1111111111111111,-0.016401432705780577,0.19999999999999996,True
fea3d3bcb58b2080,Barcelona,room,2016Q1,2015Q4,0.21111111111111103,35,14,2,9,True,True,2,2,True,9,1,0.1111111111111111,-0.020170422748158612,0.18925831202046028,True
fea3d3bcb58b2080,Barcelona,value,2016Q3,2016Q2,0.20948616600790515,12,13,4,9,True,True,2,2,True,9,3,0.3333333333333333,0.06459139590112804,0.37662337662337675,True
fea3d3bcb58b2080,Barcelona,value,2017Q1,2016Q4,0.4807692307692307,6,3,6,9,True,True,2,2,True,10,3,0.3,0.03223893753305518,0.2941176470588235,True
ff0f36805de948ea,London,noise,2016Q2,2016Q1,0.20576923076923082,55,102,3,9,True,True,2,2,True,9,2,0.2222222222222222,0.010632359651967504,0.36363636363636354,True
ff0f36805de948ea,London,value,2017Q1,2016Q4,0.20029970029970023,81,78,6,9,True,True,2,2,True,9,2,0.2222222222222222,-0.04153143628617446,0.3400000000000001,True
ff44b2d166d05572,Paris,location,2016Q1,2015Q4,0.27368421052631575,9,5,2,8,True,True,2,2,True,9,3,0.3333333333333333,0.08208805417029878,0.2777777777777777,True
ff44b2d166d05572,Paris,noise,2016Q2,2016Q1,0.16666666666666652,8,2,3,8,True,True,2,2,True,9,2,0.2222222222222222,-0.04758277307296916,0.22222222222222232,True
ff5d3d53426c96ef,Paris,location,2016Q1,2015Q4,0.16425120772946866,17,13,2,9,True,True,2,2,True,10,0,0.0,-0.03484819718801411,0.13765182186234814,True
ff5d3d53426c96ef,Paris,room,2016Q1,2015Q4,0.27884615384615385,22,16,2,9,True,True,2,2,True,10,2,0.2,-0.008121209500592386,0.2857142857142857,True
ff5d3d53426c96ef,Paris,room,2016Q4,2016Q3,0.24347826086956514,10,13,5,9,True,True,2,2,True,10,0,0.0,-0.06857476996795885,0.14117647058823524,True
ff5d3d53426c96ef,Paris,service,2016Q1,2015Q4,0.3333333333333335,20,20,2,9,True,True,2,2,True,10,1,0.1,-0.054232441030798814,0.3431372549019608,True
fff09d3717fb7508,Paris,breakfast,2016Q3,2016Q2,0.18803418803418803,8,3,4,9,True,True,2,2,True,8,2,0.25,0.0426373334268071,0.20952380952380956,True
fff09d3717fb7508,Paris,cleanliness,2016Q4,2016Q3,0.23333333333333328,5,2,5,9,True,True,2,2,True,8,0,0.0,-0.16670550811417686,0.0,True
